proteinName,peptideSeq,charge,old_Rsquared,new_Rsquared,NDP,rateconstant,sigma,Abundance,MassToCharge,RMSE,selected_A1A0_count, selected_A2A0_count, selected_A2A1_count,improved_timePoints,new_k,I0_percentatediffI0_percentatediff,selected_io_t,i0,I0_asymptote,new_rmse,lowerci_old,upperci_old,sigma_old,lowerci_new,upperci_new,sigma_new,old_pearson,new_pearson
BLMH_MOUSE,LYTVDYLSNMVGGR,2,0.0190738622485057,0.178787587949991,7,0.01025,0.00933018969706843,1154613.85714286,794.39539,0.0577096498627909,2,0,2,1| 6| 7| 24,NaN,,NaN| 0.409152915532391| NaN| NaN| 0.412533713868748| 0.348318124848445| 0.297911707176837| 0.319595975985794| 0.330860644755012| NaN| 0.358228509819949| NaN,NaN,NaN,0.0279102260078745,0,0.0453964296793114,0.014363586356719,0,0.0277879939937138,0.00716739917968428,0.65508990493963,0.449381037219028
BLMH_MOUSE,IGPITPLQFYK,2,-0.281401135560404,0.593225441794099,7,0.02238,0.00696442069265311,3743324,638.86865,0.0366423766478683,4,1,1,1| 6| 7| 9| 16| 24,NaN,0.0334289120169941|-0.017459397559559|,NaN| 0.461399249905278| NaN| NaN| 0.443668416714568| 0.434650538377872| 0.404513924514707| 0.403188473096273| 0.374709384163206| NaN| 0.387423992745605| NaN,NaN,NaN,0.0142509163346682,0,0.0512252178826366,0.0117884172536453,0.0130070246412333,0.0317529753587667,0.00383053249543278,0.342170596478919,0.898077721953117

