protien,peptide,charge,rsquared,rateconstant,mo,io_e,io_a1a0,io_a2a0,io_a2a1
MMSA_MOUSE,VcNLIDSGTK,2,-0.109388649072087,0.0734,0.53579,0.563962697925216,0.518040111335742,0.600889237363476,0.603752756220089
MMSA_MOUSE,AFPAWADTSILSR,2,0.919192501944718,0.02155,0.42383,0.440827147377176,0.423088392590465,0.420409801791318,0.417016189420486
MMSA_MOUSE,ENTLNQLVGAAFGAAGQR,2,0.799477182075929,0.04926,0.35667,0.374024055639077,0.379910097488912,0.3723358203911,0.364420696030339
MMSA_MOUSE,ENTLNQLVGAAFGAAGQR,3,0.871076993394883,0.04022,0.35667,0.360185026415506,0.34733786723803,0.341648614406888,0.334371449481356
MMSA_MOUSE,AISFVGSNQAGEYIFER,2,0.825938324541501,0.04219,0.32906,0.328270563012695,0.36590759125784,0.294671975499588,0.218630946681994
MMSA_MOUSE,EEDATLSSPAVVMPTMGR,2,-0.395423723171772,0.00019,0.32089,0.413487774207679,0.343954802022958,0.377727645745255,0.468375142812384
MMSA_MOUSE,VNAGDQPGADLGPLITPQAK,2,0.88081305332127,0.02496,0.3244,0.334382524200218,0.283508253080845,0.341570607566417,0.416004247401749

