protien,peptide,charge,rsquared,rateconstant,mo,io_e,io_a1a0,io_a2a0,io_a2a1
PSB3_MOUSE,FGPYYTEPVIAGLDPK,2,-0.917090698464148,0.00139,0.3377,0.36357130532655,0.367358763075609,0.361252605500498,0.353231790840828
PSB3_MOUSE,LYIGLAGLATDVQTVAQR,3,0.615346244068187,0.05405,0.33154,0.407051525880357,0.378323813176792,0.375904766746313,0.373366000052464

