protien,peptide,charge,rsquared,rateconstant,mo,io_e,io_a1a0,io_a2a0,io_a2a1
COX3_MOUSE,EGTYQGHHTPIVQK,2,0.490104994451199,0.033,0.39613,0.448882202112981,0.4048788434153,0.453242355967798,0.515478257136503

