protien,peptide,charge,rsquared,rateconstant,mo,io_e,io_a1a0,io_a2a0,io_a2a1
GPC6A_MOUSE,TAEILSDK,2,0.484191569411569,0.00682,0.61188,0.618928181801137,0.651177039199341,0.546020549623683,0.389176177719558

