protien,peptide,charge,rsquared,rateconstant,mo,io_e,io_a1a0,io_a2a0,io_a2a1
IDHC_MOUSE,LILPYVELDLHSYDLGIENR,3,0.93344909649189,0.04809,0.24318,0.245560592313885,0.222256731048454,0.248861725832426,0.281098719250153

