protien,peptide,charge,rsquared,rateconstant,mo,io_e,io_a1a0,io_a2a0,io_a2a1
CALR_MOUSE,EQFLDGDAWTNR,2,0.925774563200519,0.04557,0.43413,0.452383248335285,0.469029108976092,0.411775221097179,0.341073571725136
CALR_MOUSE,DMHGDSEYNIMFGPDIcGPGTK,3,0.456658811660925,0.01366,0.22852,0.256789310230943,0.2125306147636,0.226834764077314,0.25156812707637

