protien,peptide,charge,rsquared,rateconstant,mo,io_e,io_a1a0,io_a2a0,io_a2a1
CALU_MOUSE,DWILPSDYDHAEAEAR,3,0.629533158017448,0.03181,0.33529,0.357179890719775,0.333630518499706,0.316221457867302,0.295886584430125

