protien,peptide,charge,rsquared,rateconstant,mo,io_e,io_a1a0,io_a2a0,io_a2a1
RAN_MOUSE,LVLVGDGGTGK,2,0.891777514101403,0.06348,0.55865,0.587010293106178,0.550861828819919,0.612476952049987,0.635808558216385
RAN_MOUSE,NLQYYDISAK,2,0.713187419766641,0.10902,0.48853,0.419710343813561,0.425420111935994,0.358728144443358,0.282502588182032
RAN_MOUSE,FNVWDTAGQEK,2,0.656183152535657,0.04096,0.46791,0.493096536257306,0.47036006670478,0.472375903594933,0.475977669596841
RAN_MOUSE,SNYNFEKPFLWLAR,3,0.636825412567875,0.07132,0.33155,0.256285701644158,0.325582787164894,0.237488333990761,0.153216253755108

