protien,peptide,charge,rsquared,rateconstant,mo,io_e,io_a1a0,io_a2a0,io_a2a1
PRDX3_MOUSE,HLSVNDLPVGR,3,0.589159013246019,0.02242,0.49984,0.464486205278729,0.433797816149506,0.454425907530594,0.47935213543071
PRDX3_MOUSE,HLSVNDLPVGR,2,0.808192969882061,0.01546,0.49984,0.5249733502512,0.511294947778598,0.529118053158723,0.553702708819398
PRDX3_MOUSE,MNITLLSDITK,2,0.256705122247014,0.01326,0.4685,0.571219720198013,0.548343422491036,0.522699487626497,0.522699487626497
PRDX3_MOUSE,GLFIIDPNGVVK,2,0.910949648603846,0.02139,0.46149,0.463114271386448,0.461478540718171,0.451213212771824,0.43916306661106
PRDX3_MOUSE,TPAVTQHAPYFK,3,0.947100384403106,0.02284,0.43739,0.452444197198648,0.450030382475508,0.461079367276018,0.474417463376202
PRDX3_MOUSE,DYGVLLESAGIALR,2,0.987828539637114,0.02476,0.42116,0.431612122051967,0.435275144518123,0.430353745918966,0.42344054304928
PRDX3_MOUSE,DYGVLLESAGIALR,3,0.858742933047313,0.02074,0.42116,0.451275877319414,0.43106321372667,0.431516462768002,0.432682204360054
PRDX3_MOUSE,NGGLGHMNITLLSDITK,3,0.768027340683281,0.01989,0.34718,0.363087311347297,0.397180341396887,0.323248537403229,0.229680903173034
PRDX3_MOUSE,AFQFVETHGEVcPANWTPESPTIKPSPTASK,4,0.690127177621687,0.02405,0.13471,0.114325233417762,0.0972873850927665,0.108104003492527,0.121427805701686
PRDX3_MOUSE,ANEFHDVNcEVVAVSVDSHFSHLAWINTPR,5,0.617901795097539,0.01396,0.13418,0.168485102017098,0.158537560987538,0.16914484334882,0.182329970181142

