proteinName,peptideSeq,charge,old_Rsquared,new_Rsquared,NDP,rateconstant,sigma,Abundance,MassToCharge,RMSE,selected_A1A0_count, selected_A2A0_count, selected_A2A1_count,improved_timePoints,new_k,I0_percentatediffI0_percentatediff,selected_io_t,i0,I0_asymptote,new_rmse,lowerci_old,upperci_old,sigma_old,lowerci_new,upperci_new,sigma_new,old_pearson,new_pearson
RL27_MOUSE,YSVDIPLDK,2,0.921063019231642,0.921063019231642,3,0.04014,0.00260141797504369,10425420.6666667,525.2793,0.00717240110163202,0,0,0,,NaN,,NaN| NaN| NaN| NaN| 0.472624745160929| NaN| 0.486720798314039| NaN| NaN| NaN| NaN| 0.372054927454939,NaN,NaN,0.00717240110163202,0.012722865836812,0.067557134163188,0.00637214664656129,0.012722865836812,0.067557134163188,0.00637214664656129,0.960582369063156,0.960582369063156

