proteinName,peptideSeq,charge,old_Rsquared,new_Rsquared,NDP,rateconstant,sigma,Abundance,MassToCharge,RMSE,selected_A1A0_count, selected_A2A0_count, selected_A2A1_count,improved_timePoints,new_k,I0_percentatediffI0_percentatediff,selected_io_t,i0,I0_asymptote,new_rmse,lowerci_old,upperci_old,sigma_old,lowerci_new,upperci_new,sigma_new,old_pearson,new_pearson
RS4X_MOUSE,LSNIFVIGK,2,0.639598658308798,0.842722059370629,10,0.02088,0.00497135906956116,10556966.1,495.80276,0.030344848023519,1,2,6,0| 1| 3| 6| 7| 9| 13| 24| 31,NaN,-0.000531629839555185|-0.0325863975521776|0.0124443756643736|0.0244701718943069|0.0198055711887575|,0.518334959140585| 0.554968537439912| NaN| 0.549928290301158| 0.52079096310597| 0.521470160598716| 0.511085233280678| 0.472338488556742| NaN| 0.456289957949512| 0.466144250475686| 0.445717793110788,0.518334959140585,0.323639580410641,0.0133539231539305,0.0078942429106716,0.0338657570893284,0.00574043099409884,0.0151653296832432,0.0265946703167568,0.00252620393109971,0.881031905579242,0.926215638160978
RS4X_MOUSE,FDTGNLcMVTGGANLGR,2,-4.85447934792333,-1.78325349614327,10,2E-05,0.00796811702275305,56201655,891.91675,0.0950024490332899,1,4,4,0| 1| 3| 6| 7| 9| 13| 21| 24,NaN,,0.450230829101903| 0.464640999289665| NaN| 0.454235223634246| 0.414818643694153| 0.454005695259783| 0.454005542608715| 0.404232838518041| NaN| 0.392889147115221| 0.305262683210213| 0.36162535774511,0.3505,0.103005628572922,0.0742665453451902,0,0.0208359450978982,0.00920181207683554,0,0.0162927170057625,0.00719345113384602,0.854821006381741,0.855046541909606

