proteinName,peptideSeq,charge,old_Rsquared,new_Rsquared,NDP,rateconstant,sigma,Abundance,MassToCharge,RMSE,selected_A1A0_count, selected_A2A0_count, selected_A2A1_count,improved_timePoints,new_k,I0_percentatediffI0_percentatediff,selected_io_t,i0,I0_asymptote,new_rmse,lowerci_old,upperci_old,sigma_old,lowerci_new,upperci_new,sigma_new,old_pearson,new_pearson
S10A1_MOUSE,DLLQTELSGFLDVQK,2,0.775916889441938,0.996961064905011,3,0.04637,0.00485896097163389,10247990,853.45398,0.00393782468637344,1,0,0,2,NaN,-0.0393263356041417|,0.375934820037414| NaN| 0.353179646377263| 0.341530274596499| NaN| NaN| NaN| NaN| NaN| NaN| NaN| NaN,0.375934820037414,0.121393452077832,0.000393808552452627,0,0.296207247859467,0.0580658639104347,0.041291216845331,0.051448783154669,0.00118038416615724,0.936410593188184,0.999738165722248

