proteinName,peptideSeq,charge,old_Rsquared,new_Rsquared,NDP,rateconstant,sigma,Abundance,MassToCharge,RMSE,selected_A1A0_count, selected_A2A0_count, selected_A2A1_count,improved_timePoints,new_k,I0_percentatediffI0_percentatediff,selected_io_t,i0,I0_asymptote,new_rmse,lowerci_old,upperci_old,sigma_old,lowerci_new,upperci_new,sigma_new,old_pearson,new_pearson
SPRE_MOUSE,LLSPGSVMLVSAR,2,0.710990481794275,0.729459484994931,11,0.01265,0.00213701299002644,9376555.09090909,665.38159,0.0247083017846622,1,2,0,6| 7| 21,NaN,-0.00648914935633585|0.0380684631595279|,0.478878995734708| 0.445347979995362| 0.471950500098377| 0.454370390170555| 0.447850841003098| 0.445671335053836| 0.445820465074535| NaN| 0.375218320226737| 0.391781911865825| 0.351798417715149| 0.349121026167755,0.478878995734708,0.162092673159982,0.0224913561223007,0.00768389543167331,0.0176161045683267,0.00222881287911003,0.00812947781436948,0.0171705221856305,0.00202883324928271,0.952322410020783,0.954544748485846
SPRE_MOUSE,DMLYQVLAAEEPSVR,2,0.15939218643992,0.0121471239651342,2,0.01659,0.0122665575363574,842534,860.93237,0.0525437321110586,0,2,0,3| 21,NaN,,NaN| NaN| NaN| 0.498810190270311| NaN| NaN| NaN| NaN| NaN| 0.27516072466319| NaN| NaN,NaN,NaN,0.0453741370252475,0,0.686808708340486,0.0527473562926348,0,0.614334081404095,0.047043479451215,1,1
SPRE_MOUSE,VLSYAPGPLDNDMQQLAR,2,-0.472466705220403,-0.00410497135282584,10,2E-05,0.00752511462727125,1366548.2,994.4989,0.094138901478849,1,5,2,1| 2| 3| 6| 16| 21| 24| 31,NaN,,NaN| 0.312337551697316| 0.315340819495021| 0.310500931087313| 0.362711567395613| 0.223184563549011| 0.192857747755565| NaN| 0.285571286118754| 0.31524703576754| 0.438042408632374| 0.340097329059915,NaN,NaN,0.0592787752740191,0,0.0196772324725825,0.00868959628365073,0,0.0123977129641543,0.0054716414797164,-0.324987026761842,-0.382034012623678

