proteinName,peptideSeq,charge,old_Rsquared,new_Rsquared,NDP,rateconstant,sigma,Abundance,MassToCharge,RMSE,selected_A1A0_count, selected_A2A0_count, selected_A2A1_count,improved_timePoints,new_k,I0_percentatediffI0_percentatediff,selected_io_t,i0,I0_asymptote,new_rmse,lowerci_old,upperci_old,sigma_old,lowerci_new,upperci_new,sigma_new,old_pearson,new_pearson
BGAL_MOUSE,TLATSLYNLLAR,2,0.771948554865813,0.951991475955784,12,0.10824,0.0151632578996862,20993722.5,668.38513,0.03423553068238,0,3,6,1| 2| 3| 6| 7| 9| 13| 16| 24,0.0947401049387661,0.0399527556618115|0.0206887433541447|,0.464990774971864| 0.417869461289501| 0.405421247255021| 0.391711346522818| 0.330226917659307| 0.316465803054258| 0.334724980268176| 0.260476103724125| 0.253431233303125| 0.243276251819452| 0.227016043787364| 0.220177488666847,0.464990774971864,0.190020948372489,0.0174130513098218,0.0754086107228324,0.141071389277168,0.0149166790818447,0.0915411302976446,0.124938869702355,0.00758699786587475,0.932549070629421,0.989607811581726
BGAL_MOUSE,NLMTALNIR,2,0.197868237862733,0.31944521401798,12,0.12694,0.0658682111810759,32920375.4545455,523.29474,0.112209912136888,5,2,4,1| 2| 3| 6| 7| 9| 13| 16| 21| 24| 31,0.157841346253759,,0.519072180017009| 0.417584035640135| 0.297318527168944| 0.396325019189843| 0.438912905023047| 0.375010526077478| 0.374912339701123| 0.258536018395565| 0.35951608073427| 0.262758962355035| 0.258536018395565| 0.327533721905612,0.519072180017009,0.268447481117917,0.0636996101484545,0,0.291862551084175,0.0749312417794221,0.0323607429143707,0.221519257085629,0.0429713288656583,0.509127292647568,0.704874147252265

