proteinName,peptideSeq,charge,old_Rsquared,new_Rsquared,NDP,rateconstant,sigma,Abundance,MassToCharge,RMSE,selected_A1A0_count, selected_A2A0_count, selected_A2A1_count,improved_timePoints,new_k,I0_percentatediffI0_percentatediff,selected_io_t,i0,I0_asymptote,new_rmse,lowerci_old,upperci_old,sigma_old,lowerci_new,upperci_new,sigma_new,old_pearson,new_pearson
HTRA2_MOUSE,LAQNAEDVYEAVR,2,-1.8594534026973,-0.446125308048308,11,0.05542,0.0180654592263501,23134730.9090909,739.36768,0.0970694548478449,3,1,3,0| 1| 3| 9| 13| 21| 24,NaN,,0.243084922469472| 0.400822690318294| 0.326580643160724| 0.305239191187726| 0.269138083943482| 0.325156188113966| 0.319634685303941| 0.254779425428224| 0.204749018852781| 0.247200493681959| 0.19069958096918| NaN,0.43242,0.0913891202866251,0.0675287906132007,0.0113257581053503,0.0995142418946497,0.0197897190599236,0.0247447393547329,0.086095260645267,0.0137672123201516,0.178617635443177,0.667304942472126
HTRA2_MOUSE,NSWFGTSGSQR,2,0.913968810806609,0.956714784369991,11,0.22074,0.0234444581543532,96710262.5,613.78107,0.0256294222985805,4,3,2,1| 2| 3| 6| 7| 9| 13| 21| 24,NaN,-0.00969882641135103|-0.0263265490349822|,0.5065105017703| 0.406696974125632| 0.383146494076685| 0.33916497614376| 0.27389085277817| 0.276206958343697| 0.242736428821027| 0.215181159026089| 0.191825356245915| 0.182524505741614| 0.236339643410607| NaN,0.5065105017703,0.188380447538099,0.0193278145805336,0.166530825103703,0.274949174896297,0.0243293522140849,0.179859449952745,0.261620550047255,0.0183473978843593,0.975590678448969,0.984651497155095
HTRA2_MOUSE,VTAGISFAIPSDR,2,-0.0195758966048576,0.371229965288774,11,0.00582,0.00581259862445405,22898367,667.35913,0.0665188849261555,0,4,2,1| 2| 3| 6| 7| 9,NaN,,0.448803859971954| 0.393471472742399| 0.466363343037721| 0.469814436586041| 0.440186792798611| 0.43789936403643| 0.428863184996966| 0.414999682537048| 0.435686360981851| 0.389234426004928| 0.388224181141672| NaN,0.448803859971954,0.131895360063808,0.0209827995441515,0,0.0210643337404782,0.00684173418154137,0.00129183089808573,0.0103481691019143,0.00203226522403559,0.558800889582332,0.644912728615228

