proteinName,peptideSeq,charge,old_Rsquared,new_Rsquared,NDP,rateconstant,sigma,Abundance,MassToCharge,RMSE,selected_A1A0_count, selected_A2A0_count, selected_A2A1_count,improved_timePoints,new_k,I0_percentatediffI0_percentatediff,selected_io_t,i0,I0_asymptote,new_rmse,lowerci_old,upperci_old,sigma_old,lowerci_new,upperci_new,sigma_new,old_pearson,new_pearson
IGHA_MOUSE,AVQNScGcYSVSSVLPGcAER,2,0.873644599520754,0.828175784946375,2,0.46346,252.117337582136,1881595,1151.00647,0.0214306953633043,1,0,1,0| 24,NaN,,0.217872805383812| NaN| NaN| NaN| NaN| NaN| NaN| NaN| NaN| NaN| 0.0312242861258589| NaN,0.27256,0.0327334815278108,0.0157928718857285,0,1.01955894285303,0.0437659359662708,0,1.05141210971132,0.0462728345658084,1,1
IGHA_MOUSE,PALEDLLLGSDASITcTLNGLR,2,-1.10816452496479,-0.184236399710778,6,7.95126,1656.3166401345,711904,1165.10706,0.140690166886545,1,0,3,2| 16| 21| 24,NaN,,0.286863857215525| 0.0376902158519549| 0.126630840768471| NaN| NaN| NaN| NaN| NaN| 0.134061330864687| 0.185377704094058| 0.125307153126041| NaN,0.286863857215525,0.0457020030799936,0.0579286062886436,3.69347687787482,12.2090431221252,1.65634996114247,6.19813504747278,9.70438495252722,0.681995386732379,0.21687278284111,0.816898092986135
IGHA_MOUSE,PALEDLLLGSDASITcTLNGLR,3,0.834410509148509,0.933890570950043,8,1.90331,0.632704808361218,8588719.5,777.07379,0.0219178763740275,1,1,4,1| 2| 9| 16| 21| 24,NaN,,0.26489212758108| 0.0660916546128776| 0.0833121098443221| NaN| NaN| NaN| 0.0572647423299755| 0.06788337208966| 0.0579657553546868| 0.0368595614647995| 0.0418497179148171| NaN,0.26489212758108,0.0422015549399835,0.0145999963244522,0.960692684853663,2.84592731514634,0.398633023723359,0.634346215948951,3.17227378405105,0.536645001214702,0.966464059011415,0.978631424717908

