protien,peptide,charge,rsquared,rateconstant,mo,io_e,io_a1a0,io_a2a0,io_a2a1
CTNA1_MOUSE,LLSNTVMPR,2,0.0429340454003714,104.90508,0.53145,0.48648126866523,0.462787277489105,0.50644331118288,0.604851800347441
CTNA1_MOUSE,NLMNAVVQTVK,2,-0.426611766168076,8.94055,0.47811,0.336856495083361,0.486885293293944,0.251956785969033,0.221826948486595
CTNA1_MOUSE,IAEQVASFQEEK,2,0.47213781836798,0.15401,0.45349,0.507407420467478,0.512164486971032,0.468231208290088,0.407965287507315
CTNA1_MOUSE,NAGNEQDLGIQYK,2,0.933674674874895,0.39555,0.44244,0.52189085060728,0.496224731010574,0.517335573392363,0.549985140745985
CTNA1_MOUSE,QIIVDPLSFSEER,2,-0.196208945093741,0.10902,0.40993,0.345080880110585,0.369456139320725,0.316446324910412,0.257252808136052
CTNA1_MOUSE,QALQDLLSEYMGNAGR,3,0.601257198210696,0.17449,0.3547,0.40781746151299,0.382234958758944,0.362661234536397,0.334292285030914
CTNA1_MOUSE,LESIISGAALMADSScTR,2,-0.730348746720918,0.00324,0.33637,0.258105881198753,0.171515747601406,0.282107504727257,0.495880412783622
CTNA1_MOUSE,AHVLAASVEQATENFLEK,3,-185.031618873,4.86372,0.32214,0.0217766638351173,3.0827572278655E-06,0.0375151590174258,0.108376612122002
CTNA1_MOUSE,LLEPLVTQVTTLVNTNSK,2,0.138501940357333,0.16336,0.319,0.386954829245638,0.391182832940504,0.332605778925812,0.264960707026907
CTNA1_MOUSE,LLEPLVTQVTTLVNTNSK,3,0.928141825042921,0.34978,0.319,0.357318204706556,0.358555708590221,0.349817621347141,0.339242296737353
CTNA1_MOUSE,VIHVVTSEMDNYEPGVYTEK,3,0.580856017959189,0.53989,0.25117,0.207687657422516,0.161163600684887,0.190366574100793,0.228829158278163
CTNA1_MOUSE,MSASQLEALcPQVINAALALAAK,3,-0.835745372642355,0.05325,0.24326,0.283647493230401,0.286754412179629,0.263087899823949,0.230003397367907
CTNA1_MOUSE,NVPILYTASQAcLQHPDVAAYK,3,0.585235138205175,0.076,0.23282,0.283846069469984,0.327222236487925,0.283681507947028,0.22875678372243
CTNA1_MOUSE,AVMDHVSDSFLETNVPLLVLIEAAK,3,0.871927990303867,0.33118,0.19511,0.199489080247965,0.174780808608994,0.189189265007758,0.207499722837692

