protien,peptide,charge,rsquared,rateconstant,mo,io_e,io_a1a0,io_a2a0,io_a2a1
RL36_MOUSE,EVcGFAPYER,2,0.990647663850484,0.10727,0.48299,0.470527247481882,0.474987209891693,0.447129762221326,0.400281195696635

