protien,peptide,charge,rsquared,rateconstant,mo,io_e,io_a1a0,io_a2a0,io_a2a1
VAT1_MOUSE,LVALYNQGH,2,-2.63590004883502,10.312,0.54754,0.256224265312356,0.296079055525998,0.241361554581001,0.241361554581001
VAT1_MOUSE,TVENVTVFGTASASK,2,0.653205363821273,0.03241,0.42298,0.456956331010566,0.355971136789835,0.53709224080324,0.53709224080324

