protien,peptide,charge,rsquared,rateconstant,mo,io_e,io_a1a0,io_a2a0,io_a2a1
CATZ_MOUSE,VGDYGSLSGR,2,-0.0875029620142485,0.90494,0.56877,0.436142985316508,0.422836617823529,0.432490414924818,0.443692782232308
CATZ_MOUSE,NSWGEPWGEK,2,0.804838432701748,0.24035,0.49421,0.498571015939795,0.498019459352948,0.497980137560599,0.497035057000584
CATZ_MOUSE,NVNGVNYASVTR,2,-0.247479831473849,0.00586,0.48349,0.691541715297526,0.755575496241148,0.548208064545113,0.21102043991944
CATZ_MOUSE,FNQcGTcTEFK,2,0.7431845469349,0.14988,0.44484,0.464642832214222,0.453067705384137,0.449130406198933,0.438476376984583
CATZ_MOUSE,HGIPDETcNNYQAK,2,0.967686250480202,0.15756,0.39366,0.415161950898248,0.40249165445761,0.368041730848985,0.317933242495109
CATZ_MOUSE,HGIPDETcNNYQAK,3,0.98431833880228,0.17227,0.39366,0.389826706468436,0.37639684671937,0.389274054842221,0.410535603164805
CATZ_MOUSE,NQHIPQYcGScWAHGSTSAMADR,3,0.890875974714607,0.17276,0.21517,0.212230955453564,0.189600892835055,0.177728004973937,0.161484321652414

