protien,peptide,charge,rsquared,rateconstant,mo,io_e,io_a1a0,io_a2a0,io_a2a1
ROA1_MOUSE,LTDcVVMR,2,0.949400976462014,0.17402,0.54614,0.5520647047672,0.559833029625781,0.546631799279742,0.467603129957748
ROA1_MOUSE,LTDcVVmR,2,-0.471291132788974,0.81209,0.54614,0.43243441293368,0.518260382628155,0.344505272165179,0.344505272165179
ROA1_MOUSE,IEVIEIMTDR,2,0.966841944927855,0.26412,0.4795,0.476742424914548,0.467306041862558,0.482964704668322,0.518007626105464
ROA1_MOUSE,WGTLTDcVVmR,2,0.609774180677217,0.09383,0.43977,0.483413594573287,0.473909704430143,0.416597924967971,0.304359230876197
ROA1_MOUSE,SSGPYGGGGQYFAK,2,-8.32599950095342,9.87183,0.44461,0.172247748050393,0.444383743046998,0.111597608049154,0.111597608049154
ROA1_MOUSE,EDSQRPGAHLTVK,2,0.741663722421937,0.17071,0.44596,0.473776218332637,0.434786507530096,0.521355535899552,0.595161966434733
ROA1_MOUSE,EDSQRPGAHLTVK,3,0.948890062678001,0.17636,0.44596,0.44129997741717,0.438096014364765,0.440814932729072,0.444668324085032
ROA1_MOUSE,YHTVNGHNcEVR,2,0.803639613098837,0.07442,0.42982,0.548168587286621,0.505736937582822,0.53502192319394,0.53502192319394
ROA1_MOUSE,YHTVNGHNcEVR,3,-0.473827130183392,5.37208,0.42982,0.188029510352973,0.219067980935768,0.139358496965373,0.139358496965373
ROA1_MOUSE,VGGIKEDTEEHHLR,4,0.931158587194593,0.27969,0.40146,0.460405231174885,0.474370000831762,0.395678501297253,0.298193449307427
ROA1_MOUSE,NQGGYGGSSSSSSYGSGR,2,0.948724565005582,0.22012,0.4039,0.422759948335339,0.40832215550432,0.407144340909921,0.4039
ROA1_MOUSE,GFAFVTFDDHDSVDK,3,0.933065359669279,0.20117,0.36703,0.343996330481056,0.344901366569183,0.319373879879508,0.289709732693007
ROA1_MOUSE,LFIGGLSFETTDESLR,2,-0.198408821690673,0.0186,0.35179,0.405560789288761,0.42635460376912,0.366723306901102,0.295367664215514
ROA1_MOUSE,SHFEQWGTLTDcVVMR,3,0.973090413285312,0.14644,0.30448,0.310401114996116,0.305747957938393,0.28159672179032,0.24773447971436
ROA1_MOUSE,GFGFVTYATVEEVDAAMNAR,3,0.912717211636233,0.11609,0.2746,0.280900001736683,0.272015321380847,0.271404930729599,0.271404930729599

