protien,peptide,charge,rsquared,rateconstant,mo,io_e,io_a1a0,io_a2a0,io_a2a1
MOGS_MOUSE,DLALPTLLNPK,2,0.931908243844512,0.06599,0.48995,0.519573841520282,0.507832472428325,0.497849508779254,0.484490429348813
MOGS_MOUSE,LGPLLDVLADSR,2,0.963211800607144,0.06658,0.47854,0.509673439183587,0.509889073083605,0.508548772797968,0.506422956487149
MOGS_MOUSE,SISGHTSELGDFR,2,0.179650402199817,0.19147,0.45377,0.286710028010827,0.230083317038135,0.291303460216097,0.366309296931744
MOGS_MOUSE,GPSGQGQFLIQQVTLK,2,0.616538111678012,0.05136,0.36861,0.411189224470023,0.412538474591681,0.349668689924525,0.27850394860887
MOGS_MOUSE,GFLWDEGFHQLVVQR,3,0.929478836249207,0.09775,0.32825,0.333271151400423,0.331605377232453,0.347381942936176,0.366598179415792
MOGS_MOUSE,LNSWFQHRPPGASPDR,3,0.607019124145577,0.05502,0.33376,0.358427167068261,0.335406212963832,0.341251236647499,0.347618681381845
MOGS_MOUSE,MDPALFPPVPLFSGVPSR,3,-0.0896197689838323,0.01637,0.2959,0.349345968225276,0.34534483297754,0.337571972780637,0.326649826544706
MOGS_MOUSE,MDPALFPPVPLFSGVPSR,2,-0.290684683869126,0.01231,0.2959,0.349200078570168,0.352639687789741,0.343165027353728,0.329889970345737
MOGS_MOUSE,EALGHWLGLLNADGWIGR,3,0.975547882080694,0.08491,0.30501,0.312124143517159,0.305714791109884,0.310083931669718,0.315239670746663
MOGS_MOUSE,PLLTGLMWAQQGATPGTPPK,3,0.104960580576203,0.01104,0.2806,0.457453835939847,0.497122971037857,0.401496011071781,0.290882027609732
MOGS_MOUSE,PLLTGLMWAQQGATPGTPPK,2,-0.0408941006656662,0.00771,0.2806,0.425523366158953,0.45390221585608,0.401496011071781,0.358145552586537
MOGS_MOUSE,HGSYNVFWSSNPGLPQLTDMVK,3,0.953998858683209,0.06068,0.22152,0.240009060745024,0.252723766334068,0.223791079870027,0.189374697287724

