protien,peptide,charge,rsquared,rateconstant,mo,io_e,io_a1a0,io_a2a0,io_a2a1
MBL1_MOUSE,LFVTNHEK,2,-0.0356912949340948,11.2643,0.5558,0.441919787312819,0.356179007085416,0.50315568438312,0.613958445815531

