protien,peptide,charge,rsquared,rateconstant,mo,io_e,io_a1a0,io_a2a0,io_a2a1
SSBP_MOUSE,SLATNEMWR,2,0.00866537056631866,0.00424,0.51007,0.502192914179485,0.461618085281565,0.489650838323422,0.555211626999798
SSBP_MOUSE,SGDSEVYQMGDVSQK,2,0.931035605656584,0.10051,0.39257,0.454127164300326,0.417832376927727,0.404521361004891,0.380960302832206
SSBP_MOUSE,NPVTIFSLATNEMWR,2,-2.72828698685366,8.61642,0.33523,0.0992999877152577,0.295226783757046,0.0981117994803681,0.0981117994803681

