protien,peptide,charge,rsquared,rateconstant,mo,io_e,io_a1a0,io_a2a0,io_a2a1
VAC14_MOUSE,FDLVSFIPLLR,2,0.980999691771626,0.16339,0.43726,0.438331033288648,0.432739904803137,0.413396394838233,0.390746883580775
VAC14_MOUSE,FMINLLQTFSSER,2,-0.65909850161074,5.28579,0.37707,0.0325588943121913,0.54488057057388,0.1222556150266,0.1222556150266

