protien,peptide,charge,rsquared,rateconstant,mo,io_e,io_a1a0,io_a2a0,io_a2a1
NIT1_MOUSE,QHLPVFQHR,3,0.963293035110018,0.18547,0.49775,0.497447021787638,0.483908527551972,0.511518861787285,0.544690834737088
NIT1_MOUSE,VGLAIcYDMR,2,0.974177655098173,0.12588,0.47647,0.469774766858273,0.490941670642206,0.405683871362447,0.257608939812628
NIT1_MOUSE,cSEGPGLcLAR,2,0.0334141950515688,0.46705,0.50111,0.330593238556294,0.351738002090029,0.283669924758042,0.196746785367062
NIT1_MOUSE,IDLHFLQQMR,3,0.976985879010325,0.14835,0.445,0.439251935436474,0.432043057066245,0.430842139028744,0.429204849606518
NIT1_MOUSE,IYNcHVLLNSK,3,0.356998158104282,0.01576,0.4455,0.535638673369687,0.689844076569412,0.421186694187515,0.21755467529603
NIT1_MOUSE,LAFLPEAFDFIAR,2,0.539124416123864,0.08255,0.38951,0.452408659034918,0.371193824225355,0.509581658612217,0.509581658612217
NIT1_MOUSE,EcGIWLSLGGFHER,2,-0.337129016445564,0.08713,0.3714,0.291343513964626,0.223159850833184,0.298980124118172,0.411455602432052
NIT1_MOUSE,EcGIWLSLGGFHER,3,0.986595726238084,0.14228,0.3714,0.37956524930181,0.370808338650801,0.368402898297184,0.365429093624256
NIT1_MOUSE,ESNYTKPGGTLEPPVK,2,0.293086731548193,0.14139,0.36892,0.450245035683109,0.411115427560123,0.422109332703002,0.437104620587653
NIT1_MOUSE,AIESQcYVIAAAQcGR,2,0.623609004356867,0.11011,0.35662,0.343121505212708,0.354787941129238,0.359628393259241,0.370354135884479
NIT1_MOUSE,LGAcLAFLPEAFDFIAR,3,0.989918392497675,0.16637,0.30812,0.293069152052816,0.299028843197238,0.288275230230543,0.275418630440581
NIT1_MOUSE,LGAcLAFLPEAFDFIAR,2,0.991137246755522,0.18365,0.30812,0.301485889826323,0.307000135605371,0.294403895960353,0.279313987729305
NIT1_MOUSE,ASYGHSMVVDPWGTVVAR,3,0.915043394014613,0.14199,0.30837,0.302209300806003,0.303706024576541,0.285543979636711,0.262663560289475
NIT1_MOUSE,NPAETLLLSEPLNGDLLGQYSQLAR,3,-0.0306969426957295,0.08282,0.20876,0.21186383948859,0.204297486800639,0.19920947271224,0.193081917207347
NIT1_MOUSE,LAQAGAEILTYPSAFGSVTGPAHWEVLLR,3,0.972382060459086,0.1405,0.16099,0.174355027612472,0.191695087229762,0.171969347203169,0.150700682253127

