protien,peptide,charge,rsquared,rateconstant,mo,io_e,io_a1a0,io_a2a0,io_a2a1
CR1L_MOUSE,LQSLLTSQENSSTTSPAR,2,0.459006471936876,0.03411,0.34852,0.356422914090461,0.288172671818011,0.327417432499487,0.376768087847656

