protien,peptide,charge,rsquared,rateconstant,mo,io_e,io_a1a0,io_a2a0,io_a2a1
MYO6_MOUSE,LVGILDILDEENR,2,0.0622230853019576,0.52324,0.42373,0.332369125662511,0.211065044157393,0.441627020865534,0.532716581441605

