protien,peptide,charge,rsquared,rateconstant,mo,io_e,io_a1a0,io_a2a0,io_a2a1
MYH14_MOUSE,KFDQLLAEEK,2,0.843961891261481,0.23268,0.48808,0.517916674815954,0.513044405406502,0.490036339122513,0.460533685699788
MYH14_MOUSE,EDQSILcTGESGAGK,2,0.823009227627541,0.2449,0.4283,0.456163304201757,0.451019174558657,0.41165842087087,0.346510124589376
MYH14_MOUSE,VLGLLPEEITAMLR,2,0.44260242729179,0.1538,0.38294,0.465298688787497,0.474407948366937,0.429504602859054,0.357011931043348
MYH14_MOUSE,QLLQANPILEAFGNAK,2,0.920616589320385,0.2538,0.36038,0.383859880152262,0.396267468460849,0.381123316034491,0.361643673760862
MYH14_MOUSE,QLLQANPILEAFGNAK,3,0.846248826106172,1.25588,0.36038,0.439182506377571,0.399992185533672,0.439713555867503,0.491434722493393

