proteinName,peptideSeq,charge,old_Rsquared,new_Rsquared,NDP,rateconstant,sigma,Abundance,MassToCharge,RMSE,selected_A1A0_count, selected_A2A0_count, selected_A2A1_count,improved_timePoints,new_k,I0_percentatediffI0_percentatediff,selected_io_t,i0,I0_asymptote,new_rmse,lowerci_old,upperci_old,sigma_old,lowerci_new,upperci_new,sigma_new,old_pearson,new_pearson
NAA50_MOUSE,RIEPADAHVLQK,3,-0.451483969787423,0.579643129488578,8,0.91111,0.164999747219032,5736933.4,459.59299,0.0286239921036863,2,1,3,1| 2| 6| 7| 9| 13,NaN,,NaN| 0.241843721206774| 0.18289677926909| NaN| 0.1103933907634| 0.122683213586673| 0.146088561633908| 0.12370410829187| NaN| NaN| 0.156713993859113| 0.161046327033913,NaN,NaN,0.0208825900349665,0.400267500513024,1.42195249948698,0.216035380365656,0.538425629120429,1.28379437087957,0.157608284158346,0.934976437217328,0.906310819432164
NAA50_MOUSE,LNQVIFPVSYNDK,2,-1.60195094409239,-0.192524512279115,8,0.06846,0.0230779241368471,31117720,768.90649,0.0589849259034758,5,0,1,1| 2| 6| 7| 24| 31,NaN,,NaN| 0.327980026803355| 0.353817508220929| NaN| 0.224067112060662| 0.265981267831146| 0.292698742894664| 0.248548695696024| NaN| NaN| 0.274634351466683| 0.217315759192059,NaN,NaN,0.0399149723589419,0.00169756772743987,0.13522243227256,0.0282338440216377,0.0201101336036514,0.116809866396349,0.0204471667648124,0.193956521838829,0.691393920704744
NAA50_MOUSE,FGFEIIETK,2,-0.223351420096104,-0.600424852016352,8,0.00761,0.00497379015049753,221200866.666667,542.28967,0.042114598339119,1,3,0,1| 6| 7| 9,NaN,0.0273936069904903|0.0534394612873759|0.0400271629159644|,NaN| 0.438354317036638| 0.484734840107534| NaN| 0.508136618748767| 0.497007950459529| 0.497656338585052| 0.500226034481679| NaN| NaN| 0.474994383077152| 0.458049296189493,NaN,NaN,0.0231534874551943,0,0.0207234145724906,0.00554566526454944,0.00133815431055585,0.0138818456894441,0.00265236461428814,-0.0402711620302662,0.169865908762842

