proteinName,peptideSeq,charge,old_Rsquared,new_Rsquared,NDP,rateconstant,sigma,Abundance,MassToCharge,RMSE,selected_A1A0_count, selected_A2A0_count, selected_A2A1_count,improved_timePoints,new_k,I0_percentatediffI0_percentatediff,selected_io_t,i0,I0_asymptote,new_rmse,lowerci_old,upperci_old,sigma_old,lowerci_new,upperci_new,sigma_new,old_pearson,new_pearson
OPA3_MOUSE,AAWNALQDEVGR,2,-0.893101491449792,0.93844645643604,9,0.10043,0.0217027194674056,29177968.8888889,665.33093,0.0609019872943358,5,2,2,0| 1| 2| 3| 7| 9| 13| 16| 21,NaN,,0.451037558155188| 0.379056037408704| 0.434307030070329| 0.387459441432553| NaN| 0.320062396604528| 0.252711899948429| 0.227679493568634| 0.191586160518343| 0.134827985166537| NaN| NaN,0.451037558155188,0.109790836280749,0.0227573685344464,0.0391357312864602,0.16172426871354,0.0265802943629554,0.0775260468757455,0.123333953124255,0.00993231225195342,0.850960389629988,0.970160037738929

