proteinName,peptideSeq,charge,old_Rsquared,new_Rsquared,NDP,rateconstant,sigma,Abundance,MassToCharge,RMSE,selected_A1A0_count, selected_A2A0_count, selected_A2A1_count,improved_timePoints,new_k,I0_percentatediffI0_percentatediff,selected_io_t,i0,I0_asymptote,new_rmse,lowerci_old,upperci_old,sigma_old,lowerci_new,upperci_new,sigma_new,old_pearson,new_pearson
PRP8_MOUSE,TDMIQALGGVEGILEHTLFK,3,0.915722081574589,0.978404830532582,9,0.558,0.0691450342155324,4047939.16666667,724.71716,0.0165421712152669,1,3,1,1| 3| 6| 7| 13,NaN,,0.283967993458461| 0.211331214104173| 0.118077909390435| 0.0933436516420384| 0.0710075107144442| 0.0495747562732484| 0.0633655614316164| 0.0644862757998377| NaN| NaN| NaN| 0.0652539498973624,0.283967993458461,0.0600147659953908,0.00969155571892476,0.393481697720519,0.722518302279481,0.0713434550156611,0.46161372321833,0.65438627678167,0.0417979635482648,0.968859623943873,0.989601850317837
PRP8_MOUSE,LANQLLTDLVDDNYFYLFDLK,3,0.845065147457361,0.958397939349044,9,0.85769,0.196790926160634,1059966.75,845.10022,0.0189836727858839,0,2,5,1| 2| 6| 7| 9| 13| 31,NaN,,0.231304962772696| 0.150960512567405| 0.0852387560913592| 0.0650357748292991| 0.0703459199538303| 0.0602589016579118| 0.0809867546251136| 0.0602591611210868| NaN| NaN| NaN| 0.0776831376418298,0.231304962772696,0.0712545780070668,0.00951966554302083,0.586032964075128,1.12934703592487,0.117804227576273,0.721463245905494,0.993916754094506,0.0590748091124881,0.919421402233757,0.981774285272525
PRP8_MOUSE,LIVDHNIADYMTAK,3,0.915214869811255,0.974642691557811,9,0.18066,0.0224727082965533,14572122.5,535.27649,0.0227671496835092,2,4,1,0| 1| 3| 7| 9| 13| 31,NaN,0.0403679178265095|0.0242978881180785|0.015933564032621|,0.38002905704665| 0.331877958948736| 0.296773311562602| 0.277554211842757| 0.18558095496764| 0.199636312797769| 0.189504935184091| 0.161656474257499| NaN| NaN| NaN| 0.128332959698478,0.38002905704665,0.141339702915766,0.0111108755544361,0.117191077447752,0.244128922552248,0.0275233342324828,0.14968575377879,0.21163424622121,0.0134319994268659,0.963619602941067,0.991262193457085

