proteinName,peptideSeq,charge,old_Rsquared,new_Rsquared,NDP,rateconstant,sigma,Abundance,MassToCharge,RMSE,selected_A1A0_count, selected_A2A0_count, selected_A2A1_count,improved_timePoints,new_k,I0_percentatediffI0_percentatediff,selected_io_t,i0,I0_asymptote,new_rmse,lowerci_old,upperci_old,sigma_old,lowerci_new,upperci_new,sigma_new,old_pearson,new_pearson
PTSS1_MOUSE,AVLQFTPASWTYVR,2,-0.10006676246377,-0.27568574033232,10,0.00109,0.00434313120005004,236670143.75,819.93555,0.0503570105847801,1,5,2,0| 2| 6| 7| 16| 21| 24| 31,NaN,-0.00620106527090745|,0.331355751881817| NaN| 0.338284713314391| 0.359203637172213| 0.340273491972388| 0.399705499701355| 0.366939623086509| NaN| 0.359627846544843| 0.349822795779252| 0.348213684976348| 0.325662467336848,0.331355751881817,0.11215847858822,0.0208097866809545,0,0.0123724575644123,0.00498747732972625,0,0.00569630719757754,0.00203624543593571,-0.638944444127863,0.209539307214054
PTSS1_MOUSE,SLMYWLDPNLR,2,-3.41246078462825,0.917480704893906,10,0.35469,0.199002783973698,26616210,704.35809,0.072121698454284,1,2,3,0| 9| 16| 21| 24| 31,NaN,,0.453915246092| NaN| 0.296155951292312| 0.2410528469063| 0.236224310795731| 0.220856393794377| 0.238514304370613| NaN| 0.221658134373329| 0.19062521188681| 0.205273071341101| 0.207216840209432,0.41086,0.202707844092777,0.0191104997443392,0,0.871923837824048,0.228646287884276,0.216950851824871,0.492429148175129,0.060888407956981,-0.147286173717475,0.964017304883435

