proteinName,peptideSeq,charge,old_Rsquared,new_Rsquared,NDP,rateconstant,sigma,Abundance,MassToCharge,RMSE,selected_A1A0_count, selected_A2A0_count, selected_A2A1_count,improved_timePoints,new_k,I0_percentatediffI0_percentatediff,selected_io_t,i0,I0_asymptote,new_rmse,lowerci_old,upperci_old,sigma_old,lowerci_new,upperci_new,sigma_new,old_pearson,new_pearson
S5A1_MOUSE,YSSQWSGR,2,0.553647781416114,0.859040364527614,6,0.01288,0.00314377766301248,16904580,485.7225,0.0310814328005951,2,1,1,0| 13| 21| 31,NaN,-0.0532572940609067|-0.00363302949240884|,0.591972340281257| NaN| 0.545608415471852| NaN| NaN| NaN| NaN| 0.535933949880607| 0.517664600927966| 0.515663670483989| NaN| 0.462435045241725,0.591972340281257,0.265808174933711,0.0102951171988102,0.000360445386901814,0.0253995546130982,0.00487031941321048,0.00873314220082278,0.0170268577991772,0.00161319812623575,0.825764029270704,0.935727160614681
S5A1_MOUSE,TLVFPVLIR,2,-0.0305356704126525,0.671966074494681,6,0.84295,1.59941307450533,2618147.83333333,529.34204,0.105479623573195,2,2,1,0| 13| 16| 21| 31,NaN,,0.563376040402261| NaN| 0.375553835396595| NaN| NaN| NaN| NaN| 0.323250133624378| 0.342583177953386| 0.445425023771427| NaN| 0.324931539065085,0.563376040402261,0.368726532102009,0.0347096873014885,0,24.6208373490042,9.25000209191377,0,8.8672139384629,3.12157497961898,0.227928203305524,0.872036951384812

