proteinName,peptideSeq,charge,old_Rsquared,new_Rsquared,NDP,rateconstant,sigma,Abundance,MassToCharge,RMSE,selected_A1A0_count, selected_A2A0_count, selected_A2A1_count,improved_timePoints,new_k,I0_percentatediffI0_percentatediff,selected_io_t,i0,I0_asymptote,new_rmse,lowerci_old,upperci_old,sigma_old,lowerci_new,upperci_new,sigma_new,old_pearson,new_pearson
SRP14_MOUSE,VLLESEQFLTELTR,2,0.903517578196013,0.984749789031315,10,0.2684,0.0311182811031754,38855953,839.45654,0.0226179861001435,1,2,3,1| 3| 7| 9| 13| 16,NaN,,0.391918365217218| 0.323736455829452| 0.278297749802294| 0.236030098880661| 0.175295996566052| 0.14313572024412| 0.150373356558108| 0.139825786479792| 0.149207730797342| NaN| 0.119013493808603| NaN,0.391918365217218,0.120732289493569,0.00992406525882664,0.196123268128762,0.340676731871238,0.0319503582988462,0.23668722943727,0.300112770562731,0.0140188184481478,0.965955464486704,0.993121414936331

