proteinName,peptideSeq,charge,old_Rsquared,new_Rsquared,NDP,rateconstant,sigma,Abundance,MassToCharge,RMSE,selected_A1A0_count, selected_A2A0_count, selected_A2A1_count,improved_timePoints,new_k,I0_percentatediffI0_percentatediff,selected_io_t,i0,I0_asymptote,new_rmse,lowerci_old,upperci_old,sigma_old,lowerci_new,upperci_new,sigma_new,old_pearson,new_pearson
TMM19_MOUSE,TGLVVSSPTQETK,2,0.970181835387296,0.993810760260346,8,0.22832,0.0138274174569993,66384977.5,673.86176,0.0120643448126602,3,2,1,2| 3| 6| 7| 24| 31,NaN,0.0286797138285034|0.0205477595616011|0.0178597006261765|,NaN| 0.408045721145286| 0.367923247896564| 0.327477325279887| 0.272712771817643| 0.23936892768823| NaN| 0.195686272361872| NaN| NaN| 0.182026130414815| 0.183502929289894,NaN,NaN,0.0052580477569405,0.185510040504689,0.271129959495311,0.0181043391892723,0.20966197795285,0.24697802204715,0.007890480713478,0.986977287909075,0.997195867993105

