proteinName,peptideSeq,charge,old_Rsquared,new_Rsquared,NDP,rateconstant,sigma,Abundance,MassToCharge,RMSE,selected_A1A0_count, selected_A2A0_count, selected_A2A1_count,improved_timePoints,new_k,I0_percentatediffI0_percentatediff,selected_io_t,i0,I0_asymptote,new_rmse,lowerci_old,upperci_old,sigma_old,lowerci_new,upperci_new,sigma_new,old_pearson,new_pearson
VP13C_MOUSE,SLDVFNIILVR,2,0.87701773415579,0.937334925185198,7,0.08549,0.0116975752682961,11816790,644.88483,0.0211712124369039,1,2,0,1| 3| 24,NaN,-0.0413479856208814|,0.476984933536802| 0.441945792391402| NaN| 0.425876925126727| 0.375218839887672| 0.37823356008318| NaN| 0.281646250539949| NaN| NaN| 0.285576852238801| NaN,0.476984933536802,0.246681307279762,0.0133167772226231,0.0493718894587692,0.121608110541231,0.0147606913286521,0.0627715641422006,0.108208435857799,0.00928453382919766,0.941830344923948,0.973939346663739
VP13C_MOUSE,LGIWGGNVALDNLQIK,2,0.437342104096234,0.885930181879968,7,0.05517,0.0125537960757399,13282055.25,855.98047,0.0331417241051367,1,0,2,3| 6| 7,NaN,,0.34249753240702| 0.322846380508529| NaN| 0.341842220179557| 0.279706929018425| 0.27835340376934| NaN| 0.206673728565548| NaN| NaN| 0.200069322093721| NaN,0.34249753240702,0.110596187346757,0.0142340526489471,0.00891839401347895,0.101421605986521,0.0189020319499307,0.0353053788166844,0.0750346211833156,0.00811824143770762,0.712630107909269,0.952299375599464
VP13C_MOUSE,APVITIPQSSVSPNVVIADLGLIR,3,-4.28766703921112,-1.078180923632,7,2E-05,0.0190820329262789,3118266,820.47925,0.113314079942164,1,1,4,0| 1| 3| 7| 13| 24,NaN,,0.282038055858798| 0.230142421484423| NaN| 0.318853367644131| 0.243236304421329| 0.327209475701617| NaN| 0.239705448094661| NaN| NaN| 0.261724588810201| NaN,0.23449,0.0295195200731949,0.0396368281548369,0,0.0660546270917823,0.0269869251989733,0,0.023117619626671,0.00943949804203374,-2,-2
VP13C_MOUSE,NLYGEAVVATLEGLYLLVVPGASIK,3,0.435252124565547,0.897267703122796,5,0.17395,0.094579357243156,491712.5,863.82275,0.0599338350793618,1,1,1,0| 1| 3,NaN,,0.22594493805815| 0.192483612058381| NaN| 0.124948776874643| 0.0988615868041141| 0.0442887125138162| NaN| NaN| NaN| NaN| NaN| NaN,0.22594493805815,0.0343405408215409,0.0134669776248615,0,0.679319340861619,0.182020289156352,0.0717515881733887,0.276148411826611,0.0368090878648957,0.949764235479452,0.977810025580137

