proteinName,peptideSeq,charge,old_Rsquared,new_Rsquared,NDP,rateconstant,sigma,Abundance,MassToCharge,RMSE,selected_A1A0_count, selected_A2A0_count, selected_A2A1_count,improved_timePoints,new_k,I0_percentatediffI0_percentatediff,selected_io_t,i0,I0_asymptote,new_rmse,lowerci_old,upperci_old,sigma_old,lowerci_new,upperci_new,sigma_new,old_pearson,new_pearson
ACO12_MOUSE,DNNTYTVALR,2,-1.54477790162637,-0.791950854187689,5,0.04037,0.0429020899219492,34756516,583.79364,0.093460692443003,4,0,0,2| 3| 6| 7,NaN,,0.552869982491516| NaN| 0.453355454258229| 0.428830866656264| 0.405391260105261| 0.348486894859289| NaN| NaN| NaN| NaN| NaN| NaN,0.552869982491516,0.272771947170488,0.0580813931857873,0,0.216566236418897,0.0634610913407399,0,0.151743366228267,0.0401136568566323,0.806691414661131,0.949346890328902
ACO12_MOUSE,SIEEAAAScIK,2,0.803239268500428,0.953099139269936,10,0.11371,0.0152973624868064,14755389.1,589.78967,0.0387896625749626,4,0,3,1| 2| 3| 6| 7| 21| 24,NaN,-0.0944725696667094|-0.00163044609587608|,0.479446731808789| 0.460051294648837| 0.400877535217202| 0.358332042627861| 0.262551054011744| 0.248038620071518| 0.257944710988154| NaN| 0.186186816949886| 0.195320483742548| 0.163555188611214| NaN,0.479446731808789,0.122334411048958,0.0216368173552424,0.0694680011290871,0.157951998870913,0.0195574381849622,0.089031877390636,0.138388122609364,0.0109091105684845,0.933896955185768,0.978649586054351
ACO12_MOUSE,EVPLSAQWDISK,2,0.936692060227989,0.965757496460168,6,0.14542,0.0143266765200715,17418342.1666667,686.85901,0.0194822128687274,1,1,4,0| 1| 6| 7| 9| 21,NaN,-0.0256674979495762|,0.491453067543961| 0.402357199655753| NaN| NaN| 0.254208012624267| 0.252963271731721| 0.233004213856319| NaN| NaN| 0.16763164697763| NaN| NaN,0.44548,0.143850348914875,0.0144773165931629,0.0883664713018687,0.202473528698131,0.0221947918274951,0.103023276214798,0.187816723785202,0.0164930457423433,0.969649368285486,0.988313295746157
ACO12_MOUSE,VEAFDcQEWAEGQGR,2,0.89888275439544,0.989625693964304,6,0.18065,0.0195140734327467,6311759,891.38104,0.0210565641152047,2,1,1,1| 2| 3| 6,NaN,,0.38107807616193| 0.320662372984218| 0.277706271089594| 0.232886515411748| 0.164553213509387| NaN| NaN| 0.106008056982375| NaN| NaN| NaN| NaN,0.38107807616193,0.0607118358496645,0.00665447526248251,0.105451513703465,0.255848486296535,0.029253488560279,0.156885131995011,0.204414868004989,0.00924493734593316,0.973602486886375,0.996598311728093

