proteinName,peptideSeq,charge,old_Rsquared,new_Rsquared,NDP,rateconstant,sigma,Abundance,MassToCharge,RMSE,selected_A1A0_count, selected_A2A0_count, selected_A2A1_count,improved_timePoints,new_k,I0_percentatediffI0_percentatediff,selected_io_t,i0,I0_asymptote,new_rmse,lowerci_old,upperci_old,sigma_old,lowerci_new,upperci_new,sigma_new,old_pearson,new_pearson
ACTC_MOUSE,TFYNELR,2,0.289223751149011,0.962824574203383,4,0.06444,0.0212267690775996,47959825,471.73761,0.0273603798899867,1,0,0,1,NaN,,0.567759683581854| 0.53614793667211| 0.547714443637771| NaN| NaN| NaN| NaN| NaN| 0.435226080040558| NaN| NaN| NaN,0.567759683581854,0.354499542290514,0.00569922644808244,0.0389460877792599,0.0899339122207401,0.00801079100084027,0.0355729967296129,0.0933070032703871,0.00907069609471382,0.706218578239348,0.985242442195462
ACTC_MOUSE,IWHHTFYNELR,3,0.959284324765445,0.986625598033954,7,0.07077,0.00424373656107889,2189124685.71429,505.92123,0.00900068813387445,2,0,2,1| 9| 16| 21,NaN,-0.0180882164285083|-0.0311968280090878|,0.397253350104712| 0.398656674069605| 0.377026408343782| NaN| NaN| 0.311225978880956| 0.29185175475304| NaN| 0.247650760345749| 0.233932484370523| NaN| NaN,0.397253350104712,0.178375205719015,0.00567283963462945,0.0563485477107037,0.0851914522892963,0.00589373592813449,0.061680629840874,0.0798593701591259,0.00371462917855468,0.98223489693989,0.99585669839312
ACTC_MOUSE,IWHHTFYNELR,2,0.3405633219277,0.295772416139717,7,0.08014,0.0470589779256716,197621595.714286,758.37823,0.0877582727615632,1,2,0,0| 1| 9,NaN,,0.410421428706745| 0.206926197116448| 0.370823113539167| NaN| NaN| 0.31752101654885| 0.262069988763967| NaN| 0.240846482397827| 0.170142226301958| NaN| NaN,0.410421428706745,0.184287953160774,0.0518888120402847,0,0.219335310745205,0.0568861157330011,0.0238651223708502,0.13641487762915,0.0229983264848062,0.603696089482402,0.655929576614154

