proteinName,peptideSeq,charge,old_Rsquared,new_Rsquared,NDP,rateconstant,sigma,Abundance,MassToCharge,RMSE,selected_A1A0_count, selected_A2A0_count, selected_A2A1_count,improved_timePoints,new_k,I0_percentatediffI0_percentatediff,selected_io_t,i0,I0_asymptote,new_rmse,lowerci_old,upperci_old,sigma_old,lowerci_new,upperci_new,sigma_new,old_pearson,new_pearson
APOC1_MOUSE,DLSGTLESIPDK,2,0.251275113059665,0.793976418255852,5,0.58186,0.23209172111955,16513441.2,637.82733,0.0570004410538126,0,1,2,1| 2| 7,NaN,-0.000588388098919751|,0.474702295084264| 0.341832008377336| 0.274207924578471| NaN| NaN| 0.243134774620819| 0.255087096768565| NaN| NaN| NaN| NaN| NaN,0.474702295084264,0.185064700469238,0.0250686971684137,0,1.71838613872637,0.409345798563931,0.0660361417973739,1.09768385820263,0.185785721911248,0.65319701711339,0.973924810046771

