proteinName,peptideSeq,charge,old_Rsquared,new_Rsquared,NDP,rateconstant,sigma,Abundance,MassToCharge,RMSE,selected_A1A0_count, selected_A2A0_count, selected_A2A1_count,improved_timePoints,new_k,I0_percentatediffI0_percentatediff,selected_io_t,i0,I0_asymptote,new_rmse,lowerci_old,upperci_old,sigma_old,lowerci_new,upperci_new,sigma_new,old_pearson,new_pearson
ARL2_MOUSE,LLMLGLDNAGK,2,-2.51615316059586,-0.513347944345597,4,0.06484,0.0316470447091778,68290245,572.82336,0.0582885114650829,0,3,1,0| 2| 7| 13,NaN,,0.485870869339592| NaN| 0.403619138323055| NaN| NaN| 0.409633138008281| NaN| 0.409011483892502| NaN| NaN| NaN| NaN,0.485870869339592,0.239716293704211,0.0241839373673669,0,0.221397189400766,0.0491939767074359,0.00267143309831259,0.127008566901687,0.0195348360800434,-0.630032934024943,0.649641947232401
ARL2_MOUSE,NYFESTDGLIWVVDSADR,2,0.511031399829592,0.901404832802149,5,0.0758,0.022688834010342,1120692.8,1043.9895,0.0322111994043924,3,2,0,0| 1| 2| 7| 9,NaN,,0.29599| 0.256035045117104| 0.251431917037922| NaN| NaN| 0.196161295246506| 0.183223599584075| NaN| NaN| NaN| NaN| NaN,0.29599,0.0755240570517064,0.0084104388997627,0.00928472699080787,0.142315273009192,0.023956991941389,0.0473112325497034,0.104288767450297,0.0102608790635579,0.761865811188687,0.981057067657761

