proteinName,peptideSeq,charge,old_Rsquared,new_Rsquared,NDP,rateconstant,sigma,Abundance,MassToCharge,RMSE,selected_A1A0_count, selected_A2A0_count, selected_A2A1_count,improved_timePoints,new_k,I0_percentatediffI0_percentatediff,selected_io_t,i0,I0_asymptote,new_rmse,lowerci_old,upperci_old,sigma_old,lowerci_new,upperci_new,sigma_new,old_pearson,new_pearson
CBPQ_MOUSE,AIINLAVYGK,2,0.851766840206462,0.943223281839471,11,0.18727,0.0284506705921515,22284612.4545455,531.32129,0.0335670958714718,5,1,3,1| 2| 3| 6| 7| 9| 13| 16| 24,NaN,-0.0321796536235549|0.0585378548163589|-0.0522243511561383|,0.527833628286493| 0.51936142015191| 0.435202686277306| 0.411869693569012| 0.350378738343898| 0.322707300089395| 0.296112091202584| 0.258310468892459| 0.265041720822853| 0.295868793962608| 0.29291012021775| NaN,0.527833628286493,0.248438478830549,0.0212483315917921,0.119809604000517,0.254730395999483,0.0302765673506898,0.144566846024476,0.229973153975524,0.019165391757213,0.930711993440768,0.978001411114942
CBPQ_MOUSE,IIVYNQPYTGYEK,2,0.923682875699571,0.991300257497397,10,0.30829,0.0334585988452677,16746951.4,794.40631,0.0172522056668313,2,2,2,1| 2| 6| 7| 13| 31,NaN,-0.0177349177242663|-0.0243458780145012|0.0386853733318915|,0.388495879243345| 0.317785239446948| 0.281670988151163| 0.243957703223149| 0.193050794176073| 0.188262594764289| 0.164275938041693| 0.178390712830908| NaN| 0.163644368496911| NaN| 0.158376156087815,0.388495879243345,0.158760903196609,0.00632985636231292,0.228103323636116,0.388476676363884,0.0354469962087375,0.278869405708657,0.337710594291343,0.0130055483229102,0.97594397401404,0.996298954743231

