proteinName,peptideSeq,charge,old_Rsquared,new_Rsquared,NDP,rateconstant,sigma,Abundance,MassToCharge,RMSE,selected_A1A0_count, selected_A2A0_count, selected_A2A1_count,improved_timePoints,new_k,I0_percentatediffI0_percentatediff,selected_io_t,i0,I0_asymptote,new_rmse,lowerci_old,upperci_old,sigma_old,lowerci_new,upperci_new,sigma_new,old_pearson,new_pearson
CKLF6_MOUSE,SGLAAYFVLGR,2,0.797202311861372,0.931022465412532,11,0.24885,0.0526518392258803,13080229,577.32184,0.0429376858079651,1,6,2,0| 3| 7| 9| 13| 16| 21| 24| 31,NaN,-0.0193483620400231|,0.523317581904662| 0.36434369715536| NaN| 0.327998796691462| 0.223152652693434| 0.247686971364145| 0.22372608678997| 0.190868119224803| 0.178452696764881| 0.209722417735205| 0.199039861057528| 0.178452696764881,0.523317581904662,0.204017575959436,0.025372081840792,0.120337189673106,0.377362810326894,0.0576772000763,0.172911171908821,0.324788828091179,0.0340817306090621,0.917123512524701,0.971233549351642

