proteinName,peptideSeq,charge,old_Rsquared,new_Rsquared,NDP,rateconstant,sigma,Abundance,MassToCharge,RMSE,selected_A1A0_count, selected_A2A0_count, selected_A2A1_count,improved_timePoints,new_k,I0_percentatediffI0_percentatediff,selected_io_t,i0,I0_asymptote,new_rmse,lowerci_old,upperci_old,sigma_old,lowerci_new,upperci_new,sigma_new,old_pearson,new_pearson
CNN2_MOUSE,DGVILcTLMNK,2,0.535237346126152,0.718426927826674,10,0.14727,0.0323687751839604,27029816,632.32544,0.0352952768426517,4,1,1,2| 3| 6| 9| 13| 31,NaN,0.0357842252277923|-0.0494651946440853|,0.467260196071645| NaN| 0.325315709787492| 0.362217675111923| 0.358441801458174| 0.363004141524952| 0.321258194505286| 0.29978606609653| NaN| 0.269339907353056| 0.265341270470693| 0.250499977691835,0.467260196071645,0.265521774115553,0.0294401381036879,0.0673983182471827,0.227141681752817,0.035307750971367,0.0806482434443121,0.213891756555688,0.0294505428973304,0.829301496659171,0.884860051017829
CNN2_MOUSE,SWIEGLTGLSIGPDFQK,2,0.937237564658395,0.976494756139264,5,0.14273,0.00913587956574663,14960314,924.48053,0.00740955727625271,2,0,1,1| 2| 3,NaN,0.00792113129146619|,0.303279425797909| 0.276653485421137| 0.259406102033953| 0.235202688035272| 0.174952779387916| NaN| NaN| NaN| NaN| NaN| NaN| NaN,0.303279425797909,0.0811159220575165,0.00431114125530795,0.0957456096488281,0.189714390351172,0.0169224993011536,0.11539282774443,0.17006717225557,0.00984610580094195,0.986855735637858,0.993813924604525
CNN2_MOUSE,GPSYGLSAEVK,2,0.657848029630344,0.921424696232157,10,0.06579,0.00853382892158361,121350445,554.28766,0.0377279537178711,6,0,3,2| 3| 6| 7| 9| 13| 21| 24| 31,NaN,-0.0261047538945538|,NaN| 0.512103274067644| 0.465270625198306| 0.444891454310477| 0.353232942771337| 0.380859750178756| 0.346127669830916| 0.322827433446905| NaN| 0.251314933526408| 0.266610557513623| 0.223199154613159,NaN,NaN,0.0232584937461158,0.0434986652026219,0.0880813347973781,0.00985401685018902,0.0520478586992963,0.0795321413007037,0.00607479512401114,0.915653394486741,0.978357309114476

