proteinName,peptideSeq,charge,old_Rsquared,new_Rsquared,NDP,rateconstant,sigma,Abundance,MassToCharge,RMSE,selected_A1A0_count, selected_A2A0_count, selected_A2A1_count,improved_timePoints,new_k,I0_percentatediffI0_percentatediff,selected_io_t,i0,I0_asymptote,new_rmse,lowerci_old,upperci_old,sigma_old,lowerci_new,upperci_new,sigma_new,old_pearson,new_pearson
CO8G_MOUSE,SLPVNDSVLDVFER,2,0.980141403281749,0.976405421382851,4,0.09785,0.00386709280509,44223902.5,795.41211,0.00581248491957742,1,0,0,31,NaN,,NaN| NaN| NaN| NaN| 0.282626341808818| 0.277535780489812| NaN| NaN| NaN| NaN| 0.146767734884544| 0.154049217348522,NaN,NaN,0.00575668854569361,0.0732363695827094,0.122463630417291,0.00773418561018001,0.0734726456925665,0.122227354307433,0.00765994206065459,0.998395441633656,0.992338845448247

