proteinName,peptideSeq,charge,old_Rsquared,new_Rsquared,NDP,rateconstant,sigma,Abundance,MassToCharge,RMSE,selected_A1A0_count, selected_A2A0_count, selected_A2A1_count,improved_timePoints,new_k,I0_percentatediffI0_percentatediff,selected_io_t,i0,I0_asymptote,new_rmse,lowerci_old,upperci_old,sigma_old,lowerci_new,upperci_new,sigma_new,old_pearson,new_pearson
COQ3_MOUSE,ILDVGcGGGLLTEPLGR,2,0.955902268580604,0.979440372406175,6,0.14798,0.0134321528430626,4652625.16666667,863.96149,0.0142660934911053,2,1,0,0| 2| 7,NaN,,0.377286686288319| 0.325482825830891| 0.301257690227728| NaN| 0.238731091946368| 0.205602123925141| NaN| NaN| NaN| 0.113473968069797| NaN| NaN,0.377286686288319,0.105776581488696,0.00874413201500351,0.0944887582150886,0.201471241784911,0.0208090017059576,0.11519355568675,0.18076644431325,0.0127544837786724,0.987006975721643,0.992640537715457

