proteinName,peptideSeq,charge,old_Rsquared,new_Rsquared,NDP,rateconstant,sigma,Abundance,MassToCharge,RMSE,selected_A1A0_count, selected_A2A0_count, selected_A2A1_count,improved_timePoints,new_k,I0_percentatediffI0_percentatediff,selected_io_t,i0,I0_asymptote,new_rmse,lowerci_old,upperci_old,sigma_old,lowerci_new,upperci_new,sigma_new,old_pearson,new_pearson
COQ5_MOUSE,FLcLEFGQVNDPLISR,2,-0.761564251933632,-5.39390580915621,4,0.02696,0.0305237430989293,9591230.25,954.48785,0.0428591000356199,0,2,1,0| 2| 3,NaN,,0.285165418405512| NaN| 0.29914268800005| 0.296946681301272| 0.283036272854641| NaN| NaN| NaN| NaN| NaN| NaN| NaN,0.31949,0.0895726280518629,0.0103000040173209,0,0.252310727685777,0.0708105356975936,0,0.102663452066248,0.0237878175500849,0.880334994623859,0.211097541212434
COQ5_MOUSE,VTYENLTTGIVAIHSGFK,3,0.642710720947013,0.992914329180629,4,0.14761,0.0376372221836867,10308624.5,650.68256,0.0258873363899547,0,1,2,0| 7| 31,NaN,0.0584804658365999|,0.321194093007367| NaN| NaN| 0.238570543780111| NaN| 0.169771092397732| NaN| NaN| NaN| NaN| NaN| 0.0873258712107301,0.321194093007367,0.0989453459245193,0.00418870157380024,0,0.422063929843499,0.08623992474356,0.108848489197801,0.186371510802199,0.0121797846962311,0.923430630476154,0.999959044947608
COQ5_MOUSE,TQQNLSWEEIAK,2,0.958561239435486,0.975796670980172,4,0.09271,0.00525862815438566,16373171.75,723.86481,0.00948079165315619,0,3,0,1| 9| 16,NaN,0.0313141572466335|,NaN| 0.387618847920285| NaN| 0.374677250310809| NaN| NaN| 0.260045755352681| NaN| 0.192882005476696| NaN| NaN| NaN,NaN,NaN,0.0072785918128524,0.0592393965214276,0.126180603478572,0.0105172563087713,0.0670139537875231,0.118406046212477,0.00807430628825276,0.981141209081734,0.988891291945947

