proteinName,peptideSeq,charge,old_Rsquared,new_Rsquared,NDP,rateconstant,sigma,Abundance,MassToCharge,RMSE,selected_A1A0_count, selected_A2A0_count, selected_A2A1_count,improved_timePoints,new_k,I0_percentatediffI0_percentatediff,selected_io_t,i0,I0_asymptote,new_rmse,lowerci_old,upperci_old,sigma_old,lowerci_new,upperci_new,sigma_new,old_pearson,new_pearson
DHI2_MOUSE,QLLLANIPR,2,0.850934408802133,0.90152665991532,7,0.13316,0.0200591282414321,39537347.1428571,519.3269,0.0304311551045347,4,0,1,1| 3| 6| 24| 31,NaN,,0.580401955559598| 0.517934026379782| NaN| 0.407649592022164| 0.353177422759748| 0.342674380591492| NaN| NaN| NaN| NaN| 0.277772206064103| 0.268356125964914,0.580401955559598,0.248622768705866,0.0262349772714289,0.078715041590534,0.187604958409466,0.0222504780410931,0.0862225031646141,0.180097496835386,0.0191823407189535,0.956521585736511,0.971312779514133
DHI2_MOUSE,TDAVTNVNLWEK,2,0.906513971837994,0.951440313151096,5,0.14577,0.0212908647229519,28124534,695.35406,0.0163937155953525,3,1,0,0| 1| 2| 3,NaN,0.0302949133012301|,0.48178498724544| 0.410832141385423| 0.372293051842417| 0.357095525607329| NaN| NaN| NaN| 0.243009631183082| NaN| NaN| NaN| NaN,0.48178498724544,0.22676450104783,0.0110943322226395,0.0433834241231187,0.248156575876881,0.0368768594372285,0.0764806017967866,0.215059398203213,0.0249561563725173,0.961383527586272,0.980233917837601
DHI2_MOUSE,AVLITGcDTGFGK,2,-2.07860881968359,0.927916185656731,9,0.20478,0.0668216294221823,26227483.3333333,669.83978,0.0579505454062028,3,1,3,1| 2| 3| 13| 21| 24| 31,NaN,0.0206626212496339|,NaN| 0.397376646064696| 0.338167774881569| 0.354393387381501| 0.298116433673277| 0.266304401043721| NaN| 0.226599674014628| NaN| 0.231466217255853| 0.222223421507219| 0.208450768625921,NaN,NaN,0.0148712554961331,0.0160578946513545,0.393502105348645,0.0818394479328471,0.156350177178911,0.253209822821089,0.0210016201114404,0.431392036774872,0.979772004077416

