proteinName,peptideSeq,charge,old_Rsquared,new_Rsquared,NDP,rateconstant,sigma,Abundance,MassToCharge,RMSE,selected_A1A0_count, selected_A2A0_count, selected_A2A1_count,improved_timePoints,new_k,I0_percentatediffI0_percentatediff,selected_io_t,i0,I0_asymptote,new_rmse,lowerci_old,upperci_old,sigma_old,lowerci_new,upperci_new,sigma_new,old_pearson,new_pearson
GPC5C_MOUSE,PSPEQSYQGDMYPTR,2,0.952438580614601,0.956872984687096,5,0.27607,0.0357193188023644,3732660.8,878.38574,0.0159813301656182,0,2,0,0| 7,NaN,0.0524656265209965|,0.34125978665463| NaN| 0.24009463069532| NaN| NaN| 0.110049135308673| NaN| 0.122917674553595| 0.0730776807235026| NaN| NaN| NaN,0.34125978665463,0.0688048341217927,0.013293102013241,0.104297796643398,0.447842203356602,0.0618676749774454,0.133191691461521,0.418948308538479,0.0514608800565637,0.988296937506913,0.986149995780798
GPC5C_MOUSE,GPSEGAYDVILPR,2,0.677562459061962,0.979287706296073,4,0.09742,0.0112144135156845,37674010,687.35663,0.01978336289185,0,2,1,3| 6| 31,NaN,,NaN| NaN| NaN| 0.362158522912475| 0.28879639605732| NaN| NaN| NaN| 0.207443679753733| NaN| NaN| 0.130565508774489,NaN,NaN,0.00721144360644445,0.0260414622885671,0.168798537711433,0.022428827031369,0.0714010515416203,0.12343894845838,0.00817576982132028,0.968625464987853,0.991751501447246

