proteinName,peptideSeq,charge,old_Rsquared,new_Rsquared,NDP,rateconstant,sigma,Abundance,MassToCharge,RMSE,selected_A1A0_count, selected_A2A0_count, selected_A2A1_count,improved_timePoints,new_k,I0_percentatediffI0_percentatediff,selected_io_t,i0,I0_asymptote,new_rmse,lowerci_old,upperci_old,sigma_old,lowerci_new,upperci_new,sigma_new,old_pearson,new_pearson
HP1B3_MOUSE,TGASVVAIR,2,0.628180364748513,0.747687202479446,12,0.07488,0.0119707103378856,21094732.5,437.26126,0.0561714581397535,4,2,1,1| 3| 9| 16| 21| 24| 31,0.111480240120604,-0.0155630198569873|-0.0600700065690225|,0.661567360584904| 0.565662636777406| 0.559155443654996| 0.513727492690604| 0.449780620295042| 0.429898868861172| 0.417256203963279| 0.398102343687614| 0.39032409153105| 0.366736969464675| 0.33672325477311| 0.33923807317133,0.661567360584904,0.283391031505857,0.0489184796414747,0.0521433918103117,0.0976166081896883,0.0103301960484226,0.0550791911608166,0.0946808088391834,0.00899633909858516,0.930773239897271,0.958929929797885
HP1B3_MOUSE,YPSLGLER,2,0.25233218709243,0.998216941011048,5,5.67247,15748.9904093189,18327364,467.75327,0.10807109915202,0,4,0,2| 3| 9| 13,NaN,,0.547954008093809| NaN| 0.248960326928614| 0.253522467368773| NaN| NaN| 0.254378697998426| 0.254378697998426| NaN| NaN| NaN| NaN,0.547954008093809,0.25790865330399,0.00321835697798632,3.33401141176196,8.01092858823804,0.842249171042994,5.60283071091864,5.74210928908136,0.0250821775488415,0.970597603177967,0.999854553963381
HP1B3_MOUSE,GASGSFVVVQK,2,-0.758655109500169,0.971489843420139,6,9.32585,17448739.5354461,15620710.6666667,539.79822,0.0871839140197923,1,3,1,0| 2| 3| 9| 16,NaN,,0.580392912974098| NaN| 0.19558314405543| 0.215800427250363| NaN| 0.213157949113578| 0.201224810605349| NaN| 0.201224810605349| NaN| NaN| NaN,0.580392912974098,0.237180644623935,0.0167069860917393,8.33410988494373,10.3175901150563,0.385803751370261,8.64235749244869,10.0093425075513,0.265890195872335,0.390961480221632,0.998724159855895
HP1B3_MOUSE,GASGTFQLK,2,-2.25024838956336,0.268814867284512,6,0.10731,0.0431763558965654,20068321.6666667,454.74545,0.0758738138115012,2,1,3,1| 3| 9| 16| 21| 31,NaN,-0.000165265350133694|,NaN| 0.533802767636674| NaN| 0.475043423022123| NaN| NaN| 0.39040661575361| NaN| 0.485769793479429| 0.307135930657799| NaN| 0.350177257685734,NaN,NaN,0.0485679186840983,0,0.287687460070621,0.07016989602557,0,0.233480159260882,0.0490823351953144,0.401797505699056,0.771514334728461

