proteinName,peptideSeq,charge,old_Rsquared,new_Rsquared,NDP,rateconstant,sigma,Abundance,MassToCharge,RMSE,selected_A1A0_count, selected_A2A0_count, selected_A2A1_count,improved_timePoints,new_k,I0_percentatediffI0_percentatediff,selected_io_t,i0,I0_asymptote,new_rmse,lowerci_old,upperci_old,sigma_old,lowerci_new,upperci_new,sigma_new,old_pearson,new_pearson
IGHG3_MOUSE,DALMISLTPK,2,0.160510359365733,0.988885977457728,4,0.08906,0.0170491042115014,22609195,544.80463,0.0259238315935987,1,0,2,1| 2| 9,NaN,,NaN| 0.492004067962857| 0.458433576206039| NaN| NaN| NaN| 0.358005213947882| NaN| 0.319845383383167| NaN| NaN| NaN,NaN,NaN,0.00428959827998388,0,0.223234335479269,0.0421607539044807,0.0711039801484649,0.107016019851535,0.00564220669594081,0.837623483077792,0.994839680447069
IGHG3_MOUSE,EVHTAWTQPR,2,0.399954737950329,0.809312882082484,6,0.03522,0.00904941874266904,5092104.83333333,612.80963,0.042908622474518,1,4,0,2| 3| 9| 16| 21,NaN,,NaN| 0.481947437312528| 0.42839841191089| 0.46317826043538| NaN| NaN| 0.425750625146297| NaN| 0.312699640769155| 0.344981081969262| NaN| NaN,NaN,NaN,0.0188177965677043,0,0.077993614673163,0.0166396626999766,0.0194154572059211,0.0510245427940789,0.00614823561745461,0.789122175336412,0.90681803848428

