protien,peptide,charge,rsquared,rateconstant,mo,io_e,io_a1a0,io_a2a0,io_a2a1
PGS1_MOUSE,VVQcSDLGLK,2,-0.709126134071965,0.06898,0.52491,0.551642216688016,0.53422488299352,0.566023243559071,0.603383536825329
PGS1_MOUSE,IQAIELEDLLR,2,0.837039201363639,0.18899,0.4666,0.483112891246768,0.484486764006445,0.473366667136209,0.458822698734385
PGS1_MOUSE,NMNcIEMGGNPLENSGFEPGAFDGLK,3,-0.0670390346648926,0.09689,0.18758,0.181738331046726,0.206844843936862,0.148207698336972,0.0867622633748162

