protien,peptide,charge,rsquared,rateconstant,mo,io_e,io_a1a0,io_a2a0,io_a2a1
THTR_MOUSE,ATLNLSLLK,2,0.928045281969332,0.07562,0.56312,0.614278317898102,0.60531128962729,0.614042854476479,0.626898461153805
THTR_MOUSE,VLDASWYSPGTR,2,0.934677819753994,0.10414,0.45038,0.449605757767589,0.459403097647908,0.430926877215018,0.394394796408988
THTR_MOUSE,VDLSQPLIATcR,2,0.884237089969017,0.09293,0.45309,0.425612817916301,0.407741004638663,0.38727385169698,0.357067564010203
THTR_MOUSE,GSVNMPFMDFLTK,2,0.977726037560815,0.10605,0.38122,0.396312409328206,0.387138707513478,0.395770962289211,0.414534134428713
THTR_MOUSE,KVDLSQPLIATcR,3,0.781464629014833,0.07838,0.41892,0.416395247401698,0.388499236571629,0.441654300302061,0.526669412827785
THTR_MOUSE,KVDLSQPLIATcR,2,0.910319989767255,0.073,0.41892,0.374994017880891,0.331503829231704,0.321052819193847,0.307870495860214
THTR_MOUSE,HVPGASFFDIEEcR,3,0.77668636140762,0.12191,0.37532,0.394173144677687,0.375508757223196,0.382365253637667,0.39317365615758
THTR_MOUSE,PDVAVYDGSWSEWFR,2,0.931654257155298,0.09553,0.33378,0.379522916251868,0.375781680450318,0.39546996709245,0.420618051664661
THTR_MOUSE,YLGTQPEPDIVGLDSGHIR,3,0.972201270523132,0.12832,0.30149,0.317762438912639,0.318854757397871,0.312537500014462,0.304763757284212
THTR_MOUSE,YLGTQPEPDIVGLDSGHIR,2,-0.426557335980504,0.20039,0.30149,0.2347364591291,0.180634014664334,0.226594678508056,0.283574597788209

