protien,peptide,charge,rsquared,rateconstant,mo,io_e,io_a1a0,io_a2a0,io_a2a1
RASK_MOUSE,LVVVGAGGVGK,2,-1.53330135353741,0.00999,0.56896,0.607062561910565,0.600820028768984,0.596894839220233,0.591561457811048
RASK_MOUSE,TGEGFLcVFAINNTK,2,0.418631476562917,0.17564,0.37201,0.330072753796585,0.343698274725306,0.31492543978159,0.276662092454928

