protien,peptide,charge,rsquared,rateconstant,mo,io_e,io_a1a0,io_a2a0,io_a2a1
PROF2_MOUSE,SQGGEPTYNVAVGR,2,0.955864156064247,0.14143,0.44689,0.442755071634589,0.420853750651353,0.436286497915179,0.455005671429192
PROF2_MOUSE,DSLYVDGDcTMDIR,2,0.901319573095136,0.15615,0.38059,0.441231204663123,0.381017944128187,0.418227417138797,0.469051239307157

