protien,peptide,charge,rsquared,rateconstant,mo,io_e,io_a1a0,io_a2a0,io_a2a1
HACL2_MOUSE,NAQVAQSPVLLLGGAASTLLQK,3,0.927627152060972,0.25122,0.28205,0.297321798808011,0.269413702128699,0.270604748750731,0.271853656957382

