protien,peptide,charge,rsquared,rateconstant,mo,io_e,io_a1a0,io_a2a0,io_a2a1
SARNP_MOUSE,FGLNVSSISR,2,-0.19619713649342,0.18786,0.53634,0.579475527683549,0.588315907225463,0.569166859340683,0.542759318451638
SARNP_MOUSE,FGIVTSSAGTGTTEDTEAK,2,0.403514853770683,0.19409,0.35327,0.288244134103756,0.264427378013746,0.236959529602089,0.206074021632502

