protien,peptide,charge,rsquared,rateconstant,mo,io_e,io_a1a0,io_a2a0,io_a2a1
GLOD5_MOUSE,AFDVPIEEGPVFR,2,0.955303991462005,0.28331,0.41024,0.411412088422197,0.393451390780474,0.428338833475665,0.471915682572612

