protien,peptide,charge,rsquared,rateconstant,mo,io_e,io_a1a0,io_a2a0,io_a2a1
SAFB1_MOUSE,AWQGTADGGMMER,2,-0.0413363671604656,0.00012,0.42143,0.437138350486451,0.38630043155794,0.443995702214,0.543362540248376
SAFB1_MOUSE,cQWSEADAPLAVVK,2,0.702609060665434,0.2552,0.39612,0.363352680573763,0.378053938423347,0.353358181335302,0.318907774808048

