protien,peptide,charge,rsquared,rateconstant,mo,io_e,io_a1a0,io_a2a0,io_a2a1
DHTK1_MOUSE,KPLIVASPK,2,0.635588722878244,0.03983,0.55954,0.603671205360358,0.6020865556328,0.567993432824875,0.523720981468916
DHTK1_MOUSE,ETFTTEER,2,0.921759153644092,0.12464,0.57041,0.573672811219606,0.592044615595759,0.521385423608263,0.418266668539284
DHTK1_MOUSE,SSLYSSDIGK,2,0.858086274985012,0.10558,0.55098,0.56675590774259,0.570887255056955,0.560759198048951,0.545713511303133
DHTK1_MOUSE,DVIVDLLcYR,2,-0.806195418479377,0.86391,0.47132,0.226976327633292,0.49128964392011,0.254979374321258,0.254979374321258
DHTK1_MOUSE,LLLESQEFDHFLATK,3,-1.55383624643843,0.05735,0.34175,0.330082341715232,0.318505482053033,0.335348373208633,0.354908113205583
DHTK1_MOUSE,LSAYGGITDIIIGMPHR,3,0.833332189055972,0.05597,0.32985,0.373727854380083,0.367843858811194,0.362924674623549,0.356682009107125
DHTK1_MOUSE,LNLLTGLLQLPPELMFR,2,0.757155812603453,0.09191,0.29088,0.317918946004221,0.289625950332074,0.303227708324263,0.321864074235734
DHTK1_MOUSE,YGGEGAESMMGFFHELLK,3,0.881451741729012,0.09295,0.28219,0.298460549131634,0.282640618786649,0.290955869156014,0.304085851867795
DHTK1_MOUSE,LEELcPFPLDALQQEMSK,3,-5.71625549995461,0.02173,0.27339,0.298378719815752,0.274726740868095,0.284259038234188,0.300185840497554
DHTK1_MOUSE,LNDHLANVAHYSPPATNLQAR,4,0.962672951300506,0.08018,0.26472,0.282773782828889,0.269390573105476,0.271013991636408,0.273572392224069
DHTK1_MOUSE,QWGHNELDEPFFTNPVMYK,3,0.889735376009071,0.10996,0.23313,0.244986407184745,0.242836926155132,0.255819331501315,0.272958276386922
DHTK1_MOUSE,DVIWSQEEPQNMGPWSFVSPR,3,0.972410582815946,0.08708,0.22115,0.235334559939471,0.231630090589242,0.238314046665962,0.246835228859977
DHTK1_MOUSE,NGSGLDWATAETLALGSLLAQGFNVR,3,0.837543156002308,0.09901,0.21394,0.246992531269789,0.272314197938522,0.251003024656194,0.227163259836613
DHTK1_MOUSE,AAQINPLFPGQALLDTVPEIQALVR,3,0.97234864272339,0.10022,0.20411,0.214816253031126,0.218499538142452,0.206326458885651,0.193373514423326
DHTK1_MOUSE,SIPDTYAEHLIASGLMTQEEVSDIK,3,0.482426892853468,0.03861,0.19961,0.213813123334194,0.201266618190389,0.222797154505103,0.251105643554105
DHTK1_MOUSE,WQGLVQPEAcVTTWDTGVPLELLR,3,0.872966266863159,0.09498,0.1927,0.226161877488135,0.223295080702951,0.20707500030346,0.188128197484168

