protien,peptide,charge,rsquared,rateconstant,mo,io_e,io_a1a0,io_a2a0,io_a2a1
PROF1_MOUSE,TLVLLMGK,2,0.737765120189402,0.0993,0.56828,0.617767683688503,0.598488920153198,0.603246253185414,0.603246253185414
PROF1_MOUSE,EGVHGGLINK,2,0.90638910531858,0.12882,0.55624,0.585749880549282,0.576444429687055,0.581347893775386,0.588287752716628
PROF1_MOUSE,cYEMASHLR,2,0.931256212556603,0.13057,0.49154,0.495780645212307,0.506256480131931,0.50246935435218,0.482766166284639
PROF1_MOUSE,DSPSVWAAVPGK,2,0.951130737801444,0.12246,0.48783,0.497846018760588,0.508483675970297,0.485493430691674,0.456077263092844
PROF1_MOUSE,SSFFVNGLTLGGQK,3,0.833076769825922,0.13112,0.42256,0.474250244190871,0.498801493730154,0.432819505171986,0.35052495574087
PROF1_MOUSE,SSFFVNGLTLGGQK,2,0.975377669347133,0.18543,0.42256,0.433650309267915,0.43513757240607,0.43542111225297,0.43542111225297
PROF1_MOUSE,TFVSITPAEVGVLVGK,2,0.983468684616407,0.17056,0.37915,0.39569871844156,0.395342961302926,0.389288294095701,0.381660680562175
PROF1_MOUSE,DSLLQDGEFTMDLR,2,0.992354808950575,0.2412,0.38113,0.374649973712162,0.366100557034383,0.36617166355422,0.365255725849264
PROF1_MOUSE,DSLLQDGEFTMDLR,3,0.981912757184853,0.23907,0.38113,0.38378179126943,0.406477548569476,0.362521090644,0.297940434692254
PROF1_MOUSE,STGGAPTFNVTVTMTAK,2,0.918933370843261,0.1116,0.36762,0.378678261354057,0.363439177046736,0.377902997811975,0.402055143536887

