protien,peptide,charge,rsquared,rateconstant,mo,io_e,io_a1a0,io_a2a0,io_a2a1
RS19_MOUSE,ALAAFLK,2,0.984535484926371,0.09128,0.63195,0.647872635287529,0.632325270251838,0.666418404135156,0.713442830761201
RS19_MOUSE,VLQALEGLK,2,0.953502483052935,0.13621,0.5633,0.602911249572781,0.598747288485815,0.594742488751487,0.589076880021147
RS19_MOUSE,LKVPEWVDTVK,3,-39.7434468408874,4.66629,0.45011,0.220725449435853,0.465400955423705,0.243504977882843,0.243504977882843
RS19_MOUSE,ELAPYDENWFYTR,2,0.986893033521518,0.13031,0.35666,0.372129840993373,0.370151605697639,0.367479737160954,0.364117587856147

