protien,peptide,charge,rsquared,rateconstant,mo,io_e,io_a1a0,io_a2a0,io_a2a1
AP4A_MOUSE,LSQEHQAYR,3,0.838544586356316,0.17127,0.5256,0.545014219583513,0.549107278652174,0.540248723215711,0.528234728199713
AP4A_MOUSE,WLGLEEAcQLAQFK,2,0.990606076093658,0.16897,0.36054,0.35274913857681,0.353351146019239,0.340542452042598,0.323562131709651
AP4A_MOUSE,EETGIEASQLTIIEGFR,2,-0.670483098548,0.00381,0.33869,0.583682265710071,0.579004263156574,0.494356250176466,0.494356250176466

