protien,peptide,charge,rsquared,rateconstant,mo,io_e,io_a1a0,io_a2a0,io_a2a1
CTNB1_MOUSE,LHYGLPVVVK,3,0.849560045445418,0.14125,0.4951,0.542755021217925,0.525240636632605,0.537519307601299,0.552376769101128
CTNB1_MOUSE,TSMGGTQQQFVEGVR,2,0.928135942211972,0.21681,0.38734,0.422968025635232,0.372249097438819,0.397937484743254,0.443199918901863
CTNB1_MOUSE,MEEIVEGcTGALHILAR,3,0.824922032750487,0.093,0.3227,0.349538656346586,0.328177452388538,0.353055324057342,0.406029009738806
CTNB1_MOUSE,HAVVNLINYQDDAELATR,3,0.90311632637429,0.12663,0.31072,0.343013154759586,0.384170561851187,0.313027985669106,0.232552370902075

