protien,peptide,charge,rsquared,rateconstant,mo,io_e,io_a1a0,io_a2a0,io_a2a1
NUDC_MOUSE,WTQTLAELDLAVPFR,3,0.840420028897261,0.25142,0.346,0.406213126523568,0.389192053590462,0.420204420677102,0.448176655471086
NUDC_MOUSE,WTQTLAELDLAVPFR,2,0.665963236038924,0.54628,0.346,0.384279403708827,0.345409869644241,0.39289696760215,0.448176655471086

