protien,peptide,charge,rsquared,rateconstant,mo,io_e,io_a1a0,io_a2a0,io_a2a1
PDIA4_MOUSE,FDVSGYPTIK,2,0.767387506673278,0.09955,0.50594,0.518681814081979,0.506754009619115,0.528870202400537,0.558705446303377
PDIA4_MOUSE,IDATSASMLASK,2,0.610848599469544,0.09587,0.49492,0.521755366625825,0.506431786756834,0.54144878905787,0.630028444884985
PDIA4_MOUSE,KGQAVDYDGSR,3,0.601969843967356,0.07143,0.51575,0.52314019279574,0.556846370638755,0.498244474445039,0.416001004995717
PDIA4_MOUSE,KGQAVDYDGSR,2,0.901843104350834,0.21702,0.51575,0.555993031303073,0.547937436493557,0.540007681277936,0.527745541524836
PDIA4_MOUSE,QLEPIYTSLGK,2,0.85041730806124,0.12093,0.47703,0.457121131653075,0.540826721911648,0.391611924136245,0.220328902859722
PDIA4_MOUSE,MDATANDITNDQYK,2,0.962606551634035,0.2539,0.39803,0.443501633036271,0.4216701693543,0.457303283491687,0.505411188725031
PDIA4_MOUSE,FAMEPEEFDSDTLR,2,0.97750102746906,0.3255,0.36517,0.344643879382701,0.302961152309261,0.341818532259398,0.403112378131094
PDIA4_MOUSE,FHVMDVQGSTEASAIK,3,0.973758018936169,0.2206,0.35827,0.360960538102308,0.353411657603738,0.337113466767742,0.31412678372819
PDIA4_MOUSE,YGIVDYMIEQSGPPSK,3,0.597166886779189,0.13789,0.33659,0.344844967260718,0.412096166642467,0.311203627100542,0.190126448419051

