protien,peptide,charge,rsquared,rateconstant,mo,io_e,io_a1a0,io_a2a0,io_a2a1
S10A1_MOUSE,ELDENGDGEVDFK,2,0.953069517975211,0.32525,0.44344,0.44462407613713,0.461723959344057,0.4165366654359,0.357308262781551
S10A1_MOUSE,DLLQTELSGFLDVQK,3,0.958408570213008,0.45044,0.3701,0.377420767650674,0.395526134762559,0.358722129276326,0.314947804558021
S10A1_MOUSE,DLLQTELSGFLDVQK,2,0.929960860140257,0.32353,0.3701,0.360081920803049,0.345861771875962,0.350198817735935,0.356144481579207

