protien,peptide,charge,rsquared,rateconstant,mo,io_e,io_a1a0,io_a2a0,io_a2a1
HMGCL_MOUSE,QAAQAASISVR,2,0.651563096115036,0.05023,0.54295,0.510643142338722,0.521602854315785,0.453189242615771,0.367649452136024
HMGCL_MOUSE,NANcSIEESFQR,2,0.961300542750145,0.1102,0.44621,0.42987407809584,0.418864876444641,0.418054196483749,0.415464196406573
HMGCL_MOUSE,WVPQMADHSDVLK,3,0.992518938410181,0.1092,0.39129,0.406417719766938,0.391943424155049,0.401311929814485,0.416328634664602
HMGCL_MOUSE,EVSVFGAVSELFTR,2,0.990599433213727,0.12081,0.40186,0.423328733292972,0.415325035677375,0.422445991767272,0.432036513778862
HMGCL_MOUSE,EVSVFGAVSELFTR,3,0.873939077725328,0.11009,0.40186,0.441098159720832,0.441323242402807,0.424559391839725,0.403874444205359
HMGCL_MOUSE,GYVScALGcPYEGK,2,-0.0374623664174956,0.06794,0.39813,0.411464262124895,0.390757526403222,0.40820519775985,0.455518489370599
HMGCL_MOUSE,KNANcSIEESFQR,2,0.748295029746922,0.06228,0.41257,0.40532721032687,0.381398229084277,0.410019328935911,0.462622790925384
HMGCL_MOUSE,LLEAGDFIcQALNR,2,0.977327055706008,0.11388,0.38851,0.369183935482209,0.351244734284038,0.357124189255731,0.366592830918866
HMGCL_MOUSE,LLEAGDFIcQALNR,3,0.879054645431267,0.11854,0.38851,0.419721109846119,0.413074463390016,0.402261936711523,0.385143598816437
HMGCL_MOUSE,LIDMLSEAGLPVIEATSFVSPK,3,0.990083481730408,0.16992,0.24435,0.248023520764937,0.247210415951562,0.249161127660745,0.252091976322695
HMGCL_MOUSE,LIDMLSEAGLPVIEATSFVSPK,2,0.984968130017185,0.13089,0.24435,0.235362971891904,0.262615258802371,0.253076369926745,0.240566382937438
HMGCL_MOUSE,GASGNLATEDLVYMLNGLGIHTGVNLQK,3,-0.455712655150928,0.00962,0.18333,0.197592813507836,0.173641149008041,0.197322695384743,0.228513160914732

