protien,peptide,charge,rsquared,rateconstant,mo,io_e,io_a1a0,io_a2a0,io_a2a1
PSMD2_MOUSE,DPNNLFMVR,2,0.976572409024568,0.3297,0.50546,0.504291566042832,0.527726485881652,0.462652428510483,0.354081629369434
PSMD2_MOUSE,WLPLGLGLNHLGK,3,0.77685546674131,0.12083,0.41634,0.433398743214151,0.437069688494433,0.418468769984432,0.39763439931786
PSMD2_MOUSE,SSTTSMTSVPKPLK,3,0.205183763201996,0.08967,0.41901,0.40943987256855,0.393851756324146,0.340885400131048,0.270321200123949
PSMD2_MOUSE,SGALLAcGIVNSGVR,2,0.621239239370129,0.06065,0.43191,0.481201356696532,0.470054281490804,0.414711232925826,0.330345947050579
PSMD2_MOUSE,AVPLALALISVSNPR,2,0.593950913045251,0.07933,0.40552,0.407011473332678,0.392265773120358,0.360368596390097,0.323113821113936
PSMD2_MOUSE,AVPLALALISVSNPR,3,0.952604319471916,0.15374,0.40552,0.40852940214849,0.378075193617164,0.388282441236063,0.400520832446917
PSMD2_MOUSE,LGSIFGLGLAYAGSNR,2,0.964219749158579,0.21965,0.38932,0.410992570299148,0.355266918213847,0.458965523474884,0.524768818412086
PSMD2_MOUSE,EDVLTLLLPVMGDSK,2,0.752565593552044,0.2789,0.37228,0.422797035155618,0.413289438899558,0.428875426369047,0.454266359421719
PSMD2_MOUSE,LVGSQEELASWGHEYVR,3,0.961127947975615,0.38028,0.31851,0.365057200300725,0.417984108473595,0.320940033889768,0.214897809827143
PSMD2_MOUSE,cFAADIISVLAMTMSGER,3,0.910002979565816,0.21151,0.29706,0.341533094250659,0.341188065161213,0.342979008295444,0.347933455761021
PSMD2_MOUSE,NEcDPALALLSDYVLHNSNTMR,3,0.816148376062751,0.16583,0.22783,0.247865106531881,0.270124097085427,0.244264437137778,0.208155686005097
PSMD2_MOUSE,FSHDADPEVSYNSIFAMGMVGSGTNNAR,3,-0.18248027470098,1E-05,0.17154,0.20172929371896,0.19115582072693,0.20745679152742,0.230644764460622

