protien,peptide,charge,rsquared,rateconstant,mo,io_e,io_a1a0,io_a2a0,io_a2a1
TXTP_MOUSE,FFVMTSLR,2,0.88462085871075,0.03678,0.52073,0.529216592163304,0.556236753276098,0.507751619989974,0.417295960440512
TXTP_MOUSE,GLSSLLYGSIPK,2,0.974925569934879,0.07858,0.47801,0.484304500490496,0.468822261708647,0.480598250863821,0.496407863272709
TXTP_MOUSE,GTYQGLTATVLK,2,0.960578434430542,0.12687,0.48053,0.492800089924735,0.490477393130706,0.48197383515398,0.471243023341428
TXTP_MOUSE,FIHDQTSSNPK,2,0.924211778660571,0.08201,0.48196,0.521817012278102,0.522934510446466,0.494648931819597,0.454759086952691
TXTP_MOUSE,FGMFEFLSNHMR,3,0.89334255629262,0.06778,0.3708,0.431892869893917,0.409232596103202,0.430577065231657,0.452460422460442

