protien,peptide,charge,rsquared,rateconstant,mo,io_e,io_a1a0,io_a2a0,io_a2a1
SCLY_MOUSE,VLVHTDAAQALGK,3,0.77157756481961,0.39161,0.46443,0.515731245861087,0.527578902256955,0.506827982195021,0.477373886078905
SCLY_MOUSE,EAWGNPSSSYVSGR,2,0.912225323908363,0.27568,0.42653,0.418054458171873,0.401352162978052,0.427854434860116,0.463720924181767
SCLY_MOUSE,VDVEDLGVDFLTIVGHK,3,-47.7970134745557,0.12513,0.33477,0.329392409585717,0.322026102987133,0.300474195631878,0.275601624759868

