protien,peptide,charge,rsquared,rateconstant,mo,io_e,io_a1a0,io_a2a0,io_a2a1
DDX5_MOUSE,SDLISVLR,2,0.684707398787273,0.10701,0.59631,0.654720841987565,0.65346787352285,0.622408541785968,0.572717041202204
DDX5_MOUSE,TAQEVDTYR,2,0.956525382451745,0.33018,0.54712,0.543313450106106,0.541836875607853,0.541240232102046,0.540266091769148
DDX5_MOUSE,QVSDLISVLR,2,0.948656656513091,0.68932,0.52246,0.539145010880948,0.520907636764031,0.547898090653477,0.585277550578956

