protien,peptide,charge,rsquared,rateconstant,mo,io_e,io_a1a0,io_a2a0,io_a2a1
CAPZB_MOUSE,STLNEIYFGK,2,0.852738621495782,0.13659,0.49708,0.506465073262698,0.511630100037818,0.499671433224999,0.483047507505052
CAPZB_MOUSE,SGSGTMNLGGSLTR,2,0.764277799274086,0.18693,0.46736,0.387713038679401,0.512119939008738,0.259579747763999,0.136782300525445
CAPZB_MOUSE,YDPPLEDGAMPSAR,2,0.67331902272024,0.10077,0.40349,0.397985431842162,0.382824811926557,0.428164532779411,0.52658683726021
CAPZB_MOUSE,LEVEANNAFDQYR,2,-0.0517641754967819,0.05324,0.40647,0.431559810964142,0.417587820415301,0.444695319225043,0.480615462928168

