protien,peptide,charge,rsquared,rateconstant,mo,io_e,io_a1a0,io_a2a0,io_a2a1
PECR_MOUSE,EGVYNLTK,2,0.930311901018455,0.08069,0.58437,0.617322358533713,0.6290385518406,0.592012602982371,0.535467401949611
PECR_MOUSE,LTAAVDELR,2,0.969681536646749,0.12651,0.5716,0.580966498746633,0.591098720922652,0.555524995077135,0.504014044404672
PECR_MOUSE,EVYNSWMR,2,0.887863121549864,0.05536,0.50788,0.543198085571329,0.533883435638911,0.546135904327109,0.58299872604792
PECR_MOUSE,KEEEVSNLVK,2,0.98203615047698,0.11666,0.51496,0.522843146947497,0.52076972059561,0.521853368482105,0.52383890221536
PECR_MOUSE,TGQSYLAAGLLK,2,0.980525115205221,0.22202,0.48722,0.509193893777118,0.513338040838895,0.504915458903647,0.494433623233186
PECR_MOUSE,SMALAWASSGVR,2,0.994778941991831,0.13836,0.4716,0.470203622008991,0.47695481359823,0.44316845116713,0.385891749163214
PECR_MOUSE,NQVAVVTGGGTGIGK,2,0.990448393447144,0.1006,0.46562,0.475720353666082,0.467732589112934,0.475355888682721,0.486401873455188
PECR_MOUSE,NQVAVVTGGGTGIGK,3,0.335796948173707,0.02698,0.46562,0.501235831875114,0.498815945106946,0.506906216800625,0.517465915339015
PECR_MOUSE,ELLHLGcNVVIASR,3,0.96651779703358,0.08511,0.3975,0.41307267478737,0.418377154978552,0.406908381008229,0.389312890928051
PECR_MOUSE,ELLHLGcNVVIASR,2,0.505910947294107,0.06524,0.3975,0.422173260745911,0.396514367111076,0.416530688697131,0.451377296594956
PECR_MOUSE,ASLPPSSSAEVSAIQcNIR,3,-0.834102156772218,0.46767,0.32623,0.0986753142432135,0.000493839690892168,0.316964418124803,0.525995449494538
PECR_MOUSE,ASLPPSSSAEVSAIQcNIR,2,0.973599820036848,0.09318,0.32623,0.318785633395609,0.29767869522566,0.321564533547382,0.355646912947092
PECR_MOUSE,SIPDHDNWPVGAGDLSIVK,3,0.988966517936156,0.1056,0.30694,0.314118548755491,0.310017599346886,0.315149094671633,0.321445227968353
PECR_MOUSE,SIPDHDNWPVGAGDLSIVK,2,0.704768499237788,0.03838,0.30694,0.348183032347392,0.340861851791194,0.31723440063926,0.290178368116654
PECR_MOUSE,EHGGSIVNIIVLLNNGFPTAAH,3,0.976103976386353,0.08177,0.26218,0.259335140740713,0.243645598595483,0.252903873143125,0.264285970041503
PECR_MOUSE,INFLVNNGGGQFMAPVEDITAK,2,0.954863240200985,0.09794,0.24444,0.259620299332746,0.26094049885106,0.256812303781985,0.25198320991144
PECR_MOUSE,INFLVNNGGGQFMAPVEDITAK,3,0.604386494885932,0.10678,0.24444,0.244980760129647,0.252320495521378,0.243512700202262,0.232648803974752

