protien,peptide,charge,rsquared,rateconstant,mo,io_e,io_a1a0,io_a2a0,io_a2a1
PRRC1_MOUSE,GQDDAPAGGIWGFIK,2,0.948189620812402,0.17022,0.40177,0.421165549054398,0.432746084980974,0.419621854278545,0.404107167515082

