protien,peptide,charge,rsquared,rateconstant,mo,io_e,io_a1a0,io_a2a0,io_a2a1
MPRD_MOUSE,SFESTVGQGSDTYSYIFR,2,0.939363170344461,0.42075,0.304,0.294436770832204,0.311184017098254,0.3058907606984,0.298395330640178

