protien,peptide,charge,rsquared,rateconstant,mo,io_e,io_a1a0,io_a2a0,io_a2a1
CAPG_MOUSE,VSDATGQMNLTK,2,0.852143009578701,0.14492,0.47919,0.44704154454077,0.462410911112128,0.424962006781134,0.363048610518882
CAPG_MOUSE,QAALQVADGFISR,2,0.898595141684574,0.06026,0.45153,0.42556073643319,0.45390327621538,0.414101648300556,0.365296246252282
CAPG_MOUSE,YSPNTQVEILPQGR,2,0.997948702113836,0.10769,0.39633,0.396254594249518,0.400901987406541,0.395182072124453,0.38949041772972
CAPG_MOUSE,EVQGNESDLFMSYFPR,2,0.894901830913142,0.08433,0.31337,0.317138237057532,0.271607341573291,0.321493829568785,0.400566137331152

