protien,peptide,charge,rsquared,rateconstant,mo,io_e,io_a1a0,io_a2a0,io_a2a1
CAH14_MOUSE,AQISMGQLEK,2,0.892820548663854,0.58374,0.51588,0.519808058525219,0.530088960885647,0.505304709509239,0.452314883236596

