protien,peptide,charge,rsquared,rateconstant,mo,io_e,io_a1a0,io_a2a0,io_a2a1
PDLI1_MOUSE,GcADNMTLTVSR,2,0.452908790054258,0.10099,0.46532,0.448046105340287,0.4545895170569,0.432933516012184,0.379041503981478

