protien,peptide,charge,rsquared,rateconstant,mo,io_e,io_a1a0,io_a2a0,io_a2a1
EF1G_MOUSE,ILGLLDTHLK,3,0.953604241090531,0.16197,0.50933,0.521696986616234,0.520141100072835,0.513419979309095,0.504258772595376
EF1G_MOUSE,STFVLDEFKR,3,0.889336535717004,0.11603,0.47678,0.516336155949576,0.504681147891007,0.530839077572937,0.548058148420834
EF1G_MOUSE,ALIAAQYSGAQVR,2,0.96189763256897,0.12854,0.45768,0.486859426224099,0.492370238211233,0.46870127651221,0.43936890370361
EF1G_MOUSE,DGWSLWYAEYR,2,0.911070792976042,0.10919,0.41212,0.432071228333105,0.432128765520931,0.424027218632598,0.414475805206452
EF1G_MOUSE,KLDPGSEETQTLVR,3,0.831097027279719,0.12314,0.41387,0.473969904784605,0.534731756010681,0.426341305852029,0.286721573219835
EF1G_MOUSE,KLDPGSEETQTLVR,2,0.890048969252321,0.12698,0.41387,0.451308803868872,0.42603070541234,0.418363820114138,0.407216313888721
EF1G_MOUSE,WFLTcINQPQFR,2,0.806339281757432,0.42146,0.37133,0.331460335049191,0.371758241390315,0.302676224842557,0.221597342443515
EF1G_MOUSE,VLSAPPHFHFGQTNR,4,-2.64043812120625,3E-05,0.35971,0.391212178154732,0.475773257289786,0.289594859325969,0.117144526770438
EF1G_MOUSE,YSNEDTLSVALPYFWEHFDK,3,0.98143234838586,0.13455,0.22525,0.24387731347672,0.240709333734046,0.237834051536906,0.234813211000602
EF1G_MOUSE,GQELAFPLSPDWQVDYESYTWR,3,0.945510375475801,0.12998,0.19913,0.194894625835861,0.193625397098825,0.199968193605588,0.207668576628052

