protien,peptide,charge,rsquared,rateconstant,mo,io_e,io_a1a0,io_a2a0,io_a2a1
CO4A4_MOUSE,LWTGYSLLYMEGQEK,2,-0.0159474596053479,0.00022,0.32261,0.333716465284801,0.330835770926221,0.315996651032751,0.29624091762112
CO4A4_MOUSE,LWTGYSLLYMEGQEK,3,-1.85134593139921,4E-05,0.32261,0.309909528109001,0.29801360902412,0.292164045801142,0.283514139258958
CO4A4_MOUSE,AHNQDLGLAGScLPVFSTLPF,2,0.14740300405559,0.00256,0.26258,0.307543017042931,0.369169936370468,0.241495454701273,0.114952044855843
CO4A4_MOUSE,LLVLHSQTDQEPAcPVGMPR,3,-0.736967623071868,4E-05,0.2619,0.290672365535445,0.297722236469784,0.290861740093365,0.280092386189648
CO4A4_MOUSE,WLTTVNPDLQFASGPSPDTLK,3,-4.62578710451695,0.03755,0.25845,0.2240970379821,0.0716602997419879,0.327231216194372,0.355370955850707
CO4A4_MOUSE,WLTTVNPDLQFASGPSPDTLK,2,-0.415544246439933,0.00193,0.25845,0.326811792849511,0.359853652306741,0.271150428363066,0.17906510844627
CO4A4_MOUSE,SYWLSSAAPLPmmPLSEEEIR,2,-0.869291732495997,0.00018,0.2235,0.2312047855875,0.239659703332413,0.244359516642879,0.251334077457684
CO4A4_MOUSE,SYWLSSAAPLPmmPLSEEEIR,3,-0.298646313636991,0.00913,0.2235,0.205005076019183,0.213672537565267,0.201518535635326,0.185995854087251
CO4A4_MOUSE,cAVcEAPAQAVAVHSQDQSIPPcPR,3,-2.1695132118177,3E-05,0.20789,0.253594094331906,0.225763999981696,0.190535560191102,0.144629028678045

