protien,peptide,charge,rsquared,rateconstant,mo,io_e,io_a1a0,io_a2a0,io_a2a1
AFG32_MOUSE,VGQISFDLPR,2,0.968779553433303,0.2361,0.51265,0.529178955028623,0.536270563533497,0.513625064121646,0.483278293117504

