protien,peptide,charge,rsquared,rateconstant,mo,io_e,io_a1a0,io_a2a0,io_a2a1
COIA1_MOUSE,AVGLSGTFR,2,0.739981967789509,0.07212,0.5894,0.617003363205726,0.616596213052895,0.594727770586046,0.563422845810407
COIA1_MOUSE,LQDLYSIVR,2,0.728123849030207,0.07888,0.52022,0.542709228840505,0.53291890624609,0.55398058466717,0.583665034306865
COIA1_MOUSE,SVWHGSDPSGR,3,0.182332481898918,0.16054,0.511,0.472956249941412,0.503096468090837,0.438799519328881,0.35925415831601
COIA1_MOUSE,SVWHGSDPSGR,2,0.848686009843833,0.36735,0.511,0.473395089263229,0.447371241410124,0.495935300129593,0.561432431127547
COIA1_MOUSE,GADFQcFQQAR,2,0.780256846801859,0.10958,0.46407,0.45930709925262,0.45316650716253,0.458715996572743,0.470847393674213
COIA1_MOUSE,IWATYQTMLDK,2,0.779160913521462,0.04456,0.42233,0.449165289040232,0.42361801657995,0.427085515861332,0.432494881992057
COIA1_MOUSE,LMESYcETWR,2,0.707079617700653,0.10211,0.42996,0.463566739308374,0.45041710956042,0.460156704052122,0.499869079767659
COIA1_MOUSE,TETTGATGQASSLLSGR,2,0.539873047138225,0.03172,0.41249,0.437794108949315,0.404696962846098,0.437759948585625,0.486069733617278
COIA1_MOUSE,DEVLSPSWDSLFSGSQGQLQPGAR,3,0.499014510107637,0.24896,0.23033,0.246076413626842,0.268408857848282,0.243105251684204,0.213545153365836

