protien,peptide,charge,rsquared,rateconstant,mo,io_e,io_a1a0,io_a2a0,io_a2a1
XYLB_MOUSE,FTGNQIAK,2,0.946620866527397,0.16655,0.59847,0.633868286890422,0.636279940212179,0.626284049441461,0.611040358924947
XYLB_MOUSE,ILATGGASHNK,3,0.283780769517837,0.06062,0.5465,0.581922727772159,0.576784670903834,0.596788802142582,0.626164878226973
XYLB_MOUSE,ALIEGQFMAK,2,0.887303842783091,0.16255,0.4975,0.49835113445329,0.48533902394248,0.516650925846026,0.608054872646919
XYLB_MOUSE,ILSTAQRPLE,2,0.99600245335798,0.19437,0.52263,0.520715605960702,0.50821860044214,0.524934767244785,0.54731937345184
XYLB_MOUSE,NPEAYSHSER,2,0.898310420925452,0.15182,0.51624,0.535278184747697,0.534470856722083,0.53387239895942,0.532381127705533
XYLB_MOUSE,IRDESAScSWNK,3,-0.229195466848845,0.00463,0.44218,0.441267489238179,0.440470924328002,0.437603538770809,0.431946982279403
XYLB_MOUSE,VVAFSGDNPASLAGMR,2,0.988003252606169,0.15938,0.38623,0.394807943043621,0.384760644700177,0.392851408526647,0.406426364412038
XYLB_MOUSE,ccLGWDFSTQQVK,2,0.865012339879084,0.10836,0.382,0.407795758131848,0.389187684648696,0.403169160985268,0.440073097864446
XYLB_MOUSE,AFHGLAGGTGVAFSEVVK,3,0.95493785167776,0.2267,0.35266,0.33797050873858,0.359086530342132,0.331204163839454,0.29987977518499
XYLB_MOUSE,FNAENMEVSAFPGDVEIR,2,0.995990219147656,0.1917,0.299,0.299676436270223,0.2850213352536,0.294252393195359,0.307488637796862
XYLB_MOUSE,VWSQAcLDVcAPHLEEK,3,0.907298134634502,0.17086,0.30128,0.30547881072893,0.323451625509574,0.307857480424988,0.284400924690572
XYLB_MOUSE,LGSPVPScSVVGTISSYYVQR,3,0.975691689572276,0.16133,0.26705,0.269460243478856,0.272511941778498,0.266090151284463,0.257601104441681
XYLB_MOUSE,LGSPVPScSVVGTISSYYVQR,2,0.952589413782374,0.12837,0.26705,0.276738725331881,0.261409460559286,0.276835514872341,0.298533039862557
XYLB_MOUSE,SAPQPSLAATPNPGASQVYAALLPR,2,0.766081712857497,0.14171,0.23534,0.284087391968355,0.27558090439252,0.253812984657337,0.230932508454919
XYLB_MOUSE,SAPQPSLAATPNPGASQVYAALLPR,3,0.990509941419389,0.15839,0.23534,0.246256357247995,0.241430150270937,0.239830251016301,0.236827479928787
XYLB_MOUSE,SSGFDFSQVLALSGAGQQHGSVYWK,3,0.985547219708778,0.18619,0.20854,0.213539471639366,0.198283797657921,0.219009259666708,0.243886967305802
XYLB_MOUSE,STAMGNNGNLGFYFDVMEITPEIIGR,3,0.906051886267828,0.14818,0.17737,0.18818005536846,0.171818917889502,0.176591126532393,0.182114232101053

