protien,peptide,charge,rsquared,rateconstant,mo,io_e,io_a1a0,io_a2a0,io_a2a1
RT23_MOUSE,AFDLFNPNFK,2,0.870013483616145,0.18118,0.47074,0.49555643014175,0.485324797075623,0.508317817053973,0.536631458146292

