protien,peptide,charge,rsquared,rateconstant,mo,io_e,io_a1a0,io_a2a0,io_a2a1
RL26_MOUSE,HFNAPSHIR,3,0.642127102848448,0.03496,0.52893,0.563409425760148,0.55739273892678,0.572788903972521,0.592273537378821
RL26_MOUSE,FNPFVTSDR,2,0.777651238541005,0.37905,0.52703,0.445622952138772,0.423418018968324,0.462470445326163,0.510818888307804
RL26_MOUSE,KDDEVQVVR,2,0.997977807305866,0.15759,0.54582,0.56092864038837,0.549223403456951,0.561813086240451,0.5802092726112
RL26_MOUSE,ANGTTVHVGIHPSK,2,0.507106161015298,0.05839,0.44313,0.485943193509627,0.456914936196355,0.471628639663328,0.490030545505211

