protien,peptide,charge,rsquared,rateconstant,mo,io_e,io_a1a0,io_a2a0,io_a2a1
VTNC_MOUSE,FEDGVLDPGYPR,2,-0.183460548470326,0.1226,0.44604,0.445318671191025,0.437933671261727,0.473303965662957,0.520034916915106
VTNC_MOUSE,IYVTGSLSHSAQAK,3,-6.42939884592666,7.62439,0.42941,0.221928652800033,0.156978684429068,0.228997146898523,0.318614275052633
VTNC_MOUSE,LIQDVWGIEGPIDAAFTR,2,0.278486879193843,0.02985,0.30258,0.332633803697659,0.332615105292013,0.309866352576177,0.282666286251966
VTNC_MOUSE,LIQDVWGIEGPIDAAFTR,3,-1.22470481902634,0.05335,0.30258,0.278834482765382,0.278050126574562,0.279791148976671,0.280746359808907
VTNC_MOUSE,GQYcYELDETAVRPGYPK,3,0.277327209059637,0.0726,0.28267,0.312442559522562,0.311159239300447,0.301037036783094,0.287659788081331

