protien,peptide,charge,rsquared,rateconstant,mo,io_e,io_a1a0,io_a2a0,io_a2a1
CSN2_MOUSE,WTNQLNSLNQAVVSK,2,0.658961367084997,0.0918,0.37493,0.428561570186692,0.419651926432108,0.384418091568333,0.341741065502435

