protien,peptide,charge,rsquared,rateconstant,mo,io_e,io_a1a0,io_a2a0,io_a2a1
PCYOX_MOUSE,LFLSYDYAVR,2,0.845270769523231,0.31509,0.46398,0.497974920543674,0.498662732137031,0.499624595102667,0.500320939868811
PCYOX_MOUSE,LMHAIGGDDYVR,3,0.905647118091102,0.18335,0.44197,0.502222614132416,0.483156638214174,0.513846030160198,0.544697906504596
PCYOX_MOUSE,YQSHDYAFSSVEK,3,0.996974645518653,0.26498,0.4007,0.43015190719102,0.411735328936943,0.427580255205213,0.447998853995078
PCYOX_MOUSE,IAIVGAGIGGTSSAYYLR,2,0.543852987877371,0.11349,0.3515,0.337919455573671,0.327380753328255,0.316280517757166,0.302552923930555
PCYOX_MOUSE,AGFSETFLNEMIAPVMK,2,0.971045870562356,0.30394,0.30181,0.333361743124898,0.341874480298693,0.32920652387721,0.308213770564756

