protien,peptide,charge,rsquared,rateconstant,mo,io_e,io_a1a0,io_a2a0,io_a2a1
VPS29_MOUSE,VVTVGQFK,2,0.969375505670016,0.24259,0.58838,0.614457214943495,0.599816138318897,0.613799055054559,0.633112327923466
VPS29_MOUSE,TLAGDVHIVR,3,0.892096584494736,0.17445,0.5354,0.568410759582283,0.55338803336929,0.583770094281586,0.626662358218493
VPS29_MOUSE,GDFDENLNYPEQK,2,0.879802055948155,0.22416,0.40778,0.42338346981121,0.414767627200892,0.414977546983682,0.414977546983682

