protien,peptide,charge,rsquared,rateconstant,mo,io_e,io_a1a0,io_a2a0,io_a2a1
PDC6I_MOUSE,TPSNDLYKPLR,3,0.705031620666474,0.06144,0.46651,0.523006956759319,0.513593492318239,0.480179221835097,0.43726801061052
PDC6I_MOUSE,FYNELTEILVR,2,0.687743898852256,0.21136,0.4316,0.457945106716532,0.422225281181189,0.460071311693812,0.506097431205755
PDC6I_MOUSE,YYDQIcSIEPK,2,0.556271063873212,0.05817,0.43171,0.504755538807426,0.439676397814079,0.521567997843436,0.521567997843436
PDC6I_MOUSE,ATLVKPTPVNVPVSQK,3,0.75280471051308,0.16102,0.37044,0.426700049298923,0.412952988314442,0.419551996765306,0.427640763202584
PDC6I_MOUSE,STSVVEQGGIQTVDQLIK,2,0.916256269298769,0.33131,0.34085,0.382356944400025,0.331286420268399,0.355321123061289,0.384841249646485

