protien,peptide,charge,rsquared,rateconstant,mo,io_e,io_a1a0,io_a2a0,io_a2a1
RAB10_MOUSE,AFLTLAEDILR,2,0.969771137676283,0.37049,0.47091,0.463722491558359,0.429731097310347,0.489134178958117,0.564461385319455
RAB10_MOUSE,NIDEHANEDVER,2,0.888797494762118,0.18645,0.45921,0.466733751078277,0.48526423062647,0.434262258609761,0.367037934029304
RAB10_MOUSE,EPNSENVDISSGGGVTGWK,2,0.610426806587396,0.11221,0.33879,0.431891457552485,0.442599903852758,0.347191218093881,0.234960432040872

