protien,peptide,charge,rsquared,rateconstant,mo,io_e,io_a1a0,io_a2a0,io_a2a1
COPD_MOUSE,ISDDKFGR,2,-6.99307440486106,0.09233,0.58678,0.356615843077043,0.622369008001304,0.301599245021985,0.301599245021985
COPD_MOUSE,ENVNLAQIR,2,0.86872608860965,0.21998,0.55262,0.587043724035754,0.566496254816984,0.617509184791789,0.681066491147747
COPD_MOUSE,NYcNIQVTK,2,0.634437156308653,0.165,0.5176,0.507766826047706,0.509885885307446,0.501074034624356,0.482114657528402
COPD_MOUSE,VTQVDGNSPVR,2,0.947063213739688,0.23022,0.52245,0.501880031631902,0.492197672430776,0.490005524525605,0.486087241985226
COPD_MOUSE,SFPVNSDVGVLK,2,0.255879667664291,0.35078,0.47535,0.558913448493406,0.577054773751071,0.510760618732685,0.419365358270882
COPD_MOUSE,SEGETIMSSNMGK,2,0.543277198738725,0.0779,0.44212,0.503000109542362,0.470191768793152,0.468260259107634,0.461301509613073
COPD_MOUSE,NSNILEDLETLR,2,0.894865002013478,0.41507,0.45371,0.405763271299272,0.322809282665065,0.478283270597869,0.56475919401685
COPD_MOUSE,NTLEWcLPVIDAK,2,0.926661301945783,0.69019,0.39392,0.420685578203923,0.435388356052255,0.413061274812407,0.378493788222203
COPD_MOUSE,DGGLQNMELHGMIMLR,3,0.885384959443542,0.31384,0.31781,0.336704864938231,0.321872112333769,0.321646523350598,0.321646523350598

