proteinName,peptideSeq,charge,old_Rsquared,new_Rsquared,NDP,rateconstant,sigma,Abundance,MassToCharge,RMSE,selected_A1A0_count, selected_A2A0_count, selected_A2A1_count,improved_timePoints,new_k,I0_percentatediffI0_percentatediff,selected_io_t,i0,I0_asymptote,new_rmse,lowerci_old,upperci_old,sigma_old,lowerci_new,upperci_new,sigma_new,old_pearson,new_pearson
KLD7A_MOUSE,LDLGNcYEMLTLAK,2,0.877521198996085,0.971164339558997,5,0.4457,0.107011820653412,2114942.8,820.90472,0.0224321510945799,2,0,1,0| 9| 16,NaN,,0.401768069979678| NaN| 0.226503379555343| NaN| 0.155927742095802| NaN| 0.132254629301364| NaN| 0.140751042765427| NaN| NaN| NaN,0.401768069979678,0.156630983879475,0.0110486318139118,0,0.911838876514143,0.167890543073831,0.192234385103731,0.699165614896268,0.0912914195308188,0.967665947179026,0.996568021928969

