proteinName,peptideSeq,charge,old_Rsquared,new_Rsquared,NDP,rateconstant,sigma,Abundance,MassToCharge,RMSE,selected_A1A0_count, selected_A2A0_count, selected_A2A1_count,improved_timePoints,new_k,I0_percentatediffI0_percentatediff,selected_io_t,i0,I0_asymptote,new_rmse,lowerci_old,upperci_old,sigma_old,lowerci_new,upperci_new,sigma_new,old_pearson,new_pearson
KV5AB_MOUSE,DIQMTQTTSSLSASLGDR,2,0.76466571085105,0.874056475958901,4,0.06861,0.0111297205701052,17088990,955.95984,0.0210143877291097,1,1,0,0| 2,NaN,,0.34016| NaN| 0.298189667300454| NaN| 0.286195127682088| NaN| NaN| 0.186058465283697| NaN| NaN| NaN| NaN,0.34016,0.0654277812411538,0.0115866115558047,0,0.164391455813601,0.0300968018417653,0.0295515461340452,0.107668453865955,0.0122730912394678,0.925668356920244,0.959842589352041
KV5AB_MOUSE,ASQDISNYLNWYQQKPDGTVK,3,0.747298552913608,0.833437744571255,7,0.08414,0.0137914757774674,39161696.4285714,819.06781,0.020899797755018,2,2,2,0| 1| 2| 3| 6| 9,NaN,-0.0383456177886274|,0.22871807041333| 0.21897156544933| 0.209716546269369| 0.157831006548057| 0.163778209345716| NaN| 0.123476971324814| 0.124943723969021| NaN| NaN| NaN| NaN,0.22871807041333,0.0400377491502137,0.0126914268952477,0.0364152059226152,0.131864794077385,0.0195040920896344,0.0551590623744934,0.113120937625507,0.0118438829798887,0.865642326433172,0.93853589265075
KV5AB_MOUSE,DIQMTQTTSSLSASLGDR,3,-1.53960427395991,0.870088621723163,4,0.05156,0.0140632360686124,10165672.75,637.64233,0.0418719376299423,1,1,1,2| 13| 21,NaN,-0.062484923251791|,NaN| NaN| 0.320582659417543| NaN| 0.274055347667417| NaN| NaN| 0.214393704628775| NaN| 0.100612383692413| NaN| NaN,NaN,NaN,0.0171296940156625,0,0.151783025879585,0.0314924483477277,0.0149413023538318,0.0881786976461682,0.0115064620536259,0.230328812971199,0.974016567178747

