proteinName,peptideSeq,charge,old_Rsquared,new_Rsquared,NDP,rateconstant,sigma,Abundance,MassToCharge,RMSE,selected_A1A0_count, selected_A2A0_count, selected_A2A1_count,improved_timePoints,new_k,I0_percentatediffI0_percentatediff,selected_io_t,i0,I0_asymptote,new_rmse,lowerci_old,upperci_old,sigma_old,lowerci_new,upperci_new,sigma_new,old_pearson,new_pearson
LNEBL_MOUSE,DGDYIVNVQPIDDGWMYGTVQR,3,-0.419492031422146,0.120408741935058,8,0.00697,0.0140983771318576,1762524.75,847.7287,0.0727804542071804,2,4,0,0| 2| 3| 6| 7| 13,NaN,,0.21577910551115| NaN| 0.291876810946294| 0.270694033909254| 0.251992908682854| 0.214165415508046| NaN| 0.202482978670553| 0.178617311682969| NaN| 0.177175629214828| NaN,0.21577910551115,0.0415038455779497,0.0301919479571143,0,0.0526551705122042,0.0193202664198567,0,0.0269943180055991,0.00846828750788527,0.857769875532243,0.76701821229105

