proteinName,peptideSeq,charge,old_Rsquared,new_Rsquared,NDP,rateconstant,sigma,Abundance,MassToCharge,RMSE,selected_A1A0_count, selected_A2A0_count, selected_A2A1_count,improved_timePoints,new_k,I0_percentatediffI0_percentatediff,selected_io_t,i0,I0_asymptote,new_rmse,lowerci_old,upperci_old,sigma_old,lowerci_new,upperci_new,sigma_new,old_pearson,new_pearson
MAT2B_MOUSE,AVLENNLGAAVLR,2,0.971517806106392,0.995243876964684,8,0.24938,0.0213506866504674,7535952.625,670.38824,0.0162389269550203,1,2,3,1| 6| 7| 9| 16| 21,NaN,,0.468296440317319| 0.384964057274414| NaN| NaN| 0.198809092986906| 0.188737203699429| 0.156299544955006| NaN| 0.11029909316105| 0.124800888330608| NaN| 0.129762740712729,0.468296440317319,0.125251811766171,0.00699880403012571,0.185443166499149,0.313316833500851,0.0270388978180232,0.22182390782601,0.27693609217399,0.0116534760913149,0.988155124236081,0.998149995921697
MAT2B_MOUSE,ESLWPFLIDKR,3,0.670790758442651,0.915351580708762,4,0.14866,0.0427067666304998,2517391.5,468.59424,0.0299298263610004,1,1,0,0| 2,NaN,,0.427546676460142| 0.362492389421365| 0.347159057598077| NaN| NaN| 0.271731687900398| NaN| NaN| NaN| NaN| NaN| NaN,0.427546676460142,0.191977553739841,0.00930854562818132,0,0.456267654696732,0.0966576102835043,0.0641193841915375,0.233200615808462,0.0265646636914743,0.853930540008781,0.973103714167929

