proteinName,peptideSeq,charge,old_Rsquared,new_Rsquared,NDP,rateconstant,sigma,Abundance,MassToCharge,RMSE,selected_A1A0_count, selected_A2A0_count, selected_A2A1_count,improved_timePoints,new_k,I0_percentatediffI0_percentatediff,selected_io_t,i0,I0_asymptote,new_rmse,lowerci_old,upperci_old,sigma_old,lowerci_new,upperci_new,sigma_new,old_pearson,new_pearson
MP2K2_MOUSE,ISELGAGNGGVVTK,2,-0.944489676823651,-1.13834667071706,5,0.04909,0.0250574665736768,4928907.4,651.35663,0.0485424874080558,3,0,0,2| 3| 7,NaN,,0.42733155492962| 0.42987676844923| 0.405626708546443| 0.419670726307671| NaN| 0.361761295535578| NaN| NaN| NaN| NaN| NaN| NaN,0.47992,0.154971400402323,0.0236111786693285,0,0.180278878205226,0.0472506652348569,0,0.126265426749588,0.0277964893334743,0.960446866587503,0.924098241613418
MP2K2_MOUSE,SEGEEVDFAGWLcR,2,0.783740036196289,0.928265563735576,5,0.16985,0.0382079882143987,1567074.2,827.86194,0.0348989727696811,1,2,1,0| 1| 3| 16,NaN,,0.380636198635377| 0.320047932220336| NaN| 0.213962867176039| NaN| 0.174541460607978| NaN| NaN| 0.122271848868027| NaN| NaN| NaN,0.380636198635377,0.088391109674767,0.0163981769317284,0,0.431592668241704,0.0942725889874584,0.0835150158213166,0.256184984178683,0.0310955127545343,0.88559082360051,0.976302684855941
MP2K2_MOUSE,LcDFGVSGQLIDSMANSFVGTR,3,0.846371204123162,0.945221120857508,4,0.25633,0.0273897066673478,6431422.25,792.0437,0.0110451082855356,2,1,0,0| 1| 2,NaN,0.0207544609757095|,0.243207625850349| 0.185012981754233| 0.165883896389235| 0.145196796050066| NaN| NaN| NaN| NaN| NaN| NaN| NaN| NaN,0.243207625850349,0.0425741870662783,0.00493621534727104,0.0819974584430072,0.430662541556993,0.0547794133346957,0.178418317749737,0.334241682250263,0.0244816957721765,0.928702279545906,0.982097374160124

