proteinName,peptideSeq,charge,old_Rsquared,new_Rsquared,NDP,rateconstant,sigma,Abundance,MassToCharge,RMSE,selected_A1A0_count, selected_A2A0_count, selected_A2A1_count,improved_timePoints,new_k,I0_percentatediffI0_percentatediff,selected_io_t,i0,I0_asymptote,new_rmse,lowerci_old,upperci_old,sigma_old,lowerci_new,upperci_new,sigma_new,old_pearson,new_pearson
MYO1D_MOUSE,LMYNSSNPVLK,2,-2.30292539617355,-0.0080780447676152,6,0.00067,0.00386283480843926,93564776.6666667,633.33154,0.0210078894550066,6,0,0,0| 1| 2| 6| 9| 21,NaN,0.0330831831342199|0.0471444462119871|0.0015814519545165|,0.477986379226303| 0.460021822728202| 0.451989101933217| NaN| 0.462508668050163| NaN| 0.447234601928617| NaN| NaN| 0.457807155879945| NaN| NaN,0.477986379226303,0.235826287393946,0.00686336640445389,0,0.0163091111108361,0.0060838798824978,0,0.00576179935034169,0.00198079644128848,0.887752320781444,0.35144309113877
MYO1D_MOUSE,VTDGMFLEALNSK,2,0.272607424890247,0.981759894122459,5,0.20254,0.0473431168446991,7918830,712.85815,0.0344713949493158,2,0,1,0| 3| 7,NaN,,0.432597613804159| 0.377744024464516| 0.332544066744663| 0.29439225167221| NaN| 0.239682299040226| NaN| NaN| NaN| NaN| NaN| NaN,0.432597613804159,0.168650012126364,0.00579483645846855,0,0.488548982373145,0.103012655227791,0.164267318569664,0.240812681430336,0.0137847787300701,0.831102571625507,0.991466510067023
MYO1D_MOUSE,IGELVGVLVNHFK,3,0.836400897651939,0.922084219097661,5,0.09261,0.0150138313402474,6421215.2,475.61353,0.018807217231186,0,1,1,3| 24,NaN,,0.441379576975069| NaN| 0.402103607518844| 0.351750428258343| 0.300079713140474| NaN| NaN| NaN| NaN| NaN| 0.212662414864865| NaN,0.441379576975069,0.198188820364503,0.0144298403723843,0.0294348712984225,0.155785128701577,0.0227539628228053,0.0441388725884989,0.141081127411501,0.0174579815469884,0.940644283989435,0.981468825339273
MYO1D_MOUSE,GIIAILDDAcMNVGK,2,-0.0123780186517657,0.967764784411807,5,0.18567,0.0605393010019529,7676803.6,795.40491,0.0428574962169719,1,0,1,1| 9,NaN,,0.35275550315387| 0.310617032552443| 0.28343413494169| 0.22404910485495| NaN| NaN| 0.163181430343586| NaN| NaN| NaN| NaN| NaN,0.35275550315387,0.10866798626193,0.00771357782745767,0.0116096095939695,0.35973039040603,0.0626918177077319,0.126700164365903,0.244639835634097,0.0212393306553198,0.566575810459669,0.984454614809459

