proteinName,peptideSeq,charge,old_Rsquared,new_Rsquared,NDP,rateconstant,sigma,Abundance,MassToCharge,RMSE,selected_A1A0_count, selected_A2A0_count, selected_A2A1_count,improved_timePoints,new_k,I0_percentatediffI0_percentatediff,selected_io_t,i0,I0_asymptote,new_rmse,lowerci_old,upperci_old,sigma_old,lowerci_new,upperci_new,sigma_new,old_pearson,new_pearson
OSBP1_MOUSE,ITSNAMINAcR,2,-0.113009559787234,0.486461184240855,6,0.19142,0.0548280435562772,11272960.8333333,625.80261,0.0560182854015021,1,0,4,1| 2| 6| 7| 21,NaN,,0.509395010834674| 0.384464859514241| 0.349932500797364| NaN| 0.27585531611533| 0.252575743969693| NaN| NaN| NaN| 0.306640795546433| NaN| NaN,0.509395010834674,0.180737041898804,0.0430909702632067,0.0392350916682962,0.343604908331704,0.0592025144944141,0.0439680521026603,0.33887194789734,0.0573613124870101,0.717262521679615,0.848641239750569

