proteinName,peptideSeq,charge,old_Rsquared,new_Rsquared,NDP,rateconstant,sigma,Abundance,MassToCharge,RMSE,selected_A1A0_count, selected_A2A0_count, selected_A2A1_count,improved_timePoints,new_k,I0_percentatediffI0_percentatediff,selected_io_t,i0,I0_asymptote,new_rmse,lowerci_old,upperci_old,sigma_old,lowerci_new,upperci_new,sigma_new,old_pearson,new_pearson
PBLD2_MOUSE,EMNLSETAFVR,2,0.592451207119608,0.858688694880293,10,0.07773,0.0125051203646376,4278505.5,648.81628,0.0405671769358106,2,2,2,1| 6| 9| 16| 21| 31,NaN,,NaN| 0.444177267810867| 0.394636114937814| 0.387761263871453| 0.288992828337188| 0.323343321083447| 0.24205918583218| NaN| 0.243158267308346| 0.220044639958343| 0.221858100846322| 0.203172152319331,NaN,NaN,0.0279795310488381,0.0450651988549216,0.110394801145078,0.0144396692175443,0.0552008055409185,0.100259194459082,0.00995916412538409,0.865270722847991,0.949254821798007

