proteinName,peptideSeq,charge,old_Rsquared,new_Rsquared,NDP,rateconstant,sigma,Abundance,MassToCharge,RMSE,selected_A1A0_count, selected_A2A0_count, selected_A2A1_count,improved_timePoints,new_k,I0_percentatediffI0_percentatediff,selected_io_t,i0,I0_asymptote,new_rmse,lowerci_old,upperci_old,sigma_old,lowerci_new,upperci_new,sigma_new,old_pearson,new_pearson
PI42C_MOUSE,FAIDDHDYLVSLTR,3,-0.0602942958342796,-0.596418492518187,5,0.01533,0.0518315836655512,10072183,555.61414,0.116179232940331,3,0,1,2| 3| 6| 7,NaN,,0.384927235734265| NaN| 0.284245867765533| 0.252051073526669| 0.276649220245868| 0.417904379699461| NaN| NaN| NaN| NaN| NaN| NaN,0.384927235734265,0.136574973160611,0.0535132960899604,0,0.256803802815211,0.0869722950291598,0,0.119163129459641,0.0373978686875428,-0.363302156368459,-0.0964812775011958

