proteinName,peptideSeq,charge,old_Rsquared,new_Rsquared,NDP,rateconstant,sigma,Abundance,MassToCharge,RMSE,selected_A1A0_count, selected_A2A0_count, selected_A2A1_count,improved_timePoints,new_k,I0_percentatediffI0_percentatediff,selected_io_t,i0,I0_asymptote,new_rmse,lowerci_old,upperci_old,sigma_old,lowerci_new,upperci_new,sigma_new,old_pearson,new_pearson
PM34_MOUSE,GIIDAFHQIIR,3,0.717516200981288,0.934018232286908,5,0.11481,0.0244902349775924,5891237.4,428.24707,0.0317235201349943,1,2,1,2| 3| 13| 31,NaN,,0.496286155336736| NaN| 0.3985999666471| 0.356056541571621| NaN| NaN| NaN| 0.258663528621726| NaN| NaN| NaN| 0.200540803705444,0.496286155336736,0.17608592495619,0.0172569801019252,0.0164852520744061,0.213134747925594,0.0354138995019539,0.0613232428161069,0.168296757183893,0.0192644749522185,0.924592105359465,0.981885013042713

