proteinName,peptideSeq,charge,old_Rsquared,new_Rsquared,NDP,rateconstant,sigma,Abundance,MassToCharge,RMSE,selected_A1A0_count, selected_A2A0_count, selected_A2A1_count,improved_timePoints,new_k,I0_percentatediffI0_percentatediff,selected_io_t,i0,I0_asymptote,new_rmse,lowerci_old,upperci_old,sigma_old,lowerci_new,upperci_new,sigma_new,old_pearson,new_pearson
PSA7_MOUSE,ALLEVVQSGGK,2,0.987801635966307,0.994079924376447,5,0.10461,0.00331543638246007,330135440,550.81915,0.00635922860426188,0,2,0,1| 13,NaN,0.0342247048291572|,0.527364296568092| 0.488799213520277| NaN| NaN| 0.367619375736881| 0.359000464689108| NaN| 0.293441074431028| NaN| NaN| NaN| NaN,0.527364296568092,0.19613635226889,0.00432571119649218,0.0885187825581996,0.1207012174418,0.00579561879761172,0.0936643391683487,0.115555660831651,0.00394232927978526,0.996203914335294,0.998417241177677
PSA7_MOUSE,GKDIVVLGVEK,3,0.946809954625191,0.973871054715293,7,0.25659,0.0260587727482038,15988773.4285714,386.23605,0.0155366469792037,0,2,0,6| 9,NaN,,0.515519721399264| NaN| NaN| 0.369618476590278| 0.308160330284546| 0.30333232940839| 0.262464945390139| NaN| NaN| NaN| 0.263666740283206| 0.25252793900941,0.515519721399264,0.266610263473777,0.0106372875475231,0.177095761543245,0.336084238456755,0.0324875775250461,0.202163644431277,0.311016355568723,0.0222428754620565,0.980213461908121,0.995735798132093
PSA7_MOUSE,LYQTDPSGTYHAWK,3,0.942705612693526,0.952923145068309,7,0.16075,0.0162476320309657,44903602.8571429,556.26685,0.0155522113866548,2,1,1,1| 3| 9| 24,NaN,,0.409472060064431| 0.349693280360982| 0.30656143236935| 0.279290144423396| 0.214803608437607| NaN| 0.196236350900551| NaN| NaN| NaN| 0.150499899934508| NaN,0.36824,0.130654220974332,0.0139992284601888,0.104525785460912,0.216974214539088,0.0229776215746392,0.110140115350235,0.211359884649765,0.0206831662647769,0.980982616118301,0.988903816101961
PSA7_MOUSE,NYTDDAIETDDLTIK,2,0.909630944269935,0.917533344976949,6,0.59419,0.0716802678748378,64195861.6666667,863.90454,0.0156330864381094,0,0,2,1| 7,NaN,,0.352291180572038| 0.267172966716431| 0.23531791579153| 0.203607131464111| 0.141528641381428| 0.12970102144885| NaN| NaN| NaN| NaN| NaN| NaN,0.352291180572038,0.13102348328008,0.0154035474633137,0.261221614193685,0.927158385806315,0.129530358187123,0.2661105542133,0.922269445786699,0.127628477471443,0.981865779251045,0.97665343959384

