proteinName,peptideSeq,charge,old_Rsquared,new_Rsquared,NDP,rateconstant,sigma,Abundance,MassToCharge,RMSE,selected_A1A0_count, selected_A2A0_count, selected_A2A1_count,improved_timePoints,new_k,I0_percentatediffI0_percentatediff,selected_io_t,i0,I0_asymptote,new_rmse,lowerci_old,upperci_old,sigma_old,lowerci_new,upperci_new,sigma_new,old_pearson,new_pearson
PSDE_MOUSE,AVAVVVDPIQSVK,2,0.0500771693624512,0.40830842710918,9,0.05521,0.0134448091221976,27240767.7777778,662.89539,0.0535905861366986,4,1,1,2| 6| 7| 9| 13| 31,NaN,0.0320284368627397|,0.486664239695595| 0.418491120069026| 0.40741996355628| 0.314767068411345| 0.373219478579175| 0.362043974767834| 0.357739909267065| 0.311939774585705| NaN| NaN| NaN| 0.255326851169922,0.486664239695595,0.164727850346834,0.0426886111219843,0.0199671979120739,0.0904528020879261,0.0152830610974485,0.0271366688118889,0.0832833311881111,0.0121740159788201,0.761285868738506,0.851582842596779

