proteinName,peptideSeq,charge,old_Rsquared,new_Rsquared,NDP,rateconstant,sigma,Abundance,MassToCharge,RMSE,selected_A1A0_count, selected_A2A0_count, selected_A2A1_count,improved_timePoints,new_k,I0_percentatediffI0_percentatediff,selected_io_t,i0,I0_asymptote,new_rmse,lowerci_old,upperci_old,sigma_old,lowerci_new,upperci_new,sigma_new,old_pearson,new_pearson
RT27_MOUSE,DFGASLLLSGLK,2,0.903766603902863,0.949959317872189,9,0.07267,0.0080691767570296,7618831.22222222,610.8479,0.0242177467744304,2,1,1,1| 2| 3| 6,NaN,-0.0235123526346336|,0.49003450350955| 0.489600922515691| 0.448330411151356| 0.388983218562429| 0.381980807558737| NaN| 0.357588044317169| 0.308901356158725| 0.304932277242897| NaN| 0.24770343670723| NaN,0.49003450350955,0.209912688709813,0.0154939366002614,0.0505047180699272,0.0948352819300728,0.00961198706999317,0.0584891814395357,0.0868508185604643,0.0061495200049844,0.955555254939953,0.977304138801894
RT27_MOUSE,EDLDSAEYYLYK,2,0.173003259314252,0.648185032061135,7,0.07074,0.0213818789502532,4530613.28571429,754.8432,0.0447694921015322,1,4,0,0| 1| 2| 3| 9,NaN,-0.047779013976025|,0.405061578131306| 0.381267230318566| 0.379562607731782| 0.323565018351498| 0.264795732855902| 0.260950870973996| 0.301188457764111| NaN| NaN| NaN| NaN| NaN,0.405061578131306,0.150649751786328,0.024577806936138,0,0.17315338470487,0.0418541373537635,0.0301199784289806,0.111360021571019,0.0166005250880595,0.477763719396965,0.896970152153052
RT27_MOUSE,EVLDVLDGVLK,2,0.940703866700422,0.992312678232224,7,0.13457,0.0115830097152082,125006731.428571,600.34772,0.0143840986277122,3,3,1,1| 2| 3| 6| 9| 13| 16,NaN,0.00729087986561662|0.0132043631097329|-0.0203076254430356|-0.0109298746678649|,NaN| 0.46903163063409| 0.452451161978663| 0.426765730804166| 0.367702772872758| NaN| 0.337656863516608| 0.301656459894893| 0.289936826345116| NaN| NaN| NaN,NaN,NaN,0.00449389653616469,0.0944875053943232,0.174652494605677,0.0163808494323467,0.122047381215792,0.147092618784208,0.0051177237050944,0.991857005675044,0.998688281859286

