proteinName,peptideSeq,charge,old_Rsquared,new_Rsquared,NDP,rateconstant,sigma,Abundance,MassToCharge,RMSE,selected_A1A0_count, selected_A2A0_count, selected_A2A1_count,improved_timePoints,new_k,I0_percentatediffI0_percentatediff,selected_io_t,i0,I0_asymptote,new_rmse,lowerci_old,upperci_old,sigma_old,lowerci_new,upperci_new,sigma_new,old_pearson,new_pearson
SCFD1_MOUSE,FGQDIISPLLSVK,2,0.958043469836895,0.985485222142933,7,0.28771,0.0308180825690598,5881308.42857143,708.90851,0.015648265183042,1,4,1,2| 6| 7| 13| 16| 24,NaN,-0.0195809519618254|0.0478373518169384|,0.451337928321785| NaN| 0.331684237364572| NaN| 0.197220882584983| 0.207730526357038| NaN| 0.182976453903832| 0.169001011160081| NaN| 0.165148682993762| NaN,0.451337928321785,0.175956003120758,0.00918491886261352,0.20971096351505,0.36570903648495,0.0318765207878836,0.241927620094228,0.333492379905772,0.0187102693898882,0.983486987391545,0.996212849844141
SCFD1_MOUSE,VMNTGSQFVMEGVK,2,-0.271331658003911,0.992675940754977,3,0.72281,0.576454585142933,2155319.66666667,763.87073,0.0656618376169441,0,1,2,0| 2| 13,NaN,,0.396357114689953| NaN| 0.197396098833588| NaN| NaN| NaN| NaN| 0.131342842973861| NaN| NaN| NaN| NaN,0.396357114689953,0.147412403867716,0.00481971937292494,0,32.3135438109314,7.34215280552613,0.276860441900875,1.16875955809913,0.103645259357275,0.458026132039834,0.999894276437706
SCFD1_MOUSE,ALTDAGcNLSPLQYIK,2,0.864205116644645,0.864205116644645,2,0.03937,0.00622924746839789,8394023,882.45343,0.0140401082123734,0,0,0,,NaN,,0.334924916590678| NaN| NaN| NaN| NaN| NaN| NaN| NaN| NaN| 0.148272175242586| NaN| NaN,0.334924916590678,0.0895799092134689,0.0140401082123734,0,0.435052581195014,0.0311408945010824,0,0.435052581195014,0.0311408945010824,1,1

