proteinName,peptideSeq,charge,old_Rsquared,new_Rsquared,NDP,rateconstant,sigma,Abundance,MassToCharge,RMSE,selected_A1A0_count, selected_A2A0_count, selected_A2A1_count,improved_timePoints,new_k,I0_percentatediffI0_percentatediff,selected_io_t,i0,I0_asymptote,new_rmse,lowerci_old,upperci_old,sigma_old,lowerci_new,upperci_new,sigma_new,old_pearson,new_pearson
SPTB1_MOUSE,EQIYSSLDYGK,2,0.435659913037375,0.726403464621466,5,1.34254,0.367782704002479,1665021.8,651.81421,0.0315060402118753,0,4,0,1| 2| 3| 13,NaN,,NaN| 0.270661957867362| 0.163408074997795| 0.167604874927504| NaN| NaN| NaN| 0.173790480578212| 0.174063205621275| NaN| NaN| NaN,NaN,NaN,0.0136996565451728,0.410550265111569,2.27452973488843,0.335677349848565,0.573485927237669,2.11159407276233,0.276992356644366,0.726062097230825,0.939703606657818
SPTB1_MOUSE,LLSGEDVGQDEGATR,2,-0.25325356473017,-0.693551227013915,3,0.00535,0.0106952517537562,1177363.66666667,773.87079,0.0411213663020674,0,1,1,3| 9,NaN,,NaN| NaN| NaN| 0.465379750250995| NaN| 0.459125222456737| 0.409135386489374| NaN| NaN| NaN| NaN| NaN,NaN,NaN,0.0163773516403973,0,0.133757561754007,0.0298438126010457,0,0.063007284998728,0.0134004040344876,0.990048073378018,0.816159975297084

