proteinName,peptideSeq,charge,old_Rsquared,new_Rsquared,NDP,rateconstant,sigma,Abundance,MassToCharge,RMSE,selected_A1A0_count, selected_A2A0_count, selected_A2A1_count,improved_timePoints,new_k,I0_percentatediffI0_percentatediff,selected_io_t,i0,I0_asymptote,new_rmse,lowerci_old,upperci_old,sigma_old,lowerci_new,upperci_new,sigma_new,old_pearson,new_pearson
TOM40_MOUSE,LALGGELVYHR,3,0.840096751454263,0.946192619782017,7,0.09755,0.0105449763319651,8017612.71428571,409.89966,0.0228206690679164,0,6,0,3| 6| 9| 13| 16| 24,NaN,,0.444206272604996| NaN| NaN| 0.389936245702502| 0.333207483463525| NaN| 0.275250539204801| 0.244909293480279| 0.263617836183169| NaN| 0.208010606565861| NaN,0.444206272604996,0.165208374041785,0.0138727261028595,0.0537147101970883,0.141385289802912,0.0179145357380796,0.0709024478504351,0.124197552149565,0.010890278756273,0.988549124497534,0.985909408474396
TOM40_MOUSE,GSVNSNWIVGATLEK,2,-22.9578979540008,-6.09323359201696,7,1.01099,1.18233337878293,21075947.1428571,787.91229,0.0971705838531435,0,4,3,0| 2| 3| 7| 9| 16| 24,NaN,,0.19461246422962| NaN| 0.171108240522734| 0.120397219158891| NaN| 0.117740739556654| 0.117741183458975| NaN| 0.117741183458975| NaN| 0.117741183458975| NaN,0.4023,0.12990705613822,0.0607392939508986,0,2.32155332830081,0.535598913282464,0.17329217000775,1.84868782999225,0.342349001924725,0.447608736842351,0.861313199774887
TOM40_MOUSE,MQDTSASFGYQLDLPK,2,0.981810438864027,0.99306027491687,10,0.10576,0.00590100974751178,13454029.1,900.92725,0.0111603123616538,5,2,1,2| 3| 6| 7| 13| 16| 21| 31,NaN,0.00914911783373709|-0.0425904610562645|0.0259242481394517|0.00260917472597098|,0.340804479737529| 0.314305557537934| 0.303888970612524| 0.289924582522906| 0.223238598717207| 0.210690074854095| NaN| 0.155738679178585| 0.135300196048303| 0.115081244379083| NaN| 0.0921862394463242,0.340804479737529,0.0869588059433571,0.00654724788064334,0.090500098392111,0.121019901607889,0.00674573007597783,0.0968077094884581,0.114712290511542,0.00395741315405199,0.993348229579112,0.997703575025932

