proteinName,peptideSeq,charge,old_Rsquared,new_Rsquared,NDP,rateconstant,sigma,Abundance,MassToCharge,RMSE,selected_A1A0_count, selected_A2A0_count, selected_A2A1_count,improved_timePoints,new_k,I0_percentatediffI0_percentatediff,selected_io_t,i0,I0_asymptote,new_rmse,lowerci_old,upperci_old,sigma_old,lowerci_new,upperci_new,sigma_new,old_pearson,new_pearson
TSN_MOUSE,LSVNSVTAGDYSR,2,0.995375211930141,0.999866966354877,5,0.13528,0.00325193612289304,474632080,684.84131,0.00396710039926586,0,1,1,3| 21,NaN,0.0112768879524019|,NaN| 0.426142025836513| 0.390667055555535| 0.362452954246502| NaN| NaN| 0.247731012743634| NaN| NaN| 0.174782581564267| NaN| NaN,NaN,NaN,0.000701369738725975,0.119641621337323,0.150918378662677,0.00563251858781929,0.132515188310644,0.138044811689356,0.0009958099601006,0.999074214097095,0.999983324048092

