proteinName,peptideSeq,charge,old_Rsquared,new_Rsquared,NDP,rateconstant,sigma,Abundance,MassToCharge,RMSE,selected_A1A0_count, selected_A2A0_count, selected_A2A1_count,improved_timePoints,new_k,I0_percentatediffI0_percentatediff,selected_io_t,i0,I0_asymptote,new_rmse,lowerci_old,upperci_old,sigma_old,lowerci_new,upperci_new,sigma_new,old_pearson,new_pearson
UBP2_MOUSE,FMGYNQQDAQEFLR,2,0.559218945289376,0.405586295755193,6,0.04823,0.0197025113231761,1978371.33333333,873.89886,0.0438096697147757,2,1,1,0| 1| 2| 7,NaN,-0.0353011352713711|,0.298545052360289| 0.354987495050205| 0.318233952394504| 0.313755577926073| NaN| 0.265871400034044| 0.1198231566207| NaN| NaN| NaN| NaN| NaN,0.34643,0.080447766750536,0.0412863828879063,0,0.150993507441528,0.0399767500305841,0,0.141783934313142,0.0363940696413286,0.957409494162665,0.826101887039783

