proteinName,peptideSeq,charge,old_Rsquared,new_Rsquared,NDP,rateconstant,sigma,Abundance,MassToCharge,RMSE,selected_A1A0_count, selected_A2A0_count, selected_A2A1_count,improved_timePoints,new_k,I0_percentatediffI0_percentatediff,selected_io_t,i0,I0_asymptote,new_rmse,lowerci_old,upperci_old,sigma_old,lowerci_new,upperci_new,sigma_new,old_pearson,new_pearson
UCHL3_MOUSE,FLENYDAIR,2,-0.551032408598135,0.456694045266497,4,0.09678,0.0313773429392135,30155415,570.78784,0.0343791478554481,1,0,1,3| 21,NaN,,0.422311354569659| NaN| 0.45622206094718| 0.399545282812499| NaN| NaN| NaN| NaN| NaN| 0.283624899710727| NaN| NaN,0.50802,0.22811178807048,0.027608560631564,0,0.352281287502382,0.0802845556580398,0,0.319154333395089,0.0698752821204905,0.859733956772916,0.928688102635127
UCHL3_MOUSE,SQGQDVTSSVYFMK,2,0.967451589409785,0.9982794634881,5,0.39119,0.0155880231677629,3804232.8,788.86926,0.00534439311127299,1,0,0,9,NaN,,NaN| NaN| 0.247358280571223| 0.213718368581052| NaN| NaN| 0.142252010704265| 0.133895294002821| 0.13235328096003| NaN| NaN| NaN,NaN,NaN,0.00127340715530869,0.316228069725922,0.466151930274078,0.026999248116126,0.373328840388554,0.409051159611446,0.00643310381987231,0.989341789888442,0.99944541337821

