proteinName,peptideSeq,charge,old_Rsquared,new_Rsquared,NDP,rateconstant,sigma,Abundance,MassToCharge,RMSE,selected_A1A0_count, selected_A2A0_count, selected_A2A1_count,improved_timePoints,new_k,I0_percentatediffI0_percentatediff,selected_io_t,i0,I0_asymptote,new_rmse,lowerci_old,upperci_old,sigma_old,lowerci_new,upperci_new,sigma_new,old_pearson,new_pearson
VP26A_MOUSE,EITGIGPSTTTETETIAK,2,0.746919347691729,0.741597259018982,5,0.08819,0.0238163648022319,13202750,924.97546,0.0321222023484527,1,3,0,0| 1| 2| 13,NaN,0.0474006261473013|,0.458952212415868| 0.324661819301725| 0.29304751548684| 0.271836729138131| NaN| NaN| NaN| 0.160977542464273| NaN| NaN| NaN| NaN,0.35502,0.090586002008503,0.0314813905051614,0,0.250341712355878,0.0584026358225328,0,0.237255754747331,0.0536894298656093,0.934260228512818,0.898892472465018

