Protein,Peptied,charge,time,ionscore,corr_theo,corr_best_exp
spK1C15_SHEEP,ITMQNLNDR,2,3,63.32,0.990299164950881,-1000
spK1C15_SHEEP,ITMQNLNDR,2,8,61.22,0.997243884845899,-1000
spK1C15_SHEEP,ITMQNLNDR,2,12,59.12,0.994555092178977,-1000
spK1C15_SHEEP,ITMQNLNDR,2,13,61.25,0.997380751319816,-1000
spK1C15_SHEEP,ITMQNLNDR,2,17,61.18,0.997534211281065,-1000
spK1C15_SHEEP,ITMQNLNDR,2,19,61.21,0.995471106164478,-1000
spK1C15_SHEEP,ITMQNLNDR,2,24,61.25,0.996927812182439,-1000
spK1C15_SHEEP,ITMQNLNDR,2,30,61.25,0.996601293920561,-1000
spK1C15_SHEEP,ITmQNLNDR,2,3,51.62,0.980618397555331,-1000
spK1C15_SHEEP,ITmQNLNDR,2,8,57.98,0.451842651583857,-1000
spK1C15_SHEEP,ITmQNLNDR,2,12,63.58,0.995772223453825,-1000
spK1C15_SHEEP,ITmQNLNDR,2,13,26.38,0.9940051152733,-1000
spK1C15_SHEEP,ITmQNLNDR,2,17,62.62,0.507868383720938,-1000
spK1C15_SHEEP,ITmQNLNDR,2,19,68.71,0.998899203459684,-1000
spK1C15_SHEEP,ITmQNLNDR,2,24,22.41,0.787755316522588,-1000
spK1C15_SHEEP,ITmQNLNDR,2,30,52.3,0.396793394353274,-1000
spK1C15_SHEEP,TIQGLEIELQSQLSMK,3,3,78.8,0.998525209695504,-1000
spK1C15_SHEEP,TIQGLEIELQSQLSMK,3,8,53.49,0.99738441408484,-1000
spK1C15_SHEEP,TIQGLEIELQSQLSMK,3,12,28.87,0.994571275536124,-1000
spK1C15_SHEEP,TIQGLEIELQSQLSMK,3,13,60.28,0.994336538732586,-1000
spK1C15_SHEEP,TIQGLEIELQSQLSMK,3,17,29.77,0.9978117808558,-1000
spK1C15_SHEEP,TIQGLEIELQSQLSMK,3,19,35.66,0.995394831224717,-1000
spK1C15_SHEEP,TIQGLEIELQSQLSMK,3,21,48.83,0.996711784038568,-1000
spK1C15_SHEEP,TIQGLEIELQSQLSMK,3,24,63.79,0.996297429815187,-1000
spK1C15_SHEEP,TIQGLEIELQSQLSMK,3,30,54.08,0.997663025417996,-1000
spK1C15_SHEEP,TIQGLEIELQSQLSmK,3,8,27.58,0.990704750532186,-1000
spK1C15_SHEEP,TIQGLEIELQSQLSmK,3,12,33.07,0.995549104101235,-1000
spK1C15_SHEEP,TIQGLEIELQSQLSmK,3,13,36.03,0.996095260454413,-1000
spK1C15_SHEEP,TIQGLEIELQSQLSmK,3,17,30.22,0.996527564518752,-1000
spK1C15_SHEEP,TIQGLEIELQSQLSmK,3,21,30.76,0.997316964833968,-1000
spK1C15_SHEEP,TIQGLEIELQSQLSmK,3,24,42.72,0.990583082788619,-1000
spK1C15_SHEEP,TIQGLEIELQSQLSmK,3,30,32.51,0.997952266135836,-1000
spK1C15_SHEEP,TIQGLEIELQSQLSmK,3,3,0,0.991123029244313,0.995209676466065
spK1C15_SHEEP,TIQGLEIELQSQLSmK,3,19,0,0.996059821419099,0.993631119855836
spK1C15_SHEEP,ALEEANADLEVK,2,8,61.33,0.988322876039989,-1000
spK1C15_SHEEP,ALEEANADLEVK,2,13,68.17,0.991146195045786,-1000
spK1C15_SHEEP,ALEEANADLEVK,2,24,65.47,0.989886985793576,-1000
spK1C15_SHEEP,ALEEANADLEVK,2,30,62,0.991256659423985,-1000

