Protein,Peptied,charge,time,ionscore,corr_theo,corr_best_exp
SC24D_HUMAN,ScETDALINFFAK,2,10,20.94,0.968203232548,-1000
SC24D_HUMAN,ScETDALINFFAK,2,24,24.89,0.926634902464748,-1000
SC24D_HUMAN,ScETDALINFFAK,2,27,17.84,0.95533770713973,-1000
SC24D_HUMAN,ScETDALINFFAK,2,0,0,0.981575158067228,0.948681753693402
SC24D_HUMAN,ScETDALINFFAK,2,3,0,0.926776622907041,0.981153738404769
SC24D_HUMAN,ScETDALINFFAK,2,8,0,0.97442426902456,0.984249626542005
SC24D_HUMAN,ScETDALINFFAK,2,14,0,0.942966421530991,0.978845072160121
SC24D_HUMAN,ScETDALINFFAK,2,15,0,0.967902851604322,0.995751731662674
SC24D_HUMAN,ScETDALINFFAK,2,16,0,0.962017160232056,0.94085407785999
SC24D_HUMAN,ScETDALINFFAK,2,22,0,0.985466188171776,0.983470256699394
SC24D_HUMAN,ScETDALINFFAK,2,25,0,0.981350070935191,0.98426618015126
SC24D_HUMAN,ScETDALINFFAK,2,26,0,0.966453126652927,0.975887076913076
SC24D_HUMAN,ScETDALINFFAK,2,30,0,0.976241196713878,0.978938916265672
SC24D_HUMAN,ScETDALINFFAK,2,37,0,0.868234159741412,0.915616403085257

