Protein,Peptied,charge,time,ionscore,corr_theo,corr_best_exp
ERCC2_HUMAN,EVPLPAGIYNLDDLK,2,0,23.16,0.987713329073833,-1000
ERCC2_HUMAN,EVPLPAGIYNLDDLK,2,3,43.15,0.975995036084097,-1000
ERCC2_HUMAN,EVPLPAGIYNLDDLK,2,12,27.44,0.977809420408728,-1000
ERCC2_HUMAN,EVPLPAGIYNLDDLK,2,13,17.05,0.993408568598226,-1000
ERCC2_HUMAN,EVPLPAGIYNLDDLK,2,20,19.04,0.964761290599826,-1000
ERCC2_HUMAN,EVPLPAGIYNLDDLK,2,24,24.64,0.990559643281683,-1000
ERCC2_HUMAN,EVPLPAGIYNLDDLK,2,25,20.95,0.990737357369812,-1000
ERCC2_HUMAN,EVPLPAGIYNLDDLK,2,32,29.92,0.997727017180663,-1000
ERCC2_HUMAN,EVPLPAGIYNLDDLK,2,37,17.29,0.993112003408852,-1000
ERCC2_HUMAN,AVVVFDEAHNIDNVcIDSMSVNLTR,3,0,40.58,0.875882613372976,-1000
ERCC2_HUMAN,AVVVFDEAHNIDNVcIDSMSVNLTR,3,3,33.28,0.89316323930758,-1000
ERCC2_HUMAN,AVVVFDEAHNIDNVcIDSMSVNLTR,3,12,51.11,0.960722223327381,-1000
ERCC2_HUMAN,AVVVFDEAHNIDNVcIDSMSVNLTR,3,13,76.12,0.932778619663525,-1000
ERCC2_HUMAN,AVVVFDEAHNIDNVcIDSMSVNLTR,3,20,45.72,0.902792284122298,-1000
ERCC2_HUMAN,AVVVFDEAHNIDNVcIDSMSVNLTR,3,24,44.68,0.809696828518934,-1000
ERCC2_HUMAN,AVVVFDEAHNIDNVcIDSMSVNLTR,3,25,42.17,0.946579031000356,-1000
ERCC2_HUMAN,AVVVFDEAHNIDNVcIDSMSVNLTR,3,28,40.66,0.98288822269635,-1000
ERCC2_HUMAN,AVVVFDEAHNIDNVcIDSMSVNLTR,3,32,29.01,0.935025503868504,-1000
ERCC2_HUMAN,AVVVFDEAHNIDNVcIDSMSVNLTR,3,37,41.6,0.883388615141209,-1000
ERCC2_HUMAN,LPFLGLALSSR,2,12,32.15,0.994798387096353,-1000
ERCC2_HUMAN,LPFLGLALSSR,2,13,19.92,0.968119070617233,-1000
ERCC2_HUMAN,LPFLGLALSSR,2,24,30.73,0.992341930098044,-1000
ERCC2_HUMAN,LPFLGLALSSR,2,28,23.07,0.976411345497351,-1000
ERCC2_HUMAN,LPFLGLALSSR,2,32,21.28,0.976160576932008,-1000
ERCC2_HUMAN,LPFLGLALSSR,2,0,0,0.984242658397266,0.989292804943698
ERCC2_HUMAN,LPFLGLALSSR,2,3,0,0.977322367347538,0.963346066747101
ERCC2_HUMAN,LPFLGLALSSR,2,20,0,0.817165598071058,0.797079323911181
ERCC2_HUMAN,LPFLGLALSSR,2,25,0,0.979071550810001,0.99369201399916

