Protein,Peptied,charge,time,ionscore,corr_theo,corr_best_exp
OM14_YEAS7,EcAIEYLK,2,20,25.07,0.995337493311623,-1000
OM14_YEAS7,EcAIEYLK,2,21,28.98,0.997358950662127,-1000
OM14_YEAS7,EcAIEYLK,2,22,27.61,0.997152676831231,-1000
OM14_YEAS7,EcAIEYLK,2,24,15.49,0.997854434333037,-1000
OM14_YEAS7,EcAIEYLK,2,25,26.14,0.998021223035099,-1000
OM14_YEAS7,EcAIEYLK,2,26,19.16,0.996947886648665,-1000
OM14_YEAS7,EcAIEYLK,2,27,24.16,0.997461830786576,-1000
OM14_YEAS7,EcAIEYLK,2,30,18.82,0.994203250216255,-1000
OM14_YEAS7,EcAIEYLK,2,31,28.76,0.995597841968391,-1000
OM14_YEAS7,EcAIEYLK,2,32,28.16,0.993747520232325,-1000
OM14_YEAS7,EcAIEYLK,2,33,17.45,0.997964906266674,-1000
OM14_YEAS7,EcAIEYLK,2,23,0,0.996395610257019,0.999551008104898
OM14_YEAS7,EcAIEYLK,2,28,0,0.997791416659595,0.999110821180301
OM14_YEAS7,EcAIEYLK,2,29,0,0.993161442358691,0.991694619474897
OM14_YEAS7,GKPNSTVLATTAGALGLLTLDGIISK,3,20,59.1,0.985428121088843,-1000
OM14_YEAS7,GKPNSTVLATTAGALGLLTLDGIISK,3,21,76.89,0.990820948530678,-1000
OM14_YEAS7,GKPNSTVLATTAGALGLLTLDGIISK,3,22,92.31,0.994221163589857,-1000
OM14_YEAS7,GKPNSTVLATTAGALGLLTLDGIISK,3,23,92.24,0.998818166505726,-1000
OM14_YEAS7,GKPNSTVLATTAGALGLLTLDGIISK,3,24,68.67,0.993653351449247,-1000
OM14_YEAS7,GKPNSTVLATTAGALGLLTLDGIISK,3,25,86.6,0.983491838276405,-1000
OM14_YEAS7,GKPNSTVLATTAGALGLLTLDGIISK,3,26,81.3,0.990026407345087,-1000
OM14_YEAS7,GKPNSTVLATTAGALGLLTLDGIISK,3,27,48.65,0.965142863106335,-1000
OM14_YEAS7,GKPNSTVLATTAGALGLLTLDGIISK,3,28,40.84,0.982214150802082,-1000
OM14_YEAS7,GKPNSTVLATTAGALGLLTLDGIISK,3,29,75.37,0.985141237690928,-1000
OM14_YEAS7,GKPNSTVLATTAGALGLLTLDGIISK,3,30,57.54,0.988201682411146,-1000
OM14_YEAS7,GKPNSTVLATTAGALGLLTLDGIISK,3,31,58.12,0.961815373636584,-1000
OM14_YEAS7,GKPNSTVLATTAGALGLLTLDGIISK,3,32,48.61,0.981391513127277,-1000
OM14_YEAS7,GKPNSTVLATTAGALGLLTLDGIISK,3,33,54.42,0.986426488645043,-1000

