Protein,Peptied,charge,time,ionscore,corr_theo,corr_best_exp
B2CL1_HUMAN,EAGDEFELR,2,0,45.68,0.994003920311868,-1000
B2CL1_HUMAN,EAGDEFELR,2,4,49.78,0.975317235850829,-1000
B2CL1_HUMAN,EAGDEFELR,2,6,45.54,0.974907086769959,-1000
B2CL1_HUMAN,EAGDEFELR,2,12,41.07,0.970880374316465,-1000
B2CL1_HUMAN,EAGDEFELR,2,15,43.64,0.996210805724645,-1000
B2CL1_HUMAN,EAGDEFELR,2,20,45.19,0.995686475346436,-1000

