Protein,Peptied,charge,time,ionscore,corr_theo,corr_best_exp
UB2R2_HUMAN,VPTTLAEYcIK,2,0,35.95,0.99677767921894,-1000
UB2R2_HUMAN,VPTTLAEYcIK,2,5,33.5,0.979266060467538,-1000
UB2R2_HUMAN,VPTTLAEYcIK,2,2,0,0.995664795860031,0.998596273591898
UB2R2_HUMAN,VPTTLAEYcIK,2,3,0,0.996542651464481,0.993330845912806
UB2R2_HUMAN,VPTTLAEYcIK,2,10,0,0.997276161929458,0.999399627822492
UB2R2_HUMAN,VPTTLAEYcIK,2,11,0,0.994058159191718,0.998218266440984
UB2R2_HUMAN,VPTTLAEYcIK,2,12,0,0.998019177814644,0.996342233864681
UB2R2_HUMAN,VPTTLAEYcIK,2,16,0,0.997483081207357,0.999926131720464
UB2R2_HUMAN,VPTTLAEYcIK,2,19,0,0.996027765798477,0.996059730561664
UB2R2_HUMAN,VPTTLAEYcIK,2,38,0,0.992157446222208,0.998373540131817
UB2R2_HUMAN,FPIDYPYSPPTFR,2,0,52.24,0.974796754472312,-1000
UB2R2_HUMAN,FPIDYPYSPPTFR,2,2,40.35,0.990970334143323,-1000
UB2R2_HUMAN,FPIDYPYSPPTFR,2,3,41.63,0.976523242480509,-1000
UB2R2_HUMAN,FPIDYPYSPPTFR,2,5,37.61,0.989759485581658,-1000
UB2R2_HUMAN,FPIDYPYSPPTFR,2,10,42.28,0.990133184306645,-1000
UB2R2_HUMAN,FPIDYPYSPPTFR,2,11,40.64,0.964204247383987,-1000
UB2R2_HUMAN,FPIDYPYSPPTFR,2,12,51.65,0.985349989586831,-1000
UB2R2_HUMAN,FPIDYPYSPPTFR,2,16,59.2,0.961722467626223,-1000
UB2R2_HUMAN,FPIDYPYSPPTFR,2,19,43.47,0.958583243549172,-1000
UB2R2_HUMAN,FPIDYPYSPPTFR,2,38,40.17,0.977784277036906,-1000

