Protein,Peptied,charge,time,ionscore,corr_theo,corr_best_exp
FERM2_HUMAN,INQGWLDSSR,2,10,34.77,0.937243649223409,-1000
FERM2_HUMAN,INQGWLDSSR,2,11,21.27,0.908332256246617,-1000
FERM2_HUMAN,INQGWLDSSR,2,15,31.74,0.971637517870437,-1000
FERM2_HUMAN,INQGWLDSSR,2,16,0,0.539639806991225,0.702691390988956
FERM2_HUMAN,INQGWLDSSR,2,23,0,0.335263483297789,0.535833210011175
FERM2_HUMAN,INQGWLDSSR,2,25,0,0.44011438439057,0.637625202559968
FERM2_HUMAN,INQGWLDSSR,2,28,0,0.707216820469778,0.854028016956931
FERM2_HUMAN,INQGWLDSSR,2,30,0,0.539895238191325,0.718503654122837
FERM2_HUMAN,INQGWLDSSR,2,31,0,0.369900185430514,0.577973728520499
FERM2_HUMAN,INQGWLDSSR,2,35,0,0.527091300462715,0.711329127614369
FERM2_HUMAN,INQGWLDSSR,2,36,0,0.223994073806116,0.426044359342892
FERM2_HUMAN,INQGWLDSSR,2,38,0,0.720607035641994,0.859450032588089
FERM2_HUMAN,LLIPVAEGMNEIWLR,2,16,19.67,0.99058168657567,-1000
FERM2_HUMAN,LLIPVAEGMNEIWLR,2,23,15.59,0.925405123437259,-1000
FERM2_HUMAN,LLIPVAEGMNEIWLR,2,25,33.02,0.981159027119645,-1000
FERM2_HUMAN,LLIPVAEGMNEIWLR,2,28,32.18,0.986800876405389,-1000
FERM2_HUMAN,LLIPVAEGMNEIWLR,2,30,31.65,0.988315664251257,-1000
FERM2_HUMAN,LLIPVAEGMNEIWLR,2,31,19.13,0.983782946884087,-1000
FERM2_HUMAN,LLIPVAEGMNEIWLR,2,35,17.59,0.987069286561208,-1000
FERM2_HUMAN,LLIPVAEGMNEIWLR,2,36,15.77,0.978649834074218,-1000
FERM2_HUMAN,LLIPVAEGMNEIWLR,2,38,21.88,0.92409852035087,-1000
FERM2_HUMAN,LLIPVAEGMNEIWLR,2,10,0,0.96832358474987,0.950508614034872
FERM2_HUMAN,LLIPVAEGMNEIWLR,2,11,0,0.975622414810576,0.985811456486326
FERM2_HUMAN,LLIPVAEGMNEIWLR,2,15,0,0.990116731312921,0.967869948380867

