Protein,Peptied,charge,time,ionscore,corr_theo,corr_best_exp
TCAB1_HUMAN,ENPIHIWDAFTGELR,3,1,28.55,0.990324100702371,-1000
TCAB1_HUMAN,ENPIHIWDAFTGELR,3,8,50.34,0.953757189346426,-1000
TCAB1_HUMAN,ENPIHIWDAFTGELR,3,21,60.3,0.985050669184643,-1000
TCAB1_HUMAN,ENPIHIWDAFTGELR,3,22,40.78,0.978799070211582,-1000
TCAB1_HUMAN,ENPIHIWDAFTGELR,3,24,38.14,0.979332144444633,-1000
TCAB1_HUMAN,ENPIHIWDAFTGELR,3,28,52.16,0.991243019774689,-1000
TCAB1_HUMAN,ENPIHIWDAFTGELR,3,33,44.7,0.980497580983464,-1000
TCAB1_HUMAN,ENPIHIWDAFTGELR,3,35,45.38,0.997597563586763,-1000
TCAB1_HUMAN,ENPIHIWDAFTGELR,3,3,0,0.945122351130598,0.948273165902101
TCAB1_HUMAN,FLSGSWSEFSTQPENFLK,2,1,24.03,0.981769904447266,-1000
TCAB1_HUMAN,FLSGSWSEFSTQPENFLK,2,21,22.37,0.917556943027624,-1000
TCAB1_HUMAN,FLSGSWSEFSTQPENFLK,2,22,24.88,0.989913004376912,-1000
TCAB1_HUMAN,FLSGSWSEFSTQPENFLK,2,3,0,0.989768850554107,0.989658848890659
TCAB1_HUMAN,FLSGSWSEFSTQPENFLK,2,8,0,0.947457814395877,0.980062465445408
TCAB1_HUMAN,FLSGSWSEFSTQPENFLK,2,33,0,0.775957080763291,0.762661716167463
TCAB1_HUMAN,DcTNGVSLHPSLPLLATASGQR,3,1,23.46,0.981548491628831,-1000
TCAB1_HUMAN,DcTNGVSLHPSLPLLATASGQR,3,3,32.24,0.987263464028663,-1000
TCAB1_HUMAN,DcTNGVSLHPSLPLLATASGQR,3,8,31.48,0.985946186456606,-1000
TCAB1_HUMAN,DcTNGVSLHPSLPLLATASGQR,3,28,24.33,0.965793191514023,-1000
TCAB1_HUMAN,DcTNGVSLHPSLPLLATASGQR,3,33,18.87,0.964623080213502,-1000

