Protein,Peptied,charge,time,ionscore,corr_theo,corr_best_exp
KAR_YEAST,IPAIAIIGTGTR,2,23,40.66,0.99639402526592,-1000
KAR_YEAST,IPAIAIIGTGTR,2,26,40.75,0.989989844065831,-1000
KAR_YEAST,IPAIAIIGTGTR,2,28,40.69,0.997383423694338,-1000
KAR_YEAST,IPAIAIIGTGTR,2,32,32.4,0.997060455637582,-1000
KAR_YEAST,IPAIAIIGTGTR,2,34,39.89,0.995407394052406,-1000
KAR_YEAST,IPAIAIIGTGTR,2,35,40.52,0.997756121545192,-1000
KAR_YEAST,IPAIAIIGTGTR,2,38,40.71,0.993383848541313,-1000
KAR_YEAST,NIGVSNFAVEDLQR,2,28,29.01,0.928824368765477,-1000
KAR_YEAST,NIGVSNFAVEDLQR,2,34,23.04,0.965831321820016,-1000
KAR_YEAST,NIGVSNFAVEDLQR,2,38,22.65,0.967085552616773,-1000
KAR_YEAST,NIGVSNFAVEDLQR,2,23,0,0.935021781549626,0.962873847559695
KAR_YEAST,NIGVSNFAVEDLQR,2,26,0,0.949813816620233,0.997861460585666
KAR_YEAST,NIGVSNFAVEDLQR,2,35,0,0.971640293910649,0.967917349157942

