Protein,Peptied,charge,time,ionscore,corr_theo,corr_best_exp
RDL1_YEAST,SHPDAFALDPLEFEK,3,22,31.24,0.989396327865474,-1000
RDL1_YEAST,SHPDAFALDPLEFEK,3,23,24.92,0.978129854032238,-1000
RDL1_YEAST,SHPDAFALDPLEFEK,3,26,40.5,0.990875290781074,-1000
RDL1_YEAST,SHPDAFALDPLEFEK,3,27,26.03,0.987914284430745,-1000
RDL1_YEAST,SHPDAFALDPLEFEK,3,28,35.42,0.989835304103136,-1000
RDL1_YEAST,SHPDAFALDPLEFEK,3,30,34.36,0.97809385748036,-1000
RDL1_YEAST,SHPDAFALDPLEFEK,3,31,31.48,0.95511031317653,-1000
RDL1_YEAST,SHPDAFALDPLEFEK,3,37,40.64,0.981291516828758,-1000
RDL1_YEAST,EPSEYSIVHIPASINVPYR,3,22,25.07,0.978622015365034,-1000
RDL1_YEAST,EPSEYSIVHIPASINVPYR,3,23,28.4,0.936316389406327,-1000
RDL1_YEAST,EPSEYSIVHIPASINVPYR,3,26,25.74,0.954588145992921,-1000
RDL1_YEAST,EPSEYSIVHIPASINVPYR,3,27,31.5,0.980238856989225,-1000
RDL1_YEAST,EPSEYSIVHIPASINVPYR,3,28,21.01,0.970732527860183,-1000
RDL1_YEAST,EPSEYSIVHIPASINVPYR,3,30,31.28,0.963526788449994,-1000
RDL1_YEAST,EPSEYSIVHIPASINVPYR,3,31,17.42,0.964717976197989,-1000
RDL1_YEAST,EPSEYSIVHIPASINVPYR,3,37,23.65,0.968306285240987,-1000

