Protein,Peptied,charge,time,ionscore,corr_theo,corr_best_exp
NDUV2_HUMAN,DIEEIIDELK,2,10,49.82,0.997202947703011,-1000
NDUV2_HUMAN,DIEEIIDELK,2,11,37.09,0.997186090004652,-1000
NDUV2_HUMAN,DIEEIIDELK,2,12,46.38,0.970042673797751,-1000
NDUV2_HUMAN,DIEEIIDELK,2,13,37.3,0.990068227159302,-1000
NDUV2_HUMAN,DIEEIIDELK,2,14,47.69,0.996338417550305,-1000
NDUV2_HUMAN,DIEEIIDELK,2,15,43.47,0.999311869267864,-1000
NDUV2_HUMAN,DIEEIIDELK,2,21,37.4,0.990309211405818,-1000
NDUV2_HUMAN,DIEEIIDELK,2,22,40.6,0.99944456304946,-1000
NDUV2_HUMAN,DIEEIIDELK,2,26,35.44,0.977236211010617,-1000
NDUV2_HUMAN,DIEEIIDELK,2,29,49.3,0.996635475853031,-1000
NDUV2_HUMAN,DIEEIIDELK,2,34,41.73,0.998453395650819,-1000
NDUV2_HUMAN,VYEVATFYTMYNR,2,11,34.88,0.904267574894587,-1000
NDUV2_HUMAN,VYEVATFYTMYNR,2,13,36.07,0.957708528135642,-1000
NDUV2_HUMAN,VYEVATFYTMYNR,2,21,23.94,0.773523450508118,-1000
NDUV2_HUMAN,VYEVATFYTMYNR,2,26,36.29,0.924357683656969,-1000
NDUV2_HUMAN,VYEVATFYTMYNR,2,10,0,0.989489907569544,0.97584372087118
NDUV2_HUMAN,VYEVATFYTMYNR,2,12,0,0.982281030770966,0.982625405977834
NDUV2_HUMAN,VYEVATFYTMYNR,2,14,0,0.969649873086919,0.948906142457877
NDUV2_HUMAN,VYEVATFYTMYNR,2,15,0,0.879093219215794,0.952765462878664
NDUV2_HUMAN,VYEVATFYTMYNR,2,29,0,0.972507087523924,0.996401567223509

