Protein,Peptied,charge,time,ionscore,corr_theo,corr_best_exp
PTRD1_HUMAN,VVLEAPDETTLK,2,2,45.27,0.98917231400049,-1000
PTRD1_HUMAN,VVLEAPDETTLK,2,6,45.58,0.997179127634231,-1000
PTRD1_HUMAN,VVLEAPDETTLK,2,8,46.45,0.995093339977058,-1000
PTRD1_HUMAN,VVLEAPDETTLK,2,12,48.31,0.999431889893062,-1000
PTRD1_HUMAN,VVLEAPDETTLK,2,16,45.75,0.998489438261996,-1000
PTRD1_HUMAN,VVLEAPDETTLK,2,23,50.85,0.996637248813954,-1000
PTRD1_HUMAN,VVLEAPDETTLK,2,30,45.16,0.998825969070655,-1000

