Protein,Peptied,charge,time,ionscore,corr_theo,corr_best_exp
ARGI_YEAST,DSTTGGSSVMIDGVK,2,23,56.75,0.948609476189053,-1000
ARGI_YEAST,DSTTGGSSVMIDGVK,2,24,66.65,0.980591514571508,-1000
ARGI_YEAST,DSTTGGSSVMIDGVK,2,25,50.82,0.949267695986924,-1000
ARGI_YEAST,DSTTGGSSVMIDGVK,2,26,50.18,0.949312874119525,-1000
ARGI_YEAST,DSTTGGSSVMIDGVK,2,30,48.66,0.968242222599485,-1000
ARGI_YEAST,DSTTGGSSVMIDGVK,2,32,43.03,0.969303520827273,-1000
ARGI_YEAST,DSTTGGSSVMIDGVK,2,36,42.59,0.981450065442391,-1000
ARGI_YEAST,DSTTGGSSVMIDGVK,2,37,58.89,0.940330174393935,-1000
ARGI_YEAST,DSTTGGSSVMIDGVK,2,38,52.38,0.985074275629931,-1000
ARGI_YEAST,DSTTGGSSVMIDGVK,2,39,42.15,0.973482968963127,-1000

