Protein,Peptied,charge,time,ionscore,corr_theo,corr_best_exp
RHO1_YEAST,TcLLIVFSK,2,20,48.15,0.998842783117009,-1000
RHO1_YEAST,TcLLIVFSK,2,21,52.85,0.998727594625922,-1000
RHO1_YEAST,TcLLIVFSK,2,22,66.41,0.996961833969647,-1000
RHO1_YEAST,TcLLIVFSK,2,23,55.44,0.994532081017553,-1000
RHO1_YEAST,TcLLIVFSK,2,24,51.58,0.998882276528387,-1000
RHO1_YEAST,TcLLIVFSK,2,27,55.06,0.997003099880947,-1000
RHO1_YEAST,TcLLIVFSK,2,28,68.66,0.998142676017995,-1000
RHO1_YEAST,TcLLIVFSK,2,30,68.68,0.997457821363819,-1000
RHO1_YEAST,TcLLIVFSK,2,31,61.22,0.998099967125614,-1000
RHO1_YEAST,TcLLIVFSK,2,32,52.32,0.998568050807821,-1000
RHO1_YEAST,TcLLIVFSK,2,33,50.71,0.997320371230248,-1000
RHO1_YEAST,TcLLIVFSK,2,35,71.31,0.995354746430228,-1000
RHO1_YEAST,TcLLIVFSK,2,37,60.63,0.995998759244483,-1000
RHO1_YEAST,LVIVGDGAcGK,2,20,22.3,0.990620291297403,-1000
RHO1_YEAST,LVIVGDGAcGK,2,21,31.91,0.990235645949831,-1000
RHO1_YEAST,LVIVGDGAcGK,2,24,42.76,0.988943173484232,-1000
RHO1_YEAST,LVIVGDGAcGK,2,30,29.84,0.990086191742353,-1000
RHO1_YEAST,LVIVGDGAcGK,2,31,42.25,0.993803512187258,-1000
RHO1_YEAST,LVIVGDGAcGK,2,32,44.14,0.994027013877554,-1000
RHO1_YEAST,LVIVGDGAcGK,2,33,29.42,0.993389679967157,-1000
RHO1_YEAST,LVIVGDGAcGK,2,37,30.12,0.992884154476167,-1000
RHO1_YEAST,RVELALWDTAGQEDYDR,3,20,24.47,0.832864580549932,-1000
RHO1_YEAST,RVELALWDTAGQEDYDR,3,21,35.05,0.651039131893895,-1000
RHO1_YEAST,RVELALWDTAGQEDYDR,3,22,17.02,0.833106458245214,-1000
RHO1_YEAST,RVELALWDTAGQEDYDR,3,23,28.26,0.900751295008594,-1000
RHO1_YEAST,RVELALWDTAGQEDYDR,3,24,46.14,0.940408206661724,-1000
RHO1_YEAST,RVELALWDTAGQEDYDR,3,27,28.72,0.858529993637391,-1000
RHO1_YEAST,RVELALWDTAGQEDYDR,3,28,23.9,0.926615251976167,-1000
RHO1_YEAST,RVELALWDTAGQEDYDR,3,30,24.42,0.954225639173926,-1000
RHO1_YEAST,RVELALWDTAGQEDYDR,3,31,20.99,0.932090589112996,-1000
RHO1_YEAST,RVELALWDTAGQEDYDR,3,32,31.75,0.834414651992805,-1000
RHO1_YEAST,RVELALWDTAGQEDYDR,3,33,20.2,0.925921695840572,-1000
RHO1_YEAST,RVELALWDTAGQEDYDR,3,35,36.33,0.874546488649811,-1000
RHO1_YEAST,RVELALWDTAGQEDYDR,3,37,32.91,0.943529431204128,-1000

