Protein,Peptied,charge,time,ionscore,corr_theo,corr_best_exp
HIKES_HUMAN,LAQNPLFWK,2,3,43.06,0.964919977689146,-1000
HIKES_HUMAN,LAQNPLFWK,2,6,45.14,0.994456126445835,-1000
HIKES_HUMAN,LAQNPLFWK,2,8,47.02,0.984176824919391,-1000
HIKES_HUMAN,LAQNPLFWK,2,13,47.2,0.983208026581663,-1000
HIKES_HUMAN,LAQNPLFWK,2,14,37.25,0.999741198081684,-1000
HIKES_HUMAN,LAQNPLFWK,2,19,46.19,0.996575616058693,-1000

