Protein,Peptied,charge,time,ionscore,corr_theo,corr_best_exp
UBE4B_HUMAN,YPLMALGELcETK,2,4,27.92,0.975710576714347,-1000
UBE4B_HUMAN,YPLMALGELcETK,2,18,24.68,0.870947496266971,-1000
UBE4B_HUMAN,FFEMIENHPLSTK,3,5,21.49,0.840954175758659,-1000
UBE4B_HUMAN,FFEMIENHPLSTK,3,8,26.12,0.948260110691337,-1000
UBE4B_HUMAN,FFEMIENHPLSTK,3,17,26.44,0.937464267765807,-1000
UBE4B_HUMAN,FFEMIENHPLSTK,3,18,29.21,0.949263450132414,-1000
UBE4B_HUMAN,FFEMIENHPLSTK,3,22,23,0.992143485840849,-1000
UBE4B_HUMAN,FFEMIENHPLSTK,3,37,40.32,0.978688666818364,-1000
UBE4B_HUMAN,FFEMIENHPLSTK,3,4,0,0.852377517885248,0.852655835118341
UBE4B_HUMAN,AcADAGLLDESFLR,2,5,34.66,0.877385791465298,-1000
UBE4B_HUMAN,AcADAGLLDESFLR,2,8,31.86,0.910416920285852,-1000
UBE4B_HUMAN,AcADAGLLDESFLR,2,17,29.64,0.936355071918319,-1000
UBE4B_HUMAN,AcADAGLLDESFLR,2,18,32.68,0.796944528617121,-1000
UBE4B_HUMAN,AcADAGLLDESFLR,2,4,0,0.757113548063274,0.680807478682202
UBE4B_HUMAN,SQcISHTALVLQGSLTQPR,3,17,21.41,0.956024014546353,-1000
UBE4B_HUMAN,SQcISHTALVLQGSLTQPR,3,4,0,0.757088397436817,0.630441223550748
UBE4B_HUMAN,SQcISHTALVLQGSLTQPR,3,8,0,0.943677668612381,0.813041704578895
UBE4B_HUMAN,SQcISHTALVLQGSLTQPR,3,18,0,0.713282314232935,0.533009715865353

