Protein,Peptied,charge,time,ionscore,corr_theo,corr_best_exp
H1BP3_HUMAN,DAELAGSPELLEFLGTR,2,2,51.2,0.991523498325112,-1000
H1BP3_HUMAN,DAELAGSPELLEFLGTR,2,3,54.4,0.984139609419083,-1000
H1BP3_HUMAN,DAELAGSPELLEFLGTR,2,11,48.27,0.959097592583149,-1000
H1BP3_HUMAN,DAELAGSPELLEFLGTR,2,15,67.79,0.996681997820641,-1000
H1BP3_HUMAN,DAELAGSPELLEFLGTR,2,17,46.33,0.959891355153896,-1000
H1BP3_HUMAN,DAELAGSPELLEFLGTR,2,19,50.55,0.997470139617745,-1000
H1BP3_HUMAN,DAELAGSPELLEFLGTR,2,22,53.33,0.970830420265726,-1000
H1BP3_HUMAN,DAELAGSPELLEFLGTR,2,23,62.32,0.972183439664527,-1000
H1BP3_HUMAN,DAELAGSPELLEFLGTR,2,25,68.2,0.985553449159918,-1000
H1BP3_HUMAN,DAELAGSPELLEFLGTR,2,32,63.45,0.982557623607178,-1000
H1BP3_HUMAN,DAELAGSPELLEFLGTR,2,33,74.95,0.964101591032939,-1000
H1BP3_HUMAN,DAELAGSPELLEFLGTR,2,35,70.98,0.957479749464741,-1000
H1BP3_HUMAN,DAELAGSPELLEFLGTR,2,36,56.78,0.933010865291104,-1000
H1BP3_HUMAN,DAELAGSPELLEFLGTR,2,37,92.81,0.96480268258568,-1000
H1BP3_HUMAN,DAELAGSPELLEFLGTR,2,38,57.04,0.95194877177615,-1000
H1BP3_HUMAN,DAELAGSPELLEFLGTR,2,39,73.96,0.977432447394492,-1000
H1BP3_HUMAN,AVFNEILR,2,3,31.85,0.970361150110528,-1000
H1BP3_HUMAN,AVFNEILR,2,2,0,0.989295875846107,0.970782912429994

