Protein,Peptied,charge,time,ionscore,corr_theo,corr_best_exp
TXTP_HUMAN,FGMFEFLSNHMR,3,1,42,0.991461137401943,-1000
TXTP_HUMAN,FGMFEFLSNHMR,3,2,40.79,0.962633474793761,-1000
TXTP_HUMAN,FGMFEFLSNHMR,3,3,42.53,0.979880314320102,-1000
TXTP_HUMAN,FGMFEFLSNHMR,3,4,42.45,0.995381630325095,-1000
TXTP_HUMAN,FGMFEFLSNHMR,3,6,47.91,0.993179591716413,-1000
TXTP_HUMAN,FGMFEFLSNHMR,3,8,46.89,0.990146337788503,-1000
TXTP_HUMAN,FGMFEFLSNHMR,3,15,43.1,0.989247074593527,-1000
TXTP_HUMAN,FGMFEFLSNHMR,3,32,49.86,0.989930026883168,-1000
TXTP_HUMAN,FGMFEFLSNHMR,3,39,37.46,0.960051332798088,-1000

