Protein,Peptied,charge,time,ionscore,corr_theo,corr_best_exp
CPSF4_HUMAN,MPEcYFYSK,2,0,41.34,0.997624074585887,-1000
CPSF4_HUMAN,MPEcYFYSK,2,13,23.94,0.993201865751936,-1000
CPSF4_HUMAN,MPEcYFYSK,2,21,25.3,0.994820347505003,-1000
CPSF4_HUMAN,MPEcYFYSK,2,28,41.27,0.995127963440338,-1000
CPSF4_HUMAN,MPEcYFYSK,2,32,27.95,0.974857354133073,-1000
CPSF4_HUMAN,TPQVIGVMQSQNSSAGNR,3,13,32.6,0.993835373483524,-1000
CPSF4_HUMAN,TPQVIGVMQSQNSSAGNR,3,21,18.07,0.832723279247748,-1000
CPSF4_HUMAN,TPQVIGVMQSQNSSAGNR,3,32,37.72,0.886706238119294,-1000
CPSF4_HUMAN,TPQVIGVMQSQNSSAGNR,3,0,0,0.972283082771003,0.974177245938901
CPSF4_HUMAN,TPQVIGVMQSQNSSAGNR,3,28,0,0.926231779445144,0.935082065317671

