Protein,Peptied,charge,time,ionscore,corr_theo,corr_best_exp
DHX40_HUMAN,LGLDILEVVPISK,2,16,40.37,0.982657817128326,-1000
DHX40_HUMAN,LGLDILEVVPISK,2,29,29.74,0.975573413199542,-1000
DHX40_HUMAN,LGLDILEVVPISK,2,30,39.99,0.990169360656676,-1000
DHX40_HUMAN,TLTTDILFGLLK,2,29,41.41,0.988698588989043,-1000
DHX40_HUMAN,TLTTDILFGLLK,2,30,38.34,0.984438931534664,-1000
DHX40_HUMAN,TLTTDILFGLLK,2,16,0,0.992438405793763,0.990038387150538

