Protein,Peptied,charge,time,ionscore,corr_theo,corr_best_exp
YN034_YEAST,SPIAEIIR,2,21,27.66,0.990411255362394,-1000
YN034_YEAST,SPIAEIIR,2,31,33.9,0.9986803863015,-1000
YN034_YEAST,SPIAEIIR,2,34,27.39,0.997517501100307,-1000
YN034_YEAST,AGHFIVYFTPK,3,21,30.38,0.991697698937443,-1000
YN034_YEAST,AGHFIVYFTPK,3,23,29.41,0.973908678453512,-1000
YN034_YEAST,AGHFIVYFTPK,3,31,34.91,0.998606881644508,-1000
YN034_YEAST,AGHFIVYFTPK,3,34,30.03,0.98753498974339,-1000

