Protein,Peptied,charge,time,ionscore,corr_theo,corr_best_exp
CACM_YEAST,TVLSAENLDALNTLHER,3,20,48.24,0.983252766230975,-1000
CACM_YEAST,TVLSAENLDALNTLHER,3,21,63.52,0.997373332082682,-1000
CACM_YEAST,TVLSAENLDALNTLHER,3,22,41.95,0.988727025630943,-1000
CACM_YEAST,TVLSAENLDALNTLHER,3,23,60.53,0.977320497859056,-1000
CACM_YEAST,TVLSAENLDALNTLHER,3,25,44.42,0.993897501427123,-1000
CACM_YEAST,TVLSAENLDALNTLHER,3,27,56.05,0.99211605370949,-1000
CACM_YEAST,TVLSAENLDALNTLHER,3,28,45.47,0.987872706705263,-1000
CACM_YEAST,TVLSAENLDALNTLHER,3,29,56.22,0.983624099195546,-1000
CACM_YEAST,TVLSAENLDALNTLHER,3,30,79.41,0.968164333749173,-1000
CACM_YEAST,TVLSAENLDALNTLHER,3,31,61.75,0.989062780291679,-1000
CACM_YEAST,TVLSAENLDALNTLHER,3,32,46.67,0.980686267297808,-1000
CACM_YEAST,TVLSAENLDALNTLHER,3,33,51.15,0.973568360595751,-1000
CACM_YEAST,TVLSAENLDALNTLHER,3,34,64.79,0.986340112208053,-1000
CACM_YEAST,TVLSAENLDALNTLHER,3,35,59.32,0.971517447170291,-1000
CACM_YEAST,TVLSAENLDALNTLHER,3,36,54.6,0.977815418192493,-1000
CACM_YEAST,TVLSAENLDALNTLHER,3,37,58.78,0.979393167881415,-1000
CACM_YEAST,TVLSAENLDALNTLHER,3,38,46.62,0.982347410795182,-1000
CACM_YEAST,TVLSAENLDALNTLHER,3,39,53.99,0.985103420681971,-1000

