Protein,Peptied,charge,time,ionscore,corr_theo,corr_best_exp
COG2_HUMAN,SFSALAELVAAAK,2,11,42.82,0.990789403051164,-1000
COG2_HUMAN,SFSALAELVAAAK,2,17,41.77,0.999758178933113,-1000
COG2_HUMAN,SFSALAELVAAAK,2,18,34,0.997817682146295,-1000
COG2_HUMAN,SFSALAELVAAAK,2,24,49.13,0.998978324772618,-1000
COG2_HUMAN,IIQDLSDScFGFLK,2,11,32.46,0.974050072018299,-1000
COG2_HUMAN,IIQDLSDScFGFLK,2,18,25.79,0.97275938428744,-1000
COG2_HUMAN,IIQDLSDScFGFLK,2,17,0,0.990837410799945,0.984743770436806
COG2_HUMAN,IIQDLSDScFGFLK,2,24,0,0.954806877869722,0.922147867013733

