Protein,Peptied,charge,time,ionscore,corr_theo,corr_best_exp
CD59_HUMAN,FEHcNFNDVTTR,3,6,27.94,0.999535561099371,-1000
CD59_HUMAN,FEHcNFNDVTTR,3,7,31.71,0.998662563065062,-1000
CD59_HUMAN,FEHcNFNDVTTR,3,10,31.35,0.992222449402887,-1000
CD59_HUMAN,FEHcNFNDVTTR,3,11,22.42,0.998124218354191,-1000
CD59_HUMAN,FEHcNFNDVTTR,3,18,22.11,0.999827226862601,-1000
CD59_HUMAN,FEHcNFNDVTTR,3,21,28.44,0.998278272564545,-1000
CD59_HUMAN,FEHcNFNDVTTR,3,27,31.2,0.99929291895315,-1000
CD59_HUMAN,FEHcNFNDVTTR,3,33,20.81,0.99813024908398,-1000
CD59_HUMAN,FEHcNFNDVTTR,3,34,22.64,0.995154071135151,-1000
CD59_HUMAN,LRENELTYYccK,3,6,31.18,0.999407867089797,-1000
CD59_HUMAN,LRENELTYYccK,3,7,27.67,0.998755797837599,-1000
CD59_HUMAN,LRENELTYYccK,3,10,25.98,0.999200338278235,-1000
CD59_HUMAN,LRENELTYYccK,3,11,39.62,0.997760654361678,-1000
CD59_HUMAN,LRENELTYYccK,3,18,35.38,0.991443341497885,-1000
CD59_HUMAN,LRENELTYYccK,3,21,34.96,0.996400613454084,-1000
CD59_HUMAN,LRENELTYYccK,3,27,29.47,0.997655700504951,-1000
CD59_HUMAN,LRENELTYYccK,3,33,29.39,0.997206455047715,-1000
CD59_HUMAN,LRENELTYYccK,3,34,38.32,0.998586015733101,-1000
CD59_HUMAN,ENELTYYccK,2,27,24.98,0.981379729146881,-1000
CD59_HUMAN,ENELTYYccK,2,6,0,0.965001394374135,0.95479484164433
CD59_HUMAN,ENELTYYccK,2,7,0,0.996360616320573,0.977820867131668
CD59_HUMAN,ENELTYYccK,2,10,0,0.932027611526443,0.898189953973318
CD59_HUMAN,ENELTYYccK,2,11,0,0.999322780766671,0.977501655910809
CD59_HUMAN,ENELTYYccK,2,18,0,0.994245907066122,0.962913939899371
CD59_HUMAN,ENELTYYccK,2,21,0,0.904878399584486,0.861950979829646
CD59_HUMAN,ENELTYYccK,2,34,0,0.986592345304898,0.941568983973892

