Protein,Peptied,charge,time,ionscore,corr_theo,corr_best_exp
SURF6_HUMAN,EEAAWASSSAGNPADGLATEPESVFALDVLR,3,3,42.54,0.928948462516892,-1000
SURF6_HUMAN,EEAAWASSSAGNPADGLATEPESVFALDVLR,3,8,64.43,0.951746544809531,-1000
SURF6_HUMAN,EEAAWASSSAGNPADGLATEPESVFALDVLR,3,14,80.21,0.977100944563297,-1000
SURF6_HUMAN,EEAAWASSSAGNPADGLATEPESVFALDVLR,3,15,64.54,0.95740989722413,-1000
SURF6_HUMAN,EEAAWASSSAGNPADGLATEPESVFALDVLR,3,16,49.26,0.960312679923417,-1000
SURF6_HUMAN,EEAAWASSSAGNPADGLATEPESVFALDVLR,3,19,79.41,0.966550517975657,-1000
SURF6_HUMAN,EEAAWASSSAGNPADGLATEPESVFALDVLR,3,27,56.62,0.984040787630993,-1000
SURF6_HUMAN,EEAAWASSSAGNPADGLATEPESVFALDVLR,3,28,55.34,0.977473575020584,-1000
SURF6_HUMAN,EEAAWASSSAGNPADGLATEPESVFALDVLR,3,29,51.11,0.99079826623104,-1000
SURF6_HUMAN,EEAAWASSSAGNPADGLATEPESVFALDVLR,3,30,79.72,0.969642313828784,-1000
SURF6_HUMAN,EEAAWASSSAGNPADGLATEPESVFALDVLR,3,31,69.93,0.981849987026489,-1000
SURF6_HUMAN,EEAAWASSSAGNPADGLATEPESVFALDVLR,3,32,63.67,0.929198555651002,-1000
SURF6_HUMAN,EEAAWASSSAGNPADGLATEPESVFALDVLR,3,33,63.8,0.96060706731139,-1000
SURF6_HUMAN,EEAAWASSSAGNPADGLATEPESVFALDVLR,3,34,74.65,0.923160249772235,-1000
SURF6_HUMAN,EEAAWASSSAGNPADGLATEPESVFALDVLR,3,36,79.6,0.970696545545154,-1000
SURF6_HUMAN,EPPGLIFNK,2,14,22.26,0.95562351120188,-1000
SURF6_HUMAN,EPPGLIFNK,2,29,15.59,0.997058146700514,-1000
SURF6_HUMAN,EPPGLIFNK,2,30,18.7,0.958467538567839,-1000
SURF6_HUMAN,EPPGLIFNK,2,31,20.02,0.981231319935768,-1000
SURF6_HUMAN,EPPGLIFNK,2,32,17.95,0.976008523757753,-1000
SURF6_HUMAN,EPPGLIFNK,2,33,19.63,0.997691174729527,-1000
SURF6_HUMAN,EPPGLIFNK,2,34,17.62,0.99485639793179,-1000
SURF6_HUMAN,EPPGLIFNK,2,36,15.31,0.926777051094396,-1000
SURF6_HUMAN,EPPGLIFNK,2,3,0,0.989951723061369,0.988148564424264
SURF6_HUMAN,EPPGLIFNK,2,8,0,0.990530604413487,0.993416489544303
SURF6_HUMAN,EPPGLIFNK,2,15,0,0.997951004273773,0.999645551361118
SURF6_HUMAN,EPPGLIFNK,2,16,0,0.991834783634101,0.995183298472252
SURF6_HUMAN,EPPGLIFNK,2,19,0,0.924459323621837,0.946397359126676
SURF6_HUMAN,EPPGLIFNK,2,27,0,0.972389616536736,0.97037311933332
SURF6_HUMAN,EPPGLIFNK,2,28,0,0.972399996410321,0.984537935453619

