Protein,Peptied,charge,time,ionscore,corr_theo,corr_best_exp
SPIN1_HUMAN,VSALEVLPDR,2,0,42.01,0.993802623864944,-1000
SPIN1_HUMAN,VSALEVLPDR,2,3,20.55,0.98951849012372,-1000
SPIN1_HUMAN,VSALEVLPDR,2,5,25.07,0.998144640517167,-1000
SPIN1_HUMAN,VSALEVLPDR,2,7,26.77,0.973951989601586,-1000
SPIN1_HUMAN,VSALEVLPDR,2,14,21.52,0.842512723176729,-1000
SPIN1_HUMAN,VSALEVLPDR,2,15,55.74,0.969530282006246,-1000
SPIN1_HUMAN,VSALEVLPDR,2,16,28.8,0.891514748424762,-1000
SPIN1_HUMAN,VSALEVLPDR,2,19,38.59,0.976399947430803,-1000
SPIN1_HUMAN,VSALEVLPDR,2,33,51.13,0.868449159115802,-1000
SPIN1_HUMAN,VSALEVLPDR,2,35,26.32,0.949762477758713,-1000
SPIN1_HUMAN,VSALEVLPDR,2,36,50.45,0.690437190962971,-1000
SPIN1_HUMAN,VSALEVLPDR,2,38,33.24,0.870094134181048,-1000
SPIN1_HUMAN,YDGFDcVYGLELNKDER,3,0,29.67,0.883432560315944,-1000
SPIN1_HUMAN,YDGFDcVYGLELNKDER,3,3,35.36,0.906803148161512,-1000
SPIN1_HUMAN,YDGFDcVYGLELNKDER,3,5,41.97,0.897552795704313,-1000
SPIN1_HUMAN,YDGFDcVYGLELNKDER,3,7,42.83,0.869622190226281,-1000
SPIN1_HUMAN,YDGFDcVYGLELNKDER,3,14,38.58,0.950702471747193,-1000
SPIN1_HUMAN,YDGFDcVYGLELNKDER,3,15,19.68,0.754838665236536,-1000
SPIN1_HUMAN,YDGFDcVYGLELNKDER,3,16,32.14,0.892247418997364,-1000
SPIN1_HUMAN,YDGFDcVYGLELNKDER,3,19,18.04,0.985770617756655,-1000
SPIN1_HUMAN,YDGFDcVYGLELNKDER,3,35,45.23,0.941645711387471,-1000
SPIN1_HUMAN,YDGFDcVYGLELNKDER,3,38,24.9,0.835177949944193,-1000

