Protein,Peptied,charge,time,ionscore,corr_theo,corr_best_exp
TRX2_YEAST,SASEYDSALASGDK,2,20,45.59,0.983263587385663,-1000
TRX2_YEAST,SASEYDSALASGDK,2,22,50.24,0.98369545827808,-1000
TRX2_YEAST,SASEYDSALASGDK,2,24,32.5,0.993978435552418,-1000
TRX2_YEAST,SASEYDSALASGDK,2,30,53.12,0.99567401369352,-1000
TRX2_YEAST,SASEYDSALASGDK,2,31,55.75,0.973810950779804,-1000
TRX2_YEAST,SASEYDSALASGDK,2,33,43.1,0.997879448595003,-1000
TRX2_YEAST,SASEYDSALASGDK,2,34,46.62,0.998450123786612,-1000
TRX2_YEAST,SASEYDSALASGDK,2,35,54.96,0.990900711918848,-1000
TRX2_YEAST,SASEYDSALASGDK,2,39,51.12,0.991784487439839,-1000
TRX2_YEAST,SASEYDSALASGDK,2,21,0,0.998566815019993,0.99942143460809
TRX2_YEAST,SASEYDSALASGDK,2,23,0,0.974564829240306,0.974939483372322
TRX2_YEAST,SASEYDSALASGDK,2,26,0,0.985324872614801,0.983764019137576
TRX2_YEAST,SASEYDSALASGDK,2,28,0,0.994258594102658,0.99552643801052
TRX2_YEAST,SASEYDSALASGDK,2,29,0,0.991171345413788,0.991074033467667
TRX2_YEAST,SASEYDSALASGDK,2,37,0,0.992384485042031,0.993394262365117
TRX2_YEAST,AEVSSMPTLIFYK,2,21,55.59,0.985688121918709,-1000
TRX2_YEAST,AEVSSMPTLIFYK,2,22,40.26,0.984755763128565,-1000
TRX2_YEAST,AEVSSMPTLIFYK,2,23,55.34,0.993834253944774,-1000
TRX2_YEAST,AEVSSMPTLIFYK,2,24,43.54,0.992638087070799,-1000
TRX2_YEAST,AEVSSMPTLIFYK,2,26,48.33,0.994284444391747,-1000
TRX2_YEAST,AEVSSMPTLIFYK,2,28,59.58,0.989120639165178,-1000
TRX2_YEAST,AEVSSMPTLIFYK,2,30,59.57,0.989746865648922,-1000
TRX2_YEAST,AEVSSMPTLIFYK,2,31,59.05,0.994116784095218,-1000
TRX2_YEAST,AEVSSMPTLIFYK,2,33,42.67,0.987033969157751,-1000
TRX2_YEAST,AEVSSMPTLIFYK,2,37,55.35,0.983549455289886,-1000
TRX2_YEAST,AEVSSMPTLIFYK,2,39,44.05,0.99199667374427,-1000
TRX2_YEAST,AEVSSMPTLIFYK,2,20,0,0.9969461687051,0.998657388496181
TRX2_YEAST,AEVSSMPTLIFYK,2,29,0,0.98713110381666,0.994771707464866
TRX2_YEAST,AEVSSMPTLIFYK,2,34,0,0.991219986127635,0.9930404300702
TRX2_YEAST,AEVSSMPTLIFYK,2,35,0,0.927987352962793,0.93097530947286

