Protein,Peptied,charge,time,ionscore,corr_theo,corr_best_exp
GLP3L_HUMAN,LTLMEEVLLLGLK,2,1,82.57,0.997570141952325,-1000
GLP3L_HUMAN,LTLMEEVLLLGLK,2,2,51.15,0.996600290328461,-1000
GLP3L_HUMAN,LTLMEEVLLLGLK,2,3,55.65,0.992996194677135,-1000
GLP3L_HUMAN,LTLMEEVLLLGLK,2,4,56.34,0.997007862258984,-1000
GLP3L_HUMAN,LTLMEEVLLLGLK,2,5,69.18,0.98467757336854,-1000
GLP3L_HUMAN,LTLMEEVLLLGLK,2,6,64.19,0.998505503078133,-1000
GLP3L_HUMAN,LTLMEEVLLLGLK,2,8,68.18,0.992109228673594,-1000
GLP3L_HUMAN,LTLMEEVLLLGLK,2,11,56.4,0.992349795512097,-1000
GLP3L_HUMAN,LTLMEEVLLLGLK,2,12,36.78,0.995138847363158,-1000
GLP3L_HUMAN,LTLMEEVLLLGLK,2,20,55.76,0.995406339064217,-1000
GLP3L_HUMAN,LTLMEEVLLLGLK,2,22,42.59,0.995842401622578,-1000
GLP3L_HUMAN,LTLMEEVLLLGLK,2,24,54.18,0.992120342313249,-1000
GLP3L_HUMAN,LTLMEEVLLLGLK,2,25,50,0.996101110123461,-1000
GLP3L_HUMAN,LTLMEEVLLLGLK,2,26,28.09,0.996571869898539,-1000
GLP3L_HUMAN,SDSPTGDVLLDETLK,2,1,22.59,0.995266329660853,-1000
GLP3L_HUMAN,SDSPTGDVLLDETLK,2,2,61.85,0.990461554661292,-1000
GLP3L_HUMAN,SDSPTGDVLLDETLK,2,3,59.26,0.987775196969999,-1000
GLP3L_HUMAN,SDSPTGDVLLDETLK,2,4,50.36,0.993639173307319,-1000
GLP3L_HUMAN,SDSPTGDVLLDETLK,2,5,26.71,0.986635206395369,-1000
GLP3L_HUMAN,SDSPTGDVLLDETLK,2,6,42.27,0.99310194734804,-1000
GLP3L_HUMAN,SDSPTGDVLLDETLK,2,8,60.86,0.984665117192586,-1000
GLP3L_HUMAN,SDSPTGDVLLDETLK,2,11,31.57,0.989974204620729,-1000
GLP3L_HUMAN,SDSPTGDVLLDETLK,2,12,24.44,0.971060434413037,-1000
GLP3L_HUMAN,SDSPTGDVLLDETLK,2,13,41.52,0.993852991619395,-1000
GLP3L_HUMAN,SDSPTGDVLLDETLK,2,15,51.72,0.991064788141101,-1000
GLP3L_HUMAN,SDSPTGDVLLDETLK,2,17,34.56,0.98973379910793,-1000
GLP3L_HUMAN,SDSPTGDVLLDETLK,2,20,35.51,0.943069169996299,-1000
GLP3L_HUMAN,SDSPTGDVLLDETLK,2,22,21.51,0.927283245477446,-1000
GLP3L_HUMAN,SDSPTGDVLLDETLK,2,25,59.55,0.958894193855385,-1000
GLP3L_HUMAN,SDSPTGDVLLDETLK,2,26,47.78,0.971914018542523,-1000
GLP3L_HUMAN,SDSPTGDVLLDETLK,2,30,53.49,0.974007678465701,-1000

