Protein,Peptied,charge,time,ionscore,corr_theo,corr_best_exp
ASF1A_HUMAN,IIYVGSAESEEYDQVLDSVLVGPVPAGR,3,2,56.27,0.792567568881777,-1000
ASF1A_HUMAN,IIYVGSAESEEYDQVLDSVLVGPVPAGR,3,3,51.71,0.936391026678638,-1000
ASF1A_HUMAN,IIYVGSAESEEYDQVLDSVLVGPVPAGR,3,16,39.21,0.746196879724007,-1000
ASF1A_HUMAN,IIYVGSAESEEYDQVLDSVLVGPVPAGR,3,17,51.66,0.788446291797499,-1000
ASF1A_HUMAN,IIYVGSAESEEYDQVLDSVLVGPVPAGR,3,21,34.79,0.947202601728351,-1000
ASF1A_HUMAN,IIYVGSAESEEYDQVLDSVLVGPVPAGR,3,28,25.53,0.918173089022431,-1000
ASF1A_HUMAN,IIYVGSAESEEYDQVLDSVLVGPVPAGR,3,31,45.2,0.936704053567169,-1000
ASF1A_HUMAN,IIYVGSAESEEYDQVLDSVLVGPVPAGR,3,35,38.93,0.970968005157668,-1000
ASF1A_HUMAN,IIYVGSAESEEYDQVLDSVLVGPVPAGR,3,39,42.87,0.798362687831254,-1000
ASF1A_HUMAN,IIYVGSAESEEYDQVLDSVLVGPVPAGR,3,12,0,0.941737318173332,0.962093006580698
ASF1A_HUMAN,VGYYVNNEYTETELR,2,12,49.87,0.995280269636701,-1000
ASF1A_HUMAN,VGYYVNNEYTETELR,2,16,59.29,0.968385774159679,-1000
ASF1A_HUMAN,VGYYVNNEYTETELR,2,17,49.38,0.944146609862274,-1000
ASF1A_HUMAN,VGYYVNNEYTETELR,2,18,55.76,0.986666974765783,-1000
ASF1A_HUMAN,VGYYVNNEYTETELR,2,21,45.64,0.972984094108776,-1000
ASF1A_HUMAN,VGYYVNNEYTETELR,2,28,69.91,0.986575383453499,-1000
ASF1A_HUMAN,VGYYVNNEYTETELR,2,35,60.05,0.937998849825985,-1000
ASF1A_HUMAN,VGYYVNNEYTETELR,2,39,63.62,0.983101061836798,-1000
ASF1A_HUMAN,VGYYVNNEYTETELR,2,2,0,0.980663700883713,0.97462878944634
ASF1A_HUMAN,VGYYVNNEYTETELR,2,3,0,0.984554294156146,0.969072859334717
ASF1A_HUMAN,VGYYVNNEYTETELR,2,31,0,0.993580368624838,0.991408298423944

