Protein,Peptied,charge,time,ionscore,corr_theo,corr_best_exp
VP37A_HUMAN,VAAHEAEEESDNIAEDFLEGK,3,1,46.32,0.963525941051204,-1000
VP37A_HUMAN,VAAHEAEEESDNIAEDFLEGK,3,4,45.22,0.980550871346426,-1000
VP37A_HUMAN,VAAHEAEEESDNIAEDFLEGK,3,5,52.16,0.920204330865757,-1000
VP37A_HUMAN,VAAHEAEEESDNIAEDFLEGK,3,10,49.99,0.912440552769604,-1000
VP37A_HUMAN,VAAHEAEEESDNIAEDFLEGK,3,12,62.36,0.946145154633358,-1000
VP37A_HUMAN,VAAHEAEEESDNIAEDFLEGK,3,13,50.6,0.994295071063022,-1000
VP37A_HUMAN,VAAHEAEEESDNIAEDFLEGK,3,14,29.98,0.974942621769304,-1000
VP37A_HUMAN,VAAHEAEEESDNIAEDFLEGK,3,15,52.55,0.995066495119029,-1000
VP37A_HUMAN,VAAHEAEEESDNIAEDFLEGK,3,16,56.54,0.988466547419585,-1000
VP37A_HUMAN,VAAHEAEEESDNIAEDFLEGK,3,19,54.49,0.947605815854118,-1000
VP37A_HUMAN,VAAHEAEEESDNIAEDFLEGK,3,20,62.15,0.848935466692876,-1000
VP37A_HUMAN,VAAHEAEEESDNIAEDFLEGK,3,23,60.99,0.975530546511397,-1000
VP37A_HUMAN,VAAHEAEEESDNIAEDFLEGK,3,26,48.75,0.971527016882538,-1000
VP37A_HUMAN,VAAHEAEEESDNIAEDFLEGK,3,27,47.04,0.935483595876183,-1000
VP37A_HUMAN,VAAHEAEEESDNIAEDFLEGK,3,29,46.54,0.967534793420094,-1000
VP37A_HUMAN,VAAHEAEEESDNIAEDFLEGK,3,30,55.46,0.979908581382344,-1000
VP37A_HUMAN,VAAHEAEEESDNIAEDFLEGK,3,31,65.85,0.95899760598173,-1000
VP37A_HUMAN,VAAHEAEEESDNIAEDFLEGK,3,33,48.06,0.968585507576035,-1000
VP37A_HUMAN,VAAHEAEEESDNIAEDFLEGK,3,35,51.62,0.984020654845624,-1000
VP37A_HUMAN,VAAHEAEEESDNIAEDFLEGK,3,37,50.94,0.919781543434389,-1000
VP37A_HUMAN,VAAHEAEEESDNIAEDFLEGK,3,38,56.98,0.987335698236557,-1000

