Protein,Peptied,charge,time,ionscore,corr_theo,corr_best_exp
KPCD_HUMAN,LLAEALNQVTQR,2,0,61.12,0.996484666753891,-1000
KPCD_HUMAN,LLAEALNQVTQR,2,1,64.07,0.989498118905375,-1000
KPCD_HUMAN,LLAEALNQVTQR,2,2,60.39,0.981367556030117,-1000
KPCD_HUMAN,LLAEALNQVTQR,2,4,43.12,0.980798069303531,-1000
KPCD_HUMAN,LLAEALNQVTQR,2,5,38.2,0.995311388204928,-1000
KPCD_HUMAN,LLAEALNQVTQR,2,6,32.74,0.944618610522569,-1000
KPCD_HUMAN,DYSNFDQEFLNEK,2,0,25.17,0.991931464028195,-1000
KPCD_HUMAN,DYSNFDQEFLNEK,2,5,23.29,0.88096633908184,-1000
KPCD_HUMAN,DYSNFDQEFLNEK,2,2,0,0.814984840694316,0.815515356183953
KPCD_HUMAN,DYSNFDQEFLNEK,2,8,0,0.942397405317054,0.949968099901862
KPCD_HUMAN,DVVLIDDDVEcTMVEK,2,1,29.79,0.976886072448043,-1000
KPCD_HUMAN,DVVLIDDDVEcTMVEK,2,4,16.16,0.979338961683374,-1000
KPCD_HUMAN,DVVLIDDDVEcTMVEK,2,6,19.72,0.971701872071933,-1000
KPCD_HUMAN,DVVLIDDDVEcTMVEK,2,25,25.36,0.935218036086574,-1000
KPCD_HUMAN,DVVLIDDDVEcTMVEK,2,0,0,0.841510334526232,0.90609483841767
KPCD_HUMAN,DVVLIDDDVEcTMVEK,2,2,0,0.973636815577354,0.995672193988847
KPCD_HUMAN,DVVLIDDDVEcTMVEK,2,5,0,0.837089673206229,0.872826516978224
KPCD_HUMAN,DVVLIDDDVEcTMVEK,2,8,0,0.958292944732907,0.972593730149097

