Protein,Peptied,charge,time,ionscore,corr_theo,corr_best_exp
R13P3_HUMAN,MVVPAALK,2,20,35.23,0.995164335397183,-1000
R13P3_HUMAN,MVVPAALK,2,31,26.28,0.995329348478696,-1000
R13P3_HUMAN,MVVPAALK,2,35,26.85,0.99600669397442,-1000
R13P3_HUMAN,YQAVTATLEEK,2,20,55.14,0.999649798595319,-1000
R13P3_HUMAN,YQAVTATLEEK,2,31,54.6,0.999211070683818,-1000
R13P3_HUMAN,YQAVTATLEEK,2,35,54.99,0.999139359038734,-1000

