Protein,Peptied,charge,time,ionscore,corr_theo,corr_best_exp
RNH2C_HUMAN,FTLWGLETIPGPDAK,2,0,28.02,0.988553787142713,-1000
RNH2C_HUMAN,FTLWGLETIPGPDAK,2,3,21.34,0.970826147437319,-1000
RNH2C_HUMAN,FTLWGLETIPGPDAK,2,4,26.62,0.992760406300069,-1000
RNH2C_HUMAN,FTLWGLETIPGPDAK,2,7,43.58,0.984307195560685,-1000
RNH2C_HUMAN,FTLWGLETIPGPDAK,2,8,21.28,0.991799511600639,-1000
RNH2C_HUMAN,FTLWGLETIPGPDAK,2,10,28.3,0.993522265773748,-1000
RNH2C_HUMAN,FTLWGLETIPGPDAK,2,13,30.53,0.996928811255812,-1000
RNH2C_HUMAN,FTLWGLETIPGPDAK,2,14,30.65,0.986210029873181,-1000
RNH2C_HUMAN,FTLWGLETIPGPDAK,2,17,34.79,0.996933785748925,-1000
RNH2C_HUMAN,FTLWGLETIPGPDAK,2,19,36.67,0.979096004867111,-1000
RNH2C_HUMAN,FTLWGLETIPGPDAK,2,21,43.95,0.963893263135876,-1000
RNH2C_HUMAN,FTLWGLETIPGPDAK,2,29,26.01,0.955071523966578,-1000
RNH2C_HUMAN,FTLWGLETIPGPDAK,2,36,42.37,0.954570312115146,-1000
RNH2C_HUMAN,DAVPATLHLLPcEVAVDGPAPVGR,3,0,38.48,0.977978311354314,-1000
RNH2C_HUMAN,DAVPATLHLLPcEVAVDGPAPVGR,3,3,37.27,0.977907071191157,-1000
RNH2C_HUMAN,DAVPATLHLLPcEVAVDGPAPVGR,3,4,39.4,0.996739975790774,-1000
RNH2C_HUMAN,DAVPATLHLLPcEVAVDGPAPVGR,3,7,33.25,0.993817084200575,-1000
RNH2C_HUMAN,DAVPATLHLLPcEVAVDGPAPVGR,3,8,39.56,0.987492768521499,-1000
RNH2C_HUMAN,DAVPATLHLLPcEVAVDGPAPVGR,3,10,30.92,0.954993055821813,-1000
RNH2C_HUMAN,DAVPATLHLLPcEVAVDGPAPVGR,3,13,35.34,0.981383628025335,-1000
RNH2C_HUMAN,DAVPATLHLLPcEVAVDGPAPVGR,3,14,28.55,0.995209540171111,-1000
RNH2C_HUMAN,DAVPATLHLLPcEVAVDGPAPVGR,3,17,22.11,0.977556185895199,-1000
RNH2C_HUMAN,DAVPATLHLLPcEVAVDGPAPVGR,3,19,37.86,0.988042427813443,-1000
RNH2C_HUMAN,DAVPATLHLLPcEVAVDGPAPVGR,3,21,31.6,0.944514057537422,-1000
RNH2C_HUMAN,DAVPATLHLLPcEVAVDGPAPVGR,3,29,31.96,0.995614259624734,-1000
RNH2C_HUMAN,DAVPATLHLLPcEVAVDGPAPVGR,3,36,19.66,0.967037997840471,-1000

