Protein,Peptied,charge,time,ionscore,corr_theo,corr_best_exp
RL19A_YEAST,VWLDPNETSEIAQANSR,2,21,113.84,0.993950412152391,-1000
RL19A_YEAST,VWLDPNETSEIAQANSR,2,22,113.57,0.99481569050569,-1000
RL19A_YEAST,VWLDPNETSEIAQANSR,2,23,119.43,0.992334401318347,-1000
RL19A_YEAST,VWLDPNETSEIAQANSR,2,24,114.28,0.983758394845524,-1000
RL19A_YEAST,VWLDPNETSEIAQANSR,2,26,69.85,0.988744367907757,-1000
RL19A_YEAST,VWLDPNETSEIAQANSR,2,27,114.03,0.997947729003742,-1000
RL19A_YEAST,VWLDPNETSEIAQANSR,2,28,114.13,0.995684007513123,-1000
RL19A_YEAST,VWLDPNETSEIAQANSR,2,29,95.19,0.99500329239122,-1000
RL19A_YEAST,VWLDPNETSEIAQANSR,2,30,114.33,0.983138033067211,-1000
RL19A_YEAST,VWLDPNETSEIAQANSR,2,31,95.51,0.985337413800649,-1000
RL19A_YEAST,VWLDPNETSEIAQANSR,2,33,114.4,0.978853150930565,-1000
RL19A_YEAST,VWLDPNETSEIAQANSR,2,34,119.01,0.994244389135892,-1000
RL19A_YEAST,VWLDPNETSEIAQANSR,2,35,119.2,0.993994407192378,-1000
RL19A_YEAST,VWLDPNETSEIAQANSR,2,36,114.27,0.990446738814412,-1000
RL19A_YEAST,VWLDPNETSEIAQANSR,2,37,96.09,0.988271710960517,-1000
RL19A_YEAST,VWLDPNETSEIAQANSR,2,38,114.05,0.994574735244547,-1000
RL19A_YEAST,VWLDPNETSEIAQANSR,2,39,113.83,0.996043863959871,-1000

