Protein,Peptied,charge,time,ionscore,corr_theo,corr_best_exp
TOX4_HUMAN,SVPLPTLK,2,0,21.89,0.988470412832155,-1000
TOX4_HUMAN,SVPLPTLK,2,5,29.47,0.919906183672666,-1000
TOX4_HUMAN,SVPLPTLK,2,12,18.73,0.951075055154922,-1000
TOX4_HUMAN,SVPLPTLK,2,19,29.18,0.932649108642471,-1000
TOX4_HUMAN,SVPLPTLK,2,27,32.12,0.988281450432435,-1000
TOX4_HUMAN,DVFLAWVASR,2,0,34.22,0.969400004695699,-1000
TOX4_HUMAN,DVFLAWVASR,2,5,36.86,0.95316785369617,-1000
TOX4_HUMAN,DVFLAWVASR,2,12,29.28,0.948619292965739,-1000
TOX4_HUMAN,DVFLAWVASR,2,27,28.44,0.90675040104302,-1000
TOX4_HUMAN,IVASMWDSLGEEQK,2,0,50.22,0.937378711610294,-1000
TOX4_HUMAN,IVASMWDSLGEEQK,2,12,52.97,0.995352588427588,-1000
TOX4_HUMAN,IVASMWDSLGEEQK,2,19,35.41,0.994008077587349,-1000
TOX4_HUMAN,IVASMWDSLGEEQK,2,5,0,0.976570770510557,0.98205420120853

