Protein,Peptied,charge,time,ionscore,corr_theo,corr_best_exp
TRNT1_HUMAN,DLLNGVKPQDIDFATTATPTQMK,3,4,31.73,0.990814793836719,-1000
TRNT1_HUMAN,DLLNGVKPQDIDFATTATPTQMK,3,5,37.31,0.883507141003638,-1000
TRNT1_HUMAN,DLLNGVKPQDIDFATTATPTQMK,3,7,41.85,0.971399240098409,-1000
TRNT1_HUMAN,DLLNGVKPQDIDFATTATPTQMK,3,8,22.14,0.973500051652967,-1000
TRNT1_HUMAN,DLLNGVKPQDIDFATTATPTQMK,3,14,45.51,0.967770389560447,-1000
TRNT1_HUMAN,DLLNGVKPQDIDFATTATPTQMK,3,16,26.07,0.975750246474687,-1000
TRNT1_HUMAN,DLLNGVKPQDIDFATTATPTQMK,3,18,33.82,0.933000024295345,-1000
TRNT1_HUMAN,DLLNGVKPQDIDFATTATPTQMK,3,22,45.03,0.959808196230943,-1000
TRNT1_HUMAN,DLLNGVKPQDIDFATTATPTQMK,3,26,30.15,0.924653507718751,-1000
TRNT1_HUMAN,DLLNGVKPQDIDFATTATPTQMK,3,31,35.82,0.992313057434719,-1000
TRNT1_HUMAN,DLLNGVKPQDIDFATTATPTQMK,3,32,27.37,0.950296640697904,-1000
TRNT1_HUMAN,DLLNGVKPQDIDFATTATPTQMK,3,39,44.62,0.819990270544637,-1000
TRNT1_HUMAN,DLLNGVKPQDIDFATTATPTQMK,3,6,0,0.987741574585545,0.995536335190782
TRNT1_HUMAN,LQSPEFQSLFTEGLK,2,6,15.81,0.931932855635703,-1000
TRNT1_HUMAN,LQSPEFQSLFTEGLK,2,16,16.45,0.960795374152005,-1000
TRNT1_HUMAN,LQSPEFQSLFTEGLK,2,18,25.23,0.995482787615295,-1000
TRNT1_HUMAN,LQSPEFQSLFTEGLK,2,31,20.26,0.979225673528996,-1000
TRNT1_HUMAN,LQSPEFQSLFTEGLK,2,4,0,0.840912480624033,0.860092829762311
TRNT1_HUMAN,LQSPEFQSLFTEGLK,2,7,0,0.961861241425852,0.960575875089465
TRNT1_HUMAN,LQSPEFQSLFTEGLK,2,8,0,0.981465928904899,0.975196396350527
TRNT1_HUMAN,LQSPEFQSLFTEGLK,2,14,0,0.780309560212757,0.780578701369079
TRNT1_HUMAN,LHEENFEITTLR,3,6,42.13,0.942641773333645,-1000
TRNT1_HUMAN,LHEENFEITTLR,3,16,33.07,0.878885298851544,-1000
TRNT1_HUMAN,LHEENFEITTLR,3,31,46.3,0.984373180474393,-1000
TRNT1_HUMAN,LHEENFEITTLR,3,38,43.5,0.990919298054299,-1000
TRNT1_HUMAN,LHEENFEITTLR,3,4,0,0.946889991223423,0.943179895520165
TRNT1_HUMAN,LHEENFEITTLR,3,7,0,0.980881361960338,0.989250111512204
TRNT1_HUMAN,LHEENFEITTLR,3,14,0,0.99908650917535,0.992610011281734
TRNT1_HUMAN,LHEENFEITTLR,3,18,0,0.999531884038604,0.993380967136681
TRNT1_HUMAN,LHEENFEITTLR,3,22,0,0.998898004973388,0.994432394123368
TRNT1_HUMAN,LHEENFEITTLR,3,26,0,0.999439011555868,0.991615714102896
TRNT1_HUMAN,LHEENFEITTLR,3,32,0,0.999124615785831,0.988259408495653
TRNT1_HUMAN,LHEENFEITTLR,3,39,0,0.997952508997785,0.982583319081938

