Protein,Peptied,charge,time,ionscore,corr_theo,corr_best_exp
SMCA1_HUMAN,ANYAVDAYFR,2,0,56.27,0.993997378908125,-1000
SMCA1_HUMAN,ANYAVDAYFR,2,3,39.3,0.995842200780533,-1000
SMCA1_HUMAN,ANYAVDAYFR,2,12,43.25,0.992299570507498,-1000
SMCA1_HUMAN,ANYAVDAYFR,2,13,33.44,0.994363125933266,-1000
SMCA1_HUMAN,ANYAVDAYFR,2,14,35.1,0.992433147291371,-1000
SMCA1_HUMAN,ANYAVDAYFR,2,16,32.17,0.968077462025224,-1000
SMCA1_HUMAN,ANYAVDAYFR,2,20,17.54,0.9728287844299,-1000
SMCA1_HUMAN,ANYAVDAYFR,2,21,16.97,0.997964420898382,-1000
SMCA1_HUMAN,ANYAVDAYFR,2,34,19.05,0.993187920057277,-1000
SMCA1_HUMAN,cNTLISLIEK,2,12,51.51,0.508532410610836,-1000
SMCA1_HUMAN,cNTLISLIEK,2,34,41.08,0.743855914303476,-1000
SMCA1_HUMAN,cNTLISLIEK,2,13,0,0.998710442194805,0.735827426922823
SMCA1_HUMAN,cNTLISLIEK,2,20,0,0.998233658598083,0.741832685749535
SMCA1_HUMAN,cNTLISLIEK,2,21,0,0.999038446640203,0.720400436711278
SMCA1_HUMAN,cNTLISLIEK,2,24,0,0.998015841667479,0.74902038261639
SMCA1_HUMAN,LLTQGFTNWTK,2,10,21.53,0.999010381686253,-1000
SMCA1_HUMAN,LLTQGFTNWTK,2,12,17.77,0.992294907542669,-1000
SMCA1_HUMAN,LLTQGFTNWTK,2,13,27.76,0.916640899830306,-1000
SMCA1_HUMAN,LLTQGFTNWTK,2,20,60.6,0.98964997979873,-1000
SMCA1_HUMAN,LLTQGFTNWTK,2,21,44.61,0.954682807950586,-1000
SMCA1_HUMAN,LLTQGFTNWTK,2,24,29.12,0.972337173697964,-1000
SMCA1_HUMAN,LLTQGFTNWTK,2,0,0,0.983127057921558,0.983543480393074
SMCA1_HUMAN,LLTQGFTNWTK,2,14,0,0.988021788899638,0.9902032545029
SMCA1_HUMAN,LLTQGFTNWTK,2,16,0,0.973058498933317,0.974696009774351
SMCA1_HUMAN,LLTQGFTNWTK,2,34,0,0.877965657592527,0.8826399232233
SMCA1_HUMAN,VLIFSQMTR,2,12,16.96,0.929855061107765,-1000
SMCA1_HUMAN,VLIFSQMTR,2,14,20.46,0.975087958885024,-1000
SMCA1_HUMAN,VLIFSQMTR,2,0,0,0.985359095522387,0.997605440131062
SMCA1_HUMAN,VLIFSQMTR,2,3,0,0.807665476688386,0.916583313277754
SMCA1_HUMAN,VLIFSQMTR,2,10,0,0.877562673845523,0.957965902376373
SMCA1_HUMAN,VLIFSQMTR,2,13,0,0.991460279064212,0.992163131994387
SMCA1_HUMAN,VLIFSQMTR,2,16,0,0.993403114494558,0.98686416775086
SMCA1_HUMAN,VLIFSQMTR,2,20,0,0.977227675286045,0.936117511182926
SMCA1_HUMAN,VLIFSQMTR,2,21,0,0.994065784385506,0.957876473651288
SMCA1_HUMAN,VLIFSQMTR,2,24,0,0.892706686053261,0.969481794862891
SMCA1_HUMAN,VLIFSQMTR,2,34,0,0.681266173246706,0.817703356044295
SMCA1_HUMAN,LDSIVIQQGR,2,14,16.17,0.987951859882634,-1000

