Protein,Peptied,charge,time,ionscore,corr_theo,corr_best_exp
RT34_HUMAN,LPLFGLGR,2,0,27.69,0.999583646032468,-1000
RT34_HUMAN,LPLFGLGR,2,23,25.17,0.997924812525321,-1000
RT34_HUMAN,LPLFGLGR,2,31,26.45,0.999037311014399,-1000
RT34_HUMAN,LPLFGLGR,2,32,25.92,0.996107792099163,-1000
RT34_HUMAN,LPLFGLGR,2,2,0,0.995319090860182,0.994201891214226
RT34_HUMAN,AWGILTFK,2,0,21.07,0.998057576428099,-1000
RT34_HUMAN,AWGILTFK,2,2,18.25,0.998236619284442,-1000
RT34_HUMAN,AWGILTFK,2,23,23.39,0.979606674536356,-1000
RT34_HUMAN,AWGILTFK,2,31,18.11,0.984850573114426,-1000
RT34_HUMAN,HEEEAFTAFTPAPEDSLASVPYPPLLR,3,0,37.66,0.677202379340831,-1000
RT34_HUMAN,HEEEAFTAFTPAPEDSLASVPYPPLLR,3,2,34.91,0.686956904880943,-1000
RT34_HUMAN,HEEEAFTAFTPAPEDSLASVPYPPLLR,3,31,20.73,-0.284381062226365,-1000
RT34_HUMAN,NGDTSTEEPMLNVQR,2,23,31.68,0.956416847624181,-1000
RT34_HUMAN,NGDTSTEEPMLNVQR,2,31,39.95,0.989142470029361,-1000
RT34_HUMAN,NGDTSTEEPMLNVQR,2,32,0,0.941509443167547,0.938081950034515

