Protein,Peptied,charge,time,ionscore,corr_theo,corr_best_exp
SIR1_HUMAN,GDIFNQVVPR,2,1,28.77,0.973133249178172,-1000
SIR1_HUMAN,GDIFNQVVPR,2,3,29.45,0.964556135483316,-1000
SIR1_HUMAN,GDIFNQVVPR,2,8,30.14,0.960728678329199,-1000
SIR1_HUMAN,GDIFNQVVPR,2,11,24.89,0.911229295374416,-1000
SIR1_HUMAN,GDIFNQVVPR,2,13,29.46,0.966727699596407,-1000
SIR1_HUMAN,GDIFNQVVPR,2,19,25.37,0.924134075038529,-1000
SIR1_HUMAN,GDIFNQVVPR,2,25,29.32,0.793063093308188,-1000
SIR1_HUMAN,GDIFNQVVPR,2,28,44.28,0.813280546139743,-1000
SIR1_HUMAN,GDIFNQVVPR,2,29,29.51,0.82375661603073,-1000
SIR1_HUMAN,GDIFNQVVPR,2,33,29.92,0.799119271571116,-1000
SIR1_HUMAN,GDIFNQVVPR,2,34,0,0.483905150226864,0.319753011883467
SIR1_HUMAN,IIQcHGSFATAScLIcK,3,0,31.69,0.982342783920953,-1000
SIR1_HUMAN,IIQcHGSFATAScLIcK,3,1,32.86,0.997060924279994,-1000
SIR1_HUMAN,IIQcHGSFATAScLIcK,3,3,42.83,0.984927332878824,-1000
SIR1_HUMAN,IIQcHGSFATAScLIcK,3,5,27.07,0.983301349506989,-1000
SIR1_HUMAN,IIQcHGSFATAScLIcK,3,8,41.26,0.970239718858391,-1000
SIR1_HUMAN,IIQcHGSFATAScLIcK,3,11,23.3,0.978861652078538,-1000
SIR1_HUMAN,IIQcHGSFATAScLIcK,3,13,30.43,0.969647697324834,-1000
SIR1_HUMAN,IIQcHGSFATAScLIcK,3,19,33.33,0.932031257419543,-1000
SIR1_HUMAN,IIQcHGSFATAScLIcK,3,25,33.23,0.955670974405776,-1000
SIR1_HUMAN,IIQcHGSFATAScLIcK,3,29,29.87,0.944795755563333,-1000
SIR1_HUMAN,IIQcHGSFATAScLIcK,3,33,34.85,0.980555771132581,-1000
SIR1_HUMAN,NVESIAEQMENPDLK,2,11,36.16,0.962133661759456,-1000
SIR1_HUMAN,NVESIAEQMENPDLK,2,34,45.45,0.977469745042024,-1000
SIR1_HUMAN,NVESIAEQMENPDLK,2,0,0,0.926841682869817,0.888418717580587
SIR1_HUMAN,NVESIAEQMENPDLK,2,1,0,0.840536704493342,0.882963926496229
SIR1_HUMAN,NVESIAEQMENPDLK,2,3,0,0.989320462624944,0.987646185116786
SIR1_HUMAN,NVESIAEQMENPDLK,2,8,0,0.976698305397799,0.993868673501963

