Protein,Peptied,charge,time,ionscore,corr_theo,corr_best_exp
ADT1_HUMAN,GNLANVIR,2,2,25.81,0.99602380223153,-1000
ADT1_HUMAN,GNLANVIR,2,6,30.7,0.997796532580169,-1000
ADT1_HUMAN,GNLANVIR,2,8,28.01,0.995920764511489,-1000
ADT1_HUMAN,GNLANVIR,2,24,24.73,0.969591833199562,-1000
ADT1_HUMAN,GAWSNVLR,2,2,36.46,0.996444674454412,-1000
ADT1_HUMAN,GAWSNVLR,2,6,36.5,0.995379070030986,-1000
ADT1_HUMAN,GAWSNVLR,2,8,40.94,0.994624927989389,-1000
ADT1_HUMAN,GAWSNVLR,2,24,34.41,0.99272797920166,-1000
ADT1_HUMAN,EQGFLSFWR,2,2,34.03,0.951984152232417,-1000
ADT1_HUMAN,EQGFLSFWR,2,6,18,0.946808581934057,-1000
ADT1_HUMAN,EQGFLSFWR,2,8,21.94,0.994421234029833,-1000
ADT1_HUMAN,EQGFLSFWR,2,24,20.62,0.804405435678389,-1000
ADT1_HUMAN,YFPTQALNFAFK,2,2,41.36,0.993208578112167,-1000
ADT1_HUMAN,YFPTQALNFAFK,2,6,38.6,0.999417603707537,-1000
ADT1_HUMAN,YFPTQALNFAFK,2,8,36.07,0.997088410878628,-1000
ADT1_HUMAN,YFPTQALNFAFK,2,24,43.45,0.999064720665947,-1000
ADT1_HUMAN,GADIMYTGTVDcWR,2,2,67.55,0.993712604195441,-1000
ADT1_HUMAN,GADIMYTGTVDcWR,2,6,40.71,0.977142659054219,-1000
ADT1_HUMAN,GADIMYTGTVDcWR,2,8,28.27,0.996157313318374,-1000
ADT1_HUMAN,GADIMYTGTVDcWR,2,24,17.69,0.949143235753558,-1000
ADT1_HUMAN,GMGGAFVLVLYDEIKK,3,2,37.01,0.994452311290427,-1000
ADT1_HUMAN,GMGGAFVLVLYDEIKK,3,6,26.74,0.991928217063356,-1000
ADT1_HUMAN,GMGGAFVLVLYDEIKK,3,8,30.92,0.995381976387975,-1000
ADT1_HUMAN,GMGGAFVLVLYDEIKK,3,24,33.05,0.992648710381475,-1000
ADT1_HUMAN,YFAGNLASGGAAGATSLcFVYPLDFAR,3,2,67.91,0.981092939152588,-1000
ADT1_HUMAN,YFAGNLASGGAAGATSLcFVYPLDFAR,3,6,23.89,0.98460433431628,-1000
ADT1_HUMAN,YFAGNLASGGAAGATSLcFVYPLDFAR,3,8,66.1,0.989667219771766,-1000
ADT1_HUMAN,YFAGNLASGGAAGATSLcFVYPLDFAR,3,24,56.6,0.973985085815875,-1000
ADT1_HUMAN,LLLQVQHASK,2,6,16.71,0.995048451547478,-1000
ADT1_HUMAN,LLLQVQHASK,2,8,23.4,0.992159928754572,-1000
ADT1_HUMAN,LLLQVQHASK,2,24,17.23,0.998326388964577,-1000

