Protein,Peptied,charge,time,ionscore,corr_theo,corr_best_exp
CLIP2_HUMAN,THDASGQLVLISQELLR,3,2,25.16,0.953699648489866,-1000
CLIP2_HUMAN,THDASGQLVLISQELLR,3,5,16.7,0.991570712534521,-1000
CLIP2_HUMAN,THDASGQLVLISQELLR,3,11,28.74,0.96046863048232,-1000
CLIP2_HUMAN,THDASGQLVLISQELLR,3,12,25.92,0.967164048722167,-1000
CLIP2_HUMAN,THDASGQLVLISQELLR,3,16,19.96,0.935738813869158,-1000
CLIP2_HUMAN,THDASGQLVLISQELLR,3,33,18.14,0.68439433423377,-1000
CLIP2_HUMAN,THDASGQLVLISQELLR,3,6,0,0.993248432892315,0.992305044378993
CLIP2_HUMAN,THDASGQLVLISQELLR,3,7,0,0.969151096653294,0.989310720408781
CLIP2_HUMAN,THDASGQLVLISQELLR,3,10,0,0.979744653482248,0.986044768070642
CLIP2_HUMAN,THDASGQLVLISQELLR,3,18,0,0.777815218033713,0.784576409185433
CLIP2_HUMAN,THDASGQLVLISQELLR,3,32,0,0.972780545582093,0.956843434107392
CLIP2_HUMAN,EVTALTSQTEMLR,2,7,18.62,0.994833285806326,-1000
CLIP2_HUMAN,EVTALTSQTEMLR,2,10,48.28,0.996627227528883,-1000
CLIP2_HUMAN,EVTALTSQTEMLR,2,11,40.95,0.99930601157836,-1000
CLIP2_HUMAN,EVTALTSQTEMLR,2,15,18.95,0.997379310626887,-1000
CLIP2_HUMAN,EVTALTSQTEMLR,2,18,28.41,0.999211765117769,-1000
CLIP2_HUMAN,EVTALTSQTEMLR,2,20,23.88,0.998506715355041,-1000
CLIP2_HUMAN,EVTALTSQTEMLR,2,32,27.58,0.995702132296418,-1000
CLIP2_HUMAN,EVTALTSQTEMLR,2,33,24.09,0.999139446897251,-1000
CLIP2_HUMAN,EVTALTSQTEMLR,2,2,0,0.998082982963227,0.997746879416977
CLIP2_HUMAN,EVTALTSQTEMLR,2,5,0,0.988139979098911,0.983850528868225
CLIP2_HUMAN,EVTALTSQTEMLR,2,6,0,0.996066747114659,0.994747360400194
CLIP2_HUMAN,EVTALTSQTEMLR,2,12,0,0.999080292774717,0.998986431234226
CLIP2_HUMAN,EVTALTSQTEMLR,2,16,0,0.991692716322446,0.989666886046962

