Protein,Peptied,charge,time,ionscore,corr_theo,corr_best_exp
RL14A_YEAST,AALTDFER,2,20,15.69,0.999418897718446,-1000
RL14A_YEAST,AALTDFER,2,21,35.28,0.986882882763284,-1000
RL14A_YEAST,AALTDFER,2,22,40.7,0.995260399180057,-1000
RL14A_YEAST,AALTDFER,2,23,32.92,0.999225933583991,-1000
RL14A_YEAST,AALTDFER,2,24,31.42,0.995762623453904,-1000
RL14A_YEAST,AALTDFER,2,25,35.55,0.999373507314903,-1000
RL14A_YEAST,AALTDFER,2,26,52.76,0.99703942800345,-1000
RL14A_YEAST,AALTDFER,2,27,40.98,0.993113793308858,-1000
RL14A_YEAST,AALTDFER,2,28,35.76,0.995464140466857,-1000
RL14A_YEAST,AALTDFER,2,29,36.35,0.99700305422412,-1000
RL14A_YEAST,AALTDFER,2,30,32.75,0.984933871494799,-1000
RL14A_YEAST,AALTDFER,2,31,28.91,0.998231002881396,-1000
RL14A_YEAST,AALTDFER,2,32,32.09,0.977379219315765,-1000
RL14A_YEAST,AALTDFER,2,33,53.05,0.999505539949446,-1000
RL14A_YEAST,AALTDFER,2,34,36.37,0.995851204414036,-1000
RL14A_YEAST,AALTDFER,2,35,35.52,0.99917445582883,-1000
RL14A_YEAST,AALTDFER,2,36,25.82,0.992405434047974,-1000
RL14A_YEAST,AALTDFER,2,37,39.09,0.990639400704463,-1000
RL14A_YEAST,AALTDFER,2,38,37.76,0.997447071844772,-1000
RL14A_YEAST,AALTDFER,2,39,37.6,0.999332556211687,-1000
RL14A_YEAST,LAAIVEIIDQK,2,20,62.36,0.996382008393616,-1000
RL14A_YEAST,LAAIVEIIDQK,2,21,61.76,0.999134284808853,-1000
RL14A_YEAST,LAAIVEIIDQK,2,22,60.5,0.997024017851615,-1000
RL14A_YEAST,LAAIVEIIDQK,2,23,57.8,0.997876977180848,-1000
RL14A_YEAST,LAAIVEIIDQK,2,24,61.91,0.99902102212718,-1000
RL14A_YEAST,LAAIVEIIDQK,2,25,60.48,0.997924981713965,-1000
RL14A_YEAST,LAAIVEIIDQK,2,26,57.8,0.998670979183702,-1000
RL14A_YEAST,LAAIVEIIDQK,2,27,63.43,0.998741707503123,-1000
RL14A_YEAST,LAAIVEIIDQK,2,28,60.52,0.998430024286532,-1000
RL14A_YEAST,LAAIVEIIDQK,2,29,61.2,0.999664398737601,-1000
RL14A_YEAST,LAAIVEIIDQK,2,30,64.87,0.998987434819156,-1000
RL14A_YEAST,LAAIVEIIDQK,2,31,63.77,0.997116494510918,-1000
RL14A_YEAST,LAAIVEIIDQK,2,32,63.21,0.998928486541866,-1000
RL14A_YEAST,LAAIVEIIDQK,2,33,61.54,0.999061738276656,-1000
RL14A_YEAST,LAAIVEIIDQK,2,34,63.6,0.999426377218205,-1000
RL14A_YEAST,LAAIVEIIDQK,2,35,54.12,0.999686853968758,-1000
RL14A_YEAST,LAAIVEIIDQK,2,36,59.39,0.998601425367185,-1000
RL14A_YEAST,LAAIVEIIDQK,2,37,57.5,0.998750129685334,-1000
RL14A_YEAST,LAAIVEIIDQK,2,38,63.41,0.99624137433804,-1000
RL14A_YEAST,LAAIVEIIDQK,2,39,60.18,0.999689340235944,-1000

