Protein,Peptied,charge,time,ionscore,corr_theo,corr_best_exp
RL35_HUMAN,VLTVINQTQK,2,0,51.76,0.994011728120279,-1000
RL35_HUMAN,VLTVINQTQK,2,1,57.61,0.998829849032789,-1000
RL35_HUMAN,VLTVINQTQK,2,2,57.64,0.999856955507037,-1000
RL35_HUMAN,VLTVINQTQK,2,3,59.4,0.99456926465823,-1000
RL35_HUMAN,VLTVINQTQK,2,4,48.7,0.998883433195109,-1000
RL35_HUMAN,VLTVINQTQK,2,5,59.5,0.998081505760185,-1000
RL35_HUMAN,VLTVINQTQK,2,6,52.12,0.997012379546381,-1000
RL35_HUMAN,VLTVINQTQK,2,7,63.76,0.997413996451182,-1000
RL35_HUMAN,VLTVINQTQK,2,8,57.34,0.998636459559456,-1000
RL35_HUMAN,VLTVINQTQK,2,8,57.24,0.998623996485323,-1000
RL35_HUMAN,VLTVINQTQK,2,10,53.17,0.996426781146543,-1000
RL35_HUMAN,VLTVINQTQK,2,11,55.11,0.999494068053311,-1000
RL35_HUMAN,VLTVINQTQK,2,12,57.26,0.999700576374349,-1000
RL35_HUMAN,VLTVINQTQK,2,13,48.82,0.999181551647718,-1000
RL35_HUMAN,VLTVINQTQK,2,14,57.47,0.998403990373268,-1000
RL35_HUMAN,VLTVINQTQK,2,16,41.29,0.998528367350558,-1000
RL35_HUMAN,VLTVINQTQK,2,17,49.06,0.997613949529385,-1000
RL35_HUMAN,VLTVINQTQK,2,18,47.15,0.998200469155998,-1000
RL35_HUMAN,VLTVINQTQK,2,19,41,0.998980429938148,-1000
RL35_HUMAN,VLTVINQTQK,2,20,50.23,0.9990664001956,-1000
RL35_HUMAN,VLTVINQTQK,2,21,59.16,0.998070900025592,-1000
RL35_HUMAN,VLTVINQTQK,2,22,49.08,0.99810960480717,-1000
RL35_HUMAN,VLTVINQTQK,2,23,57.49,0.999022356883368,-1000
RL35_HUMAN,VLTVINQTQK,2,24,53.41,0.998256316139703,-1000
RL35_HUMAN,VLTVINQTQK,2,25,42.33,0.998753079320733,-1000
RL35_HUMAN,VLTVINQTQK,2,26,46.9,0.996766567271992,-1000
RL35_HUMAN,VLTVINQTQK,2,28,41.7,0.999461250789167,-1000
RL35_HUMAN,VLTVINQTQK,2,30,55.87,0.997301800168768,-1000
RL35_HUMAN,VLTVINQTQK,2,32,46.24,0.997684822987046,-1000
RL35_HUMAN,VLTVINQTQK,2,33,46.02,0.998438766554332,-1000
RL35_HUMAN,VLTVINQTQK,2,34,42.76,0.99858377199955,-1000
RL35_HUMAN,VLTVINQTQK,2,38,43.52,0.997632991038559,-1000
RL35_HUMAN,VLTVINQTQK,2,39,42.98,0.998401025583807,-1000

