proteinName,peptideSeq,charge,old_Rsquared,new_Rsquared,NDP,rateconstant,sigma,Abundance,MassToCharge,RMSE,selected_A1A0_count, selected_A2A0_count, selected_A2A1_count,improved_timePoints,new_k,I0_percentatediffI0_percentatediff,selected_io_t,i0,I0_asymptote,new_rmse,lowerci_old,upperci_old,sigma_old,lowerci_new,upperci_new,sigma_new,old_pearson,new_pearson
ACOT8_MOUSE,SVLVTSVLNLEPLDEDLYR,2,0.418165786756674,0.684544193053672,8,0.06793,0.0213533941850509,2220059.57142857,1088.08081,0.0499211855047811,1,0,3,1| 3| 6| 16,NaN,0.0153751720838178|0.0598157763803271|,0.297744217839066| 0.281742000984694| 0.237313667108098| 0.25101375688005| 0.295227480522624| NaN| 0.212371774639222| 0.157360090132341| 0.161677651498967| NaN| NaN| NaN,0.297744217839066,0.0724764181679548,0.0239943579277778,0.00428477609641041,0.13157522390359,0.0269155760694884,0.0373392544619151,0.0985207455380849,0.0129368315177888,0.673878182762169,0.850993349913498
ACOT8_MOUSE,DGVLAVTcAQEGVIR,2,0.970977373897023,0.99576559903027,9,0.1815,0.0120965469810727,35321812.5,794.41162,0.014168491395466,1,2,3,3| 6| 9| 13| 16| 31,NaN,-0.0198999970928115|0.0392968768691233|,0.398202967650789| 0.348003992506509| 0.298069613499858| 0.272574074190263| 0.183043113194254| NaN| 0.157042009068998| 0.125550939029621| 0.102756825409424| NaN| NaN| 0.0989535888416457,0.398202967650789,0.0969299253185785,0.00592975311853519,0.146456220634484,0.216543779365516,0.0151967547810897,0.166833586041177,0.196166413958823,0.00636009872466858,0.991027585315135,0.998451812326831

