proteinName,peptideSeq,charge,old_Rsquared,new_Rsquared,NDP,rateconstant,sigma,Abundance,MassToCharge,RMSE,selected_A1A0_count, selected_A2A0_count, selected_A2A1_count,improved_timePoints,new_k,I0_percentatediffI0_percentatediff,selected_io_t,i0,I0_asymptote,new_rmse,lowerci_old,upperci_old,sigma_old,lowerci_new,upperci_new,sigma_new,old_pearson,new_pearson
ALDOC_MOUSE,GILAADESVGSMAK,2,-24.0445422729073,0.393356954070127,5,8.1772,1163.68700847179,4894915.2,674.84247,0.113371754496334,1,2,1,0| 2| 3| 13,NaN,,0.304792562630315| 0.0932889540848501| 0.087975734092721| 0.0830782080478443| NaN| NaN| NaN| 0.0923598112586484| NaN| NaN| NaN| NaN,0.45159,0.104867958857127,0.0433997137091683,4.7023361380786,11.6520638619214,1.25155143730629,6.27094930236284,10.0834506976372,0.686579646079924,-0.127728039129357,0.999124895378154

