proteinName,peptideSeq,charge,old_Rsquared,new_Rsquared,NDP,rateconstant,sigma,Abundance,MassToCharge,RMSE,selected_A1A0_count, selected_A2A0_count, selected_A2A1_count,improved_timePoints,new_k,I0_percentatediffI0_percentatediff,selected_io_t,i0,I0_asymptote,new_rmse,lowerci_old,upperci_old,sigma_old,lowerci_new,upperci_new,sigma_new,old_pearson,new_pearson
AP3D1_MOUSE,NYLSLAPLFFK,2,0.912280394725912,0.965974789470313,7,0.28078,0.0607401994921598,3675850.75,656.86859,0.02015475694398,1,2,1,0| 1| 2| 31,NaN,0.0193546301726525|-0.0596087843242793|,0.44964504639457| 0.376688568805269| 0.345841047364931| NaN| NaN| NaN| 0.276098984036609| 0.233268686144906| NaN| NaN| 0.227985163222643| 0.230639876155768,0.44964504639457,0.232541994637077,0.0113167133383355,0.07059121674312,0.49096878325688,0.0858996139030598,0.162760903383599,0.398799096616401,0.0482318545997144,0.960710879933394,0.988500383395393
AP3D1_MOUSE,NMELNVLDSLNTK,2,0.524804325218982,0.626599069074128,6,0.02841,0.0106989932504388,15787941.75,745.87958,0.0537751183634141,3,0,3,0| 2| 9| 13| 24| 31,NaN,0.0449549607882204|,0.47142690626643| NaN| 0.401671378836509| NaN| NaN| NaN| 0.421203876488661| 0.429403395961839| NaN| NaN| 0.239530655735438| 0.253625387646717,0.41668,0.178490327732403,0.0386490828909092,0,0.0741386976853141,0.0177892401894722,0,0.0615472015423789,0.0128909342990899,0.881540619357095,0.876187655305398

