proteinName,peptideSeq,charge,old_Rsquared,new_Rsquared,NDP,rateconstant,sigma,Abundance,MassToCharge,RMSE,selected_A1A0_count, selected_A2A0_count, selected_A2A1_count,improved_timePoints,new_k,I0_percentatediffI0_percentatediff,selected_io_t,i0,I0_asymptote,new_rmse,lowerci_old,upperci_old,sigma_old,lowerci_new,upperci_new,sigma_new,old_pearson,new_pearson
AR6P1_MOUSE,WTTEQQQR,2,0.963217976038765,0.981746922755249,5,0.41962,0.0470017463095479,20551372.5,538.75958,0.0175147515556943,2,1,1,1| 2| 16| 31,NaN,-0.0162340027118868|,0.580341901247161| 0.436367426015903| 0.379455342211344| NaN| NaN| NaN| NaN| NaN| 0.206370074611096| NaN| NaN| 0.235852952243983,0.580341901247161,0.237159798410951,0.0119244682924126,0.287644379298208,0.551595620701792,0.0475340284805821,0.329767791738539,0.509472208261461,0.0323623211910796,0.995854754350784,0.995732305726212

