proteinName,peptideSeq,charge,old_Rsquared,new_Rsquared,NDP,rateconstant,sigma,Abundance,MassToCharge,RMSE,selected_A1A0_count, selected_A2A0_count, selected_A2A1_count,improved_timePoints,new_k,I0_percentatediffI0_percentatediff,selected_io_t,i0,I0_asymptote,new_rmse,lowerci_old,upperci_old,sigma_old,lowerci_new,upperci_new,sigma_new,old_pearson,new_pearson
ARMC1_MOUSE,AEALASAIASTK,2,-5.53947476260699,-3.19269572874729,4,0.16778,0.0584463691281173,9479083.5,566.81403,0.0689931055152617,0,2,1,2| 3| 7,NaN,,0.485914978257307| NaN| 0.414612690916554| 0.341817731006905| NaN| 0.438117796316534| NaN| NaN| NaN| NaN| NaN| NaN,0.485914978257307,0.112838884713898,0.0614693727532972,0,0.636819707859636,0.147383384638078,0,0.588366755788373,0.132158319569373,0.257150465391786,0.390499333647915

