proteinName,peptideSeq,charge,old_Rsquared,new_Rsquared,NDP,rateconstant,sigma,Abundance,MassToCharge,RMSE,selected_A1A0_count, selected_A2A0_count, selected_A2A1_count,improved_timePoints,new_k,I0_percentatediffI0_percentatediff,selected_io_t,i0,I0_asymptote,new_rmse,lowerci_old,upperci_old,sigma_old,lowerci_new,upperci_new,sigma_new,old_pearson,new_pearson
AT11A_MOUSE,LAEAYEQIEK,2,-2.57612034071153,-0.0404355419511009,12,10.22849,11038.5374790216,8252596,597.30603,0.140821488734364,2,3,2,0| 1| 6| 7| 13| 21| 24,8.98226854395847,,0.349355258763604| 0.0943085137059686| 0.378853038604593| 0.147811450332739| 0.222284730080728| 0.151208029554069| 0.167431094172182| 0.161259493411711| 0.159875915712958| 0.159040617457925| 0.140309522929133| 0.140737805628566,0.5001,0.146970370468811,0.0846450222194102,8.20834148887815,12.2486385111219,0.917838315755569,8.84370387482123,11.6132761251788,0.629166498313499,-0.322217711267809,0.581264596152513
AT11A_MOUSE,TGTLTENNMAFK,2,0.460348280852386,0.819804040868489,12,0.06757,0.013433887652706,30718179.0909091,663.82153,0.0477398497047604,5,1,3,2| 3| 6| 7| 9| 13| 21| 24| 31,0.0870644505788878,-0.0123452974745412|0.0109291842355799|,0.486482296423867| 0.452997754205755| 0.443691746932709| 0.373375411615224| 0.360904500264353| 0.345399584934473| 0.369110351533854| 0.289838686155357| 0.326188916020019| 0.299685444357142| 0.281986426568836| 0.256201833769282,0.486482296423867,0.228975410479034,0.0296623628106964,0.0418266428813749,0.0933133571186251,0.0116962883716562,0.0515747925676264,0.0835652074323736,0.00726729454248782,0.792471649256206,0.946188234424132
AT11A_MOUSE,STQLLELTTK,2,0.652819246102105,0.966873229767673,11,0.31907,0.116987023824629,10956446.75,567.32422,0.0603656935159207,1,5,2,0| 1| 3| 9| 13| 16| 21| 24,NaN,,0.502838071684712| 0.457355567051428| 0.420423687101691| 0.372409885174305| 0.318073801029658| 0.300981829832114| 0.269233274029391| 0.269233274029391| 0.269233274029391| 0.269233274029391| 0.269233274029391| NaN,0.502838071684712,0.272592949899712,0.0143704153950593,0.0335276253265532,0.604612374673447,0.128152863768287,0.251094925119648,0.387045074880352,0.0305075578388085,0.890174916765115,0.992641040049427

