proteinName,peptideSeq,charge,old_Rsquared,new_Rsquared,NDP,rateconstant,sigma,Abundance,MassToCharge,RMSE,selected_A1A0_count, selected_A2A0_count, selected_A2A1_count,improved_timePoints,new_k,I0_percentatediffI0_percentatediff,selected_io_t,i0,I0_asymptote,new_rmse,lowerci_old,upperci_old,sigma_old,lowerci_new,upperci_new,sigma_new,old_pearson,new_pearson
BZW1_MOUSE,QQKPTLSGQR,3,0.981252178890638,0.99341224471686,6,0.36849,0.0218652860697131,3383596.25,381.54739,0.0118289819671798,1,0,2,3| 7| 24,NaN,,0.553356283894844| NaN| 0.350289124208307| 0.32477906002595| NaN| 0.215347362990166| NaN| NaN| NaN| 0.201563620555082| 0.181597698381008| NaN,0.553356283894844,0.187302011709194,0.00733808104162115,0.295913105187291,0.441066894812709,0.0282336449402971,0.323467094617057,0.413512905382943,0.0175146749946101,0.993076144063553,0.996971752375074

