proteinName,peptideSeq,charge,old_Rsquared,new_Rsquared,NDP,rateconstant,sigma,Abundance,MassToCharge,RMSE,selected_A1A0_count, selected_A2A0_count, selected_A2A1_count,improved_timePoints,new_k,I0_percentatediffI0_percentatediff,selected_io_t,i0,I0_asymptote,new_rmse,lowerci_old,upperci_old,sigma_old,lowerci_new,upperci_new,sigma_new,old_pearson,new_pearson
C1QB_MOUSE,VITNANENYEPR,2,-2.65943924224155,-4.51338288852696,6,0.04427,0.0198718126599952,4926052.16666667,710.34674,0.0799804343535067,2,1,1,1| 2| 7| 21,NaN,,0.24101386607341| 0.291596808014617| 0.374753973873218| NaN| NaN| 0.358740840158896| NaN| NaN| NaN| 0.283402458289732| 0.296122983922915| NaN,0.4486,0.138193332779384,0.0758805338878552,0,0.113028389684749,0.0267481815808665,0,0.108351072695465,0.0249286258188094,0.155717785312221,0.0488938980389208

