proteinName,peptideSeq,charge,old_Rsquared,new_Rsquared,NDP,rateconstant,sigma,Abundance,MassToCharge,RMSE,selected_A1A0_count, selected_A2A0_count, selected_A2A1_count,improved_timePoints,new_k,I0_percentatediffI0_percentatediff,selected_io_t,i0,I0_asymptote,new_rmse,lowerci_old,upperci_old,sigma_old,lowerci_new,upperci_new,sigma_new,old_pearson,new_pearson
CAVN2_MOUSE,VLIFQEESEIPASVFVK,2,0.608481952510246,0.817410331194375,6,0.08929,0.0239879966013981,4830276.6,968.02728,0.0348733248046858,1,0,3,0| 2| 3| 6,NaN,,0.361154207621038| 0.30001451873046| 0.238883875109376| 0.256952815653595| 0.194900189126603| 0.185929599758389| NaN| NaN| NaN| NaN| NaN| NaN,0.31039,0.065598883136223,0.0182674153927939,0,0.216240334928332,0.0493858367827368,0.0392502900696482,0.139329709930352,0.0194662971836267,0.950455072255101,0.942917177239006
CAVN2_MOUSE,LVNMLDAVR,2,0.730101027018181,0.951905358134484,7,0.63056,0.156917394203242,38225157.5,515.78931,0.0360697877134121,1,1,2,2| 6| 7| 24,NaN,,0.521001028027327| 0.396319568509997| 0.371582119696307| 0.270421669090824| 0.259523974151791| 0.282199493950074| NaN| NaN| NaN| NaN| 0.260922819711373| NaN,0.521001028027327,0.269445019436793,0.0152197043152264,0.123063653176414,1.13805634682359,0.207402790833428,0.416421108995646,0.844698891004354,0.0875139375844945,0.869473026848793,0.97716406886871

