proteinName,peptideSeq,charge,old_Rsquared,new_Rsquared,NDP,rateconstant,sigma,Abundance,MassToCharge,RMSE,selected_A1A0_count, selected_A2A0_count, selected_A2A1_count,improved_timePoints,new_k,I0_percentatediffI0_percentatediff,selected_io_t,i0,I0_asymptote,new_rmse,lowerci_old,upperci_old,sigma_old,lowerci_new,upperci_new,sigma_new,old_pearson,new_pearson
CCD22_MOUSE,DQLALPWVPPLLR,2,0.875029126986693,0.974141983285357,7,0.0949,0.0133407423043638,4699986.83333333,759.44556,0.0231996585150187,1,5,1,0| 1| 2| 3| 6| 9| 21,NaN,0.0254938592685113|0.0537189313441061|-0.0190165872203522|,0.411733212831232| 0.380118406929107| 0.345547652836032| 0.317193645740349| 0.262548483617965| NaN| 0.235181894953593| NaN| NaN| 0.177541700845179| NaN| NaN,0.411733212831232,0.132953143408492,0.00948451096903683,0.0487349492404985,0.141065050759501,0.0188666586989557,0.076026751066996,0.113773248933004,0.00771308902083533,0.955698670366468,0.988082020699442

