proteinName,peptideSeq,charge,old_Rsquared,new_Rsquared,NDP,rateconstant,sigma,Abundance,MassToCharge,RMSE,selected_A1A0_count, selected_A2A0_count, selected_A2A1_count,improved_timePoints,new_k,I0_percentatediffI0_percentatediff,selected_io_t,i0,I0_asymptote,new_rmse,lowerci_old,upperci_old,sigma_old,lowerci_new,upperci_new,sigma_new,old_pearson,new_pearson
CO4B_MOUSE,ILSLAQEQVGNSPEK,2,0.731957837564272,0.983457562615964,12,0.19474,0.0342685537400632,2923394,806.93066,0.0477533165571961,2,1,5,1| 2| 3| 6| 16| 21| 24| 31,0.188731372294658,,0.433901921988263| 0.402927572452828| 0.297730026985768| 0.290636940383953| 0.201241540704044| 0.173686531185585| 0.142261225421821| 0.13804053401876| 0.100527348019563| 0.112967370527291| 0.0963420796186114| 0.0800790869228051,0.433901921988263,0.0874833512034736,0.0150224610729467,0.124893022967213,0.264586977032787,0.0317344152706822,0.172767212156431,0.216712787843569,0.00998316038437978,0.92207234912521,0.992390925984478
CO4B_MOUSE,STQDTVVTLDALSAYWIASHTTEEK,3,-0.0291465840087282,0.0354806305816308,12,0.00133,0.00591753782818274,10859910.5,922.78711,0.0516256855990734,1,1,5,0| 1| 2| 9| 13| 21| 31,0.00369292553823098,,0.205751977863083| 0.207755935509253| 0.175612598528693| 0.204168485902049| 0.187590543722135| 0.202380129612984| 0.287365643934169| 0.178491878589741| 0.214013751309235| 0.182382826596598| 0.191186573140487| 0.168750941191657,0.205751977863083,0.0271508775875748,0.0290769312332603,0,0.014868354722401,0.00615104316742014,0,0.00900623174247769,0.00348763448581934,-0.17377134193476,0.280966151243258
CO4B_MOUSE,DHAVDLIQK,2,0.805728262968384,0.920070701505916,12,0.04855,0.00647566528255592,24825862,519.78253,0.0368858451339317,3,2,3,0| 6| 7| 9| 13| 21| 24| 31,0.0619741674656535,-0.00884288302558029|0.0107155564654173|-0.043757588151971|,0.561090846086413| 0.540520537581626| 0.516494590876604| 0.488945267554066| 0.464295295723748| 0.396059117854145| 0.438045271450656| 0.419337244044098| 0.369466972327504| 0.359012782740539| 0.324091969088001| 0.289568249785208,0.561090846086413,0.251941727039782,0.0234415783644428,0.0336633908111066,0.0634366091888934,0.00676361179884616,0.0390893081108704,0.0580106918891296,0.00429838967857811,0.897906012072269,0.97068733965474

