proteinName,peptideSeq,charge,old_Rsquared,new_Rsquared,NDP,rateconstant,sigma,Abundance,MassToCharge,RMSE,selected_A1A0_count, selected_A2A0_count, selected_A2A1_count,improved_timePoints,new_k,I0_percentatediffI0_percentatediff,selected_io_t,i0,I0_asymptote,new_rmse,lowerci_old,upperci_old,sigma_old,lowerci_new,upperci_new,sigma_new,old_pearson,new_pearson
CORO7_MOUSE,GLNLTTPGESDGFcANR,2,0.820531813840663,0.887747696044147,7,0.13475,0.0261789968150298,2899648,904.91522,0.0364788690990773,4,1,1,0| 1| 2| 6| 7| 16,NaN,0.015814732625329|-0.0125895225254041|,0.384250111956817| 0.372067813047603| 0.303617940124681| 0.206840079926509| 0.205858357929638| 0.187550586855996| NaN| NaN| 0.125061803119319| NaN| NaN| NaN,0.384250111956817,0.0892303304580128,0.023481113873074,0.0441587353442576,0.225341264655742,0.0370226923451371,0.0764372328056608,0.193062767194339,0.0238311679148502,0.936085965529748,0.946016600978431
CORO7_MOUSE,IWDLQTGAER,2,0.229237739276742,0.669658435629026,7,0.25945,0.0645280717349096,8453186.5,594.80402,0.0547311268697247,1,1,2,1| 2| 6| 7,NaN,0.0475503068683294|-0.0146721773225512|,0.515235179023321| 0.423250334754471| 0.38731903614117| 0.331337157941397| 0.257816903943561| 0.241059310821969| NaN| NaN| 0.329908605789201| NaN| NaN| NaN,0.515235179023321,0.191625313340101,0.0389089999406122,0.0486883050714248,0.470211694928575,0.0861337505236568,0.109617039407415,0.409282960592586,0.0612334933645141,0.740940101081109,0.890464164750812

