proteinName,peptideSeq,charge,old_Rsquared,new_Rsquared,NDP,rateconstant,sigma,Abundance,MassToCharge,RMSE,selected_A1A0_count, selected_A2A0_count, selected_A2A1_count,improved_timePoints,new_k,I0_percentatediffI0_percentatediff,selected_io_t,i0,I0_asymptote,new_rmse,lowerci_old,upperci_old,sigma_old,lowerci_new,upperci_new,sigma_new,old_pearson,new_pearson
CRK_MOUSE,DSSTSPGDYVLSVSENSR,2,0.892143429676727,0.928234078045202,6,0.12502,0.0159489114602373,7614266.5,950.43195,0.0216381620529941,1,2,1,0| 1| 3| 13,NaN,,0.355241302268009| 0.312209468330377| 0.289879312625985| 0.241010970342693| NaN| 0.146767850301233| NaN| 0.14600925913848| NaN| NaN| NaN| NaN,0.355241302268009,0.0683285812929619,0.0150899166729061,0.0615061992643034,0.188533800735697,0.0247079473902543,0.0807270531991597,0.16931294680084,0.0172307087064216,0.962255598325664,0.969324752636935

