proteinName,peptideSeq,charge,old_Rsquared,new_Rsquared,NDP,rateconstant,sigma,Abundance,MassToCharge,RMSE,selected_A1A0_count, selected_A2A0_count, selected_A2A1_count,improved_timePoints,new_k,I0_percentatediffI0_percentatediff,selected_io_t,i0,I0_asymptote,new_rmse,lowerci_old,upperci_old,sigma_old,lowerci_new,upperci_new,sigma_new,old_pearson,new_pearson
CSN8_MOUSE,SANSELGGIWSVGQR,2,0.310584193521594,0.732260432677207,7,0.16907,0.0604562295881393,6294143.14285714,780.89191,0.0711968547058368,2,1,3,1| 2| 3| 6| 9| 24,NaN,,0.388434969961976| 0.337239282891254| 0.258922404906677| 0.363253397469245| 0.186637293073126| NaN| 0.144694050215498| NaN| NaN| NaN| 0.16052532012576| NaN,0.388434969961976,0.0820931737509519,0.0370852353888478,0,0.404694313380013,0.0962945654468179,0.0541008705106649,0.284039129489335,0.0469853989393676,0.731949771289421,0.890522424985715

