proteinName,peptideSeq,charge,old_Rsquared,new_Rsquared,NDP,rateconstant,sigma,Abundance,MassToCharge,RMSE,selected_A1A0_count, selected_A2A0_count, selected_A2A1_count,improved_timePoints,new_k,I0_percentatediffI0_percentatediff,selected_io_t,i0,I0_asymptote,new_rmse,lowerci_old,upperci_old,sigma_old,lowerci_new,upperci_new,sigma_new,old_pearson,new_pearson
CSRP2_MOUSE,SLESTTLTEK,2,0.957316840686394,0.972023716637639,10,0.10424,0.00752361670749355,371720922.222222,554.79022,0.0172075392477066,0,0,1,1,NaN,,0.56874805439201| 0.54253078552131| 0.509475462172582| 0.48356932478587| 0.405410714183464| 0.414881793761656| 0.371884971002039| 0.325449353015888| NaN| 0.30176747971939| 0.294092689739379| NaN,0.56874805439201,0.280605782840301,0.0145238523549716,0.0875072492773776,0.120972750722622,0.00739681176876528,0.090116888177355,0.118363111822645,0.00624320540436261,0.992527613213359,0.995452077535626
CSRP2_MOUSE,NLDSTTVAIHDEEIYcK,3,0.990346163395794,0.992793866260464,10,0.22847,0.00873948218149081,12142501.875,669.98242,0.00676119574638974,2,1,0,1| 3| 9,NaN,-0.0532950220806118|-0.0268690262530274|-0.0206357478480675|,0.318219779073051| 0.274171346586469| 0.225402153436671| 0.199327564399883| 0.136095683445119| 0.133824873514413| 0.111185720779171| 0.0934092606076343| NaN| 0.0968724271015429| 0.0938336023418606| NaN,0.318219779073051,0.0811961510513685,0.00598509552988964,0.205696748399538,0.251243251600462,0.0100670510332538,0.208310831197979,0.248629168802021,0.00891148021715992,0.996982715862293,0.997383535613845

