proteinName,peptideSeq,charge,old_Rsquared,new_Rsquared,NDP,rateconstant,sigma,Abundance,MassToCharge,RMSE,selected_A1A0_count, selected_A2A0_count, selected_A2A1_count,improved_timePoints,new_k,I0_percentatediffI0_percentatediff,selected_io_t,i0,I0_asymptote,new_rmse,lowerci_old,upperci_old,sigma_old,lowerci_new,upperci_new,sigma_new,old_pearson,new_pearson
CX7A1_MOUSE,LFQADNDLPVHLK,3,0.946389003019868,0.968297421696697,6,0.08775,0.00696614202756743,33738537.5,503.94019,0.0143804015791992,1,1,1,1| 7| 21,NaN,-0.0751315743014069|,0.434405322792381| 0.380367380926026| NaN| NaN| 0.311938617463907| 0.315438160183428| NaN| NaN| 0.208920836488573| 0.184916030632567| NaN| NaN,0.434405322792381,0.154130157062084,0.0110512508736748,0.0629449396670461,0.112555060332954,0.00964958983117902,0.0686874624786118,0.106812537521388,0.00741565090968478,0.989456045662348,0.989799638013772

