proteinName,peptideSeq,charge,old_Rsquared,new_Rsquared,NDP,rateconstant,sigma,Abundance,MassToCharge,RMSE,selected_A1A0_count, selected_A2A0_count, selected_A2A1_count,improved_timePoints,new_k,I0_percentatediffI0_percentatediff,selected_io_t,i0,I0_asymptote,new_rmse,lowerci_old,upperci_old,sigma_old,lowerci_new,upperci_new,sigma_new,old_pearson,new_pearson
DC1L1_MOUSE,FSLDALSLR,2,0.908187330578158,0.968912496044807,12,0.27592,0.0350185492047774,20810890.8333333,511.28748,0.0253429261945686,4,2,2,2| 6| 7| 13| 16| 21| 24| 31,0.245817413449251,,0.528183557363254| 0.467689931213334| 0.421960070318942| 0.361848203034029| 0.305173644276252| 0.323931425461836| 0.274096619840065| 0.278012866774934| 0.265119046512043| 0.238165272056327| 0.274718160278875| 0.254242006725931,0.528183557363254,0.248603181954545,0.0157319213744058,0.197292146238521,0.354547853761479,0.0357239363693289,0.227110829199551,0.324729170800449,0.0221760563019359,0.986432276618046,0.989964615194665
DC1L1_MOUSE,SVSSNVASVSPIPAGSK,2,0.266115708907406,0.681435958089091,10,0.07651,0.0189737296198006,3375068.8,793.92285,0.0662757679992119,1,4,2,0| 2| 7| 9| 16| 21| 31,NaN,,0.382080202441557| 0.391830590598211| 0.337981902690627| 0.341403817270415| 0.229736278920746| 0.290155513431035| 0.228916509312146| NaN| 0.178995024836658| 0.124575939748441| NaN| 0.23744355278028,0.382080202441557,0.0701097790073437,0.0434587258045484,0.0269484534543236,0.126071546545676,0.0219089758070461,0.0440112191212401,0.10900878087876,0.0143662789734586,0.731844655795578,0.879641805871568
DC1L1_MOUSE,cNVWILDGDLYHK,3,0.950033030104037,0.987954416516199,12,0.33073,0.038434619309816,9510226.55555556,544.9328,0.0154342869014673,1,3,3,3| 6| 9| 13| 16| 24| 31,0.336001619501945,,0.369069323332525| 0.325141446284301| 0.268934878023303| 0.25121155101275| 0.200266730608115| 0.175688041037175| 0.188603019838284| 0.171715028901297| 0.175798759455177| 0.170884701162601| 0.178919755480925| 0.179973404568255,0.369069323332525,0.173711973542514,0.00708088680520069,0.240114256824445,0.421345743175555,0.0411705380269313,0.289157634247602,0.372302365752398,0.0188880718195149,0.977711822989738,0.994146735548628

