proteinName,peptideSeq,charge,old_Rsquared,new_Rsquared,NDP,rateconstant,sigma,Abundance,MassToCharge,RMSE,selected_A1A0_count, selected_A2A0_count, selected_A2A1_count,improved_timePoints,new_k,I0_percentatediffI0_percentatediff,selected_io_t,i0,I0_asymptote,new_rmse,lowerci_old,upperci_old,sigma_old,lowerci_new,upperci_new,sigma_new,old_pearson,new_pearson
DNJA2_MOUSE,VSLEDLYNGK,2,0.268752443756381,0.644731503600049,7,0.14853,0.0466577987438125,15953534.5,569.29297,0.0452719460315547,1,0,2,1| 6| 9,NaN,,0.491968558521628| 0.387870609614524| 0.410839316209539| NaN| 0.345044906303127| NaN| 0.311583900776784| NaN| NaN| NaN| 0.33638509054305| 0.251081659026558,0.491968558521628,0.242724738011368,0.0325261001223284,0.0326295152289957,0.264430484771004,0.047366023718018,0.0224677162847289,0.274592283715271,0.051518931367739,0.767363983950009,0.896054419060941

