proteinName,peptideSeq,charge,old_Rsquared,new_Rsquared,NDP,rateconstant,sigma,Abundance,MassToCharge,RMSE,selected_A1A0_count, selected_A2A0_count, selected_A2A1_count,improved_timePoints,new_k,I0_percentatediffI0_percentatediff,selected_io_t,i0,I0_asymptote,new_rmse,lowerci_old,upperci_old,sigma_old,lowerci_new,upperci_new,sigma_new,old_pearson,new_pearson
EP15R_MOUSE,SGLSDIILGK,2,0.844159704689532,0.969220868549275,8,0.29887,0.0392117061007317,13670685,501.79514,0.0233155483085155,0,1,4,2| 6| 7| 9| 13,NaN,,0.52769248570526| 0.456488781209087| 0.432282892029091| 0.407381600312961| 0.331634518590312| 0.306082808667549| 0.27377217073953| 0.27377217073953| NaN| NaN| NaN| NaN,0.52769248570526,0.272905626704532,0.0125492868214354,0.143212310637846,0.454527689362154,0.0658276634421825,0.215089298644839,0.382650701355161,0.0354308729260788,0.988168971320412,0.986492317102973

