proteinName,peptideSeq,charge,old_Rsquared,new_Rsquared,NDP,rateconstant,sigma,Abundance,MassToCharge,RMSE,selected_A1A0_count, selected_A2A0_count, selected_A2A1_count,improved_timePoints,new_k,I0_percentatediffI0_percentatediff,selected_io_t,i0,I0_asymptote,new_rmse,lowerci_old,upperci_old,sigma_old,lowerci_new,upperci_new,sigma_new,old_pearson,new_pearson
FKBP2_MOUSE,LVIPSELGYGER,2,0.823991904195027,0.939008238142282,9,0.56606,0.0941637057531166,61114995,666.86151,0.0295756479917129,0,0,7,1| 2| 3| 6| 7| 9| 24,NaN,,0.452581365033201| 0.32691285139619| 0.233725977118919| 0.183085297427231| 0.169348423829869| 0.204574322784239| 0.160625635993359| NaN| NaN| 0.186891853160742| 0.17346570794884| NaN,0.452581365033201,0.153191357177974,0.0195622455300539,0.296277028959052,0.835842971040948,0.11699153827733,0.387617224348585,0.744502775651415,0.0773818107843694,0.963689443056431,0.977336688085545
FKBP2_MOUSE,GWDQGLLGMcEGEK,2,0.986907773211633,0.99600815092585,9,0.32654,0.0164586508286717,20688256.1428571,790.3476,0.00947674628306738,3,1,0,1| 2| 6| 7,NaN,-0.0673815875851998|,0.392227312584862| 0.321078137727602| 0.2627027867244| 0.210318673181898| 0.166032511010914| 0.13948613473845| 0.125429129926389| NaN| NaN| 0.110800531109587| 0.114274013870088| NaN,0.392227312584862,0.115268533170533,0.00519508722787006,0.280959024128383,0.372120975871617,0.0197662160173667,0.301552822068732,0.351527177931268,0.010835703870074,0.995044954095274,0.998123529612139

