proteinName,peptideSeq,charge,old_Rsquared,new_Rsquared,NDP,rateconstant,sigma,Abundance,MassToCharge,RMSE,selected_A1A0_count, selected_A2A0_count, selected_A2A1_count,improved_timePoints,new_k,I0_percentatediffI0_percentatediff,selected_io_t,i0,I0_asymptote,new_rmse,lowerci_old,upperci_old,sigma_old,lowerci_new,upperci_new,sigma_new,old_pearson,new_pearson
G6PC1_MOUSE,NLGTLLGLGLALNSSMYR,3,0.954124418119342,0.974843811031014,11,0.18897,0.014817468083858,10327270.5,631.68024,0.0148637373651642,2,1,3,1| 3| 6| 13| 24| 31,NaN,,0.335269391723804| 0.28011383481425| 0.258484160870092| 0.215598510595424| 0.167611814369785| 0.153895652049006| 0.139581240970145| 0.118432318654673| 0.107277016927199| NaN| 0.118358091620241| 0.118690128135656,0.335269391723804,0.0939965586467515,0.0112677908690975,0.15623224931049,0.22170775068951,0.0146928682966616,0.164152410773848,0.213787589226152,0.011138259723425,0.985706490145186,0.992496444621575
G6PC1_MOUSE,NLGTLLGLGLALNSSMYR,2,0.93173016850275,0.980565383422609,11,0.16535,0.0172278185346616,11154150.25,947.01672,0.019346974991107,2,1,1,0| 13| 24| 31,NaN,,0.343211843596777| 0.293252593802357| 0.257288644464| 0.216569917135081| 0.1630953914844| 0.153410847249522| 0.14944795854082| 0.121039627451633| 0.114811963685833| NaN| 0.0801823078457575| 0.0974908375943613,0.343211843596777,0.0962233146874339,0.0108873563643629,0.123300274705639,0.207399725294361,0.0188721296560796,0.141686851393372,0.189013148606627,0.0106201409271808,0.974829813312597,0.991585811421686
G6PC1_MOUSE,ILGQTHK,2,0.667974970441883,0.894930047028295,11,0.12718,0.0236848933777978,5131768.66666667,398.73743,0.0374001310245612,5,0,3,2| 6| 7| 9| 13| 16| 24| 31,NaN,0.0622127698093835|0.0662809169489666|,0.589535362752175| 0.567717223204549| 0.577539947144112| 0.517419813505143| 0.448746864576715| 0.47549252823838| 0.41454431871221| 0.398627886045584| 0.396908800950051| NaN| 0.423535819946347| 0.363806270449293,0.589535362752175,0.351160858777283,0.0238709156689767,0.0552168503685889,0.199143149631411,0.032297425983089,0.0812489770579347,0.173111022942065,0.0206140756956447,0.957557200306133,0.961476412037321

