proteinName,peptideSeq,charge,old_Rsquared,new_Rsquared,NDP,rateconstant,sigma,Abundance,MassToCharge,RMSE,selected_A1A0_count, selected_A2A0_count, selected_A2A1_count,improved_timePoints,new_k,I0_percentatediffI0_percentatediff,selected_io_t,i0,I0_asymptote,new_rmse,lowerci_old,upperci_old,sigma_old,lowerci_new,upperci_new,sigma_new,old_pearson,new_pearson
GALD1_MOUSE,LPLIVEDFVK,2,0.883107664464898,0.9277712908239,11,0.15943,0.0219802008610895,10192801.8333333,586.84991,0.0255153148570602,2,0,2,3| 6| 9| 21,NaN,,0.524338078153229| 0.48050989750301| 0.445509058264763| 0.436037289500341| 0.339962278692024| 0.332455747089476| 0.338451560337745| 0.311407145527815| 0.299712624771873| 0.304123772176979| NaN| 0.279131054880398,0.524338078153229,0.297956423247825,0.0205747631804637,0.12692607176667,0.19193392823333,0.0145879275942278,0.133219834474627,0.185640165525373,0.0117632550186594,0.968961127317588,0.985907329721554
GALD1_MOUSE,SLTGPSVYELIR,2,0.642106815690691,0.927044472206007,11,0.18393,0.0397585897281312,15561975.7142857,667.86932,0.0477223997967875,3,2,4,0| 3| 6| 7| 9| 13| 16| 21| 31,NaN,0.0237234201417266|,0.511421988606827| 0.471763741292404| 0.354371701950303| 0.321914425463572| 0.272152283185588| 0.256514968056841| 0.232802486564562| 0.242521173464766| 0.192279381527203| 0.197156504009107| NaN| 0.163952494747293,0.45646,0.177952864460437,0.0279162772142319,0.0868870823029367,0.280972917697063,0.0435533528973813,0.127162590908149,0.240697409091851,0.0254775006762006,0.846509401809025,0.975072799769502
GALD1_MOUSE,AIDFVDVTESNAR,2,0.820482951603081,0.973988406364546,11,0.26169,0.044088871566259,23002250.5555556,718.85443,0.0382717103279378,0,3,3,0| 1| 6| 16| 21| 31,NaN,0.0128665844248103|,0.417105763581973| 0.376370029122885| 0.31894677691289| 0.269046174607391| 0.215585742410751| 0.176598739354991| 0.155315505847761| 0.139238680497391| 0.117298609709812| 0.167925453118928| NaN| 0.126627063181844,0.417105763581973,0.122579861224393,0.0154244820026268,0.154077713849578,0.369302286150422,0.0482969389835763,0.21831948541453,0.30506051458547,0.019464906578537,0.925977832252206,0.988541914210925

