proteinName,peptideSeq,charge,old_Rsquared,new_Rsquared,NDP,rateconstant,sigma,Abundance,MassToCharge,RMSE,selected_A1A0_count, selected_A2A0_count, selected_A2A1_count,improved_timePoints,new_k,I0_percentatediffI0_percentatediff,selected_io_t,i0,I0_asymptote,new_rmse,lowerci_old,upperci_old,sigma_old,lowerci_new,upperci_new,sigma_new,old_pearson,new_pearson
GPM6A_MOUSE,IcTASENFLR,2,0.528052542265522,0.910835122256807,9,0.2071,0.0480614699544748,14204421.5555556,605.79785,0.0492434624550551,1,4,1,1| 2| 6| 7| 16| 31,NaN,,0.518445240060602| 0.452601632992111| 0.433629939003327| NaN| 0.294389053865233| 0.297860865610957| 0.260697206480036| 0.236190062137417| 0.285884136742606| NaN| NaN| 0.264731060070735,0.518445240060602,0.211865399268361,0.0248005243721044,0.0930991695513513,0.321100830448649,0.0494365247280793,0.149685670604248,0.264514329395752,0.0248977564790433,0.857850352017531,0.977035257174095

