proteinName,peptideSeq,charge,old_Rsquared,new_Rsquared,NDP,rateconstant,sigma,Abundance,MassToCharge,RMSE,selected_A1A0_count, selected_A2A0_count, selected_A2A1_count,improved_timePoints,new_k,I0_percentatediffI0_percentatediff,selected_io_t,i0,I0_asymptote,new_rmse,lowerci_old,upperci_old,sigma_old,lowerci_new,upperci_new,sigma_new,old_pearson,new_pearson
HARS1_MOUSE,LLFEYLILFGIDDK,2,0.615705504822213,0.872611599343671,6,0.51628,0.238741462815852,552116,849.97125,0.0408762680307388,0,3,0,2| 13| 31,NaN,,0.352090930054377| NaN| 0.294649989019151| 0.211629906933065| NaN| NaN| 0.171485545087841| 0.189578211982769| NaN| NaN| NaN| 0.160258614705308,0.352090930054377,0.17371268401875,0.0176498597582529,0,1.06135393324258,0.212043019160519,0.194432648828186,0.838127351171814,0.125204086802138,0.804846167227153,0.944311792942053

