proteinName,peptideSeq,charge,old_Rsquared,new_Rsquared,NDP,rateconstant,sigma,Abundance,MassToCharge,RMSE,selected_A1A0_count, selected_A2A0_count, selected_A2A1_count,improved_timePoints,new_k,I0_percentatediffI0_percentatediff,selected_io_t,i0,I0_asymptote,new_rmse,lowerci_old,upperci_old,sigma_old,lowerci_new,upperci_new,sigma_new,old_pearson,new_pearson
HPCL1_MOUSE,SEMLEIVQAIYK,2,0.929437268943399,0.965551997271609,5,0.18429,0.0224879058958024,8545500,712.37866,0.0181984405703402,2,3,0,0| 2| 3| 7| 24,NaN,0.0210282384968109|0.022486057155041|,0.456083402485658| NaN| 0.334323805204329| 0.301907632665636| NaN| 0.218678823168511| NaN| NaN| NaN| NaN| 0.154303256970471| NaN,0.456083402485658,0.154376739325095,0.0123514204862392,0.0761469201733431,0.292433079826657,0.0389501955673574,0.110892466488643,0.257687533511357,0.0264357949580451,0.983876983194319,0.993618462483952
HPCL1_MOUSE,TFDTNSDGTIDFR,2,0.952900835297503,0.952900835297503,5,0.30517,0.0274848626699212,3026075.66666667,744.83374,0.0112392449856453,0,0,0,,NaN,,0.408179239548679| NaN| 0.314908201024504| 0.309765425578419| NaN| 0.21887005222637| NaN| NaN| NaN| NaN| 0.179464671150535| NaN,0.408179239548679,0.183281162526471,0.0112392449856453,0.179283473184211,0.431056526815789,0.045340902502776,0.179283473184211,0.431056526815789,0.045340902502776,0.984407833975522,0.984407833975522
HPCL1_MOUSE,IYANFFPYGDASK,2,0.885394752616874,0.940899481065703,5,0.08602,0.0126233597102123,13458379,746.85901,0.0184115514120077,2,0,0,0| 24,NaN,,0.439533527797651| NaN| 0.36964661218813| 0.328943501260288| NaN| 0.267093022706288| NaN| NaN| NaN| NaN| 0.183464262247389| NaN,0.39853,0.141401332513851,0.0137250082901219,0.0253149702321143,0.146725029767886,0.0218643003803057,0.0407670488406021,0.131272951159398,0.0162988820041368,0.955001077004822,0.977402185849342
HPCL1_MOUSE,WAFSMYDLDGNGYISR,2,0.937488149717792,0.986831952992883,5,0.46365,0.0514867896499197,4274563.33333333,947.92505,0.0125093707949866,1,1,1,2| 3| 24,NaN,,0.306815960357892| NaN| 0.190465603263521| 0.155463128517917| NaN| 0.10209254779264| NaN| NaN| NaN| NaN| 0.0823124500614554| NaN,0.306815960357892,0.0901676771836501,0.00589013682624215,0.211242018215039,0.716057981784961,0.090910488854626,0.344801692350115,0.582498307649885,0.0428059274179412,0.973185787072278,0.994931076536831

