proteinName,peptideSeq,charge,old_Rsquared,new_Rsquared,NDP,rateconstant,sigma,Abundance,MassToCharge,RMSE,selected_A1A0_count, selected_A2A0_count, selected_A2A1_count,improved_timePoints,new_k,I0_percentatediffI0_percentatediff,selected_io_t,i0,I0_asymptote,new_rmse,lowerci_old,upperci_old,sigma_old,lowerci_new,upperci_new,sigma_new,old_pearson,new_pearson
IGJ_MOUSE,cYTTMVPLR,2,-1.08428367660747,-0.0571892132546592,5,0.05426,0.0726180779344625,4909873.5,570.78064,0.12816427561819,0,1,3,0| 1| 16| 24,NaN,,0.317613830456383| 0.549665624424773| 0.476889570143179| NaN| NaN| NaN| NaN| NaN| 0.409759134641279| NaN| 0.365730361041526| NaN,0.49039,0.306191220636014,0.0543303510228872,0,0.39334678085332,0.12212983437972,0,0.228326027348528,0.0626938479810793,-0.354402812798208,0.313116495818514

