protien,peptide,charge,rsquared,rateconstant,mo,io_e,io_a1a0,io_a2a0,io_a2a1
RB11B_MOUSE,NNLSFIETSALDSTNVEEAFK,2,0.860538810745562,0.08425,0.26416,0.289516506389082,0.286491153770511,0.263131571150249,0.236792624733612

