protien,peptide,charge,rsquared,rateconstant,mo,io_e,io_a1a0,io_a2a0,io_a2a1
CATZ_MOUSE,HGIPDETcNNYQAK,3,0.974800647341583,0.21017,0.39366,0.407804940845297,0.420874804938242,0.389274054842221,0.341142354684161

