protien,peptide,charge,rsquared,rateconstant,mo,io_e,io_a1a0,io_a2a0,io_a2a1
DDX17_MOUSE,YLVLDEADR,2,-2.16909719793736,0.8589,0.53194,0.271849686261946,0.562058834961204,0.222782286472963,0.222782286472963
DDX17_MOUSE,APILIATDVASR,2,0.931505265615385,0.89583,0.49064,0.439698678623467,0.426269651287251,0.44052273446682,0.45741978860163
DDX17_MOUSE,MLDMGFEPQIR,2,0.950372009424758,0.68059,0.42405,0.453724313224744,0.423659942555256,0.482649183644739,0.527839669001885
DDX17_MOUSE,QTLMWSATWPK,2,0.896204219719796,1.22008,0.42299,0.399615623999324,0.417778277967255,0.40373916902779,0.382410481960019
DDX17_MOUSE,GDGPIcLVLAPTR,2,0.778658265369258,0.93445,0.44914,0.354285263325926,0.308787795924196,0.370779672930907,0.471345564072497
DDX17_MOUSE,GTAYTFFTPGNLK,2,0.806804637362184,0.48304,0.42236,0.415754604692191,0.396344954377666,0.434560606696731,0.480974271475242
DDX17_MOUSE,SSQSSSQQFSGIGR,2,0.682780835006861,0.21347,0.45319,0.475721194599363,0.459678699198907,0.45319,0.445102306031402

