protien,peptide,charge,rsquared,rateconstant,mo,io_e,io_a1a0,io_a2a0,io_a2a1
DDX6_MOUSE,VMATTGGTNLR,2,0.878873157341431,0.51055,0.51785,0.547910541971334,0.549964816887223,0.545884215386532,0.533821497010781
DDX6_MOUSE,LDDTVHVVIATPGR,3,0.545232032188875,0.05531,0.42277,0.418849117198231,0.388796930665633,0.439834647803615,0.504888692354342

