protien,peptide,charge,rsquared,rateconstant,mo,io_e,io_a1a0,io_a2a0,io_a2a1
VP26A_MOUSE,EITGIGPSTTTETETIAK,2,0.804699779069628,0.08819,0.35502,0.460290672474691,0.458952212415868,0.463031691867933,0.471083055120129

