protien,peptide,charge,rsquared,rateconstant,mo,io_e,io_a1a0,io_a2a0,io_a2a1
CSN4_MOUSE,cQQLAAYGILEK,2,0.688347412493983,0.53717,0.43988,0.483862324730915,0.462072040450297,0.430820011223725,0.3811087879576
CSN4_MOUSE,AIQLSGTEQLEALK,2,0.840655518290077,0.09787,0.42359,0.497535868832926,0.466676421110732,0.473706459997115,0.485943495631174

