protien,peptide,charge,rsquared,rateconstant,mo,io_e,io_a1a0,io_a2a0,io_a2a1
PSB1_MOUSE,LSEGFSIHTR,3,0.88329426835985,0.11026,0.51551,0.537542925294565,0.52056803006441,0.527393305276519,0.537493832700003
PSB1_MOUSE,GAVYSFDPVGSYQR,2,0.910621328256622,0.23558,0.40095,0.371635764213671,0.353509864906659,0.380878310278674,0.41526604878416
PSB1_MOUSE,AGGSASAMLQPLLDNQVGFK,2,0.410239402691737,0.04699,0.30224,0.395775214487128,0.407105325140005,0.355927919435873,0.282578701793311
PSB1_MOUSE,AGGSASAMLQPLLDNQVGFK,3,0.909008853755928,0.16588,0.30224,0.317512613652484,0.297624895501151,0.316525308094956,0.344205969825181

