protien,peptide,charge,rsquared,rateconstant,mo,io_e,io_a1a0,io_a2a0,io_a2a1
ITIH1_MOUSE,QYYDGSEIVVAGR,2,0.85754060234376,0.09913,0.43043,0.421072202392355,0.433180178143952,0.396009540507391,0.34929456242311
ITIH1_MOUSE,MSLDYHFVTPLTSLTIR,3,0.0261104713108077,0.02383,0.29251,0.340683111470467,0.320027137071831,0.327540378535305,0.337958684367135

