protien,peptide,charge,rsquared,rateconstant,mo,io_e,io_a1a0,io_a2a0,io_a2a1
AT1B1_MOUSE,AYGENIGYSEK,2,0.98898430498536,0.17681,0.49196,0.505995125483521,0.503150038486921,0.505114780860665,0.508455561141481
AT1B1_MOUSE,SYEAYVLNIIR,2,0.967996392465071,0.14823,0.44761,0.458962841384318,0.451451082404629,0.463171266629945,0.478337492967933
AT1B1_MOUSE,SYEAYVLNIIR,3,0.898779416835461,0.12226,0.44761,0.472907680974934,0.464988971091565,0.472931772775414,0.482886923111046
AT1B1_MOUSE,YNPNVLPVQcTGK,2,0.93122435269766,0.11803,0.41639,0.430019435640963,0.432928983316998,0.426797696539936,0.417181976884058
AT1B1_MOUSE,VAPPGLTQIPQIQK,2,0.975324095206358,0.15919,0.41188,0.433159647507174,0.44157517918069,0.422768339649323,0.39893939477541
AT1B1_MOUSE,VAPPGLTQIPQIQK,3,0.981323322370458,0.16771,0.41188,0.425951127843015,0.419587173420801,0.425225440305318,0.431428665884433
AT1B1_MOUSE,AYGENIGYSEKDR,2,0.885736973905827,0.1451,0.42688,0.449480754644602,0.455739677273623,0.436547624360866,0.411608883083243
AT1B1_MOUSE,AYGENIGYSEKDR,3,0.94319832514071,0.17487,0.42688,0.444755483776676,0.436971182445726,0.441460269773356,0.448929326818302
AT1B1_MOUSE,DDMIFEDcGNVPSEPK,2,0.985944063073,0.17513,0.33631,0.348725971732,0.329880666990719,0.339350469062621,0.35815902393418
AT1B1_MOUSE,DSAQKDDMIFEDcGNVPSEPK,3,0.966441140842458,0.16428,0.25292,0.269002645610372,0.282246226056832,0.259529275842894,0.225157032794689
AT1B1_MOUSE,YKDSAQKDDMIFEDcGNVPSEPK,3,0.303967991177996,0.14701,0.20992,0.208863897896791,0.152072531611388,0.168366007405004,0.192216944519118
AT1B1_MOUSE,VGNIEYFGMGGYYGFPLQYYPYYGK,3,0.981542657525181,0.15265,0.1529,0.158374015014369,0.14707612355117,0.153943321430593,0.161991526196993

