protien,peptide,charge,rsquared,rateconstant,mo,io_e,io_a1a0,io_a2a0,io_a2a1
SYMC_MOUSE,IGTVSPLFQK,2,0.580117268061464,0.09546,0.5175,0.590621438188125,0.562341400722358,0.594865748999081,0.594865748999081

