protien,peptide,charge,rsquared,rateconstant,mo,io_e,io_a1a0,io_a2a0,io_a2a1
DHB11_MOUSE,LTAYEFAK,2,0.899906337281285,0.11507,0.56221,0.577248524341687,0.574942089629205,0.574134091234986,0.573331903408538
DHB11_MOUSE,QMIFVPSSIALLTVLER,2,0.98622482417675,0.31741,0.30474,0.325378381191726,0.319966973489752,0.313703720866233,0.306512726755472

