protien,peptide,charge,rsquared,rateconstant,mo,io_e,io_a1a0,io_a2a0,io_a2a1
MYO6_MOUSE,STGASFIR,2,0.611571378555577,0.14772,0.6192,0.643525735287695,0.653245809951961,0.613281437073759,0.550695260013499
MYO6_MOUSE,LSFISVGNK,2,0.0632052369165713,0.39483,0.56382,0.562710231857899,0.54325598986815,0.576812330811609,0.622621861751928
MYO6_MOUSE,VMLTTAGGTK,2,0.5187254667695,0.14113,0.55259,0.593271400299309,0.58778307189374,0.605196748226402,0.61651763045363
MYO6_MOUSE,SSEDLLSALQK,2,0.754626441103333,0.17705,0.51374,0.545822703535749,0.522684748527266,0.563151149289498,0.631326592589034
MYO6_MOUSE,IQEEMEKER,3,-0.600038327183168,0.07912,0.49902,0.49267785100204,0.481457819444756,0.492818573400479,0.521971359980426
MYO6_MOUSE,NLEISIDALMAK,2,-0.397196286925491,0.00696,0.45016,0.446199363248554,0.433788148978005,0.473501632804889,0.565944578627317
MYO6_MOUSE,ASFHELYNMYK,3,0.962896518566549,0.22768,0.41184,0.407115718031503,0.388645431156703,0.39511654727465,0.405217963725401
MYO6_MOUSE,ILKEEQELYQK,2,0.967065215291789,0.28205,0.43409,0.45125733729424,0.445742519163551,0.401379121756461,0.346896932382443
MYO6_MOUSE,PTYATAMLQNLLK,2,0.955469155389337,0.33993,0.40363,0.414023409466481,0.416649087815481,0.378564321684888,0.324826027042617
MYO6_MOUSE,LVGILDILDEENR,2,-0.754875872100194,0.21991,0.42373,0.426157678769914,0.416146976617969,0.432589989071623,0.454999920613659
MYO6_MOUSE,cGGIQYLQSAIESR,2,0.870747066638364,0.25147,0.40561,0.42722578098062,0.413760554244794,0.426180394401065,0.450717114723422
MYO6_MOUSE,TVYSHLFDHVVNR,4,0.937689083686911,0.21121,0.38925,0.418344355516378,0.404466117927405,0.426581201921946,0.453320260803996
MYO6_MOUSE,SSVVGGFVSHYLLEK,3,0.814777315915755,0.07833,0.37829,0.495083954042054,0.47762890890694,0.456724968870954,0.429624788450912
MYO6_MOUSE,IAQNESELISDEAQGDMALR,2,-0.13427601765046,2E-05,0.2877,0.29647659173879,0.229690147090097,0.286207536707626,0.378733655905526
MYO6_MOUSE,SAPSLEYcAELLGLDQDDLR,2,0.859209811932752,0.25448,0.27472,0.347365243828746,0.315788322389903,0.307177168696468,0.294273061013736
MYO6_MOUSE,DVEDNcSLMYLNEATLLHNVK,3,0.901468736085967,0.22417,0.23291,0.228289632355924,0.200549497131822,0.23291,0.28545207061997

