protien,peptide,charge,rsquared,rateconstant,mo,io_e,io_a1a0,io_a2a0,io_a2a1
CPNE1_MOUSE,DIVQFVPYR,2,0.712199114736921,0.36009,0.49889,0.411240733459282,0.346429790319511,0.459219383412266,0.573473572015752
CPNE1_MOUSE,ETLAQTVLAEVPTQMVSYFR,3,0.633879146343566,0.21515,0.25174,0.301914760735045,0.341707983061184,0.28125110410856,0.207569184255327

