protien,peptide,charge,rsquared,rateconstant,mo,io_e,io_a1a0,io_a2a0,io_a2a1
COPB2_MOUSE,VFNYNTLER,2,-1.28549065578803,1.46381,0.50608,0.286831133954219,0.227622273493972,0.290476481882221,0.366077267881964
COPB2_MOUSE,EAFVVEEWVK,2,0.763540582397074,0.52431,0.46986,0.437279624817671,0.479385852795737,0.397836962457871,0.302296364452979
COPB2_MOUSE,FELALQLGELK,2,-0.197970582220722,0.07744,0.46734,0.480974953571158,0.45253269234759,0.50609185786875,0.574768152895597
COPB2_MOUSE,DNNQFASASLDR,2,0.549449830611901,0.40957,0.48035,0.422547982831012,0.42952607352746,0.406960531492776,0.377198936641199
COPB2_MOUSE,QQALTVSTDPEHR,3,0.991652726193221,0.2713,0.43893,0.445197383364341,0.444277482048273,0.427230457324347,0.404729016768106
COPB2_MOUSE,NNVAFMSYFLQGK,2,0.152302731403609,0.03647,0.38505,0.407766944806728,0.382049341890409,0.407199664153766,0.448012889624114
COPB2_MOUSE,GSNNVALGYDEGSIIVK,2,0.892931533881818,0.15252,0.37074,0.452883897133486,0.405076190049333,0.469828655317287,0.494776095246239
COPB2_MOUSE,VWQLGSSSPNFTLEGHEK,3,0.610445935582336,0.27873,0.30713,0.315641652244122,0.367588225641633,0.26799735583822,0.16675473344229
COPB2_MOUSE,SFKPDFGAESIYGGFLLGVR,3,0.945403782646401,0.15485,0.26874,0.305235661134754,0.318013679397835,0.296550341303569,0.272419666203983
COPB2_MOUSE,GVNcIDYYSGGDKPYLISGADDR,3,0.681737413964857,0.17508,0.23243,0.244034825487018,0.227393279254309,0.246424182920314,0.272649478224119

