protien,peptide,charge,rsquared,rateconstant,mo,io_e,io_a1a0,io_a2a0,io_a2a1
PROD_MOUSE,ASGGASDGGFSAIK,2,0.786873181486085,0.12473,0.50481,0.559339986625428,0.562109560210673,0.562566601204383,0.564307345894431
PROD_MOUSE,QYQVHPAFGDR,2,-2.08563360665675,0.08256,0.45977,0.225243807813695,0.173473877862283,0.215613905897235,0.264760314989049
PROD_MOUSE,QYQVHPAFGDR,3,0.975687299813729,0.24428,0.45977,0.451311054481941,0.427580500060464,0.46821277046122,0.519392072559375
PROD_MOUSE,YVPYGPVMEVLPYLSR,2,0.344419246206586,0.01975,0.30159,0.345255162591977,0.326179714200682,0.309995457447919,0.288305565322849
PROD_MOUSE,YVPYGPVMEVLPYLSR,3,0.0282842491747192,0.04417,0.30159,0.322067969516549,0.325011284641816,0.317039483046562,0.306913233593626
PROD_MOUSE,HLVVPNVQTGQLEPLLSR,3,0.889485252905466,0.11152,0.30973,0.3427602276923,0.365533446766887,0.349988450273045,0.330382046383225
PROD_MOUSE,AVRPPVPAVDFTNTQEAYR,3,0.965652076476916,0.18965,0.28677,0.320132450782333,0.321189641259956,0.302461554609941,0.28210368038658
PROD_MOUSE,AAEIGYEDPINPTYEATNAMYHR,3,0.87525211237084,0.08091,0.2105,0.264647216319746,0.269612266756141,0.260673929445525,0.249020369025947

