protien,peptide,charge,rsquared,rateconstant,mo,io_e,io_a1a0,io_a2a0,io_a2a1
SUOX_MOUSE,GYAWSGGGR,2,0.869082495470708,0.1602,0.58825,0.511692280067714,0.542392380945885,0.464787720724268,0.369490481730222
SUOX_MOUSE,VVVPGVVGAR,2,0.968333229275169,0.08108,0.56832,0.591842660105218,0.572283182700571,0.601959488600708,0.641522133611541
SUOX_MOUSE,LcDVLAQAGHR,2,0.760175560573414,0.04574,0.49268,0.557168679660412,0.545872491037772,0.532323843846624,0.500124822834656
SUOX_MOUSE,HEVTVTLQcAGNR,3,0.204346245824677,0.76392,0.43458,0.333953497555423,0.396990981251111,0.286682028751272,0.16453218577781
SUOX_MOUSE,HEVTVTLQcAGNR,2,0.131422112311715,0.10528,0.43458,0.44463737595311,0.436992597002573,0.453434384437821,0.48621218546493
SUOX_MOUSE,VSVESEESYSHWQR,3,0.970422918189876,0.11215,0.37439,0.396087871506032,0.4138103842645,0.370589475634001,0.317881780299195
SUOX_MOUSE,VSVESEESYSHWQR,2,0.71151681901378,0.06709,0.37439,0.416865807872486,0.346811170767377,0.417356686050298,0.516369849540376
SUOX_MOUSE,TGVWVTLGSEVFDVTK,2,0.937694866644158,0.14554,0.35482,0.377980296975216,0.390808980015779,0.353686101218836,0.310015360243202
SUOX_MOUSE,AVDDSYNVQPDTVAPIWNLR,3,0.482812318854309,0.05787,0.2655,0.313242005310598,0.325199216350525,0.294677037202701,0.258889696450328
SUOX_MOUSE,AVDDSYNVQPDTVAPIWNLR,2,0.92642431831758,0.10607,0.2655,0.275289533322136,0.231423230094843,0.280222177560078,0.341304798368583
SUOX_MOUSE,AMDPEAEVLLAYEMNGQPLPR,3,0.53270109200666,0.07564,0.23811,0.237265890227552,0.232345119780265,0.25500813510723,0.292403208347645

