protien,peptide,charge,rsquared,rateconstant,mo,io_e,io_a1a0,io_a2a0,io_a2a1
CBS_MOUSE,IGNTPMVR,2,-0.376605075234731,6.40405,0.58059,0.468185167084203,0.427938068172565,0.502276693724578,0.654235451825942
CBS_MOUSE,cEFFNAGGSVK,2,0.372565837996173,0.19235,0.4884,0.422047574791881,0.503622017476063,0.331406043647323,0.184639745805047
CBS_MOUSE,SNDEDSFAFAR,2,0.188176236435416,0.05072,0.49297,0.535787154400252,0.584085159999518,0.448839248555348,0.272782134751763
CBS_MOUSE,LDMLVASAGTGGTITGIAR,2,-0.169207603496773,0.12011,0.34614,0.395777069494498,0.369408270895691,0.400113128880862,0.45769417856576

