protien,peptide,charge,rsquared,rateconstant,mo,io_e,io_a1a0,io_a2a0,io_a2a1
DUS3_MOUSE,ANDTQEFNLSAYFER,2,0.800095188161139,0.04324,0.35295,0.356728822331947,0.331422101299447,0.339236142064846,0.348320037876316
DUS3_MOUSE,VYVGNASVAQDITQLQK,2,0.984224288294147,0.16818,0.34756,0.372768666248804,0.327996056072817,0.380096825093218,0.448522254403693

