protien,peptide,charge,rsquared,rateconstant,mo,io_e,io_a1a0,io_a2a0,io_a2a1
GSHR_MOUSE,GVYAVGDVcGK,2,0.791683555420601,0.16179,0.51958,0.483707861166748,0.490489598048045,0.484957706787007,0.473397818306197
GSHR_MOUSE,ALLTPVAIAAGR,3,0.533819598745352,0.13509,0.50545,0.578922810217239,0.610727074054311,0.49197672218856,0.338844145436317
GSHR_MOUSE,ALLTPVAIAAGR,2,0.871232389129519,0.04985,0.50545,0.599448227881748,0.590658193783813,0.602090861299815,0.616799728187067
GSHR_MOUSE,LNTIYQNNLTK,2,0.805019164804099,0.07754,0.46525,0.492704755724674,0.497994194256112,0.47072377380991,0.435895125363383
GSHR_MOUSE,LGGTcVNVGcVPK,2,0.887983847313693,0.07537,0.45457,0.45233822172575,0.438135086029779,0.461161211777346,0.533032227301205
GSHR_MOUSE,GHILVDEFQNTNVK,2,0.327419008717127,0.0835,0.39194,0.3821588169659,0.396237066841928,0.314180217945213,0.224534444718449
GSHR_MOUSE,TSSGLELQVVTSVPGR,2,0.688512401480238,0.1006,0.39837,0.432210237377412,0.419501660517237,0.417277453696178,0.41366753786559
GSHR_MOUSE,KTSSGLELQVVTSVPGR,3,0.871106772010063,0.06356,0.36833,0.42829571504274,0.401197149779957,0.424433054834198,0.454838789236153
GSHR_MOUSE,IYSTAFTPMYHAVTTR,3,0.230351187546838,0.11471,0.31615,0.250903915760808,0.225436089223896,0.260081400044984,0.306430697570144
GSHR_MOUSE,KPTTTMIPDVDcLLWAIGR,3,0.866727102090754,0.11422,0.26305,0.248978923820318,0.25982801181425,0.24711637637441,0.229699105478589
GSHR_MOUSE,LDYDNIPTVVFSHPPIGTVGLTEDEAVHK,4,0.990196543484275,0.10513,0.15592,0.157249737172162,0.152270622718975,0.146671262966397,0.139924315424179

