protien,peptide,charge,rsquared,rateconstant,mo,io_e,io_a1a0,io_a2a0,io_a2a1
CBX3_MOUSE,WKDSDEADLVLAK,3,0.944905624619371,0.21918,0.42103,0.477914353632669,0.460723722640295,0.466840641511133,0.474381920581675

