protien,peptide,charge,rsquared,rateconstant,mo,io_e,io_a1a0,io_a2a0,io_a2a1
FBLN5_MOUSE,DQPFTILYR,2,0.47984711238075,0.05758,0.4977,0.549875148398572,0.567981681409633,0.492843917574819,0.394830897278829

