protien,peptide,charge,rsquared,rateconstant,mo,io_e,io_a1a0,io_a2a0,io_a2a1
PTMS_MOUSE,SVEAAAELSAK,2,0.980902625183608,0.207,0.54853,0.57496008446685,0.570742671464391,0.570334318005718,0.568627743626464
PTMS_MOUSE,TAEEEDEADPKR,3,0.977937627034858,0.20924,0.4737,0.502293267693191,0.503350566567367,0.493417709906725,0.476932317604132

