protien,peptide,charge,rsquared,rateconstant,mo,io_e,io_a1a0,io_a2a0,io_a2a1
GLU2B_MOUSE,LWEEQQAAAK,2,-0.794743293434367,0.07566,0.50472,0.54526064485822,0.53665683771687,0.52714623364479,0.51357768890281
GLU2B_MOUSE,SLEDQVETLR,2,-0.569201425248975,0.02307,0.51783,0.5805683545881,0.562340319320645,0.570230394478114,0.582271691740161
GLU2B_MOUSE,KLWEEQQAAAK,3,0.403585510070258,0.26776,0.46665,0.378022358999367,0.398437586321908,0.324951087832551,0.246234921986176
GLU2B_MOUSE,ETVVTSTTEPSR,2,0.937053965557268,0.18649,0.48941,0.509466541318098,0.499425936536492,0.483279344108344,0.4585132996619
GLU2B_MOUSE,YEQGTGcWQGPNR,2,0.951647280517937,0.16197,0.41058,0.451293311906435,0.43771780997702,0.440316733169371,0.446508345328091
GLU2B_MOUSE,HGGSPTSLGTWGSWAGPDHDK,3,0.731858333177049,0.25305,0.28822,0.287403663899871,0.219533678903609,0.27327496998331,0.34055724863505

