protien,peptide,charge,rsquared,rateconstant,mo,io_e,io_a1a0,io_a2a0,io_a2a1
PSA7_MOUSE,ALLEVVQSGGK,2,0.97169201312491,0.09734,0.53051,0.527364296568092,0.521572279551363,0.522764653393939,0.524966549749803
PSA7_MOUSE,GKDIVVLGVEK,3,0.951393398929985,0.25659,0.50676,0.515519721399264,0.515243242681806,0.499710200395684,0.478430305587715
PSA7_MOUSE,LYQTDPSGTYHAWK,3,0.941823334431433,0.16075,0.36824,0.409472060064431,0.423067188451088,0.419126837366675,0.414566623963768
PSA7_MOUSE,NYTDDAIETDDLTIK,2,0.943208578354173,0.54985,0.38007,0.352291180572038,0.356536516964743,0.361364447858197,0.368273873810812

