protien,peptide,charge,rsquared,rateconstant,mo,io_e,io_a1a0,io_a2a0,io_a2a1
SELB_MOUSE,ALSTTASTAAFDK,2,0.980175682919585,0.21531,0.48275,0.475702109785158,0.44071563030899,0.463803349462912,0.494966616980804

