protien,peptide,charge,rsquared,rateconstant,mo,io_e,io_a1a0,io_a2a0,io_a2a1
XPP1_MOUSE,VGVDPLIIPTDYWK,2,0.967910874238165,0.25365,0.36932,0.384101908309784,0.407774041974904,0.374899622209105,0.336927886858749
XPP1_MOUSE,TLSLDEVYLIDSGAQYK,2,0.90314615492472,0.87311,0.32623,0.350472030008459,0.353618863916271,0.353715874229515,0.3527647835117

