protien,peptide,charge,rsquared,rateconstant,mo,io_e,io_a1a0,io_a2a0,io_a2a1
HNRPM_MOUSE,MAAPIDR,2,0.836840202573425,0.18005,0.62081,0.614874493052713,0.592460375737736,0.649352629818066,0.66348915315502
HNRPM_MOUSE,MGLVMDR,2,0.887519089276836,0.09151,0.58313,0.620614781975153,0.612638860504231,0.59787567585973,0.455944086149883
HNRPM_MOUSE,MGANSLER,2,0.231490394648009,0.12296,0.59803,0.590872430871234,0.622422462379621,0.502664143587838,0.288688462415463
HNRPM_MOUSE,FESPEVAER,2,0.909118289985747,0.16349,0.54443,0.55084231764716,0.557276053657427,0.502501487901631,0.428832631249325
HNRPM_MOUSE,MGAGLGHGMDR,3,0.920992740426193,0.11715,0.50453,0.556901453453634,0.531715012542552,0.586957283372298,0.55814624064586
HNRPM_MOUSE,ADILEDKDGK,3,0.941544192644932,0.23288,0.54117,0.526319873930696,0.527034671614217,0.502587731555701,0.468310604629547
HNRPM_MOUSE,NLPFDFTWK,2,0.158481043990828,0.14882,0.47913,0.452170749438887,0.468821820338581,0.431852568729077,0.387433317770552
HNRPM_MOUSE,MVPTGMGASLER,2,0.82947577936853,0.5,0.45871,0.379896721443583,0.26646706519637,0.502431600245783,0.551443242529635
HNRPM_MOUSE,AFITNIPFDVK,2,0.343045831569627,0.11267,0.45842,0.493457176754886,0.508103857448882,0.468797721093949,0.419596261381268
HNRPM_MOUSE,QGGGGAGGSVPGIER,2,0.972391598656143,0.16383,0.49148,0.511564025872514,0.506999766308843,0.505836864719188,0.504020203524749
HNRPM_MOUSE,LGSTVFVANLDYK,2,0.769247427900484,0.17229,0.42567,0.476146365570154,0.477407287456156,0.456651669347518,0.429775514806897
HNRPM_MOUSE,IGGMEGPFGGGMENMGR,2,0.975852661965537,0.14861,0.34316,0.376183022130812,0.334450042805286,0.356231954034712,0.45147950564488
HNRPM_MOUSE,VGEVTYVELLMDAEGK,3,0.922711812268739,0.18162,0.3483,0.385007272002438,0.341872893686011,0.387945748798207,0.455668125836654
HNRPM_MOUSE,VGEVTYVELLMDAEGK,2,0.8058892203084,0.13319,0.3483,0.349848809012748,0.330316382220228,0.370592294786201,0.441272022849708
HNRPM_MOUSE,GNFGGSFAGSFGGAGGHAPGVAR,3,0.946302041201644,0.15053,0.30671,0.317067042086021,0.302968027500514,0.301961010465254,0.298835161391744

