protien,peptide,charge,rsquared,rateconstant,mo,io_e,io_a1a0,io_a2a0,io_a2a1
TMCO1_MOUSE,QAGGFLGPPPPSGK,2,-0.0301298640782846,0.93382,0.45746,0.435388125709458,0.461366590260409,0.348774182526783,0.227584280450634

