protien,peptide,charge,rsquared,rateconstant,mo,io_e,io_a1a0,io_a2a0,io_a2a1
COQ3_MOUSE,ILDVGcGGGLLTEPLGR,2,0.90706875135364,0.14798,0.36773,0.403329072139658,0.377286686288319,0.40629525173554,0.458463357788823

