protien,peptide,charge,rsquared,rateconstant,mo,io_e,io_a1a0,io_a2a0,io_a2a1
RB11A_MOUSE,AITSAYYR,2,0.902638886768369,0.11107,0.57085,0.610485736475099,0.612436852672695,0.603675860186378,0.591282132872946
RB11A_MOUSE,NEFNLESK,2,0.918796354574858,0.24731,0.57314,0.538612291115798,0.553612461363359,0.509613686147109,0.449271142196636
RB11A_MOUSE,VVLIGDSGVGK,2,0.966061041969221,0.16066,0.54601,0.577817914098935,0.568317436208303,0.583061893626023,0.6053893893984
RB11A_MOUSE,HLTYENVER,2,0.985584909493823,0.17468,0.51444,0.524248422784655,0.497096315466996,0.527718918452106,0.570481066147818
RB11A_MOUSE,DDEYDYLFK,2,0.85907117419848,0.59783,0.48683,0.535690802965767,0.501490175642244,0.541967924853507,0.543150035349429
RB11A_MOUSE,AQIWDTAGQER,2,0.980235140690836,0.19298,0.48565,0.478157882529201,0.468709097203404,0.495260751158732,0.531104636246204
RB11A_MOUSE,DHADSNIVIMLVGNK,3,0.987663947965721,0.17777,0.38069,0.375380894495741,0.366577033078373,0.369874445070934,0.374344648909543

