protien,peptide,charge,rsquared,rateconstant,mo,io_e,io_a1a0,io_a2a0,io_a2a1
PFKAM_MOUSE,ALVFQPVTELK,2,0.850925823475089,0.07859,0.46845,0.510815257782529,0.47823517329322,0.508185636230946,0.546455899499299

