protien,peptide,charge,rsquared,rateconstant,mo,io_e,io_a1a0,io_a2a0,io_a2a1
TBB4B_MOUSE,YLTVAAVFR,2,0.965540933083801,0.05342,0.52628,0.537031940547605,0.534338969669772,0.536691119200736,0.540455492118541
TBB4B_MOUSE,IMNTFSVVPSPK,2,0.950949499080561,0.04081,0.43758,0.452878670479077,0.452631210780025,0.449637041107343,0.444635142466835
TBB4B_MOUSE,INVYYNEATGGK,2,0.978879918285842,0.06173,0.46119,0.476397671740981,0.469611164263801,0.47636578653778,0.485870763099927
TBB4B_MOUSE,AVLVDLEPGTmDSVR,2,-0.0429740973127573,0.04256,0.38687,0.371661176667058,0.444997370479512,0.328239950051173,0.185352776019532
TBB4B_MOUSE,ALTVPELTQQMFDAK,2,0.979861134006839,0.07018,0.35754,0.380343491767825,0.383049262038814,0.366661776245026,0.34090345399048
TBB4B_MOUSE,ALTVPELTQQMFDAK,3,0.972502788453251,0.07951,0.35754,0.369790996613078,0.374937924982527,0.351580809404039,0.317786951739398
TBB4B_MOUSE,EAEScDcLQGFQLTH,2,0.867189055300625,0.0601,0.36125,0.387335143775085,0.366094579956256,0.38014013448942,0.413774054235061
TBB4B_MOUSE,FWEVISDEHGIDPTGTYHGDSDLQLER,4,0.995632989078353,0.0639,0.16567,0.167105384812095,0.166094576672403,0.160675034347716,0.154244143440227
TBB4B_MOUSE,FWEVISDEHGIDPTGTYHGDSDLQLER,3,0.525944234129984,0.04946,0.16567,0.174027466987948,0.158654565053762,0.15742739833039,0.155827802012137
TBB4B_MOUSE,EAEScDcLQGFQLTHSLGGGTGSGMGTLLISK,3,0.958749144688963,0.04458,0.14948,0.148301584967773,0.140931771969937,0.144278644779505,0.14948
TBB4B_MOUSE,KEAEScDcLQGFQLTHSLGGGTGSGMGTLLISK,4,0.872675330910344,0.04614,0.13884,0.158100113290228,0.148365819911069,0.132435527613709,0.113562011337472

