protien,peptide,charge,rsquared,rateconstant,mo,io_e,io_a1a0,io_a2a0,io_a2a1
PSME1_MOUSE,IVVLLQR,2,0.829467323487706,0.09566,0.60183,0.637185835087678,0.627589171919306,0.631354569601816,0.635767439863147
PSME1_MOUSE,LEGFHTQISK,2,0.653671317809719,0.10049,0.50577,0.566235808903976,0.564039424124421,0.522412723296717,0.464642989163577
PSME1_MOUSE,NAYAVLYDIILK,2,0.969510650230053,0.1874,0.42432,0.465981278363811,0.438193493398115,0.466204843554121,0.49756084802879
PSME1_MOUSE,EPALNEANLSNLK,2,-0.0161371107536579,0.48233,0.44976,0.442979824878142,0.465585115747233,0.420702894558624,0.362593536193701
PSME1_MOUSE,DVTEQLNLVTTWLQLQIPR,3,0.993741701378502,0.21017,0.26323,0.274395774132801,0.270708931358016,0.272057971088684,0.274514843750646

