protien,peptide,charge,rsquared,rateconstant,mo,io_e,io_a1a0,io_a2a0,io_a2a1
6PGL_MOUSE,WTLGFcDER,2,0.762834724768016,0.09802,0.49535,0.517119248959803,0.505433656855768,0.507272369461713,0.510829328871634
6PGL_MOUSE,EGTLPAALVQPR,2,0.926973430259298,0.062,0.48351,0.494853029685429,0.49142965171834,0.482157787775471,0.468834694210945
6PGL_MOUSE,DLPAAAAPAGPASFAR,2,0.873480047187066,0.08036,0.41947,0.43908442579465,0.421320272055787,0.427259345574261,0.437195224644644
6PGL_MOUSE,TGALcWFLDEAAAR,2,0.965354859363283,0.14485,0.39141,0.411848030079021,0.401112357244881,0.414349733518043,0.434670633432762
6PGL_MOUSE,IVAPISDSPKPPPQR,3,0.936082753364294,0.11156,0.38896,0.41853802607065,0.406392830227039,0.417720581470549,0.430668932253164
6PGL_MOUSE,LVPFDHAESTYGLYR,3,0.875366604226481,0.11915,0.34561,0.378515936713099,0.367582176597454,0.383415654170066,0.403779521285974
6PGL_MOUSE,VTLTLPVLNAAQSIIFVATGEGK,3,0.743491526086149,0.05048,0.24884,0.345330837847689,0.268755556830542,0.351110008085613,0.36321004249878
6PGL_MOUSE,LPIPDSQVLTINPALPVEDAAEDYAR,3,-0.693849051097261,0,0.19504,0.24221746964857,0.259710635307716,0.226158337738441,0.190641852816242

