protien,peptide,charge,rsquared,rateconstant,mo,io_e,io_a1a0,io_a2a0,io_a2a1
XPO2_MOUSE,LLQAFLER,2,0.725333569648876,0.00994,0.55044,0.553562543293939,0.542975551529135,0.564648163970098,0.592098247719823

