protien,peptide,charge,rsquared,rateconstant,mo,io_e,io_a1a0,io_a2a0,io_a2a1
CAPR1_MOUSE,SLTPVAQSDPLVR,2,0.870412383558948,0.5389,0.45176,0.473919290060974,0.483324000033756,0.46849773683856,0.450586708546018

