protien,peptide,charge,rsquared,rateconstant,mo,io_e,io_a1a0,io_a2a0,io_a2a1
CYC_MOUSE,ADLIAYLK,2,0.984518853217998,0.08583,0.57589,0.58986026743032,0.587718556172014,0.591813936338168,0.597211581900806
CYC_MOUSE,TGPNLHGLFGR,3,0.948732198963674,0.06546,0.50269,0.513274877564138,0.509768312868657,0.514585705327488,0.520165248178167
CYC_MOUSE,TGPNLHGLFGR,2,0.949919165163429,0.09043,0.50269,0.484531850449252,0.480583233762131,0.499981964303766,0.524858463871529
CYC_MOUSE,TGQAAGFSYTDANK,2,0.993430335558903,0.08575,0.44441,0.454300417239874,0.446379155814898,0.458305239740462,0.47526735144755
CYC_MOUSE,TGQAAGFSYTDANK,3,0.891825262880805,0.41419,0.44441,0.458952978756124,0.461649948230219,0.464758876082458,0.46736479134961
CYC_MOUSE,KTGQAAGFSYTDANK,2,0.975859775084373,0.07602,0.4109,0.433863642789438,0.438841166151086,0.422563715885905,0.40066857939709
CYC_MOUSE,KTGQAAGFSYTDANK,3,0.989953261448358,0.08955,0.4109,0.420542583131709,0.41390209839442,0.426124645623478,0.44189253093908
CYC_MOUSE,GITWGEDTLMEYLENPK,2,0.991506314744925,0.08091,0.29891,0.310389283050645,0.307244749894351,0.312097213129414,0.319759380804593
CYC_MOUSE,GITWGEDTLMEYLENPK,3,0.985014362409144,0.08608,0.29891,0.317606725871981,0.32801803101561,0.31463141006988,0.296497873801861
CYC_MOUSE,GITWGEDTLmEYLENPK,2,0.810069038576671,0.05563,0.29891,0.285757064743332,0.265918056901012,0.218720446674344,0.166663773804028
CYC_MOUSE,GITWGEDTLMEYLENPKK,3,0.992229856131662,0.09145,0.27644,0.286882795491821,0.285738015315627,0.280954142771988,0.274950867441698
CYC_MOUSE,KGITWGEDTLMEYLENPK,3,0.98556613183157,0.08884,0.27644,0.286882795491821,0.285738015315627,0.280954142771988,0.274950867441698
CYC_MOUSE,GITWGEDTLMEYLENPKK,2,0.916908581580128,0.11645,0.27644,0.298343599122533,0.327735485179887,0.274209200875804,0.210159004891018
CYC_MOUSE,GITWGEDTLmEYLENPKK,3,0.714654134680412,0.10305,0.27644,0.296931986282912,0.275554182045513,0.299730914606281,0.333740787017711

