protien,peptide,charge,rsquared,rateconstant,mo,io_e,io_a1a0,io_a2a0,io_a2a1
CCHL_MOUSE,SWMGYELPFDR,2,0.5372432728729,0.0826,0.41196,0.464547995605149,0.391628189468532,0.497707146907836,0.497707146907836
CCHL_MOUSE,AYDYVEcPVTGAR,2,0.325547947995311,0.07108,0.41639,0.405253187819842,0.278342037262979,0.501925489015374,0.534012447114468
CCHL_MOUSE,YVIDYYDGGEVNK,2,0.0745946591884329,0.02094,0.40352,0.378837352069238,0.345327101298429,0.347213691552485,0.34900481703145

