protien,peptide,charge,rsquared,rateconstant,mo,io_e,io_a1a0,io_a2a0,io_a2a1
BOLA3_MOUSE,ATAIQVTDISGGcGAMYEIK,2,-0.025227272017639,1E-05,0.29136,0.34752100078792,0.30993179506376,0.342967144081578,0.418918330232276

