protien,peptide,charge,rsquared,rateconstant,mo,io_e,io_a1a0,io_a2a0,io_a2a1
SUSD2_MOUSE,IAHQLHQHR,3,0.797391599610855,0.20276,0.51678,0.508401318481931,0.534844307887542,0.446827404963294,0.343517055692867
SUSD2_MOUSE,GMFLSVAAQDK,2,0.757600004411362,0.22249,0.48779,0.521219657782701,0.520366086556135,0.518378831201406,0.514053644512895
SUSD2_MOUSE,GLLGTLNNNPR,2,0.900092879227513,0.12176,0.51699,0.509146951016645,0.512583228737622,0.518750855914649,0.527640127977048
SUSD2_MOUSE,WTDPTDGVIcR,2,0.865435203514873,0.14486,0.46609,0.503347397157308,0.485404032414165,0.491907240069366,0.506820772036827
SUSD2_MOUSE,VLSFTEQNWMDLK,2,0.978126476820424,0.27134,0.3693,0.373472375534781,0.376812373319137,0.3693,0.358159532209882
SUSD2_MOUSE,GTGLTAVAVQEDNSDVIEVR,2,0.993148363857369,0.2189,0.31563,0.323442764861501,0.258400067845361,0.304737077774632,0.364536519489742
SUSD2_MOUSE,ALWTNDHALAWHLGDDFR,4,0.977189049419252,0.24552,0.27813,0.29797099333435,0.295558632341247,0.287458147682926,0.277213495501921
SUSD2_MOUSE,FKPLFPDETTLSPSQTEDVAR,3,0.312921518603863,0.02588,0.24989,0.316738409718496,0.388745851219302,0.30473610367451,0.210401022930874
SUSD2_MOUSE,YGSGQQccYTAAGTQLLTSDSTSGSTPDR,3,0.81725875612469,0.22999,0.18373,0.185579972008747,0.162106928565453,0.169626494550446,0.180613982190029

