protien,peptide,charge,rsquared,rateconstant,mo,io_e,io_a1a0,io_a2a0,io_a2a1
HOT_MOUSE,NPDDLEAR,2,-0.996389975704631,0.02834,0.60422,0.572852540489486,0.572482586961983,0.563295660208693,0.549881095270636
HOT_MOUSE,SPcPSNPIQR,2,0.444437824440926,0.26862,0.51957,0.440190999406059,0.492989464394978,0.386972888216665,0.244589914632899
HOT_MOUSE,EVGMDLQNMGAK,2,0.960606599091691,0.20681,0.45148,0.479930024475399,0.477258954373463,0.488144063872232,0.54478496360036
HOT_MOUSE,IQDAGLVLADALR,2,0.98715557331354,0.2266,0.45791,0.448772190406649,0.403209714432343,0.489704716143533,0.605058473806436
HOT_MOUSE,HLETAGILGANIR,2,0.900733994464203,0.22365,0.45579,0.602711741414396,0.616149873920504,0.537139251391286,0.422552766572433
HOT_MOUSE,NGISFQVYDDVR,2,0.967733718189109,0.21353,0.44145,0.456736412397176,0.465112491834984,0.437055724984112,0.400137619248252
HOT_MOUSE,TADYAFEMAVSNIR,3,0.957468545516682,0.16833,0.38409,0.414939779691437,0.432719257615296,0.397685483698049,0.343933992769386
HOT_MOUSE,TADYAFEMAVSNIR,2,0.959512667806577,0.16244,0.38409,0.399256092017224,0.396267822504032,0.374189023050709,0.339950952403326
HOT_MOUSE,AQSEEDLSALFEASMK,2,0.515825060831431,1.2691,0.3575,0.243832990600251,0.178930842992796,0.23626026995709,0.319565025000743
HOT_MOUSE,NLSQLPPVQIVMDSLSK,2,0.970974602019266,0.15976,0.32463,0.338824599590688,0.345103709837974,0.334513002580477,0.320756350334422
HOT_MOUSE,FLFDLNVDDGLAALGYSK,2,0.940840425050637,0.21161,0.30886,0.326817318640413,0.32687742358694,0.321136075563847,0.313715288521531
HOT_MOUSE,KGAFDAYVAVGGGSTMDTcK,3,0.95572994329274,0.18583,0.29906,0.314457933086831,0.276858280593908,0.29906,0.339817517796822
HOT_MOUSE,AANLYASSPHSEFLDYVNAPIGK,3,0.963885834923005,0.19921,0.23257,0.224931961081804,0.235813085549495,0.242834113469691,0.251122740108261

