protien,peptide,charge,rsquared,rateconstant,mo,io_e,io_a1a0,io_a2a0,io_a2a1
OSBP1_MOUSE,ITSNAMINAcR,2,-0.15657985815203,0.18041,0.47936,0.509395010834674,0.46737577933902,0.550396303021873,0.55401806109873

