protien,peptide,charge,rsquared,rateconstant,mo,io_e,io_a1a0,io_a2a0,io_a2a1
DHI2_MOUSE,QLLLANIPR,2,0.823470607602276,0.13316,0.53968,0.580401955559598,0.584467531596033,0.555438468242347,0.517765390037838
DHI2_MOUSE,TDAVTNVNLWEK,2,0.791984527190676,0.14577,0.44782,0.48870754566479,0.48178498724544,0.489681557612521,0.500705703369696

