protien,peptide,charge,rsquared,rateconstant,mo,io_e,io_a1a0,io_a2a0,io_a2a1
RAB2A_MOUSE,TASNVEEAFINTAK,2,0.822486299235404,0.1596,0.42799,0.462262650615663,0.469202721757523,0.445714116681236,0.414543244561347
RAB2A_MOUSE,DTFNHLTTWLEDAR,2,0.614489749287391,0.10636,0.36766,0.398447243232426,0.362481671177767,0.388424381283738,0.420301252415096

