protien,peptide,charge,rsquared,rateconstant,mo,io_e,io_a1a0,io_a2a0,io_a2a1
FIBA_MOUSE,SQLQEAPPEWK,2,-0.875752803736556,0.01379,0.46229,0.518149909523481,0.502305364012286,0.499943465014374,0.498549193303465
FIBA_MOUSE,AQQIQALQSNVR,3,0.750147277128515,0.38816,0.46865,0.470492440502354,0.448299785816161,0.476446131526878,0.515652241359697
FIBA_MOUSE,MSPVPDLVPGSFK,2,0.72872299548281,0.70504,0.42207,0.35840437008376,0.4191800698634,0.313858543504989,0.191251615936719
FIBA_MOUSE,TDTEDKGEFLSEGGGVR,3,0.928137922393024,0.86835,0.37027,0.377573251847765,0.342614569911679,0.372647460284963,0.414077978571571
FIBA_MOUSE,NPGTTGSDGTGDWGTGSPR,2,0.909896148451027,0.56076,0.37073,0.38632941065821,0.38258455170154,0.376708819582082,0.369545316766595
FIBA_MOUSE,DSDWPFcSDDDWNHK,3,0.866266325424384,0.63804,0.32787,0.32534204070596,0.281375296612725,0.313993259929947,0.36343917388636
FIBA_MOUSE,GDFANANNFDNTYGQVSEDLR,3,0.863697794121583,0.71845,0.26675,0.262896545813989,0.241241951849336,0.272274284870434,0.311637543881524
FIBA_MOUSE,GDFANANNFDNTYGQVSEDLR,2,0.850447509975858,0.58799,0.26675,0.279027008465089,0.263009663206941,0.245725972572587,0.226321683363396

