protien,peptide,charge,rsquared,rateconstant,mo,io_e,io_a1a0,io_a2a0,io_a2a1
GRPE1_MOUSE,LYGIQGFcK,2,0.945311718518849,0.33167,0.51374,0.501045050483388,0.551888608724833,0.443904209910237,0.281814823788128
GRPE1_MOUSE,DLLEVADILEK,2,0.946528126461697,0.30795,0.48162,0.511658507405636,0.513918354860825,0.496476352995594,0.472549712268531
GRPE1_MOUSE,EEISNNNPHLK,3,-0.733570494279717,0.35348,0.48419,0.413899558040694,0.470453040638805,0.362534648493226,0.241422221842597
GRPE1_MOUSE,SLYEGLVMTEVQIQK,2,0.779452258763356,0.04597,0.34851,0.442626299108591,0.481851358531117,0.391671157599967,0.261396196018979

