protien,peptide,charge,rsquared,rateconstant,mo,io_e,io_a1a0,io_a2a0,io_a2a1
TTC38_MOUSE,VLELLLPIR,2,0.960101076163909,0.16098,0.51932,0.535079908561429,0.513338173518267,0.549826988342703,0.59104645207721
TTC38_MOUSE,LFDATLTQYVK,2,0.329970213780869,0.48329,0.4561,0.328255964409412,0.318604282347042,0.317395038998135,0.315701825332722
TTC38_MOUSE,DALKPNSPLTER,3,0.163227337985285,0.27852,0.46755,0.212931132281442,0.467458053807511,0.136837907845497,0.136837907845497
TTC38_MOUSE,NAGLPLSTTSNEAcK,2,0.912145373106767,0.13198,0.419,0.424094332030939,0.381459692269451,0.404658942925382,0.446576518041072
TTC38_MOUSE,GIYSFGLMETNFYDQAQK,2,0.889293625146322,0.20235,0.27437,0.275182105951389,0.290923735639808,0.248415562630535,0.199033177670191

