protien,peptide,charge,rsquared,rateconstant,mo,io_e,io_a1a0,io_a2a0,io_a2a1
NU5M_MOUSE,SLADEQDIR,2,0.786392044403796,0.08489,0.56571,0.426940371462809,0.352306425998123,0.492573796841604,0.711214918196329
NU5M_MOUSE,TSLTLLDLIWLEK,2,0.918748859460973,0.11679,0.39171,0.423461383431727,0.430874575352761,0.410978322015193,0.386144506830734
NU5M_MOUSE,TDANTAALQAILYNR,2,0.39997765664702,0.02126,0.39375,0.450983668013212,0.389664814733045,0.514623226242051,0.541409610625714
NU5M_MOUSE,SSFSTLLGFFPSIIHR,3,0.513521625885696,0.19208,0.33035,0.326519071661392,0.326499532473844,0.325429503410655,0.324616291352929
NU5M_MOUSE,STSTLHTNMTTLTTNQK,3,0.899733368959431,0.08188,0.34178,0.382058614415579,0.39815437226553,0.350778305081961,0.282373064178446
NU5M_MOUSE,STSTLHTNMTTLTTNQK,2,0.684686417434423,0.06086,0.34178,0.343751714644592,0.28600245763801,0.312923677078782,0.353591988986824

