protien,peptide,charge,rsquared,rateconstant,mo,io_e,io_a1a0,io_a2a0,io_a2a1
UCHL3_MOUSE,FLENYDAIR,2,0.430898467774031,0.09678,0.50802,0.422311354569659,0.414064038935438,0.407385309033957,0.399734870710494

