protien,peptide,charge,rsquared,rateconstant,mo,io_e,io_a1a0,io_a2a0,io_a2a1
H2AW_MOUSE,GVTIASGGVLPR,2,0.941680918128077,0.03482,0.52187,0.534114225433963,0.497965696077643,0.538560485534491,0.592973211694169
H2AW_MOUSE,AISAHFDDSSSSSLK,3,0.290630836014675,0.02686,0.41976,0.396091458060112,0.413521935363123,0.370413374095725,0.31838129090258
H2AW_MOUSE,HILLAVANDEELNQLLK,3,0.903189322734649,0.06801,0.32327,0.330798623034251,0.32143144350395,0.336322428080335,0.35452296340175

