protien,peptide,charge,rsquared,rateconstant,mo,io_e,io_a1a0,io_a2a0,io_a2a1
UBP2_MOUSE,FMGYNQQDAQEFLR,2,0.559218945289376,0.04823,0.34643,0.396086990926031,0.298545052360289,0.415744819794758,0.471627200125319

