protien,peptide,charge,rsquared,rateconstant,mo,io_e,io_a1a0,io_a2a0,io_a2a1
C560_MOUSE,LGTTAKEEMER,3,0.077980736200566,0.03655,0.47919,0.57016622862661,0.535386209267458,0.608466667148575,0.608466667148575
C560_MOUSE,WSLPMALSVcHR,3,0.937660251887484,0.05799,0.40274,0.413520859059624,0.395320469406905,0.408090632774767,0.438753445981377

