protien,peptide,charge,rsquared,rateconstant,mo,io_e,io_a1a0,io_a2a0,io_a2a1
COX7R_MOUSE,LTSSVTAYDYSGK,2,0.494854543784501,0.19823,0.44912,0.431935582758102,0.486916481451718,0.390066659886211,0.273371013967298

