protien,peptide,charge,rsquared,rateconstant,mo,io_e,io_a1a0,io_a2a0,io_a2a1
THIO_MOUSE,FHSLcDK,2,0.79725600321552,0.09247,0.58578,0.599541966743938,0.596830375935654,0.605403443939458,0.647075527869417
THIO_MOUSE,VGEFSGANK,2,0.980805930892262,0.16967,0.59581,0.598162285350191,0.589320018598903,0.599875133923099,0.616398182563746
THIO_MOUSE,EAFQEALAAAGDK,2,0.998186505637625,0.19836,0.47046,0.474937837708345,0.474173331266626,0.473954512544695,0.472204111039228
THIO_MOUSE,MIKPFFHSLcDK,4,0.933679144766146,0.1148,0.37825,0.41354185066385,0.389277053748206,0.426970275616845,0.443538816852587
THIO_MOUSE,MIKPFFHSLcDK,3,-0.138837824162193,0.14539,0.37825,0.36431405029232,0.39278904391133,0.352478279734318,0.288423312503834
THIO_MOUSE,LVVVDFSATWcGPcK,2,0.933434424988179,0.14528,0.34872,0.336195053464249,0.329975207487975,0.333790033521779,0.34020534344592
THIO_MOUSE,LVVVDFSATWcGPcK,3,0.903001696633021,0.10144,0.34872,0.337605070074145,0.331233961502639,0.327489445150182,0.321301638869486

