protien,peptide,charge,rsquared,rateconstant,mo,io_e,io_a1a0,io_a2a0,io_a2a1
5NT3A_MOUSE,YMDSYDIVLVK,2,0.545077020159803,0.47055,0.42918,0.443013520917953,0.47534414244747,0.397261029092875,0.284113753955473
5NT3A_MOUSE,VVSNFMDFDENGVLK,2,0.423432215834527,1.00805,0.35307,0.328565214014655,0.358439645386081,0.308024862342685,0.243515410996941

