protien,peptide,charge,rsquared,rateconstant,mo,io_e,io_a1a0,io_a2a0,io_a2a1
AP1B1_MOUSE,LLSTDPVAAK,2,0.984281911717924,0.1557,0.55441,0.547761534280925,0.54541717204684,0.538601186388602,0.529501098443135
AP1B1_MOUSE,LQSSNIFTVAK,2,0.930044386428909,0.11085,0.49283,0.518187525513996,0.512304526641998,0.516415060576178,0.522007140301358
AP1B1_MOUSE,DLDYYATLLK,2,0.92803764714229,0.27179,0.48099,0.471795924973947,0.447112313628785,0.505345884010059,0.536634421672291
AP1B1_MOUSE,DcEDPNPLIR,2,0.586168286147752,0.02538,0.50052,0.551343932822955,0.56626480803789,0.516527668231022,0.409592398517423
AP1B1_MOUSE,DcPLNTEAASNK,2,0.887749850094354,0.08773,0.48385,0.526071525546636,0.518307650729396,0.485061266532564,0.416255655298049
AP1B1_MOUSE,MEPLNNLQVAVK,2,0.985067568281511,0.1386,0.43793,0.449330934908221,0.425179878762783,0.453609376908446,0.509465048085963
AP1B1_MOUSE,LTNGIWVLAELR,2,0.818838863253794,0.05839,0.43504,0.493703222839742,0.447321634096023,0.503940856352282,0.52038644352153
AP1B1_MOUSE,IQPGNPSFTLSLK,2,0.958257983486263,0.11883,0.43463,0.447574178610627,0.432517041919447,0.442920163437014,0.455161148764726
AP1B1_MOUSE,EYATEVDVDFVR,2,0.969529951104555,0.18888,0.4327,0.431063970510001,0.431544758491316,0.435434630759344,0.440953350480169
AP1B1_MOUSE,DIANENEAQFQIR,2,0.956960882030236,0.18382,0.41868,0.369065275255351,0.421747074639533,0.293463712209544,0.162935036110701
AP1B1_MOUSE,LASQANIAQVLAELK,3,0.936504726398851,0.12714,0.40263,0.467081894649271,0.466404783458011,0.429563617926056,0.38420654301881
AP1B1_MOUSE,LASQANIAQVLAELK,2,0.908944601886607,0.09429,0.40263,0.470465372658516,0.468607284009686,0.420396724568147,0.358746248638838
AP1B1_MOUSE,LAPPLVTLLSAEPELQYVALR,3,0.979486193899728,0.14875,0.25104,0.272947881256649,0.283370514567927,0.262066291953295,0.237381180084958
AP1B1_MOUSE,KPTETQELVQQVLSLATQDSDNPDLR,3,0.763714264095942,0.09322,0.1941,0.206796839913,0.211030646757423,0.216929862879117,0.222742427158246

