protien,peptide,charge,rsquared,rateconstant,mo,io_e,io_a1a0,io_a2a0,io_a2a1
PUR9_MOUSE,DGQVIGIGAGQQSR,2,0.447817133861563,0.12663,0.46657,0.484451154451132,0.493782482568095,0.444863407992051,0.380224411816478
PUR9_MOUSE,SLASLGLSLVASGGTAK,3,0.867650340203233,0.07518,0.41704,0.433857833108389,0.417475635680808,0.402605541466765,0.382470603076792

