protien,peptide,charge,rsquared,rateconstant,mo,io_e,io_a1a0,io_a2a0,io_a2a1
PDLI5_MOUSE,AcTGSLNMTLQR,2,0.715373315187221,0.21118,0.45413,0.501748407414316,0.481004791941558,0.504590514961863,0.548289698679232

