protien,peptide,charge,rsquared,rateconstant,mo,io_e,io_a1a0,io_a2a0,io_a2a1
VATE1_MOUSE,KQDFPLVK,2,0.901048150512821,0.15247,0.55255,0.581649134232158,0.582454123666171,0.568787249789354,0.550894328531919
VATE1_MOUSE,AEEEFNIEK,2,0.772341369188216,0.12351,0.5316,0.530327647156085,0.518370272209514,0.530378473975745,0.548986481009269
VATE1_MOUSE,IQMSNLMNQAR,2,0.949240102476329,0.12829,0.44846,0.473066062893873,0.46114478898853,0.46908596067657,0.501741259822363
VATE1_MOUSE,IQmSNLMNQAR,2,-0.452040447962841,0.18659,0.44846,0.463767037151187,0.449841207704325,0.433022421779223,0.390691575051106
VATE1_MOUSE,DDLITDLLNEAK,2,0.799784817263004,0.04409,0.46409,0.53635574849429,0.561397319149084,0.495948810597369,0.400690524742745
VATE1_MOUSE,LDLIAQQMMPEVR,2,0.913089719066186,0.10317,0.37972,0.402320995015661,0.405556228803906,0.395998016648224,0.3754893667243
VATE1_MOUSE,HMMAFIEQEANEK,3,0.647089481286256,0.19081,0.37432,0.386558282599062,0.366069872534323,0.390212124935607,0.454750227415728
VATE1_MOUSE,ARDDLITDLLNEAK,3,0.995572446188027,0.20636,0.40916,0.419178739563039,0.417822938751578,0.40916,0.3965819395762
VATE1_MOUSE,YQVLLDGLVLQGLYQLLEPR,3,0.988188205995451,0.21208,0.24467,0.240139970734146,0.216494653639995,0.241460443879298,0.27098623092871
VATE1_MOUSE,YQVLLDGLVLQGLYQLLEPR,2,0.76727354955971,0.2249,0.24467,0.233538891106035,0.218721427885336,0.239080107687806,0.263075721299815

