protien,peptide,charge,rsquared,rateconstant,mo,io_e,io_a1a0,io_a2a0,io_a2a1
H14_MOUSE,TSGPPVSELITK,2,0.876401776351533,0.02063,0.49206,0.520007326919696,0.520447066789802,0.506276893138785,0.487405684478232
H14_MOUSE,KTSGPPVSELITK,2,0.156760217042264,0.0107,0.45495,0.512169044861485,0.482625573371969,0.493751622052141,0.509730170697708
H14_MOUSE,KTSGPPVSELITK,3,0.867585339259629,0.01665,0.45495,0.481520763134116,0.467636946208241,0.45495,0.438846400218697
H14_MOUSE,SETAPAAPAAPAPAEK,2,0.931122231342089,0.03101,0.42901,0.483996910652531,0.458204962128785,0.450547436892751,0.439649544616294

