proteinName,peptideSeq,charge,old_Rsquared,new_Rsquared,NDP,rateconstant,sigma,Abundance,MassToCharge,RMSE,selected_A1A0_count, selected_A2A0_count, selected_A2A1_count,improved_timePoints,new_k,I0_percentatediffI0_percentatediff,selected_io_t,i0,I0_asymptote,new_rmse,lowerci_old,upperci_old,sigma_old,lowerci_new,upperci_new,sigma_new,old_pearson,new_pearson
LYRM4_MOUSE,LIIENQEKPR,3,0.939912706776256,0.969238521906362,9,0.14624,0.0142843153485661,26729726.6666667,413.90668,0.023394549640923,2,2,1,2| 3| 6| 7| 13,NaN,-0.0253876623466329|0.0303236934604957|,0.521800811687531| 0.437068151330904| 0.436544015110499| 0.39775569630113| 0.293256483631716| 0.321106659658556| NaN| 0.244519380318306| NaN| NaN| 0.205380824575228| 0.203609591311544,0.521800811687531,0.185138709957659,0.0162896188299552,0.11177130912936,0.180708690870641,0.0149473673293855,0.122239459512223,0.170240540487777,0.0104078479835788,0.977123730529586,0.989075261648264
LYRM4_MOUSE,QVHIGQLYSTDK,3,0.990425505070718,0.996511128624696,9,0.10447,0.00428323039997632,217108533.333333,463.57715,0.00807958239925474,1,3,1,3| 6| 7| 13| 31,NaN,0.004903236286419|-0.0424787690652678|0.0041465717239573|0.027420100947732|,0.454064143801231| 0.434476642617713| 0.403652467009298| 0.393123881004749| 0.322548117791317| 0.312216682580943| NaN| 0.252176781562317| NaN| NaN| 0.199968240006794| 0.186412776358917,0.454064143801231,0.177018829773047,0.00481239412419314,0.0928273037433001,0.1161126962567,0.00504886182960855,0.0975353293342641,0.111404670665736,0.00300722386405916,0.995622882555627,0.99889034919532

