proteinName,peptideSeq,charge,old_Rsquared,new_Rsquared,NDP,rateconstant,sigma,Abundance,MassToCharge,RMSE,selected_A1A0_count, selected_A2A0_count, selected_A2A1_count,improved_timePoints,new_k,I0_percentatediffI0_percentatediff,selected_io_t,i0,I0_asymptote,new_rmse,lowerci_old,upperci_old,sigma_old,lowerci_new,upperci_new,sigma_new,old_pearson,new_pearson
NAC1_MOUSE,GGDLSTTVFVDFR,2,-0.149426041568169,0.0158766454069406,12,0.01038,0.00755144296447956,31112655,707.35406,0.0685925109975013,0,4,3,1| 3| 6| 7| 9| 13| 21,0.00534870677104592,0.0900113105012416|-0.000920453307041867|0.0824845051004919|,0.428022433498581| 0.524967111480474| 0.443417986268055| 0.401532345895814| 0.385134018683455| 0.473593077224835| 0.406810007270897| 0.384513730534543| 0.344082396493338| 0.467595518200896| 0.490243424430575| 0.320905406695647,0.428022433498581,0.201459771763576,0.057415430160538,0,0.0295996936357849,0.00873231405457932,0,0.0264903323329042,0.00731960062009685,0.463034359407816,0.338491585223959
NAC1_MOUSE,TNLALVVGTNSWR,2,0.876609631763404,0.940958469267081,12,0.04117,0.00459769098850467,22461648.1818182,715.89117,0.0244771868639801,4,1,6,0| 1| 2| 3| 6| 7| 13| 16| 21| 24| 31,0.0477668276269236,0.0282422218057266|0.052461808738389|0.0711222194372143|,0.446356796456681| 0.420415412126212| 0.426109642998946| 0.444155864625111| 0.401307577881436| 0.368117105171757| 0.343757017117783| 0.308931334971275| 0.303311970583652| 0.295606853570961| 0.281856875057894| 0.248465114419437,0.446356796456681,0.19120277163564,0.0161524463622032,0.0306005795727985,0.0517394204272015,0.00480213162052517,0.0341952607262979,0.0481447392737021,0.003168916994253,0.953076688710745,0.976094949707929

