proteinName,peptideSeq,charge,old_Rsquared,new_Rsquared,NDP,rateconstant,sigma,Abundance,MassToCharge,RMSE,selected_A1A0_count, selected_A2A0_count, selected_A2A1_count,improved_timePoints,new_k,I0_percentatediffI0_percentatediff,selected_io_t,i0,I0_asymptote,new_rmse,lowerci_old,upperci_old,sigma_old,lowerci_new,upperci_new,sigma_new,old_pearson,new_pearson
NTF2_MOUSE,NINDAWVcTNDMFR,2,0.932868497913631,0.939572736090927,9,0.08934,0.00834796127361333,16799698.7777778,878.38251,0.0172478825725354,3,0,0,2| 13| 16,NaN,-0.00634566211230985|,0.371767816650388| 0.344584688966068| 0.324244232498734| 0.323599095977238| NaN| 0.231360269257177| 0.209769715904341| 0.186894557192449| 0.17794669006612| NaN| 0.165806466263612| NaN,0.371767816650388,0.13826719769104,0.0161989113992984,0.0682791049161549,0.110400895083845,0.00913306908827288,0.0695599735522102,0.10912002644779,0.00857761967838206,0.985633239808349,0.986006726277106

