proteinName,peptideSeq,charge,old_Rsquared,new_Rsquared,NDP,rateconstant,sigma,Abundance,MassToCharge,RMSE,selected_A1A0_count, selected_A2A0_count, selected_A2A1_count,improved_timePoints,new_k,I0_percentatediffI0_percentatediff,selected_io_t,i0,I0_asymptote,new_rmse,lowerci_old,upperci_old,sigma_old,lowerci_new,upperci_new,sigma_new,old_pearson,new_pearson
OX2G_MOUSE,AVSPENMVTYSK,2,-1.87362960686276,-1.023609439951,4,0.09404,0.0310679389765592,17269757.5,663.32391,0.0509643466641187,0,2,1,1| 3| 7,NaN,-0.0338219289218452|,NaN| 0.28811876722628| NaN| 0.378863168822893| NaN| 0.311000487086426| NaN| 0.246654420542208| NaN| NaN| NaN| NaN,NaN,NaN,0.0393359384070135,0.0141380115323805,0.173941988467619,0.0251070971227761,0.0620079317760099,0.12607206822399,0.0100652344624568,0.170405014307426,0.522278310763259

