proteinName,peptideSeq,charge,old_Rsquared,new_Rsquared,NDP,rateconstant,sigma,Abundance,MassToCharge,RMSE,selected_A1A0_count, selected_A2A0_count, selected_A2A1_count,improved_timePoints,new_k,I0_percentatediffI0_percentatediff,selected_io_t,i0,I0_asymptote,new_rmse,lowerci_old,upperci_old,sigma_old,lowerci_new,upperci_new,sigma_new,old_pearson,new_pearson
OXDD_MOUSE,LVGDPMISPVR,2,-0.0731711560617327,0.958585637695616,5,0.18534,0.0595639384499779,5463084,592.3288,0.0506332388220778,2,1,0,0| 6| 7,NaN,,0.490932611786372| 0.438925134706425| NaN| NaN| 0.311783259003461| 0.240232992991079| NaN| NaN| 0.233684133263645| NaN| NaN| NaN,0.490932611786372,0.200622217686521,0.0137235456824028,0,0.522940430506685,0.121594491417639,0.107703893246032,0.262976106753968,0.0279624137393014,0.689235840072945,0.980275078277389

