proteinName,peptideSeq,charge,old_Rsquared,new_Rsquared,NDP,rateconstant,sigma,Abundance,MassToCharge,RMSE,selected_A1A0_count, selected_A2A0_count, selected_A2A1_count,improved_timePoints,new_k,I0_percentatediffI0_percentatediff,selected_io_t,i0,I0_asymptote,new_rmse,lowerci_old,upperci_old,sigma_old,lowerci_new,upperci_new,sigma_new,old_pearson,new_pearson
RAB10_MOUSE,AFLTLAEDILR,2,0.957106912522693,0.99398017156607,12,0.37531,0.0357959953186987,26738583.75,631.36115,0.0177472016605912,5,2,2,1| 2| 3| 9| 13| 16| 21| 24| 31,0.354107567738817,0.0109998307387822|-0.0770002498233412|0.00616454370771558|0.0142586230229275|,0.463722491558359| 0.375691399656463| 0.322485877058651| 0.279595646031987| 0.213059629237651| 0.199267305148243| 0.203837950268651| 0.191109926843085| 0.181064135239785| 0.194557477675719| 0.177524389679574| 0.181671114332286,0.463722491558359,0.180784177556721,0.00689861410415032,0.291671463577936,0.458948536422064,0.0380004999529747,0.342798396309093,0.407821603690907,0.0147713870588667,0.987447038791668,0.99809176806947
RAB10_MOUSE,NIDEHANEDVER,2,0.93887605121474,0.978297893863436,12,0.16743,0.0170253186990063,5050441.5,720.82111,0.0296078819890476,4,4,3,1| 2| 3| 6| 7| 9| 13| 16| 21| 24| 31,0.173167800588195,0.030592970819586|,0.466733751078277| 0.405208038857953| 0.337587419480512| 0.339193574591873| 0.259900482735858| 0.214854228560591| 0.188559555511773| 0.10425841125596| 0.132052118933211| 0.125400279064889| 0.1134229396179| 0.127855809468821,0.466733751078277,0.108384631646647,0.0176982527913598,0.129283810408556,0.205576189591444,0.017331416088642,0.144627933081932,0.190232066918068,0.0103599366980216,0.96997832656161,0.989324404648773
RAB10_MOUSE,EPNSENVDISSGGGVTGWK,2,0.541772627059116,0.833212778910806,12,0.11221,0.0290015716548305,2741547.14285714,966.95032,0.0624600548647159,2,3,2,0| 1| 7| 13| 21| 24| 31,0.131497581813483,-0.00801668775212139|,0.347191218093881| 0.303134353364933| 0.319843624074263| 0.215522228963599| 0.13097707132029| 0.168227384189149| 0.164759675065066| 0.194139973019761| 0.112441220151626| 0.0607716805193927| 0.0888923059246263| 0.115389275663052,0.347191218093881,0.0667801948091962,0.0368780959257436,0.0455396203168263,0.178880379683174,0.0302911536762246,0.072846015086968,0.151573984913032,0.0178847116511948,0.7948546001696,0.915873596485128

