proteinName,peptideSeq,charge,old_Rsquared,new_Rsquared,NDP,rateconstant,sigma,Abundance,MassToCharge,RMSE,selected_A1A0_count, selected_A2A0_count, selected_A2A1_count,improved_timePoints,new_k,I0_percentatediffI0_percentatediff,selected_io_t,i0,I0_asymptote,new_rmse,lowerci_old,upperci_old,sigma_old,lowerci_new,upperci_new,sigma_new,old_pearson,new_pearson
RCN2_MOUSE,HYAMQEAK,2,0.962359185770867,0.996113982702975,8,0.18072,0.0135759473587205,6400977.25,489.2291,0.0183053541545496,2,3,1,1| 3| 6| 9| 13| 31,NaN,-0.0328993139512074|0.0193212396011554|,0.580734472353225| 0.515031686298891| 0.459995483564018| 0.427272936404163| 0.342543677593342| NaN| 0.297263724758894| 0.2668377909193| NaN| NaN| NaN| 0.216176678196344,0.580734472353225,0.226401793905659,0.00608957309283713,0.145385436096091,0.216054563903909,0.0149429931156896,0.168965383958174,0.192474616041826,0.00497102913363396,0.988715056942169,0.998695822808841
RCN2_MOUSE,NSDGAVTWDEYNIQMYDR,2,0.68436229851632,0.904307938730887,6,0.03824,0.0134140306654894,915561.333333333,1088.9657,0.0350617607536755,2,1,2,0| 1| 3| 9| 31,NaN,-0.00516598187043014|,0.297121407723149| 0.268487335473341| 0.29173460685158| 0.24853208213372| NaN| NaN| 0.241282471217824| NaN| NaN| NaN| NaN| 0.109084050838632,0.297121407723149,0.0627946535084923,0.0138111792498136,0,0.0989454349370845,0.0236154453890994,0.0171976911942461,0.0592823088057539,0.00818581556952624,0.944472950188816,0.970740976082263

