proteinName,peptideSeq,charge,old_Rsquared,new_Rsquared,NDP,rateconstant,sigma,Abundance,MassToCharge,RMSE,selected_A1A0_count, selected_A2A0_count, selected_A2A1_count,improved_timePoints,new_k,I0_percentatediffI0_percentatediff,selected_io_t,i0,I0_asymptote,new_rmse,lowerci_old,upperci_old,sigma_old,lowerci_new,upperci_new,sigma_new,old_pearson,new_pearson
RET4_MOUSE,FSGLWYAIAK,2,-1.98000913617963,0.958915303249935,12,1.73417,1.76878104993366,19708704.2857143,578.31348,0.0808407036163512,2,8,0,0| 1| 2| 3| 6| 9| 13| 16| 24| 31,1.76462279028464,,0.495279324439453| 0.301828851267092| 0.217815193568558| 0.221919505606904| 0.222686694926081| 0.238501939246989| 0.222689925885489| 0.222689925885489| 0.222689925885489| 0.224554440846685| 0.222689925885489| 0.236648964479393,0.495279324439453,0.244358185466701,0.0153868759771451,0.220831579262712,3.24750842073729,0.687573205440401,0.96023259012186,2.50810740987814,0.351632271029569,0.494352516132163,0.989752646084117
RET4_MOUSE,YWGVASFLQR,2,0.832873685409821,0.96504078429079,12,0.84871,0.169935452040162,24710357.5,613.81946,0.0287106001994961,10,1,0,1| 2| 3| 6| 7| 9| 13| 16| 21| 24| 31,1.08349058363094,0.00675869127275404|-0.0106181283391347|,0.483055958608761| 0.280212847976822| 0.259446347231992| 0.23749260298009| 0.219740486134953| 0.200146571320608| 0.207155065307299| 0.202694288391355| 0.209871293436603| 0.204335675799794| 0.194186810798312| 0.203313080442136,0.483055958608761,0.206923337729595,0.014395403627808,0.672353847930412,1.02506615206959,0.0801260069235176,0.76028558624172,0.93713441375828,0.0401749250358347,0.952684986007267,0.98475752779912
RET4_MOUSE,LQNLDGTcADSYSFVFSR,2,0.736506268964596,0.899849972236257,12,0.07734,0.0163640470777814,14267704.8,1040.47571,0.0450501692588645,2,6,4,0| 1| 2| 3| 6| 7| 9| 13| 16| 21| 24| 31,0.0777559030909723,-0.00939102348747503|0.0116102763957307|0.0670995157076154|,0.349108353192994| 0.241927655172592| 0.291798841512362| 0.244233365711922| 0.208300635061276| 0.208955660068153| 0.17799295624641| 0.185434861580946| 0.119368787480558| 0.0947377806500979| 0.10005942437096| 0.110517656313024,0.29909,0.0694545003533696,0.0242422456886393,0.0397214445363929,0.114958555463607,0.0170916897434933,0.0570968293526217,0.0975831706473783,0.00919732264744447,0.877971456115683,0.950344841863967

