proteinName,peptideSeq,charge,old_Rsquared,new_Rsquared,NDP,rateconstant,sigma,Abundance,MassToCharge,RMSE,selected_A1A0_count, selected_A2A0_count, selected_A2A1_count,improved_timePoints,new_k,I0_percentatediffI0_percentatediff,selected_io_t,i0,I0_asymptote,new_rmse,lowerci_old,upperci_old,sigma_old,lowerci_new,upperci_new,sigma_new,old_pearson,new_pearson
RL19_MOUSE,LLADQAEAR,2,0.619302046478404,0.643424704999546,8,0.15877,0.0422007182625139,111224838.333333,493.76688,0.0775096855160373,2,0,3,1| 3| 6| 7| 31,NaN,,0.585193777247019| 0.546141370053954| 0.374938539392892| 0.339462750938822| 0.4614557763006| 0.46561789539525| NaN| 0.18089184921273| NaN| NaN| NaN| 0.157720281697187,0.585193777247019,0.171977896896695,0.0718547545107002,0.0310656805525208,0.286474319447479,0.0540061785264143,0.040382698300059,0.277157301699941,0.0500660101281617,0.794081316303147,0.811417668417035
RL19_MOUSE,VWLDPNETNEIANANSR,2,0.991048633097624,0.99852577126671,8,0.15038,0.00519118790296515,38316551.6666667,971.96631,0.00662895793952345,1,1,3,1| 2| 7| 13| 31,NaN,-0.0564048372040735|0.0571458745555395|-0.0249821642224974|,0.333825710440373| 0.298326342803553| 0.259581326605456| 0.236021724953862| 0.174173171239449| 0.156156033166611| NaN| 0.0915947099064334| NaN| NaN| NaN| 0.0619272352138677,0.333825710440373,0.0612553245009443,0.00284346706330529,0.134299040254182,0.166460959745818,0.00680064062567522,0.143482131616955,0.157277868383045,0.0029171097184354,0.996682083635721,0.99946892502026

