proteinName,peptideSeq,charge,old_Rsquared,new_Rsquared,NDP,rateconstant,sigma,Abundance,MassToCharge,RMSE,selected_A1A0_count, selected_A2A0_count, selected_A2A1_count,improved_timePoints,new_k,I0_percentatediffI0_percentatediff,selected_io_t,i0,I0_asymptote,new_rmse,lowerci_old,upperci_old,sigma_old,lowerci_new,upperci_new,sigma_new,old_pearson,new_pearson
RS27L_MOUSE,LTEGcSFR,2,0.941690438736276,0.969171351694441,11,0.10277,0.00996357542925149,43917691.25,485.22656,0.0222920606006363,3,2,2,1| 3| 6| 9| 21| 24| 31,NaN,0.0365314529885345|-0.00137868934862648|0.0266956412270693|,0.57715786015025| 0.547450310124501| 0.533159109070203| 0.50051678380436| 0.418554147418814| NaN| 0.387911517970029| 0.351840573753867| 0.320691359479552| 0.345205336537562| 0.329136110688722| 0.313835949965091,0.57715786015025,0.298487531656319,0.0160993066026724,0.0790987518426516,0.126441248157348,0.0106237760465613,0.0856746453542201,0.11986535464578,0.00767248173759381,0.971642854135071,0.987078360684202
RS27L_MOUSE,LVQSPNSYFMDVK,2,0.981307379405044,0.99088764084803,11,0.1397,0.00873371534305506,49272375,764.37921,0.011056658279657,2,3,2,1| 2| 3| 6| 13| 21| 24,NaN,0.028349987563453|0.0318706318544909|0.026689369509526|0.0615492673075162|,0.392549203556841| 0.357995059593542| 0.338625598673216| 0.319130182401822| 0.246928215472617| NaN| 0.234947939951487| 0.185822900009853| 0.171739927061007| 0.176506818490629| 0.165977319314607| 0.163933044882372,0.392549203556841,0.160417315692445,0.00754481115687854,0.119143228013749,0.160256771986251,0.00922598336895705,0.125672528162815,0.153727471837185,0.00629560039703447,0.991355938401807,0.995962661627469

