proteinName,peptideSeq,charge,old_Rsquared,new_Rsquared,NDP,rateconstant,sigma,Abundance,MassToCharge,RMSE,selected_A1A0_count, selected_A2A0_count, selected_A2A1_count,improved_timePoints,new_k,I0_percentatediffI0_percentatediff,selected_io_t,i0,I0_asymptote,new_rmse,lowerci_old,upperci_old,sigma_old,lowerci_new,upperci_new,sigma_new,old_pearson,new_pearson
S15A3_MOUSE,AAFFGVT,2,0.739414209576519,0.876623698032122,11,0.05085,0.00698660712677141,26080506.4545455,356.68686,0.0346368067300276,2,1,3,3| 6| 7| 9| 16| 31,NaN,0.00780396326776317|-0.0337581942156356|,0.680504471176051| NaN| 0.651583007089477| 0.640445264556211| 0.558734365896601| 0.588696065141915| 0.555012839676503| 0.512933386515845| 0.476979166348062| 0.498305596106859| 0.477626254832812| 0.473348135913817,0.680504471176051,0.405347243945429,0.0242606257662237,0.0369438929800715,0.0647561070199285,0.00624113125244608,0.0411097586173247,0.0605902413826753,0.00437146965809099,0.904290268406804,0.960750658619713

