proteinName,peptideSeq,charge,old_Rsquared,new_Rsquared,NDP,rateconstant,sigma,Abundance,MassToCharge,RMSE,selected_A1A0_count, selected_A2A0_count, selected_A2A1_count,improved_timePoints,new_k,I0_percentatediffI0_percentatediff,selected_io_t,i0,I0_asymptote,new_rmse,lowerci_old,upperci_old,sigma_old,lowerci_new,upperci_new,sigma_new,old_pearson,new_pearson
SARNP_MOUSE,FGLNVSSISR,2,-0.829528746484654,0.920714541640506,8,0.18786,0.0606539312597594,15737372.5714286,540.29584,0.0765426686666087,1,3,2,1| 2| 3| 7| 9| 24,NaN,,0.579475527683549| 0.529739956803709| 0.419929478642679| 0.450952251788175| 0.360595639930725| 0.316194612035493| 0.307437915873061| NaN| NaN| NaN| 0.302612834241937| NaN,0.579475527683549,0.260196840209006,0.0227167449774231,0.0395707656715433,0.336149234328457,0.0627115425487356,0.143849923296123,0.231870076703877,0.0186118689619443,0.465190752554453,0.964229841330124
SARNP_MOUSE,FGIVTSSAGTGTTEDTEAK,2,-0.535112805773803,0.598151076065751,7,0.19409,0.0577264625871649,3088854.6,936.44708,0.0605166130413195,1,3,2,1| 2| 3| 6| 7| 9,NaN,-0.0533983678263794|,0.288244134103756| 0.307758982439747| 0.212629089341818| 0.268658294728618| 0.187484840464689| 0.153537843957669| 0.155568435163708| NaN| NaN| NaN| NaN| NaN,0.35327,0.0782618968623701,0.028492574320028,0,0.40943945571534,0.0880086692236765,0.100038582917896,0.288141417082104,0.0384367818739156,0.422504762830208,0.894690133050362

