proteinName,peptideSeq,charge,old_Rsquared,new_Rsquared,NDP,rateconstant,sigma,Abundance,MassToCharge,RMSE,selected_A1A0_count, selected_A2A0_count, selected_A2A1_count,improved_timePoints,new_k,I0_percentatediffI0_percentatediff,selected_io_t,i0,I0_asymptote,new_rmse,lowerci_old,upperci_old,sigma_old,lowerci_new,upperci_new,sigma_new,old_pearson,new_pearson
SFXN3_MOUSE,AQIQAQNPSIDVVYYNK,2,0.827987501805123,0.980018208892239,10,0.04635,0.00650073929946886,3853298.33333333,975.99963,0.0272577776592144,1,3,2,0| 1| 3| 7| 13| 16,NaN,,0.314397432193681| 0.317022001197923| 0.292427863581683| 0.29053551845883| 0.246316283100312| 0.245428900208238| 0.246535400346731| 0.198491281734621| 0.177152326653181| 0.159779132676207| NaN| NaN,0.314397432193681,0.0604725023998962,0.00685426301873881,0.0293693272578467,0.0633306727421533,0.00750640716895986,0.0420800261721629,0.0506199738278371,0.00188756727364399,0.959104410005297,0.990089210123076
SFXN3_MOUSE,ELQVGIPVTDEAGQR,2,0.216396344008256,0.701341389260911,10,0.03414,0.00705804529101061,14207781.5,806.42047,0.0432810553532246,1,6,0,1| 3| 6| 7| 9| 16| 21,NaN,,0.399087521616567| 0.365205259307946| 0.373938822470759| 0.335290309709432| 0.308948328438636| 0.360906425545615| 0.310009607330489| 0.265140703765945| 0.265613185135296| 0.282576777432826| NaN| NaN,0.399087521616567,0.0804640681343892,0.0224550040487018,0.015623737113157,0.052656262886843,0.0081852239064186,0.0245334237578634,0.0437465762421366,0.00424664404456271,0.637412905068244,0.886064751728961
SFXN3_MOUSE,AGVATPGLTEDQLWR,2,0.171221226683746,0.965999480871212,10,0.30381,0.0951756959683698,25646062,807.41772,0.0703655191834863,3,0,5,1| 2| 3| 7| 9| 13| 16| 21,NaN,,0.426784550536986| 0.327786735749603| 0.299346119679335| 0.214193173407523| 0.160442974563039| 0.171873259483163| 0.119177635747081| 0.137535385318829| 0.113366124203464| 0.13208719715121| NaN| NaN,0.426784550536986,0.103887208211245,0.0169740075103341,0.0961062072591256,0.511513792740874,0.0918166943397878,0.253706401265581,0.353913598734419,0.0221485931942553,0.729199944347674,0.988889873322712

