proteinName,peptideSeq,charge,old_Rsquared,new_Rsquared,NDP,rateconstant,sigma,Abundance,MassToCharge,RMSE,selected_A1A0_count, selected_A2A0_count, selected_A2A1_count,improved_timePoints,new_k,I0_percentatediffI0_percentatediff,selected_io_t,i0,I0_asymptote,new_rmse,lowerci_old,upperci_old,sigma_old,lowerci_new,upperci_new,sigma_new,old_pearson,new_pearson
SPS1_MOUSE,LVVTQEDVELAYQEAMMNMAR,3,-0.33699659400986,-0.0284556155860658,7,3E-05,0.0226789157999225,2850330.33333333,814.38849,0.0871546364151591,4,1,0,0| 1| 2| 9| 16,NaN,,0.200505020506696| 0.260458272520812| 0.224226391307756| 0.221749232177998| 0.211125807532699| NaN| 0.154133146689895| NaN| 0.34756858733554| NaN| NaN| NaN,0.200505020506696,0.0240799361057722,0.0432441977673936,0,0.0785194126283295,0.0320769269215072,0,0.0389754381898557,0.0159161590450121,-2,-2
SPS1_MOUSE,LGIGMDTcVIPLR,2,0.678683521087344,0.63837854575121,9,0.04493,0.00872295153846819,8287644.16666667,722.88617,0.0340025764722763,4,0,1,1| 2| 3| 9| 31,NaN,0.0329512690956931|,0.439417936938549| 0.429920367190337| 0.384091517324938| 0.371840492865685| 0.312447419819886| NaN| 0.307451612935502| 0.311143850850577| 0.316123876884589| NaN| NaN| 0.271907103118682,0.439417936938549,0.188230420408126,0.0290453412067682,0.0226696837675313,0.0671903162324687,0.0096531987490829,0.0259150150364405,0.0639449849635594,0.00824585900519821,0.917455829745243,0.888927059349389

