proteinName,peptideSeq,charge,old_Rsquared,new_Rsquared,NDP,rateconstant,sigma,Abundance,MassToCharge,RMSE,selected_A1A0_count, selected_A2A0_count, selected_A2A1_count,improved_timePoints,new_k,I0_percentatediffI0_percentatediff,selected_io_t,i0,I0_asymptote,new_rmse,lowerci_old,upperci_old,sigma_old,lowerci_new,upperci_new,sigma_new,old_pearson,new_pearson
SYAC_MOUSE,AVFDETYPDPVR,2,0.963475698505901,0.993157652136063,10,0.29421,0.0282628448302308,18159130,704.84082,0.0171404550205972,4,1,2,1| 2| 3| 16| 21| 24| 31,NaN,0.0188308612682903|-0.0364880247451123|,0.45708572640058| 0.394339880759793| 0.342628075622063| 0.271314364149861| NaN| 0.195530188188949| NaN| 0.16252580152685| 0.153961180407747| 0.165723332158255| 0.164206020792592| 0.162328024070352,0.45708572640058,0.16217732864804,0.00808543381805393,0.237143432506028,0.351276567493972,0.0252266148608645,0.267290763950458,0.321129236049542,0.0118998080661192,0.985166421029734,0.997129561451571

