proteinName,peptideSeq,charge,old_Rsquared,new_Rsquared,NDP,rateconstant,sigma,Abundance,MassToCharge,RMSE,selected_A1A0_count, selected_A2A0_count, selected_A2A1_count,improved_timePoints,new_k,I0_percentatediffI0_percentatediff,selected_io_t,i0,I0_asymptote,new_rmse,lowerci_old,upperci_old,sigma_old,lowerci_new,upperci_new,sigma_new,old_pearson,new_pearson
TCEA1_MOUSE,NAAGALDLLK,2,-3.20672443065983,-0.502757274098405,12,0.96375,0.568719165428876,5523387.25,493.28745,0.0999049212799526,2,4,2,0| 2| 3| 6| 9| 13| 16| 24,0.977087102998869,,0.360108195030458| 0.341096279184287| 0.278869752812306| 0.249507172582455| 0.218570557971766| 0.226243957918805| 0.220829033310629| 0.203455398336451| 0.213537438767701| 0.227491213899452| 0.238109518479549| 0.214898578098863,0.56644,0.22082903331063,0.0602952712120001,0,3.71006560513242,1.24776652591159,0.174697991737069,1.75280200826293,0.358499467895761,0.283862867568344,0.897742208913814
TCEA1_MOUSE,NIPMTLELLQSTR,2,0.8159326499141,0.953134098357561,12,0.1374,0.0221893913357011,3770613.63636364,758.41357,0.0356482275219143,6,2,2,0| 1| 2| 3| 7| 9| 13| 16| 21| 31,0.130100107318743,,0.447983424117138| 0.345561821844143| 0.346708609555766| 0.315810240096652| 0.273936940965525| 0.236131081280157| 0.220473992872325| 0.209055489186998| 0.154626297952687| 0.173175299414583| 0.163936151625737| 0.16398302039373,0.40299,0.142983772839577,0.0192528663766572,0.0863898284514759,0.188410171548524,0.0231760633848151,0.109850467107506,0.164949532892494,0.0125169098859258,0.916957916201031,0.979950729408654
TCEA1_MOUSE,TGGTQTDLFTcGK,2,-0.249022461871638,0.53572931633258,11,0.23455,0.0884820588264526,1731183.33333333,693.32196,0.0578662235703485,2,3,2,0| 1| 9| 13| 16| 21| 24,NaN,,0.370811754360485| 0.312589724852077| 0.357988627460096| 0.374109500833815| NaN| 0.305479255826569| 0.231687164137472| 0.212134691571063| 0.227003836648947| 0.228017338199019| 0.219970937503782| 0.225285879334965,0.45722,0.225580685576838,0.0412237838869029,0.0185826527908322,0.450517347209168,0.0969272391074944,0.0806952865132108,0.388404713486789,0.0690507745483666,0.673101159547575,0.873304327834317

