proteinName,peptideSeq,charge,old_Rsquared,new_Rsquared,NDP,rateconstant,sigma,Abundance,MassToCharge,RMSE,selected_A1A0_count, selected_A2A0_count, selected_A2A1_count,improved_timePoints,new_k,I0_percentatediffI0_percentatediff,selected_io_t,i0,I0_asymptote,new_rmse,lowerci_old,upperci_old,sigma_old,lowerci_new,upperci_new,sigma_new,old_pearson,new_pearson
TOM40_MOUSE,LALGGELVYHR,3,0.68705872809465,0.957836807929136,12,0.09852,0.0166167036386851,8017612.71428571,409.89966,0.042458503883879,0,9,1,1| 2| 3| 6| 7| 9| 13| 16| 24| 31,0.0919117648684621,,0.444206272604996| 0.413301916909662| 0.418792280917315| 0.389936245702502| 0.333207483463525| 0.275844536825001| 0.275250539204801| 0.244909293480279| 0.263617836183169| 0.204958579848642| 0.208010606565861| 0.164052288772668,0.444206272604996,0.165208374041785,0.0185901133650838,0.0519847615665183,0.145055238433482,0.0211429133214327,0.0781449213039724,0.118895078696028,0.00925725401414368,0.903030831849959,0.980573320071688
TOM40_MOUSE,GSVNSNWIVGATLEK,2,-1.45813099767346,-2.01157872352114,12,1.02573,0.870173570479657,21075947.1428571,787.91229,0.109638097795428,0,7,4,0| 1| 2| 3| 7| 9| 13| 16| 21| 24| 31,1.09841822796825,,0.19461246422962| 0.219750221262742| 0.171108240522734| 0.120397219158891| 0.179759344852847| 0.117740739556654| 0.117741183458975| 0.117741183458975| 0.117741183458975| 0.117741183458975| 0.117741183458975| 0.117741183458975,0.4023,0.12990705613822,0.0627096854841605,0,2.60784253613478,0.718820174609492,0.0919087771428084,1.95955122285719,0.42427420245855,0.331684063996847,0.676392598786376
TOM40_MOUSE,MQDTSASFGYQLDLPK,2,0.9826633886464,0.993548784804008,12,0.10576,0.00542669901435206,13454029.1,900.92725,0.0116216468189556,5,4,1,2| 3| 6| 7| 9| 13| 16| 21| 24| 31,0.100345876738037,0.00914911783373709|-0.0425904610562645|0.0259242481394517|0.00260917472597098|-0.0543140362416057|,0.340804479737529| 0.314305557537934| 0.303888970612524| 0.289924582522906| 0.223238598717207| 0.210690074854095| 0.190561679367081| 0.155738679178585| 0.135300196048303| 0.115081244379083| 0.109005836732121| 0.0921862394463242,0.340804479737529,0.0869588059433571,0.00676908526712546,0.0934149747649186,0.118105025235081,0.00560886346095161,0.0985695794216717,0.112950420578328,0.00326691006965723,0.993321525070403,0.997955911806398

