proteinName,peptideSeq,charge,old_Rsquared,new_Rsquared,NDP,rateconstant,sigma,Abundance,MassToCharge,RMSE,selected_A1A0_count, selected_A2A0_count, selected_A2A1_count,improved_timePoints,new_k,I0_percentatediffI0_percentatediff,selected_io_t,i0,I0_asymptote,new_rmse,lowerci_old,upperci_old,sigma_old,lowerci_new,upperci_new,sigma_new,old_pearson,new_pearson
VP26B_MOUSE,FEGTTSLGEVR,2,-0.359520039493154,-0.3357413399433,8,0.07582,0.0304505420700174,8143298.25,598.30133,0.0846772373444457,0,1,0,9,NaN,0.0708189717313072|,0.509474119980518| 0.20459070335438| 0.410719823015801| 0.444498276078589| 0.408735398496585| 0.425691887679659| 0.349948877689835| 0.291376168551059| NaN| NaN| NaN| NaN,0.509474119980518,0.208199303428751,0.0846032519730384,0.0162407773409245,0.135399222659075,0.0251960634480679,0.0163708915383245,0.135269108461676,0.0251410381317434,0.22221813197732,0.257631136017789
VP26B_MOUSE,SMSHQAAIASQR,3,0.361085470174657,0.993315929777027,8,0.259,0.0711770940157636,3643345.28571429,429.54718,0.0826570084978503,1,1,0,1| 3,NaN,,0.509335087532745| 0.393172087859133| 0.347882570473053| 0.293782332684691| 0.183357885848378| 0.151747482647219| 0.143641800247785| 0.120360787941627| NaN| NaN| NaN| NaN,0.509335087532745,0.093460404908231,0.00879584486547871,0.0538948934327183,0.464105106567282,0.0867389846316628,0.237173989946295,0.280826010053705,0.00923022338304306,0.753478839827978,0.997285343773978

