proteinName,peptideSeq,charge,old_Rsquared,new_Rsquared,NDP,rateconstant,sigma,Abundance,MassToCharge,RMSE,selected_A1A0_count, selected_A2A0_count, selected_A2A1_count,improved_timePoints,new_k,I0_percentatediffI0_percentatediff,selected_io_t,i0,I0_asymptote,new_rmse,lowerci_old,upperci_old,sigma_old,lowerci_new,upperci_new,sigma_new,old_pearson,new_pearson
XPP1_MOUSE,VGVDPLIIPTDYWK,2,0.967910874238165,0.984383292243989,12,0.25365,0.0209313971033967,30467382,808.44012,0.0117361469950138,3,4,0,1| 7| 9| 13| 16| 24| 31,0.273524061651784,-0.056027733651728|0.0238657414297771|-0.0240983914965946|0.021942095534339|,0.384101908309784| 0.343674880180053| 0.294775131949577| 0.27936871310487| 0.226935513514435| 0.224974209563774| 0.199247388859363| 0.204173527697589| 0.171352049978184| 0.188519189670752| 0.188276440114434| 0.18921261156728,0.384101908309784,0.189506084178061,0.00822668168427952,0.218320939616294,0.288979060383706,0.0160514759688632,0.228885404421492,0.278414595578508,0.0112515958955526,0.989437563462326,0.993626953589384
XPP1_MOUSE,TLSLDEVYLIDSGAQYK,2,0.90314615492472,0.924731794204308,12,0.87311,0.142744370317352,11349405.1666667,957.9884,0.0211516520420261,0,0,2,13| 21,1.05638130195939,,0.350472030008459| 0.149735118472117| 0.172665166424454| 0.126095811274903| 0.101159349672425| 0.106372877474915| 0.10743510841894| 0.101827224246136| 0.10311558336847| 0.110178968690763| 0.097860095103417| 0.0916342638000886,0.350472030008459,0.0982587899043132,0.0188851875709749,0.746923887192116,0.999296112807884,0.0573316509225419,0.760445116685249,0.985774883314751,0.0511883884660456,0.957723348269057,0.965206182470209
XPP1_MOUSE,QEALEWLIR,2,0.80334287764929,0.931415733635436,12,0.12679,0.0212802406714744,26543848.5714286,579.31927,0.0455985402129049,3,0,5,0| 1| 6| 7| 9| 16| 24| 31,0.138827316673013,0.048836901329976|-0.0510351012170649|,0.526610567753041| 0.457175588965091| 0.466787154523291| 0.403464541236511| 0.330003967288091| 0.295761723955237| 0.288560240409424| 0.256197885168681| 0.24555262520027| 0.238884766677715| 0.255337794380039| 0.230534851911722,0.526610567753041,0.195856026844234,0.0259774902762221,0.0778698331137961,0.175710166886204,0.0222264864855802,0.0989201788683607,0.154659821131639,0.0126624302852207,0.925828086464557,0.97992315653266

