Protein,Peptide,charge,time,RSS,theta,min_rss_decoy,diff,abs_diff,perc_diff,abs_perc_diff,exp_RIA_decoy,theoRIA,min_kl,min_kl_decoy
SKP1_MOUSE,GLLDVTcK,2,1,0.11352804618238,0.990000000000001,0.0620206578407615,0.25702529281715,0.25702529281715,0.632544705070035,0.632544705070035,0.229365831788798,0.406335379550277,0.231465113600109,0.110692776636557
SKP1_MOUSE,GLLDVTcK,2,2,0.189619368821783,0.990000000000001,0.102299515538124,0.349893241931437,0.349893241931437,0.861102631883336,0.861102631883336,0.168532823646506,0.406331636876057,0.539672135271708,0.291919963598779
SKP1_MOUSE,GLLDVTcK,2,9,0.0538579778221077,0.990000000000001,0.0472138819129826,0.19365175721195,0.19365175721195,0.476585477657318,0.476585477657318,0.234749150002194,0.406331636800719,0.097572427424551,0.13336245702949
SKP1_MOUSE,GLLDVTcK,2,21,0.0487806307831147,0.990000000000001,0.0538579778221077,0.176965805011921,0.176965805011921,0.435520616620636,0.435520616620636,0.212679879588769,0.406331636800719,0.0877148441041679,0.097572427424551
SKP1_MOUSE,NDFTEEEEAQVR,2,3,0.00980870702537341,0.27,0.0313802390070375,-0.039060549574412,0.039060549574412,-0.116818000095405,0.116818000095405,0.206854050395152,0.334370983431589,-0.0430829593570407,0.0757992698407714
SKP1_MOUSE,NDFTEEEEAQVR,2,7,0.129965308670252,0.65,0.0372341061433105,0.0182121712517949,0.0182121712517949,0.0761533852223149,0.0761533852223149,0.373431533006001,0.23915117100347,-0.172241461112182,-0.0935962838620579
SKP1_MOUSE,TDDIPVWDQEFLK,2,3,0.00314505377962112,0.67,0.014860769599638,0.00225073621001443,0.00225073621001443,0.00949678181701373,0.00949678181701373,0.168532823646506,0.236999886212209,-0.0190313020498606,0.0424385168014139
SKP1_MOUSE,TDDIPVWDQEFLK,2,7,0.000439646779661012,0.8,0.0296289574707159,-0.0299812833066411,0.0299812833066411,-0.169507628563519,0.169507628563519,0.212679879588769,0.176872767088511,0.00389311620115372,0.110030205026533
SKP1_MOUSE,TDDIPVWDQEFLK,2,9,0.00581779340017432,0.990000000000001,0.00334261400684338,0.00163611645781059,0.00163611645781059,0.00980417974139416,0.00980417974139416,0.206854050395152,0.166879484155391,0.016198314892994,0.0152277678071758
SKP1_MOUSE,TDDIPVWDQEFLK,2,21,0.00503788093799518,0.990000000000001,0.113966314688937,-0.0114592024228851,0.0114592024228851,-0.0729543403508283,0.0729543403508283,0.220938999751675,0.157073621223621,0.017053562697602,-0.190780654915373

