Protein,Peptide,charge,time,RSS,theta,min_rss_decoy,diff,abs_diff,perc_diff,abs_perc_diff,exp_RIA_decoy,theoRIA,min_kl,min_kl_decoy
GRB2_MOUSE,FNSLNELVDYHR,3,13,0.0117837237454668,0.990000000000001,0.0433046807017161,-0.00395005152890937,0.00395005152890937,-0.0256446181313602,0.0256446181313602,0.307011814504866,0.154030428867215,0.0310202858817016,-0.0238693933571241
GRB2_MOUSE,FNSLNELVDYHR,3,31,0.00693419859631397,0.990000000000001,0.0433046807017161,0.0115088324866561,0.0115088324866561,0.0747271930053256,0.0747271930053256,0.307011814504866,0.154011304637603,0.0187631333398754,-0.0238693933571241
GRB2_MOUSE,VLNEEcDQNWYK,2,3,0.0158403401416234,0.37,0.0525348782873094,0.00222382195296977,0.00222382195296977,0.00719135083667172,0.00719135083667172,0.142502472150946,0.309235636457836,-0.0412973295952745,0.153628329699991
GRB2_MOUSE,VLNEEcDQNWYK,2,9,0.0123822520222933,0.73,0.019756912521847,0.0045702229290335,0.0045702229290335,0.0211069861427012,0.0211069861427012,0.157980480396124,0.21652655183146,-0.00447825161231817,0.0533914939799631
GRB2_MOUSE,VLNEEcDQNWYK,2,16,0.0172360187755299,0.830000000000001,0.0100569052284784,-0.0133360968227359,0.0133360968227359,-0.0771771879192303,0.0771771879192303,0.142502472150946,0.172798428943703,-0.104509808327878,0.0271538160220187

