Protein,Peptide,charge,time,RSS,theta,min_rss_decoy,diff,abs_diff,perc_diff,abs_perc_diff,exp_RIA_decoy,theoRIA,min_kl,min_kl_decoy
NDUF5_MOUSE,GMGESNcSWNR,2,2,0.0227079524767365,0.14,NaN,0.0726918781615069,0.0726918781615069,0.15591209180171,0.15591209180171,NaN,0.46623630868834,-0.0865378182340979,0
NDUF5_MOUSE,GMGESNcSWNR,2,13,0.0322908581138614,0.41,0.0323637252322263,0.121247161979765,0.121247161979765,0.274373118016903,0.274373118016903,0.320633781114738,0.44190612716037,-0.138881133689236,-0.138549986956056
NDUF5_MOUSE,GMGESNcSWNR,2,21,0.0406163753858142,0.24,0.0362677402565679,0.0304068075209131,0.0304068075209131,0.0714727624583627,0.0714727624583627,0.320633781114738,0.425432101335483,0.145956270920755,-0.0849325963119903
NDUF5_MOUSE,TAVNDLGHLLGR,3,1,100,NaN,100,NaN,NaN,NaN,NaN,0.320658965180605,0.480189454545826,0,0
NDUF5_MOUSE,TAVNDLGHLLGR,3,16,100,NaN,100,NaN,NaN,NaN,NaN,0.393544430526833,0.411053343283287,0,0
NDUF5_MOUSE,TAVNDLGHLLGR,3,24,0.0235872627953069,0.54,0.0233468001069169,0.060538049978102,0.060538049978102,0.158820891366857,0.158820891366857,0.320658965180605,0.38117183109284,-0.126753958059621,-0.127290011235736

