Protein,Peptide,charge,time,RSS,theta,min_rss_decoy,diff,abs_diff,perc_diff,abs_perc_diff,exp_RIA_decoy,theoRIA,min_kl,min_kl_decoy
OST48_MOUSE,WVPFDGDDIQLEFVR,2,7,0.010401965451325,0.46,0.0768722525136659,-0.024578294106936,0.024578294106936,-0.100246511635548,0.100246511635548,0.337034781406575,0.245178547422098,0.0801765956615452,0.0735667326266331
OST48_MOUSE,WVPFDGDDIQLEFVR,2,13,0.0061993720366841,0.76,0.0192256137895114,0.0104699927704446,0.0104699927704446,0.0528271544048043,0.0528271544048043,0.269756841529034,0.198193389146328,0.0180050649333464,0.148433630313249
OST48_MOUSE,WVPFDGDDIQLEFVR,2,16,0.0111680481650491,0.890000000000001,0.0285864788456376,0.0135266409488152,0.0135266409488152,0.0748054880261082,0.0748054880261082,0.269756841529034,0.180824178890381,0.0342789659749262,0.196484877197131
OST48_MOUSE,WVPFDGDDIQLEFVR,2,24,0.0765571910679251,0.52,0.0116781077677911,-0.185388976611394,0.185388976611394,-1.22251305838488,1.22251305838488,0.187723396375884,0.151645804795181,0.0569884248910607,0.0373529702997688

