Protein,Peptide,charge,time,RSS,theta,min_rss_decoy,diff,abs_diff,perc_diff,abs_perc_diff,exp_RIA_decoy,theoRIA,min_kl,min_kl_decoy
RTN3_MOUSE,TQIDHYVGIAR,3,1,0.00126748091809687,0.04,0.0670273489395791,-0.0132537415957579,0.0132537415957579,-0.0299472853806118,0.0299472853806118,0.238857278077436,0.442569048490068,0.00379386803887469,0.165919493181969
RTN3_MOUSE,TQIDHYVGIAR,3,2,0.00130220265659093,0.01,0.0500571658073407,-0.0263022963079292,0.0263022963079292,-0.0602283626062079,0.0602283626062079,0.277380936180366,0.436709469920375,0.0023146681902155,0.121948768544801
RTN3_MOUSE,TQIDHYVGIAR,3,16,0.00189925291330655,0.5,0.00376043556476495,0.00388149974397134,0.00388149974397134,0.0122218606036604,0.0122218606036604,0.277380936180366,0.317586648207136,0.00662989271533199,0.00772299726031558
RTN3_MOUSE,TQIDHYVGIAR,3,24,0.00155463869769343,0.63,0.0457574917599278,-0.00406140407433253,0.00406140407433253,-0.0148595456864639,0.0148595456864639,0.455822790085826,0.273319532106033,0.00610625851245705,0.202628115205159
RTN3_MOUSE,TQIDHYVGIAR,3,31,0.00274674190738243,0.75,0.0700781944677068,0.00735478105111492,0.00735478105111492,0.0298717336475988,0.0298717336475988,0.463011766228304,0.246212059128551,0.0217768647479626,0.258644074533593

