Protein,Peptide,charge,time,RSS,theta,min_rss_decoy,diff,abs_diff,perc_diff,abs_perc_diff,exp_RIA_decoy,theoRIA,min_kl,min_kl_decoy
ADH1_MOUSE,INEAFDLLR,2,1,0.00287160734217739,0,0.0463654805846268,-0.0165175679540721,0.0165175679540721,-0.0303536727854912,0.0303536727854912,0.335026091099635,0.544170323993456,-0.0132100514851091,0.0954886253575102
ADH1_MOUSE,INEAFDLLR,2,3,0.000596900134146527,0.12,0.00793741839388442,-0.0411387399001248,0.0411387399001248,-0.0913899995855398,0.0913899995855398,0.560687891947529,0.450144874567151,-0.00962173342533766,-0.0265460485810227
ADH1_MOUSE,INEAFDLLR,2,16,0.00222824826879112,0.61,0.0798810027609769,0.00253008988547598,0.00253008988547598,0.00709220419282498,0.00709220419282498,0.182765751869517,0.3567423916017,0.00836793802577473,0.276457336288634
ADH1_MOUSE,VIPLFSPQcGEcR,2,0,0.00815648692355462,0.940000000000001,0.0391536129873728,0.061703908900365,0.061703908900365,0.155531240139049,0.155531240139049,0.560687891947529,0.39673,0.0112418841467194,-0.0394692146558219
ADH1_MOUSE,VIPLFSPQcGEcR,2,3,0.0139203768684129,0.850000000000001,0.228759556068905,0.191339780988397,0.191339780988397,0.511459372243683,0.511459372243683,0.560687891947529,0.374105532857914,0.0421325259916538,0.0447662788178189

