Protein,Peptide,charge,time,RSS,theta,min_rss_decoy,diff,abs_diff,perc_diff,abs_perc_diff,exp_RIA_decoy,theoRIA,min_kl,min_kl_decoy
RL27A_MOUSE,NQSFcPTVNLDK,2,13,0.0100603123154268,0.41,0.0155385826400955,-0.0300581885103481,0.0300581885103481,-0.0940923875806309,0.0940923875806309,0.232938920362472,0.319453988608699,0.0433277805731122,0.0324244539222603
RL27A_MOUSE,NQSFcPTVNLDK,2,16,0.00131459838624995,0.56,0.00800630155640692,0.00219158848237355,0.00219158848237355,0.00728039413738468,0.00728039413738468,0.326683260020575,0.301026076475694,0.0205742057537838,0.056056703802106
RL27A_MOUSE,NQSFcPTVNLDK,2,21,0.00223328526480952,0.72,0.00343559206787766,0.00827517540305306,0.00827517540305306,0.0299914893151509,0.0299914893151509,0.29883448799332,0.275917454985227,0.0348045758122625,0.0361921450771437
RL27A_MOUSE,NQSFcPTVNLDK,2,31,0.00150289984359936,0.81,0.00657137154176615,0.00839418116907958,0.00839418116907958,0.0347825520652091,0.0347825520652091,0.29883448799332,0.241333101531552,0.00971177527934171,0.0500112500768715
RL27A_MOUSE,LWTLVSEQTR,2,0,0.0422988375522666,0,0.0501260043811479,0.175364726968717,0.175364726968717,0.361085382713662,0.361085382713662,0.29883448799332,0.48566,0.0780409373270987,0.117771947291838
RL27A_MOUSE,LWTLVSEQTR,2,3,0.0027950961905226,0.59,0.0147660449702868,-0.0473000465158752,0.0473000465158752,-0.169301676799131,0.169301676799131,0.232938920362472,0.2793832135047,0.0169639055499069,0.0343703736697538

