Protein,Peptide,charge,time,RSS,theta,min_rss_decoy,diff,abs_diff,perc_diff,abs_perc_diff,exp_RIA_decoy,theoRIA,min_kl,min_kl_decoy
TSP1_MOUSE,FVFGTTPEDILR,2,1,0.0781783985024323,0,0.12260207360501,-0.225952226703565,0.225952226703565,-0.561714898895422,0.561714898895422,0.187353797338695,0.40225428798112,0.116979299142437,0.148980312861959
TSP1_MOUSE,FVFGTTPEDILR,2,7,0.0532755986655735,0.930000000000001,0.221131865369922,0.100729585853826,0.100729585853826,0.349654272792645,0.349654272792645,0.628206514684686,0.28808338319252,-0.176692636241674,0.225507044651529
TSP1_MOUSE,FVFGTTPEDILR,2,9,100,NaN,100,NaN,NaN,NaN,NaN,0.628206514684686,0.266178167441832,0,0

