Protein,Peptide,charge,time,RSS,theta,min_rss_decoy,diff,abs_diff,perc_diff,abs_perc_diff,exp_RIA_decoy,theoRIA,min_kl,min_kl_decoy
MCEE_MOUSE,STPQSQFQESSPVWK,2,7,0.00125924124148588,0.2,0.088953906442613,0.00268262102196049,0.00268262102196049,0.00893387330462092,0.00893387330462092,0.0927399271893419,0.300275247979277,0.0371046455557428,0.310033446881417
MCEE_MOUSE,STPQSQFQESSPVWK,2,21,0.00217966498287081,0.51,0.0532247140492805,0.00493632890529883,0.00493632890529883,0.0232600241600189,0.0232600241600189,0.0695527891236279,0.212223722182703,0.0201817934711581,0.199271773483556
MCEE_MOUSE,STPQSQFQESSPVWK,2,24,0.0035762714834198,0.57,0.0431465641621374,0.0139931829981861,0.0139931829981861,0.0705145898394713,0.0705145898394713,0.0695527891236279,0.198443797660059,0.0296652407321237,0.162741796500994
MCEE_MOUSE,DVLGAQVSEVVPLPEHGVSVVFVNLGNTK,3,16,0.00450760104961008,0.33,0.0278386042153113,-0.00113388737856884,0.00113388737856884,-0.0123778670152216,0.0123778670152216,0.207287393277405,0.0916060398107731,0.00641326117927946,0.156377199680902
MCEE_MOUSE,DVLGAQVSEVVPLPEHGVSVVFVNLGNTK,3,21,0.00957513332261537,0.38,0.0317982733895166,0.00299271954205642,0.00299271954205642,0.0391352522058195,0.0391352522058195,0.184450614661873,0.076471196002958,0.0252846050215579,0.189841781774338
MCEE_MOUSE,DVLGAQVSEVVPLPEHGVSVVFVNLGNTK,3,24,0.00834997494738461,0.45,0.00785442759101838,-0.000626600077152442,0.000626600077152442,-0.00909088527627632,0.00909088527627632,0.0927399271893419,0.0689261890464755,0.0203102567785044,0.0185935608892732
MCEE_MOUSE,DVLGAQVSEVVPLPEHGVSVVFVNLGNTK,3,31,0.0122804510686435,0.52,0.0095404619192025,0.00159373125172396,0.00159373125172396,0.0290365867221649,0.0290365867221649,0.0695527891236279,0.0548870040054464,0.0342537942965857,0.0228101183812298

