Protein,Peptide,charge,time,RSS,theta,min_rss_decoy,diff,abs_diff,perc_diff,abs_perc_diff,exp_RIA_decoy,theoRIA,min_kl,min_kl_decoy
KTN1_MOUSE,QMQSSFTASER,2,2,0.00179958702830124,0.07,0.0982179078632608,-0.0595173170385048,0.0595173170385048,-0.154331089447003,0.154331089447003,0.235319798898969,0.385646970106713,-0.0246006728772327,0.151876711090652
KTN1_MOUSE,QMQSSFTASER,2,6,0.023137023300806,0.48,0.0277067926531369,0.0552152385201714,0.0552152385201714,0.173030247607212,0.173030247607212,0.188515256304116,0.319107435166556,-0.000271531877546147,0.0185835172157837
KTN1_MOUSE,QMQSSFTASER,2,13,0.0270570870850587,0.81,0.0108262433415128,0.021891395668082,0.021891395668082,0.0984708363655388,0.0984708363655388,0.188515256304116,0.222313493782238,0.126250190043213,-0.068239200075666
KTN1_MOUSE,QMQSSFTASER,2,16,0.010788665691974,0.79,0.0270984508279523,0.00915141603389011,0.00915141603389011,0.0462972130083789,0.0462972130083789,0.200422098114156,0.197666672338006,-0.0655321879041763,0.122102322135055
KTN1_MOUSE,QMQSSFTASER,2,21,0.0279368626280897,0.71,0.0733993200517375,-0.0652908759389,0.0652908759389,-0.383998644479054,0.383998644479054,0.445164287145217,0.170028922960069,-0.0884214600564884,0.00807034456785767
KTN1_MOUSE,QSDQVSFVSLIEDLKR,3,3,0.0518935162026141,0.65,0.0543777217813943,0.14920403918128,0.14920403918128,0.492530199156604,0.492530199156604,0.263892196646385,0.302933788500225,0.294957189238572,0.0258469614987746

