Protein,Peptide,charge,time,RSS,theta,min_rss_decoy,diff,abs_diff,perc_diff,abs_perc_diff,exp_RIA_decoy,theoRIA,min_kl,min_kl_decoy
ACTS_MOUSE,ANNVMSGGTTMYPGIADR,2,2,100,NaN,100,NaN,NaN,NaN,NaN,NaN,0.236716239384508,0,0
ACTS_MOUSE,ANNVMSGGTTMYPGIADR,2,6,0.095336387381065,0.52,0.0723058225878724,0.00522767968777502,0.00522767968777502,0.0374507413597218,0.0374507413597218,0.317383986786201,0.139588149605962,-0.0294966059646442,-0.0826425213876334
ACTS_MOUSE,ANNVMSGGTTMYPGIADR,2,16,100,NaN,100,NaN,NaN,NaN,NaN,0.317383986786201,0.0772893446393159,0,0
ACTS_MOUSE,ANNVMSGGTTMYPGIADR,2,21,0.0179407786258548,0,NaN,-0.247672642985947,0.247672642985947,-3.55283128231772,3.55283128231772,NaN,0.0697113438002538,-0.020194416530134,0
ACTS_MOUSE,ANNVMSGGTTMYPGIADR,2,31,100,NaN,100,NaN,NaN,NaN,NaN,NaN,0.0695576155721854,0,0
ACTS_MOUSE,DLYANNVMSGGTTMYPGIADR,3,2,0.0479271227898155,0,0.0667249596623293,-0.149561088172109,0.149561088172109,-0.580133199453725,0.580133199453725,0.47657990345874,0.257804739175316,-0.158581665737749,-0.141747044181388
ACTS_MOUSE,DLYANNVMSGGTTMYPGIADR,3,6,0.031782752132614,0,NaN,-0.102730071405712,0.102730071405712,-0.398558241908434,0.398558241908434,NaN,0.257754226618937,0.385104656640062,0
ACTS_MOUSE,NVMSGGTTMYPGIADR,2,0,0.0160946451358743,0,NaN,-0.0614178294164335,0.0614178294164335,-0.170014752709851,0.170014752709851,NaN,0.36125,-0.11693688708717,0
ACTS_MOUSE,NVMSGGTTMYPGIADR,2,2,100,NaN,100,NaN,NaN,NaN,NaN,NaN,0.361234402298848,0,0
ACTS_MOUSE,NVMSGGTTMYPGIADR,2,3,100,NaN,100,NaN,NaN,NaN,NaN,NaN,0.361226603799213,0,0
ACTS_MOUSE,NVMSGGTTMYPGIADR,2,6,100,NaN,100,NaN,NaN,NaN,NaN,NaN,0.361203209703989,0,0
ACTS_MOUSE,NVMSGGTTMYPGIADR,2,7,0.0246972739307699,0,NaN,-0.115384491318622,0.115384491318622,-0.319451707968707,0.319451707968707,NaN,0.361195412140118,-0.105438466074856,0
ACTS_MOUSE,NVMSGGTTMYPGIADR,2,9,100,NaN,100,NaN,NaN,NaN,NaN,NaN,0.36117981771414,0,0
ACTS_MOUSE,NVMSGGTTMYPGIADR,2,16,100,NaN,100,NaN,NaN,NaN,NaN,NaN,0.36112524459099,0,0
ACTS_MOUSE,NVMSGGTTMYPGIADR,2,21,100,NaN,100,NaN,NaN,NaN,NaN,NaN,0.361086270804689,0,0
ACTS_MOUSE,NVMSGGTTMYPGIADR,2,24,100,NaN,100,NaN,NaN,NaN,NaN,0.317383986786201,0.361062889338867,0,0

