Protein,Peptide,charge,time,RSS,theta,min_rss_decoy,diff,abs_diff,perc_diff,abs_perc_diff,exp_RIA_decoy,theoRIA,min_kl,min_kl_decoy
ATPF1_MOUSE,AQScPTFLcALPR,2,2,0.00578778882485738,0.22,0.0304074575198288,0.0565767237208989,0.0565767237208989,0.149321533328194,0.149321533328194,0.194149467618661,0.378891928443763,0.0357762609351172,0.0783821105300451
ATPF1_MOUSE,AQScPTFLcALPR,2,7,0.0025018022140126,0.67,0.0341116397564767,0.125966085525809,0.125966085525809,0.393501922316658,0.393501922316658,0.322315204722864,0.32011555314447,0.00984941200190575,0.194349401092215
ATPF1_MOUSE,AQScPTFLcALPR,2,13,0.0319717662357881,0.63,0.00273688637249877,0.0819589638520292,0.0819589638520292,0.307872771266809,0.307872771266809,0.194149467618661,0.266210498300292,-0.104121174944647,0.0092046699354276
ATPF1_MOUSE,AQScPTFLcALPR,2,21,0.010183180042057,0.43,0.0478360698880294,-0.0430983064704624,0.0430983064704624,-0.20037171762083,0.20037171762083,0.109735344822,0.215091765355921,0.0461962913358408,0.165749543871323
ATPF1_MOUSE,EIYGLVETFNFRPNEFK,3,24,0.000844860071270725,0.71,0.00583910408563002,0.00103828289734004,0.00103828289734004,0.00712398585861972,0.00712398585861972,0.109735344822,0.145744660074495,0.00264431393977428,0.0224041965885498
ATPF1_MOUSE,EIYGLVETFNFRPNEFK,3,31,0.00468968148874737,0.820000000000001,0.0898810913919823,0.0176181867917316,0.0176181867917316,0.138340779156155,0.138340779156155,0.322315204722864,0.127353531613731,0.0181772601619389,0.439674752608275

