Protein,Peptide,charge,time,RSS,theta,min_rss_decoy,diff,abs_diff,perc_diff,abs_perc_diff,exp_RIA_decoy,theoRIA,min_kl,min_kl_decoy
PRELP_MOUSE,DFPNLAFIR,2,3,0.00775465856411349,0.03,0.0540136761438558,-3.85508683413693E-05,3.85508683413693E-05,-7.93989895573033E-05,7.93989895573033E-05,0.30046308115141,0.485533487974008,-0.0328494858214825,0.106394867596156
PRELP_MOUSE,DFPNLAFIR,2,6,0.0048200739505103,0.39,0.0201232703309879,0.0881000584787056,0.0881000584787056,0.172212110877167,0.172212110877167,0.485572038842349,0.51157876196956,-0.0180463174783215,-0.061840619878924
PRELP_MOUSE,LENLLLLDLQHNR,3,3,0.0122229901369563,0.18,0.0428949651102359,-0.00219043158909432,0.00219043158909432,-0.00734372257164226,0.00734372257164226,0.204786202630632,0.298272649562316,0.0216119953182868,0.0703769181794312
PRELP_MOUSE,LENLLLLDLQHNR,3,7,0.0373246053461334,0.41,0.0233147238045062,0.0172515376554811,0.0172515376554811,0.0776964205871088,0.0776964205871088,0.423478703490854,0.222037740286113,0.0611504057912905,-0.037322114458476

