Protein,Peptide,charge,time,RSS,theta,min_rss_decoy,diff,abs_diff,perc_diff,abs_perc_diff,exp_RIA_decoy,theoRIA,min_kl,min_kl_decoy
NUCB1_MOUSE,YLQEVINVLETDGHFR,3,31,0.0878602087342703,0.990000000000001,0.292051304229017,-0.0420938841755855,0.0420938841755855,-0.491373553403628,0.491373553403628,0.532006259815637,0.0856657503929773,-0.120012186411134,-0.108238614112363
NUCB1_MOUSE,LVTLEEFLASTQR,2,0,0.0179057694725515,0,0.29982975575412,-0.116626259815638,0.116626259815638,-0.280770041445514,0.280770041445514,0.127759634568563,0.41538,-0.0577637846255955,0.653112727627927

