Protein,Peptide,charge,time,RSS,theta,min_rss_decoy,diff,abs_diff,perc_diff,abs_perc_diff,exp_RIA_decoy,theoRIA,min_kl,min_kl_decoy
LPP_MOUSE,DFHVHcYR,3,3,0.00714780297169961,0.27,0.0129662079605632,0.0419726118076518,0.0419726118076518,0.0864498590753926,0.0864498590753926,0.47891369365404,0.485513941336187,-0.0759286376330351,0.0133632574934651
LPP_MOUSE,DFHVHcYR,3,6,0.00945458160519407,0.06,0.0105933364144651,-0.0386120595709977,0.0386120595709977,-0.0876945634131244,0.0876945634131244,0.443541329528536,0.440301634083042,0.00930807326172479,-0.041504384144051
LPP_MOUSE,YMAGPSSGQIYGPGPR,2,1,0.0342872441127969,0,0.0271791962280959,-0.162692761875959,0.162692761875959,-0.440324016101129,0.440324016101129,0.47891369365404,0.369484188749298,-0.0771285259475777,0.0399648400585733
LPP_MOUSE,YMAGPSSGQIYGPGPR,2,24,100,NaN,100,NaN,NaN,NaN,NaN,0.443541329528536,0.368661714937663,0,0

