Protein,Peptide,charge,time,RSS,theta,min_rss_decoy,diff,abs_diff,perc_diff,abs_perc_diff,exp_RIA_decoy,theoRIA,min_kl,min_kl_decoy
VWA1_MOUSE,VSWAPALGPDSALGYHVQLGPLQGGSLER,3,1,0.0355250209666608,0.04,0.0106815730447234,-0.00270888693414498,0.00270888693414498,-0.0163210311043378,0.0163210311043378,0.256729061861818,0.165975232620261,0.012210374176322,0.0168121470147345
VWA1_MOUSE,VSWAPALGPDSALGYHVQLGPLQGGSLER,3,3,0.00620673770253161,0,0.0103089886151469,-0.00743979556082777,0.00743979556082777,-0.0497185090483319,0.0497185090483319,0.233026283080118,0.149638348036452,0.00293383304819063,0.0181659785795327
VWA1_MOUSE,VSWAPALGPDSALGYHVQLGPLQGGSLER,3,7,0.0801702839421276,0.02,0.00989443349609533,-0.0170016850530497,0.0170016850530497,-0.119629483911354,0.119629483911354,0.256729061861818,0.142119521853392,0.00463288371198531,0.0127832582104324
VWA1_MOUSE,GSTASDPQGDLLFLLDSSASVSHYEFSR,3,2,0.00776376056564527,0,0.0827456005554376,-0.0762234625896334,0.0762234625896334,-0.422277552037019,0.422277552037019,0.159121206906442,0.180505599272185,0.00613939609912554,0.0273505808854926
VWA1_MOUSE,GSTASDPQGDLLFLLDSSASVSHYEFSR,3,7,0.0185188485926823,0.19,0.0114796230293599,0.0662175425435134,0.0662175425435134,0.367426287228537,0.367426287228537,0.233026283080118,0.180219937563494,0.0583367098866271,0.0331842019620294
VWA1_MOUSE,GSTASDPQGDLLFLLDSSASVSHYEFSR,3,9,0.00769846538514233,0.08,0.0823623133903518,-0.0529204742944551,0.0529204742944551,-0.293829913933725,0.293829913933725,0.159121206906442,0.180105808785662,0.00861111711337182,-0.0268326783436913
VWA1_MOUSE,GSTASDPQGDLLFLLDSSASVSHYEFSR,3,13,0.0297594114929762,0,0.0372478836487176,-0.14946144176298,0.14946144176298,-0.830905509869777,0.830905509869777,0.168684119554406,0.179877783920827,0.0480811371384045,0.0317449806969309

