Protein,Peptide,charge,time,RSS,theta,min_rss_decoy,diff,abs_diff,perc_diff,abs_perc_diff,exp_RIA_decoy,theoRIA,min_kl,min_kl_decoy
ROAA_MOUSE,MFVGGLSWDTSK,2,16,0.0232558309425417,0.77,0.052304398184447,-0.0542350993420884,0.0542350993420884,-0.220734235410528,0.220734235410528,0.141538014634033,0.245703160822427,0.0840978523588649,0.102802366692345
ROAA_MOUSE,EVYQQQQYGSGGR,2,9,0.00668959338620322,0.74,0.00968208071246151,-0.0155513407987452,0.0155513407987452,-0.107439466359374,0.107439466359374,0.139676022732298,0.144745141852506,0.0476878088677303,0.0318994450275898
ROAA_MOUSE,EVYQQQQYGSGGR,2,21,0.00938147815731215,0.78,0.0218974275847227,-0.0442168954563295,0.0442168954563295,-0.463202385336085,0.463202385336085,0.141538014634033,0.0954591272759683,0.0314705353632279,-0.0480485790493446
ROAA_MOUSE,EVYQQQQYGSGGR,2,24,0.0206146843453538,0.860000000000001,0.0105844713298183,-0.0482103092557518,0.0482103092557518,-0.516570176673078,0.516570176673078,0.139676022732298,0.0933277053782815,-0.0593269567123686,0.0363935422077158

