Protein,Peptide,charge,time,RSS,theta,min_rss_decoy,diff,abs_diff,perc_diff,abs_perc_diff,exp_RIA_decoy,theoRIA,min_kl,min_kl_decoy
IRGM1_MOUSE,LLELVYGIK,2,1,100,NaN,100,NaN,NaN,NaN,NaN,0.324980186396657,0.518122250603061,0,0
IRGM1_MOUSE,LLELVYGIK,2,13,0.009743162725147,0,0.026343487678789,-0.0519910575510475,0.0519910575510475,-0.103014108224865,0.103014108224865,0.418309545981632,0.504698418954019,-0.015464332768006,0.0142973342080367
IRGM1_MOUSE,LLQNIQENIR,2,6,0.010472568836622,0.24,0.040359278159735,0.00390990534028768,0.00390990534028768,0.00926036289433426,0.00926036289433426,0.324980186396657,0.42221945132192,-0.0827304638868079,0.0603674803465865
IRGM1_MOUSE,LLQNIQENIR,2,9,0.00868022224444751,0.48,0.0187873181178307,0.0751278863970946,0.0751278863970946,0.191123228077614,0.191123228077614,0.418309545981632,0.393086110739955,0.00417060182587266,-0.134072719877917
IRGM1_MOUSE,LLQNIQENIR,2,24,0.0250143964328114,0.57,0.0260470867884313,-0.0335021690591789,0.0335021690591789,-0.11493892186178,0.11493892186178,0.418309545981632,0.291478017337478,0.0423089858912545,-0.147561103268732

