Protein,Peptide,charge,time,RSS,theta,min_rss_decoy,diff,abs_diff,perc_diff,abs_perc_diff,exp_RIA_decoy,theoRIA,min_kl,min_kl_decoy
CYB5B_MOUSE,VEGSEPSVTYYR,2,24,0.00398837744213337,0.38,0.0240169319098305,0.000383112099952121,0.000383112099952121,0.00114237878134683,0.00114237878134683,0.217507590443804,0.335363459307643,-0.00395437213468593,0.0453184454212047
CYB5B_MOUSE,NSAEETWMVIHGR,3,0,0.0019471664002099,0,0.00958795703573716,-5.55111512312578E-17,5.55111512312578E-17,-1.26599629249695E-16,1.26599629249695E-16,0.334980347207691,0.438477992078254,0.00180933580644902,0.0113458195247256
CYB5B_MOUSE,NSAEETWMVIHGR,3,3,0.000365100561803143,0,0.00246329069211972,-0.0281691436500341,0.0281691436500341,-0.0749061265376349,0.0749061265376349,0.361051491089173,0.37605927514996,-0.00138653129231284,-0.0022655286597825
CYB5B_MOUSE,NSAEETWMVIHGR,3,7,0.00145411079936942,0.09,0.00581560367770022,-0.0549588898752102,0.0549588898752102,-0.179549880190646,0.179549880190646,0.438477992078254,0.306092601213963,-0.0098482600972125,0.0106011742591284
CYB5B_MOUSE,NSAEETWMVIHGR,3,9,0.00163279076279095,0.26,0.0202484960720979,0.0110290610337732,0.0110290610337732,0.0339399019567692,0.0339399019567692,0.217507590443804,0.324958541360001,0.0045549426872666,0.0265725963466509
CYB5B_MOUSE,NSAEETWMVIHGR,3,16,0.00377482366043002,0.53,0.0269551164276721,0.0341941959152146,0.0341941959152146,0.122122834400828,0.122122834400828,0.361051491089173,0.279998380998786,-0.0402812547695081,0.0375379856106564
CYB5B_MOUSE,NSAEETWMVIHGR,3,21,0.00260655614064698,0.39,0.0339800153084878,-0.020786485239216,0.020786485239216,-0.0818905286524533,0.0818905286524533,0.438477992078254,0.253832593112626,0.0669618153215305,0.0835475575431142
CYB5B_MOUSE,NSAEETWMVIHGR,3,31,0.00387102010300531,0.61,0.0695641727151265,-0.0043890170809269,0.0043890170809269,-0.0205942495375742,0.0205942495375742,0.438477992078254,0.213118573362877,-0.0488918918678987,0.174865900364494

