Protein,Peptide,charge,time,RSS,theta,min_rss_decoy,diff,abs_diff,perc_diff,abs_perc_diff,exp_RIA_decoy,theoRIA,min_kl,min_kl_decoy
CAPR1_MOUSE,LNQDQLDAVSK,2,9,0.0537763077590639,0.990000000000001,0.047566433252305,0.174004305017247,0.174004305017247,0.972411090528101,0.972411090528101,0.203499204620299,0.178941094679153,0.548885921306305,-0.0379021314039022
CAPR1_MOUSE,LNQDQLDAVSK,2,21,0.041238310083024,0.78,NaN,-0.0245592656453696,0.0245592656453696,-0.137248653297074,0.137248653297074,NaN,0.17893993897493,-0.0304470003272183,0
CAPR1_MOUSE,SGYSQSQFTAPR,2,2,100,NaN,100,NaN,NaN,NaN,NaN,0.00493678966190568,0.181094891117501,0,0
CAPR1_MOUSE,SGYSQSQFTAPR,2,3,100,NaN,100,NaN,NaN,NaN,NaN,0.00493678966190568,0.14779361861103,0,0
CAPR1_MOUSE,SGYSQSQFTAPR,2,31,100,NaN,100,NaN,NaN,NaN,NaN,NaN,0.125287533665601,0,0

