proteinName,peptideSeq,charge,old_Rsquared,new_Rsquared,NDP,rateconstant,sigma,Abundance,MassToCharge,RMSE,selected_A1A0_count, selected_A2A0_count, selected_A2A1_count,improved_timePoints,new_k,I0_percentatediffI0_percentatediff,selected_io_t,i0,I0_asymptote,new_rmse,lowerci_old,upperci_old,sigma_old,lowerci_new,upperci_new,sigma_new,old_pearson,new_pearson
ACBP_MOUSE,QATVGDVNTDRPGLLDLK,2,0.700880877201271,0.811036376577152,12,0.03756,0.00917925961922904,5620656.91666667,956.51038,0.053142916695566,5,2,1,0| 1| 3| 6| 7| 16| 21| 31,0.0589176858808597,0.0432634197371961|,0.364751770373929| 0.344712746208428| 0.314048186679221| 0.329523369670718| 0.293304090951574| 0.280477472983983| 0.285011539068397| 0.235318158759266| 0.122176221094797| 0.189385582177364| 0.187611611448672| 0.115822461447822,0.364751770373929,0.0930691358337496,0.0351357182982013,0.0164582220926468,0.0586617779073532,0.00958742398754509,0.0236084487821529,0.0515115512178471,0.00633877568974132,0.897054459858926,0.938959171251395
ACBP_MOUSE,TQPTDEEMLFIYSHFK,3,0.989183911109446,0.993813282060491,12,0.0534,0.00170140396357369,285233545.454545,662.64862,0.00624503057857865,2,3,0,3| 6| 7| 13| 16,0.0526399106215837,0.0220248545998248|0.0250846801733286|0.00290691259679992|-0.0578131113842529|,0.30082243069618| 0.292262195848781| 0.282206189030441| 0.271673337774312| 0.242213478512207| 0.234713297860564| 0.221596003247291| 0.19675129096761| 0.190741730440254| 0.159462404745072| 0.139875694724362| 0.125346248289218,0.30082243069618,0.0884062869121092,0.00450819528159193,0.0495882361834045,0.0572117638165955,0.00173184439768697,0.0506483440335003,0.0561516559664997,0.00125019287637832,0.996529744709966,0.997260552552736

