proteinName,peptideSeq,charge,old_Rsquared,new_Rsquared,NDP,rateconstant,sigma,Abundance,MassToCharge,RMSE,selected_A1A0_count, selected_A2A0_count, selected_A2A1_count,improved_timePoints,new_k,I0_percentatediffI0_percentatediff,selected_io_t,i0,I0_asymptote,new_rmse,lowerci_old,upperci_old,sigma_old,lowerci_new,upperci_new,sigma_new,old_pearson,new_pearson
AL1B1_MOUSE,VAEQTPLSALYLASLIK,2,0.540537314557949,0.938811453159464,8,0.02247,0.00702772770915098,4445163.75,909.02454,0.0377627361960026,1,1,4,0| 2| 6| 7| 13| 24,NaN,,0.340483016191158| NaN| 0.318110971660941| 0.329904020037556| 0.314277412330331| 0.31528719557528| 0.291302981827543| 0.274588857260068| NaN| NaN| 0.217025638980334| NaN,0.340483016191158,0.0754291241728454,0.00745676729763387,0.000712015220236263,0.0442279847797637,0.0092014554830637,0.0181735891539731,0.0267664108460269,0.00181695288129059,0.870249655933559,0.977501659346164
AL1B1_MOUSE,YGLAAAVFTR,2,0.251545327891225,0.669551145378028,8,0.05546,0.0136540257676743,3357594,534.79547,0.0533234732484319,4,0,0,2| 7| 9| 13,NaN,,0.520931174817292| NaN| 0.453526172490884| 0.427998283333612| 0.348124275074057| 0.42909245357924| 0.431684277203114| 0.354073966054766| NaN| NaN| 0.294217003033291| NaN,0.520931174817292,0.212881289702073,0.0313406514925487,0.0129063577007092,0.0980136422992909,0.0179959426032558,0.0304492722323771,0.0804707277676229,0.0105770410487118,0.61729193125027,0.870376313994397

