proteinName,peptideSeq,charge,old_Rsquared,new_Rsquared,NDP,rateconstant,sigma,Abundance,MassToCharge,RMSE,selected_A1A0_count, selected_A2A0_count, selected_A2A1_count,improved_timePoints,new_k,I0_percentatediffI0_percentatediff,selected_io_t,i0,I0_asymptote,new_rmse,lowerci_old,upperci_old,sigma_old,lowerci_new,upperci_new,sigma_new,old_pearson,new_pearson
AP2A2_MOUSE,YGGTFQNVSVK,2,0.920008552446616,0.951357171794301,9,0.06767,0.00746680886803293,8453774,600.3064,0.021802523522217,2,1,0,2| 13| 31,NaN,0.0418600596988944|,0.5006556994921| 0.470910485524992| 0.467423708220629| 0.462313992779785| NaN| NaN| 0.390415631310056| 0.335955152048381| 0.285641737627391| 0.290579204278421| NaN| 0.285610613477658,0.5006556994921,0.247010751781154,0.0161772924129631,0.0475200563324472,0.0878199436675528,0.00873803449036357,0.0527189081925508,0.0826210918074492,0.00648354943505157,0.963201397125467,0.982042190784373
AP2A2_MOUSE,LEPNLQAQMYR,2,-0.415058743342143,-0.466772078217405,9,0.03947,0.0195538558718396,4440832.5,681.84534,0.113057717741428,3,2,3,0| 1| 2| 3| 9| 16| 21| 31,NaN,0.0538752155202908|,0.28157243376805| 0.349089207039166| 0.309801032209696| 0.396326752058374| NaN| NaN| 0.405027150775877| 0.331732226054749| 0.305135726910502| 0.290980355953734| NaN| 0.19889397794928,0.4368,0.128367642113131,0.0618879934169237,0,0.101764800765296,0.0270141756541988,0.00923957111600475,0.0697004288839952,0.0131094426170629,0.0283967890793603,0.521919100182424
AP2A2_MOUSE,GLAVFISDIR,2,0.407361529059532,0.890458492031033,2,0.076,0.0135317289076799,6171224.5,545.81641,0.0258040255599792,1,1,0,9| 13,NaN,,NaN| NaN| NaN| NaN| NaN| NaN| 0.371792765362792| 0.338433893037929| NaN| NaN| NaN| NaN,NaN,NaN,0.00225369477552196,0,0.592260728853523,0.0406306005276384,0.0239803536897339,0.128019646310266,0.00409403495306563,1,1
AP2A2_MOUSE,IAGDYVSEEVWYR,2,-0.321673009776961,-1.9549885501993,3,1.25981,620.734369759718,2108908.66666667,793.87793,0.0174819071608975,2,1,0,9| 13| 31,NaN,,NaN| NaN| NaN| NaN| NaN| NaN| 0.113582341259243| 0.0930018263586406| NaN| NaN| NaN| 0.120451591523068,NaN,NaN,0.0100244102940732,0.831598191822571,1.68802180817743,0.0995227444726655,0.882086817155991,1.63753318284401,0.0877884427512332,-2,-2

