proteinName,peptideSeq,charge,old_Rsquared,new_Rsquared,NDP,rateconstant,sigma,Abundance,MassToCharge,RMSE,selected_A1A0_count, selected_A2A0_count, selected_A2A1_count,improved_timePoints,new_k,I0_percentatediffI0_percentatediff,selected_io_t,i0,I0_asymptote,new_rmse,lowerci_old,upperci_old,sigma_old,lowerci_new,upperci_new,sigma_new,old_pearson,new_pearson
C1QT9_MOUSE,LGDEVWMQVTGGER,2,-16.5734612897078,-0.34248600762731,3,0.01806,0.00607239724014316,20791656.3333333,788.87488,0.0327386598775751,0,0,2,16| 31,NaN,,0.357054601837281| NaN| NaN| NaN| NaN| NaN| NaN| NaN| 0.269100552542602| NaN| NaN| 0.316757727988733,0.357054601837281,0.10493190783767,0.020826265455988,0,0.0840810208364546,0.0153442596889073,0,0.0630357208344857,0.0104530213473931,0.0697442509350783,0.542650788945389

