proteinName,peptideSeq,charge,old_Rsquared,new_Rsquared,NDP,rateconstant,sigma,Abundance,MassToCharge,RMSE,selected_A1A0_count, selected_A2A0_count, selected_A2A1_count,improved_timePoints,new_k,I0_percentatediffI0_percentatediff,selected_io_t,i0,I0_asymptote,new_rmse,lowerci_old,upperci_old,sigma_old,lowerci_new,upperci_new,sigma_new,old_pearson,new_pearson
DBNL_MOUSE,AMSTTSVTSSQPGK,2,-5.44553789159352,0.360053982356599,6,0.30276,0.217565117985779,4229279.8,691.33502,0.123221511264014,2,1,2,0| 1| 2| 13| 21,NaN,,0.463888748879426| 0.349019130554357| 0.282225575695104| 0.291360439861234| NaN| NaN| NaN| 0.28177263684726| NaN| 0.203436255034443| NaN| NaN,0.463888748879426,0.142903103536573,0.0452840739794314,0,1.19301255499988,0.346323366546918,0,0.651922442935918,0.135830121497746,-0.440820069080581,0.88735423744809
DBNL_MOUSE,FVLINWTGEGVNDVR,2,-4.66992144940596,-0.381084048509211,6,9E-05,0.0120889376277808,35368320,859.94666,0.0683249639655918,1,3,2,0| 1| 2| 3| 13| 21,NaN,,0.444698385872465| 0.382069623891789| 0.361600868236871| 0.354800042871684| NaN| NaN| NaN| 0.363873602565936| NaN| 0.370034315499127| NaN| NaN,0.36083,0.134199225184077,0.0252089710084055,0,0.0482511055000018,0.0187354881485109,0,0.0178671258229799,0.00691560392381393,0.770277186824689,0.363014914226655

