proteinName,peptideSeq,charge,old_Rsquared,new_Rsquared,NDP,rateconstant,sigma,Abundance,MassToCharge,RMSE,selected_A1A0_count, selected_A2A0_count, selected_A2A1_count,improved_timePoints,new_k,I0_percentatediffI0_percentatediff,selected_io_t,i0,I0_asymptote,new_rmse,lowerci_old,upperci_old,sigma_old,lowerci_new,upperci_new,sigma_new,old_pearson,new_pearson
HDGF_MOUSE,IDEMPEAAVK,2,0.860351971942732,0.993649483550149,5,0.03444,0.0032581779494871,177029900,551.77606,0.0106069615519441,0,1,1,2| 9,NaN,-0.0182000141317703|,0.534928144510156| NaN| 0.507762540164296| 0.497661269618857| NaN| 0.456004825506978| 0.437355980214724| NaN| NaN| NaN| NaN| NaN,0.534928144510156,0.181064389260028,0.00182110554418805,0.0191889545223832,0.0496910454776168,0.00549301171107768,0.0318215532998834,0.0370584467001166,0.000943093272502717,0.976752651813216,0.999606331468504
HDGF_MOUSE,YQVFFFGTHETAFLGPK,3,0.96155661332462,0.979919636337751,5,0.12288,0.00713285250704337,10682182.3333333,663.66833,0.00730045145789331,0,1,0,2,NaN,,0.299487653429555| NaN| 0.252333228770581| 0.228481880680586| NaN| 0.16829590914342| 0.150325081752195| NaN| NaN| NaN| NaN| NaN,0.299487653429555,0.0922585754652415,0.00500390981531762,0.0899481071244402,0.15581189287556,0.0118611719766292,0.100307666912458,0.145452333087542,0.00812994034921678,0.988081591065196,0.999666294561199

