proteinName,peptideSeq,charge,old_Rsquared,new_Rsquared,NDP,rateconstant,sigma,Abundance,MassToCharge,RMSE,selected_A1A0_count, selected_A2A0_count, selected_A2A1_count,improved_timePoints,new_k,I0_percentatediffI0_percentatediff,selected_io_t,i0,I0_asymptote,new_rmse,lowerci_old,upperci_old,sigma_old,lowerci_new,upperci_new,sigma_new,old_pearson,new_pearson
HNRPF_MOUSE,DLSYcLSGMYDHR,3,0.848909337453642,0.93409308167848,8,0.11443,0.0297264725001714,5863466.5,539.56592,0.0334626268689081,2,2,1,0| 16| 21| 24| 31,NaN,,0.383893373226022| 0.385977903346428| 0.278391552886232| 0.288361703330981| NaN| NaN| NaN| NaN| 0.16557241945775| 0.122835978224144| 0.155981676137653| 0.122835978224144,0.383893373226022,0.136208151249333,0.0217140543862213,0.0223962498345523,0.206463750165448,0.0389210886788739,0.0547088709837577,0.174151129016242,0.0252560756707738,0.922129218842404,0.973374408796798
HNRPF_MOUSE,ITGEAFVQFASQELAEK,2,-0.892080167854964,-0.694664191578337,8,8E-05,0.00739763014879013,20109970,934.47546,0.0983413143009731,0,6,0,0| 1| 2| 3| 16| 31,NaN,,0.361276619068656| 0.315139724657659| 0.315000713280653| 0.316390666649695| NaN| NaN| NaN| NaN| 0.325185529257936| 0.280975516549736| 0.288581596415937| 0.316417619305428,0.361276619068656,0.0575571468559052,0.0240764142918996,0,0.0229868786483526,0.00968732289650253,0,0.0056823301578634,0.00236922638152361,0.113618702366603,0.542502171897372
HNRPF_MOUSE,SGAYSAGYGGYEEYSGLSDGYGFTTDLFGR,3,0.796686297515645,0.899500846591299,4,0.19159,0.0184564219520357,1344968.5,1049.78784,0.00676562507240178,2,0,0,1| 2,NaN,,0.171339311122541| 0.12906369956359| 0.124803967352157| 0.104640342258074| NaN| NaN| NaN| NaN| NaN| NaN| NaN| NaN,0.171339311122541,0.0134676899902285,0.0044416985731213,0.0751895881017694,0.307990411898231,0.0365757661693784,0.115171999016158,0.268008000983842,0.0240123457429002,0.934214762149818,0.958332738522635
HNRPF_MOUSE,HSGPNSADSANDGFVR,3,0.797224326563309,0.944165467053468,8,0.071,0.011890030133789,2449982.33333333,544.245,0.0378063347893833,2,1,3,0| 2| 3| 16| 24| 31,NaN,,0.367571284851939| 0.378584890788485| 0.330463503773936| 0.300487558443693| NaN| NaN| NaN| NaN| 0.158567498238564| 0.144860683241032| 0.113338245269204| 0.109479175060222,0.367571284851939,0.0643443995095282,0.0211401741057139,0.0341882301949393,0.107811769805061,0.0155677037438268,0.0504159569512943,0.0915840430487057,0.00870499532430451,0.924327595579975,0.993695729685507

