protien,peptide,charge,rsquared,rateconstant,mo,io_e,io_a1a0,io_a2a0,io_a2a1
GSTK1_MOUSE,TYMLFGSDR,2,-0.200394960841687,0.02481,0.50829,0.477679557732902,0.451263536164834,0.470024733528106,0.507071255392866
GSTK1_MOUSE,LIENTDAAcK,2,0.872960956059185,0.01253,0.5286,0.535360780977361,0.50441421643097,0.520621634947011,0.569181508605866
GSTK1_MOUSE,LELLAYLLGEK,2,0.960427339908101,0.03698,0.46364,0.473995065053976,0.458681352290442,0.482108681658934,0.510682607556018
GSTK1_MOUSE,DSGNQPPAMVPR,2,0.886354142767255,0.02608,0.47295,0.490136814938541,0.446990319190611,0.517373254808994,0.631181836992795
GSTK1_MOUSE,QFFQVPLNIPK,2,0.911880831086136,0.02523,0.43586,0.448378327969031,0.433558298874306,0.450202284785786,0.470019649145518
GSTK1_MOUSE,LQLRPTLIAGIMK,3,0.590963631511965,0.01882,0.40292,0.447973739244778,0.425912444738047,0.433599420722812,0.446483612084166
GSTK1_MOUSE,YGAFGLPTTVAHVDGK,3,0.777597028810523,0.01582,0.37708,0.403696290322183,0.422399088992567,0.399413534488585,0.371686516137174
GSTK1_MOUSE,DEDITEYQSILAAAVK,2,0.871201388332452,0.03549,0.3634,0.388374297658409,0.377959307662026,0.387630632020353,0.399648700143573
GSTK1_MOUSE,DEDITEYQSILAAAVK,3,0.81857677476406,0.03862,0.3634,0.36829765364826,0.35850420591689,0.341804678977109,0.321457123648799

