protien,peptide,charge,rsquared,rateconstant,mo,io_e,io_a1a0,io_a2a0,io_a2a1
IF4A2_MOUSE,KGVAINFVTEEDKR,3,0.296808148874552,0.84614,0.39608,0.396749533244644,0.354887565853541,0.392294484846145,0.440099548065956

