protien,peptide,charge,rsquared,rateconstant,mo,io_e,io_a1a0,io_a2a0,io_a2a1
ATAD1_MOUSE,DAALLcVR,2,0.717003213296812,0.08504,0.58934,0.540314498734777,0.627830629127565,0.462731563255276,0.259787446719449
ATAD1_MOUSE,FINLQPSTLTDK,2,0.833624145394993,0.0385,0.4452,0.484415759050728,0.472118991655234,0.448058290303291,0.417542054303721
ATAD1_MOUSE,LQPSIIFIDEIDSFLR,2,0.979575524000984,0.0649,0.31711,0.333271354574744,0.343384665942745,0.329780538983986,0.312699615197459

