protien,peptide,charge,rsquared,rateconstant,mo,io_e,io_a1a0,io_a2a0,io_a2a1
AIMP1_MOUSE,QQSAAASTDSKPIDASR,3,0.0969445727066102,0.05427,0.39046,0.469539617401235,0.435433937239494,0.465220470748847,0.511097596030137

