protien,peptide,charge,rsquared,rateconstant,mo,io_e,io_a1a0,io_a2a0,io_a2a1
MFN1_MOUSE,SSVINAMLWDK,2,0.611679653623971,0.52775,0.45808,0.413317750622375,0.530173738173666,0.334257663368627,0.201926618918188
MFN1_MOUSE,VLLGLSEPIFQVPR,2,0.812707437268382,0.0753,0.3849,0.419927101749144,0.397661789247948,0.413802951658498,0.432778700958557
MFN1_MOUSE,IASEDDLVEIQGYR,2,-1.10888394821247,10192.56433,0.40097,0.0577000656361244,0.00106941801660957,0.0820069388613128,0.223320032345148

