protien,peptide,charge,rsquared,rateconstant,mo,io_e,io_a1a0,io_a2a0,io_a2a1
NID2_MOUSE,SHLYGITAVYPYcPTG,2,-0.182926682870245,0.11355,0.33555,0.283097089896686,0.1687048319404,0.351192603460498,0.426075231456634
NID2_MOUSE,cHPGTGVDYTcEcTPGFQGDGR,3,0.286158330491035,0.00975,0.24606,0.298565528351354,0.270715710174697,0.230791376187446,0.174874531484872
NID2_MOUSE,ASLEAGAEPETIITSGLISPEGLAIDHFR,3,0.126437901959326,0.01027,0.17707,0.19861154882449,0.214315537837784,0.17707,0.138246181778827

