protien,peptide,charge,rsquared,rateconstant,mo,io_e,io_a1a0,io_a2a0,io_a2a1
INMT_MOUSE,EIIVTDYTPQNLQELQK,2,-1.00174057666019,0.14869,0.30736,0.276793990422601,0.267035925713386,0.243375848748743,0.216763315090253
INMT_MOUSE,DYLTTYYSFHSGPVAEQEIVK,3,-2.72801634392337,0.00048,0.2321,0.361740184286427,0.355123415029636,0.281229395936914,0.200303907808727

