protien,peptide,charge,rsquared,rateconstant,mo,io_e,io_a1a0,io_a2a0,io_a2a1
EIF3A_MOUSE,DLYNWLEVEFNPLK,2,0.969755128914223,0.18197,0.33651,0.361343379266552,0.357314923194432,0.343614239605966,0.327669369374293
EIF3A_MOUSE,LLQQVAQIYQSIEFSR,3,0.89137881458227,0.24288,0.32075,0.289344498970867,0.239118833078433,0.289948950402557,0.352184461158483

