protien,peptide,charge,rsquared,rateconstant,mo,io_e,io_a1a0,io_a2a0,io_a2a1
LAMA5_MOUSE,VGTFSLDAANPK,2,-0.173629152321842,0.00853,0.49197,0.247868147916486,0.36435485211922,0.167888013037442,0.167888013037442
LAMA5_MOUSE,TSPDGPYQVSLR,2,0.384564630733309,0.01838,0.46978,0.43482846889029,0.413651098017711,0.445543690426279,0.488498979618778
LAMA5_MOUSE,ALFSQTSSSVSLR,2,-0.128804638477183,3.60847,0.45602,0.634884047872132,0.650912424907176,0.562460470295479,0.419553169300887
LAMA5_MOUSE,ITASATcGEEAPTR,2,0.103011957759725,0.01112,0.4463,0.635252497478297,0.691407006338219,0.486235636180634,0.134445336875221
LAMA5_MOUSE,APQQGVLNLHPcPY,2,-0.0271043209442863,0.00217,0.3864,0.405489513543206,0.364717564805886,0.356292101426643,0.344687471644857
LAMA5_MOUSE,TTPMLQLQPEEPSR,2,0.0243585543258447,0.01275,0.38124,0.362643709654284,0.260751987593967,0.370410422263344,0.524208253853835
LAMA5_MOUSE,FGFNPLEFENFSWR,2,0.645895446971217,0.02887,0.32876,0.301821739792598,0.276620882543924,0.300771076346755,0.32876
LAMA5_MOUSE,DGFFGLDYADYFGcR,2,0.706527910906857,0.04489,0.33538,0.344887420358983,0.326588812138029,0.323996571671114,0.320284920554845
LAMA5_MOUSE,WQSQLGGLQGQDLSQVER,2,-0.081451334084196,3E-05,0.3167,0.326113279454026,0.177009150824275,0.419246894541612,0.481031916600805
LAMA5_MOUSE,VSSYGGTLHYELHSETQR,3,-0.0630875281413505,0.0038,0.30685,0.314148937212744,0.228826031008728,0.305777682031734,0.406978688181569
LAMA5_MOUSE,EDLEHLAASLDGAWTPLLK,3,0.449533436428944,0.02978,0.29356,0.287245451458227,0.253503511692378,0.267588883336124,0.283939691590708
LAMA5_MOUSE,SVADTFSELYWQAPPSYLGDR,3,0.248173353272218,0.01167,0.2399,0.287572481107184,0.26352104708377,0.263598877876726,0.264679475879426
LAMA5_MOUSE,VQEQLTSFWEENQSLATHIR,3,0.709063810946671,0.01715,0.24692,0.261012885538326,0.207923423295879,0.278028259273685,0.369472435660081

