protien,peptide,charge,rsquared,rateconstant,mo,io_e,io_a1a0,io_a2a0,io_a2a1
PSA1_MOUSE,THAVLVALK,2,0.810534872895934,0.08455,0.564,0.671230957947893,0.706804221802473,0.576594314235313,0.384168064853872
PSA1_MOUSE,NQYDNDVTVWSPQGR,2,-0.15271342216335,0.15313,0.36325,0.294665955436808,0.359769995483859,0.260763411351885,0.161369399168702
PSA1_MOUSE,ILHVDNHIGISIAGLTADAR,4,0.933695736188586,0.10455,0.29919,0.316967374864133,0.297548960530569,0.320931156307842,0.349600773043247

