protien,peptide,charge,rsquared,rateconstant,mo,io_e,io_a1a0,io_a2a0,io_a2a1
PGM5_MOUSE,DLEALVTDK,2,-3.69020564249589,9.4253,0.56672,0.355876021449014,0.353089786847006,0.322794292219665,0.288392727861116
PGM5_MOUSE,FNVANGGPAPDVVSDK,2,0.334792086905959,0.04493,0.4016,0.444119571752038,0.400936825522759,0.434140173295934,0.476276013818413
PGM5_MOUSE,GGEYGFGAAFDADGDR,2,0.803107297094693,0.06141,0.40056,0.388940885677448,0.398072883738308,0.319038116109473,0.231604604616079
PGM5_MOUSE,VEIVDPVDIYLNLLR,3,0.941485985457648,0.0924,0.34597,0.374207614521826,0.351090385603712,0.377016667973218,0.408146358044953
PGM5_MOUSE,VEIVDPVDIYLNLLR,2,0.964442762205513,0.08584,0.34597,0.371916701991232,0.360631468640703,0.377016667973218,0.397231063784055
PGM5_MOUSE,cSLcGEESFGTGSDHLR,3,0.725478058885577,0.05448,0.34358,0.373736802832864,0.356731750655443,0.332919555823517,0.291344508927947
PGM5_MOUSE,NYLPNFIQSVLSSIDLR,2,0.967947060080257,0.06013,0.30929,0.317318321733799,0.301515754257163,0.306702057323969,0.311898993426629

