proteinName,peptideSeq,charge,old_Rsquared,new_Rsquared,NDP,rateconstant,sigma,Abundance,MassToCharge,RMSE,selected_A1A0_count, selected_A2A0_count, selected_A2A1_count,improved_timePoints,new_k,I0_percentatediffI0_percentatediff,selected_io_t,i0,I0_asymptote,new_rmse,lowerci_old,upperci_old,sigma_old,lowerci_new,upperci_new,sigma_new,old_pearson,new_pearson
LGAT1_MOUSE,WIVLFPEGGFLR,2,0.317234515134104,0.374626778139398,8,0.03031,0.0130486025107665,1081839.66666667,717.40063,0.0533569228229192,0,1,3,0| 2| 9| 24,NaN,,0.457294430004626| 0.397674970921703| 0.392441977032399| 0.276757233410459| 0.319245115428155| NaN| 0.295244527143341| NaN| NaN| 0.310762430421213| 0.276891668625008| NaN,0.40138,0.180228159316029,0.0402589920855571,0,0.0730616468105004,0.0180796787448968,0,0.0638337303868269,0.0141771913117391,0.566589467243473,0.671679747570087
LGAT1_MOUSE,AEPIDIQTWILGYR,2,-7.05384606558557E-05,-0.503094369996697,7,0.00032,0.00801079821099885,2696402.66666667,837.94611,0.0506847997257175,2,1,2,1| 2| 3| 6| 21,NaN,0.0403947763193601|,0.376802310183905| 0.36938661127161| 0.355236574034792| 0.335999045617097| 0.36529853599535| NaN| 0.372535058972269| NaN| NaN| 0.386611023013813| NaN| NaN,0.376802310183905,0.110735403161832,0.0142100496719922,0,0.0276726187847459,0.0111784242548078,0,0.00795977611381646,0.00312221141544275,0.0133353665473454,-0.528915370473341

