proteinName,peptideSeq,charge,old_Rsquared,new_Rsquared,NDP,rateconstant,sigma,Abundance,MassToCharge,RMSE,selected_A1A0_count, selected_A2A0_count, selected_A2A1_count,improved_timePoints,new_k,I0_percentatediffI0_percentatediff,selected_io_t,i0,I0_asymptote,new_rmse,lowerci_old,upperci_old,sigma_old,lowerci_new,upperci_new,sigma_new,old_pearson,new_pearson
MARC2_MOUSE,QLQQVGTVSK,2,0.692173976642209,0.784169915229203,10,0.0464,0.0104672149291411,5449249.5,544.30896,0.0525481083332796,5,2,0,0| 1| 2| 3| 6| 16| 21,NaN,0.0623289539086898|-0.0466906385500605|,0.573346090810608| 0.643270655164858| 0.503924810944391| 0.486296332626939| 0.469621646903962| 0.461727373446872| 0.434134578103392| 0.414619057748605| 0.344764477403482| 0.353056504090414| NaN| NaN,0.573346090810608,0.24560029675741,0.0369422591257402,0.0190584403641525,0.0737415596358474,0.0120864987140105,0.0271783950173204,0.0656216049826796,0.00849702456621307,0.93883515811076,0.919627844880884

