proteinName,peptideSeq,charge,old_Rsquared,new_Rsquared,NDP,rateconstant,sigma,Abundance,MassToCharge,RMSE,selected_A1A0_count, selected_A2A0_count, selected_A2A1_count,improved_timePoints,new_k,I0_percentatediffI0_percentatediff,selected_io_t,i0,I0_asymptote,new_rmse,lowerci_old,upperci_old,sigma_old,lowerci_new,upperci_new,sigma_new,old_pearson,new_pearson
NMT1_MOUSE,SYQFWDTQPVPK,2,0.288926160722568,0.414295621903504,9,0.01626,0.00851476519814363,7948892,748.36444,0.0538521313934809,2,3,1,0| 1| 3| 7| 9| 13,NaN,,0.39388954360326| 0.472229628832288| 0.310202495065319| 0.425028173050055| NaN| 0.387344364186769| 0.38720064466188| 0.327227453917121| NaN| 0.331059407717851| 0.291369463287579| NaN,0.39388954360326,0.160965052766966,0.0368017813928591,0,0.0438796850428901,0.0119772920708648,0,0.0364656205505195,0.00876217880221403,0.688668564019852,0.673015353438092
NMT1_MOUSE,FGIGDGNLQYYLYNWK,2,-2.14937157391006,-4.62928766714626,9,1.72667,2.42658746250121,10972841.8,975.97284,0.0842403805604305,0,4,4,0| 1| 2| 3| 9| 13| 21| 24,NaN,,0.126708085525384| 0.152471594734665| 0.190171553291033| 0.10731187941425| NaN| 0.131407778702764| 0.107815844429512| 0.147185314843703| NaN| 0.107815844429512| 0.107815844429512| NaN,0.30017,0.117022545951648,0.0548636526758803,0,4.40194510844112,1.16013456684808,0,3.47585679142601,0.758535843362241,-0.444912206108873,0.0174966845423451

