proteinName,peptideSeq,charge,old_Rsquared,new_Rsquared,NDP,rateconstant,sigma,Abundance,MassToCharge,RMSE,selected_A1A0_count, selected_A2A0_count, selected_A2A1_count,improved_timePoints,new_k,I0_percentatediffI0_percentatediff,selected_io_t,i0,I0_asymptote,new_rmse,lowerci_old,upperci_old,sigma_old,lowerci_new,upperci_new,sigma_new,old_pearson,new_pearson
RL32_MOUSE,ELEVLLMcNK,2,0.932759899376909,0.976972286921205,6,0.25134,0.0306537870835306,18230240,624.81995,0.0137729763386502,1,0,2,2| 21| 24,NaN,0.0790906852447542|,0.45441306628667| NaN| 0.364814328564459| NaN| NaN| 0.282007624713549| 0.27034762413395| NaN| NaN| 0.215660835781597| 0.215660835781597| NaN,0.45441306628667,0.224195816079831,0.00913355640093525,0.121347472610026,0.381332527389974,0.0505693013278058,0.165135388053879,0.337544611946121,0.0335350583981813,0.979368593652365,0.989452313819373
RL32_MOUSE,SYcAEIAHNVSSK,3,0.865382696835118,0.989496896245782,6,0.03578,0.00453817540821001,20526352,489.22952,0.0240133872370575,0,1,2,0| 2| 24,NaN,-0.00196598034921115|,0.441178841526363| NaN| 0.407535908593046| NaN| NaN| 0.355213158536524| 0.355289369891692| NaN| NaN| 0.273559465885387| 0.252798949762784| NaN,0.441178841526363,0.117998866650863,0.00485547638789184,0.0177074958482715,0.0538525041517285,0.00703051111126616,0.0321257626234679,0.0394342373765321,0.00142156041372142,0.961080316473069,0.995527431498079
RL32_MOUSE,SYcAEIAHNVSSK,2,0.953070667266651,0.96666422958717,6,0.04419,0.00277922015398256,3239295,733.34064,0.012738955089756,0,2,1,2| 9| 24,NaN,-0.0368964484588507|-0.0114338682123002|,0.437772782999591| NaN| 0.414500193567356| NaN| NaN| 0.332089445930943| 0.338702949650862| NaN| NaN| 0.212922323664318| 0.228718426697516| NaN,0.437772782999591,0.117087873175938,0.0108991136983248,0.0332049780837411,0.0551750219162589,0.00427336012715062,0.0347915052254816,0.0535884947745184,0.00365617411879851,0.981096466798485,0.988753935715427

