proteinName,peptideSeq,charge,old_Rsquared,new_Rsquared,NDP,rateconstant,sigma,Abundance,MassToCharge,RMSE,selected_A1A0_count, selected_A2A0_count, selected_A2A1_count,improved_timePoints,new_k,I0_percentatediffI0_percentatediff,selected_io_t,i0,I0_asymptote,new_rmse,lowerci_old,upperci_old,sigma_old,lowerci_new,upperci_new,sigma_new,old_pearson,new_pearson
RS23_MOUSE,ANPFGGASHAK,3,0.939100621215809,0.987222944300496,12,0.04483,0.00275427162037683,9740554.625,352.84555,0.0215644425241077,5,2,0,3| 6| 9| 13| 16| 21| 24,0.0432123121445352,-0.0469779021476005|-0.0266498991126934|-0.0828660505164319|,0.553122594228621| 0.516769339689296| 0.511322818122576| 0.511342286570128| 0.452052982856382| 0.447009234737119| 0.422160704420934| 0.378911789454042| 0.356381653830641| 0.324965702599265| 0.308226959061049| 0.278292751510195,0.553122594228621,0.162552754625975,0.00994225124117885,0.0386177406014565,0.0510422593985435,0.00282249036246817,0.041965847882613,0.047694152117387,0.00130130460261576,0.981028433243674,0.997286967840183
RS23_MOUSE,ANPFGGASHAK,2,0.837178601307838,0.9571934012208,12,0.09778,0.0113001207982039,5037840.33333333,528.76471,0.0413696470503042,0,1,7,1| 2| 3| 6| 7| 9| 13| 21,0.0865884727210355,-0.0233943950883726|,0.56123276823695| 0.508655483557703| 0.478725421570454| 0.473445971910656| 0.427647376352083| 0.361333622020544| 0.350053830594122| 0.278565386536295| 0.241365764269529| 0.229100784651851| 0.257327951735915| 0.215651052742541,0.56123276823695,0.164936188496343,0.0241224465192308,0.0732318078542518,0.122328192145748,0.0111532747270077,0.0834660646778166,0.112093935322183,0.00650342200863793,0.960184206267336,0.988190030935228
RS23_MOUSE,VANVSLLALYK,2,0.831496913514497,0.926631431858017,12,0.05379,0.00840714659251001,36492060.8333333,595.86078,0.0362837979025386,2,3,6,1| 2| 3| 6| 7| 9| 13| 16| 21| 24| 31,0.0516266366196738,0.000301409113660244|0.0266173405619118|-0.00641154270696796|,0.474939958556467| 0.516769304444086| 0.459641012168846| 0.477974763564228| 0.40426533969023| 0.420260673662539| 0.367338511785448| 0.348657179319049| 0.330327465157325| 0.302269234933351| 0.29294006418227| 0.266710460190693,0.474939958556467,0.223542712166056,0.0214236237846366,0.0333595618568609,0.0742204381431391,0.00928240613608831,0.0417269292677248,0.0658530707322752,0.00548075968810986,0.95827512279582,0.979266087207314

