proteinName,peptideSeq,charge,old_Rsquared,new_Rsquared,NDP,rateconstant,sigma,Abundance,MassToCharge,RMSE,selected_A1A0_count, selected_A2A0_count, selected_A2A1_count,improved_timePoints,new_k,I0_percentatediffI0_percentatediff,selected_io_t,i0,I0_asymptote,new_rmse,lowerci_old,upperci_old,sigma_old,lowerci_new,upperci_new,sigma_new,old_pearson,new_pearson
T126A_MOUSE,DDLILNIISR,2,0.592241903865084,0.682512817002535,3,0.08614,0.0227113891465982,7552098.33333333,586.33771,0.0362791715601088,1,1,0,16| 24,NaN,,NaN| NaN| NaN| NaN| 0.477518381325088| NaN| NaN| NaN| 0.358353604243723| NaN| 0.236427969316265| NaN,NaN,NaN,0.0277298109583133,0,0.353061707444617,0.0620365444785007,0,0.300032777312657,0.0497118384279026,0.909945573995669,0.963948550897448
T126A_MOUSE,YESSPLPQR,2,-12.3949342505056,0.997903216078617,3,0.03469,0.00771697378675845,122076100,538.77216,0.0394246096226656,0,2,0,6| 24,NaN,0.019566412108358|,NaN| NaN| NaN| NaN| 0.470791812035386| NaN| NaN| NaN| 0.386029839838457| NaN| 0.33996088995286| NaN,NaN,NaN,0.00124057252596375,0,0.087781294059266,0.0123392003477731,0.0321307441614545,0.0372492558385455,0.000594808830573408,-0.350243779468849,0.99982287490962

