proteinName,peptideSeq,charge,old_Rsquared,new_Rsquared,NDP,rateconstant,sigma,Abundance,MassToCharge,RMSE,selected_A1A0_count, selected_A2A0_count, selected_A2A1_count,improved_timePoints,new_k,I0_percentatediffI0_percentatediff,selected_io_t,i0,I0_asymptote,new_rmse,lowerci_old,upperci_old,sigma_old,lowerci_new,upperci_new,sigma_new,old_pearson,new_pearson
CDS2_MOUSE,LQEYNIPGVIQSAIGWK,3,-5.09130219290926,-1.45412512923485,6,0.72508,0.416340354672543,4378762,639.34741,0.059325945503587,1,1,3,0| 2| 3| 9| 13,NaN,,0.164265110287803| NaN| 0.11955856734228| 0.102895316097009| NaN| NaN| 0.0340541196274695| 0.077836145220569| NaN| NaN| 0.0733838371147077| NaN,0.31564,0.0699255105886107,0.0450840294539815,0,10.1567075011763,3.66906331229155,0,7.99053204345078,2.82638426257972,0.311427488880262,0.864910379316943
CDS2_MOUSE,AETAPLPTSVDDTPEVLNR,2,0.00174072899691657,0.279771551411857,2,0.0194,0.0388502266312773,3575152,1013.01038,0.0353196707155703,0,2,0,2| 3,NaN,,NaN| NaN| 0.312836015472463| 0.29213624746827| NaN| NaN| NaN| NaN| NaN| NaN| NaN| NaN,NaN,NaN,0.00358587373388687,0,2.49476984104229,0.194815831513865,0,0.838258915418423,0.0644455942925323,1,1
CDS2_MOUSE,LQEYNIPGVIQSAIGWK,2,-0.797878739285468,0.290819164457533,6,0.14343,0.0699541109452428,13857180,958.51746,0.065719826674495,1,0,3,3| 9| 13| 24,NaN,,0.294132846837778| NaN| 0.253186032412873| 0.245376150894462| NaN| NaN| 0.155893807242645| 0.25453726208226| NaN| NaN| 0.0642929062418678| NaN,0.294132846837778,0.0651609095679041,0.0463344774732266,0,0.477094661798445,0.129801221375648,0,0.388832415124505,0.0954657081154615,0.431087519896166,0.762341214088575

