proteinName,peptideSeq,charge,old_Rsquared,new_Rsquared,NDP,rateconstant,sigma,Abundance,MassToCharge,RMSE,selected_A1A0_count, selected_A2A0_count, selected_A2A1_count,improved_timePoints,new_k,I0_percentatediffI0_percentatediff,selected_io_t,i0,I0_asymptote,new_rmse,lowerci_old,upperci_old,sigma_old,lowerci_new,upperci_new,sigma_new,old_pearson,new_pearson
CHMP7_MOUSE,GSVPLGLATVLQDLLR,2,0.95974964472807,0.99714826905022,5,0.88275,0.138183903011143,1279399.8,826.49072,0.0153021593780839,1,3,0,0| 7| 16| 21,NaN,,0.3808755220277| 0.224980592828248| NaN| NaN| NaN| 0.111960124941978| NaN| NaN| 0.100100097340198| 0.116241236605662| NaN| NaN,0.3808755220277,0.111932446660494,0.00368753036406838,0.218231350583094,1.54726864941691,0.23934154080347,0.722613601164414,1.04288639883559,0.0576767747145385,0.991012878158323,0.998722724422825

