proteinName,peptideSeq,charge,old_Rsquared,new_Rsquared,NDP,rateconstant,sigma,Abundance,MassToCharge,RMSE,selected_A1A0_count, selected_A2A0_count, selected_A2A1_count,improved_timePoints,new_k,I0_percentatediffI0_percentatediff,selected_io_t,i0,I0_asymptote,new_rmse,lowerci_old,upperci_old,sigma_old,lowerci_new,upperci_new,sigma_new,old_pearson,new_pearson
GAR1_MOUSE,FQDQGPPER,2,0.751084846605778,0.83448102903289,7,0.13104,0.0158705476404622,50967294.2857143,537.25415,0.0315424807212556,0,1,2,2| 3| 13,NaN,-0.00863967463513983|,0.553406612467502| 0.418034457742872| 0.442010111988733| 0.416227806964082| 0.323259234850227| 0.335166994269365| NaN| 0.250094628552579| NaN| NaN| NaN| NaN,0.553406612467502,0.178701028767283,0.0282613669215186,0.0775728288051626,0.184507171194837,0.0218508775347554,0.0831345940572552,0.178945405942745,0.0195779042562987,0.936285506360324,0.953832365747669

