proteinName,peptideSeq,charge,old_Rsquared,new_Rsquared,NDP,rateconstant,sigma,Abundance,MassToCharge,RMSE,selected_A1A0_count, selected_A2A0_count, selected_A2A1_count,improved_timePoints,new_k,I0_percentatediffI0_percentatediff,selected_io_t,i0,I0_asymptote,new_rmse,lowerci_old,upperci_old,sigma_old,lowerci_new,upperci_new,sigma_new,old_pearson,new_pearson
GNPI1_MOUSE,TLAMDTILANAR,2,0.83460486210508,0.963397223644529,8,0.08703,0.0167767450645459,146253280,645.34772,0.0395211896944874,0,0,2,24| 31,NaN,,0.498733519584731| 0.476368209751574| 0.436592990048895| 0.411727984949673| NaN| 0.348123260683639| 0.330530111884288| NaN| NaN| NaN| 0.208260106773834| 0.247528547458004,0.498733519584731,0.176954267529681,0.015350982682173,0.0423889459897606,0.131671054010239,0.0188787093726757,0.0696903386101831,0.104369661389817,0.00733294576610745,0.915128695258318,0.986985692477427
GNPI1_MOUSE,LVDPLYSIK,2,0.305098259639494,0.713608276374669,8,0.0103,0.00480830466973191,29787475,524.30786,0.0298403705967033,3,1,1,0| 1| 2| 7| 9,NaN,-0.0223564505615095|,0.52731| 0.553964933755617| 0.510475692858466| 0.523949567228073| NaN| 0.509650546026495| 0.529172275805934| NaN| NaN| NaN| 0.483671246358076| 0.471695837037894,0.52731,0.329243444102809,0.0107518395043683,0,0.0273781474466509,0.00722235147483465,0.00493617894233808,0.0156638210576619,0.00226836084227336,0.701992529358345,0.865698834907988
GNPI1_MOUSE,AIEEGVNHMWTVSAFQQHPR,4,0.910314352978174,0.969411935081242,8,0.19452,0.02191703580541,37789258,585.03528,0.0165073757385983,0,2,2,1| 3| 9| 31,NaN,,0.257706024411203| 0.230660971531432| 0.176702824887202| 0.153674659013677| NaN| 0.0936746384286347| 0.0777075181815282| NaN| NaN| NaN| 0.0662879534870617| 0.0244795113349242,0.257706024411203,0.0309495721663842,0.0110868333751391,0.128572676764108,0.260467323235892,0.0278891342706813,0.150227860787153,0.238812139212847,0.0187311532452088,0.978401002108664,0.98796218066416

