proteinName,peptideSeq,charge,old_Rsquared,new_Rsquared,NDP,rateconstant,sigma,Abundance,MassToCharge,RMSE,selected_A1A0_count, selected_A2A0_count, selected_A2A1_count,improved_timePoints,new_k,I0_percentatediffI0_percentatediff,selected_io_t,i0,I0_asymptote,new_rmse,lowerci_old,upperci_old,sigma_old,lowerci_new,upperci_new,sigma_new,old_pearson,new_pearson
IF2P_MOUSE,HFEATDILVSK,2,0.845933184244519,0.968424064734556,11,0.1934,0.0259651017321269,59795510,630.33514,0.0294741584396055,2,2,2,1| 2| 7| 21| 24| 31,NaN,0.0156694737079305|,0.497415579288126| 0.434534084155899| 0.374833004523755| 0.369249406036462| 0.285457412718367| 0.289963740468821| 0.272170553726574| 0.225156236818025| NaN| 0.234524899519345| 0.189205734248589| 0.189205734248589,0.497415579288126,0.213074469056208,0.0164346986655674,0.141196045862597,0.245603954137403,0.0234293989828567,0.164291238263602,0.222508761736398,0.0130641596769456,0.958643953952864,0.988326955519483
IF2P_MOUSE,HLQAQGVEVPSK,2,0.4134050979489,0.973814064134432,11,0.15731,0.0388017946621088,9950598.25,646.8515,0.068238687588185,3,1,4,1| 2| 6| 7| 13| 21| 24| 31,NaN,-0.0308392580747482|-0.0193602249219336|,0.472764819585778| 0.420013081715165| 0.380557126091778| 0.307552059822311| 0.268668095926183| 0.262348519030978| 0.199642290023565| 0.197362476843439| NaN| 0.16585574153587| 0.149342640334482| 0.118825642862245,0.472764819585778,0.126446936372828,0.0172099287274217,0.061746296339054,0.252873703660946,0.0428894741470855,0.133208649474934,0.181411350525066,0.010816808167274,0.827763952376842,0.989414936200616
IF2P_MOUSE,ALPGMGTTIDVILINGR,2,0.93210899925029,0.980861899308349,11,0.19797,0.0246231467244298,13027702.1818182,870.98749,0.0236233245560762,3,4,0,0| 1| 7| 9| 21| 24| 31,NaN,0.0152207005165264|,0.376381662271479| 0.312294820767341| 0.289060781525619| 0.248901170463416| 0.158570629294108| 0.158721921714995| 0.149002703391185| 0.110466182441222| NaN| 0.10918934096655| 0.103968253708746| 0.102561096360553,0.376381662271479,0.110611782326947,0.0122732144756763,0.137869729407885,0.258070270592115,0.0269733057954593,0.166745626424966,0.229194373575034,0.0140136569837934,0.979816869396599,0.995246387415556

