protien,peptide,charge,rsquared,rateconstant,mo,io_e,io_a1a0,io_a2a0,io_a2a1
QCR7_MOUSE,WYYNAAGFNK,2,0.980349569957041,0.12315,0.46418,0.477836954195023,0.465326774595307,0.482619160374599,0.504743860550654
QCR7_MOUSE,DDTLHETEDVK,2,0.95890632117728,0.19189,0.49057,0.482243422246435,0.471342716585631,0.470649583810522,0.469801052267593
QCR7_MOUSE,YEEDKFYLEPY,2,0.955191939556486,0.14871,0.40026,0.42006508898538,0.403348163286987,0.430173538890709,0.464818841771296
QCR7_MOUSE,YEEDKFYLEPYLK,2,0.9403116405138,0.21404,0.34349,0.329303694472818,0.314957295780301,0.293689159258893,0.27034341146355
QCR7_MOUSE,DDTLHETEDVKEAIR,3,0.882456790432884,0.19038,0.37519,0.406023227078154,0.395888947144519,0.419156746047506,0.452989505325431

