protien,peptide,charge,rsquared,rateconstant,mo,io_e,io_a1a0,io_a2a0,io_a2a1
GALT_MOUSE,YNPLQDEWVLVSAHR,3,-1.66866676060584,2E-05,0.33779,0.302008171512068,0.303786582306963,0.273596121928778,0.241654738654365
GALT_MOUSE,VMcFHPWSDVTLPLMSVPEIR,3,0.48167423227609,0.10186,0.20387,0.210858775684526,0.234418204069729,0.212801828192943,0.183404979956551
GALT_MOUSE,YDNLFETSFPYSMGWHGAPTGLK,3,0.757981469607982,0.09313,0.19811,0.266392558332166,0.212505634297337,0.279451125475304,0.283465341245298

