protien,peptide,charge,rsquared,rateconstant,mo,io_e,io_a1a0,io_a2a0,io_a2a1
DDRGK_MOUSE,SLPQESEEQR,2,0.496186242304382,0.69354,0.52088,0.444121645561166,0.388163077353004,0.464326995890503,0.573344044788972
DDRGK_MOUSE,VVLLEDLAFQMGLR,3,0.307686310568614,0.86898,0.36907,0.433811731345352,0.473118809436162,0.42707698133816,0.353449514875852
DDRGK_MOUSE,AAAADGEPLHNEEER,3,0.927278138277038,0.92924,0.41424,0.471364066916326,0.497159176981292,0.420122189792505,0.321153124068052
DDRGK_MOUSE,IQDLLTEGTLTGVIDDR,2,0.0923917946852786,0.05413,0.35008,0.585511851218989,0.604337406670769,0.453461513142537,0.345556590469851
DDRGK_MOUSE,FIYITPEELAAVANFIR,2,0.584578108509441,0.59004,0.29942,0.328939908826115,0.312502856603953,0.29257925305057,0.270256738983675

