protien,peptide,charge,rsquared,rateconstant,mo,io_e,io_a1a0,io_a2a0,io_a2a1
LPP60_MOUSE,LLAIYTGGTIGMR,2,0.498505453313703,0.14373,0.42917,0.462063333356774,0.443873305444668,0.495368740990138,0.51336486292326
LPP60_MOUSE,DYSGQTPLHVAAR,2,-2.85798474804098,0.05675,0.44405,0.35794161015807,0.243034967979174,0.459767864396674,0.59261295002992
LPP60_MOUSE,LSYVLGQPGLSLNDR,2,0.428813811617845,0.71223,0.38724,0.353229178540753,0.345596329462691,0.35257421467954,0.360009771349795
LPP60_MOUSE,SHLVVHSSMEPDVGLLR,3,0.80396584095412,0.19194,0.32579,0.404201122505542,0.434818374692569,0.365499173541432,0.269579748324551
LPP60_MOUSE,GEMTLPATDVLLQDGMLGcR,3,-0.620639968293632,0.02559,0.26876,0.247082307768848,0.211596904079402,0.23855441254351,0.288230285477999
LPP60_MOUSE,GEMTLPATDVLLQDGMLGcR,2,0.225451759979932,0.09005,0.26876,0.27294271502427,0.210673826871593,0.26688477138208,0.380746707977146
LPP60_MOUSE,GVVMETFGSGNGPTKPDLLQELR,3,0.612278493987506,0.02954,0.23533,0.318128971357859,0.36528668419607,0.322400949343047,0.264235017595595
LPP60_MOUSE,AWWQAGADLGQPDYDGHcALQVAEAAGNADVVALLQSFK,3,-8.76543147905395,0,0.09224,0.137597310192042,0.128259311387146,0.14307453585229,0.166021736338426

