protien,peptide,charge,rsquared,rateconstant,mo,io_e,io_a1a0,io_a2a0,io_a2a1
RS12_MOUSE,DVIEEYFK,2,0.961569082191705,0.10972,0.53355,0.526723062734488,0.520898982809406,0.510948134292554,0.496971166005175
RS12_MOUSE,LGEWVGLcK,2,0.978661340231314,0.06275,0.52531,0.521988903086353,0.533157336385477,0.496432131937366,0.42865138966191
RS12_MOUSE,TALIHDGLAR,2,-0.485265036479162,10.09825,0.54157,0.279712440681701,0.564604109947431,0.194522526793786,0.194522526793786
RS12_MOUSE,VVGcScVVVK,2,-0.619828925008009,0.1832,0.52169,0.161318808532398,0.0510399826393405,0.297054358536792,0.460377280383598
RS12_MOUSE,KVVGcScVVVK,2,-0.0263253356191151,0.87758,0.48235,0.476765823703162,0.479646467075127,0.383625730111506,0.274653855431811
RS12_MOUSE,LcVLASNcDEPMYVK,2,0.11313506943843,0.00675,0.33639,0.464332813999439,0.384658271166349,0.427141848039628,0.427141848039628
RS12_MOUSE,QAHLcVLASNcDEPMYVK,3,0.887545481133813,0.05751,0.27827,0.28576344941276,0.287755005305291,0.274399996490248,0.250489660745852
RS12_MOUSE,QAHLcVLASNcDEPMYVK,2,0.621839824713954,0.03609,0.27827,0.296221274463144,0.197099045508667,0.275362566804004,0.394219327388006

