protien,peptide,charge,rsquared,rateconstant,mo,io_e,io_a1a0,io_a2a0,io_a2a1
PSB8_MOUSE,VESSDVSDLLYK,2,-1.1823752950656,8.74296,0.46085,0.290253982611737,0.251309836725782,0.28259460375082,0.319746833938319
PSB8_MOUSE,KGPGLYYVDDNGTR,3,0.846623199814125,0.12284,0.40731,0.485373670678088,0.486553769495374,0.45908463362792,0.422228992258025
PSB8_MOUSE,KGPGLYYVDDNGTR,2,0.383317175946497,0.10725,0.40731,0.462964987912962,0.428080861042468,0.435924814083777,0.445584377137178
PSB8_MOUSE,GMGLSMGSMIcGWDK,2,0.578466455037123,0.13802,0.34881,0.420549837648302,0.35198074645357,0.434184070143963,0.42854397650824
PSB8_MOUSE,STGSGNTYAYGVMDSGYR,2,0.85601383865518,0.05499,0.33255,0.379465377955644,0.311678978874481,0.344734392180885,0.399120216592204
PSB8_MOUSE,LLGTMSGcAADcQYWER,2,-59.7723430059863,0.46346,0.29988,0.339373245534855,0.205883463456813,0.358932542149885,0.420626841793117

