protien,peptide,charge,rsquared,rateconstant,mo,io_e,io_a1a0,io_a2a0,io_a2a1
NDUA3_MOUSE,YASMINK,2,0.899612148768694,0.08612,0.59424,0.615929563635033,0.588667442683725,0.662986005394171,0.662986005394171
NDUA3_MOUSE,ATPYNYPVPVR,2,0.397563673982994,0.04017,0.46045,0.513582785437541,0.520002799677543,0.508143348122951,0.492058932188926

