protien,peptide,charge,rsquared,rateconstant,mo,io_e,io_a1a0,io_a2a0,io_a2a1
FAAH1_MOUSE,QGLLYGVPVSLK,2,0.204979885417571,0.02786,0.46135,0.43114625627766,0.408789924898186,0.436881174889095,0.470054951592458
FAAH1_MOUSE,GYFGDMWDNILK,2,0.906519430864169,0.51608,0.39711,0.402922944774705,0.383144955090235,0.412346747767771,0.451957283725604
FAAH1_MOUSE,LQSGELSPEAVLFTYLGK,3,0.963645374106509,0.28416,0.31202,0.305924746921019,0.292649473468544,0.310028940986654,0.330505885282733
FAAH1_MOUSE,LQSGELSPEAVLFTYLGK,2,0.948700842155024,0.26522,0.31202,0.323400484825391,0.32697446001349,0.316039347103842,0.302187077708586
FAAH1_MOUSE,VGYYETDNYTMPTPAMR,2,0.926789134946958,0.22632,0.28726,0.324112080088833,0.342147238488437,0.295916117425892,0.22936562286433
FAAH1_MOUSE,AMNLDVVLTPMLGPALDLNTPGR,2,-0.521859929211653,0.13778,0.22865,0.263938927068852,0.180851448189399,0.223627635563007,0.291671423482382
FAAH1_MOUSE,AMNLDVVLTPMLGPALDLNTPGR,3,-0.218603308849194,0.16113,0.22865,0.246087542773688,0.243539365644503,0.22865,0.209196050752292
FAAH1_MOUSE,LQNPDLDSEALLALPLLQLVQK,2,0.701529582823615,0.19118,0.23844,0.276606597867451,0.254273099971195,0.251060714143454,0.247845687443329
FAAH1_MOUSE,GIGLPVAVQcVALPWQEELcLR,3,-0.444262478131392,0.0404,0.22282,0.257832735443465,0.240462297080352,0.248699189213566,0.259853835515443
FAAH1_MOUSE,SPGGSSGGEGALIGSGGSPLGLGTDIGGSIR,2,-0.258309761231081,0.0002,0.2277,0.298146331393065,0.261986761853333,0.242501354856283,0.220636419564737
FAAH1_MOUSE,GHASTLGLSLNEGVTSESDcVVVQVLK,3,-0.03754608100405,2E-05,0.20439,0.215780471699157,0.165431930933061,0.238934375219913,0.323052902545631
FAAH1_MOUSE,VHTNVPQSMLSYDcSNPLFGQTMNPWKPSK,4,0.748137161443916,0.29718,0.12444,0.132840996678405,0.139952947367469,0.0973361808662396,0.0572999049039399

