protien,peptide,charge,rsquared,rateconstant,mo,io_e,io_a1a0,io_a2a0,io_a2a1
TSN_MOUSE,VVQSLEQTAR,2,-0.653277686704492,0.0567,0.53143,0.530386744148712,0.52589534196669,0.493657508197821,0.451088429469271
TSN_MOUSE,LSVNSVTAGDYSR,2,0.992572711558081,0.12773,0.46562,0.473145233274547,0.488471310651283,0.466692272023021,0.436535396129631
TSN_MOUSE,PLHISTFINELDSGFR,3,0.728622038193701,0.23823,0.33422,0.356884536652464,0.330693257143811,0.375278555104771,0.430287326418963
TSN_MOUSE,GFHLDVEDYLSGVLILASELSR,3,-0.0349038432185278,0.00301,0.23839,0.216490157961054,0.257716528551533,0.168870991083587,0.0916841665970269

