protien,peptide,charge,rsquared,rateconstant,mo,io_e,io_a1a0,io_a2a0,io_a2a1
TRA2B_MOUSE,GFAFVYFENVDDAK,2,-3.44896712646419,3.95287,0.37249,0.199762775012984,0.26714776171415,0.130044730332009,0.12077066338149
TRA2B_MOUSE,YGPIADVSIVYDQQSR,2,0.820031262037151,0.12808,0.34933,0.388729580587706,0.382264251562126,0.372397960370126,0.358386059556638

