protien,peptide,charge,rsquared,rateconstant,mo,io_e,io_a1a0,io_a2a0,io_a2a1
GCN1_MOUSE,AALLETLSLLLGK,2,0.946393780389873,0.30046,0.4482,0.500637190582785,0.496212202320368,0.493254258260457,0.488367662074985
GCN1_MOUSE,LVLPSLLAALEEESWR,2,0.915844176876813,0.18856,0.33626,0.391955542695572,0.347587326868041,0.379966797820082,0.420557880502874
GCN1_MOUSE,LVLPSLLAALEEESWR,3,0.896510355438469,0.23276,0.33626,0.376609387566678,0.413040651067769,0.307770921600698,0.196323829101065
GCN1_MOUSE,NPEILAIAPVLLDALTDPSR,2,-0.195272765140367,0.00457,0.28867,0.337804276736198,0.298707254555868,0.316458726331266,0.337310867487303

