proteinName,peptideSeq,charge,old_Rsquared,new_Rsquared,NDP,rateconstant,sigma,Abundance,MassToCharge,RMSE,selected_A1A0_count, selected_A2A0_count, selected_A2A1_count,improved_timePoints,new_k,I0_percentatediffI0_percentatediff,selected_io_t,i0,I0_asymptote,new_rmse,lowerci_old,upperci_old,sigma_old,lowerci_new,upperci_new,sigma_new,old_pearson,new_pearson
MAP2_MOUSE,YDILLTAVK,2,0.772957491371104,0.94732759438835,7,0.13825,0.0319215907035751,26604422.8571429,518.30786,0.0287442573955461,2,2,1,0| 2| 6| 7| 9,NaN,-0.0451357420519084|0.00111413393443933|,0.548777230944484| NaN| 0.464332752490946| NaN| 0.427137963833509| 0.423178685263514| 0.375882094308269| NaN| NaN| NaN| 0.352641946084034| 0.353138828594005,0.548777230944484,0.359171691288508,0.0113908176375055,0.0277867422941271,0.248713257705873,0.0451439465055188,0.0944754537712518,0.182024546228748,0.017889711151882,0.887696310382346,0.976678136836176

