proteinName,peptideSeq,charge,old_Rsquared,new_Rsquared,NDP,rateconstant,sigma,Abundance,MassToCharge,RMSE,selected_A1A0_count, selected_A2A0_count, selected_A2A1_count,improved_timePoints,new_k,I0_percentatediffI0_percentatediff,selected_io_t,i0,I0_asymptote,new_rmse,lowerci_old,upperci_old,sigma_old,lowerci_new,upperci_new,sigma_new,old_pearson,new_pearson
PLPP1_MOUSE,KEEDPHTTLHETASSR,3,0.626230753579565,0.740972131601936,4,0.05804,0.0200784018444969,1117023.5,613.29401,0.0510982683598568,2,0,1,0| 13| 24,NaN,,0.493836418195575| 0.344858279677572| NaN| NaN| NaN| NaN| NaN| 0.164549337206407| NaN| NaN| 0.166522703119661| NaN,0.36286,0.0665829693557495,0.0403749346480148,0,0.207418147697294,0.0469381517804934,0,0.185052417209298,0.0399103095658842,0.867017743554002,0.915800421220092
PLPP1_MOUSE,KEEDPHTTLHETASSR,4,0.626897927874622,0.878033357224213,4,0.03921,0.0123801337950804,1541642,460.22232,0.0448641799343864,0,0,1,0,NaN,,0.414466413526496| 0.384914419565147| NaN| NaN| NaN| NaN| NaN| 0.225106940893972| NaN| NaN| 0.198098270820933| NaN,0.36286,0.0665829693557495,0.0191758534924225,0,0.139477926319104,0.0315065571292172,0.00553005388882707,0.0728899461111729,0.0105830367218679,0.930694370143258,0.979337757140432

