proteinName,peptideSeq,charge,old_Rsquared,new_Rsquared,NDP,rateconstant,sigma,Abundance,MassToCharge,RMSE,selected_A1A0_count, selected_A2A0_count, selected_A2A1_count,improved_timePoints,new_k,I0_percentatediffI0_percentatediff,selected_io_t,i0,I0_asymptote,new_rmse,lowerci_old,upperci_old,sigma_old,lowerci_new,upperci_new,sigma_new,old_pearson,new_pearson
RD23A_MOUSE,QVIQQNPALLPALLQQLGQENPQLLQQISR,3,-0.00650747750693292,-1.45664201855032,4,0.00013,0.0134488043176064,2464272.66666667,1126.96667,0.0404868632157426,1,0,2,2| 3| 21,NaN,,0.146365108617761| NaN| 0.107519291119702| 0.131152816376371| NaN| NaN| NaN| NaN| NaN| 0.13257530207877| NaN| NaN,0.146365108617761,0.0047014389190489,0.0126343785555773,0,0.0855566868872438,0.0268430882095532,0,0.0266769801127561,0.00834168987268045,-0.881719057686017,-0.0595056554063166
RD23A_MOUSE,TLQQQTFK,2,0.990732940203598,0.99301270225376,4,0.33972,0.0141436606082885,82566275,497.27182,0.0055096874312943,1,1,0,2| 21,NaN,0.00210817347754589|-0.0195478859057138|,0.573537594232106| NaN| 0.447217659332018| 0.390568089215567| NaN| NaN| NaN| NaN| NaN| 0.306118257056671| NaN| NaN,0.573537594232106,0.310919784109233,0.00469144400117432,0.260360031140544,0.419079968859456,0.0249367817250546,0.272145776510589,0.407294223489411,0.0212334214039286,0.998047067781857,0.99788199637993

