proteinName,peptideSeq,charge,old_Rsquared,new_Rsquared,NDP,rateconstant,sigma,Abundance,MassToCharge,RMSE,selected_A1A0_count, selected_A2A0_count, selected_A2A1_count,improved_timePoints,new_k,I0_percentatediffI0_percentatediff,selected_io_t,i0,I0_asymptote,new_rmse,lowerci_old,upperci_old,sigma_old,lowerci_new,upperci_new,sigma_new,old_pearson,new_pearson
RT35_MOUSE,ATDVLTITTDR,2,-45.2800650146675,-38.1947470054886,10,10.68025,25304.5235376109,86220403.3333333,603.32227,0.143781810973489,0,9,1,0| 1| 2| 3| 6| 7| 9| 21| 24| 31,NaN,,0.267801016175717| 0.213163847198779| 0.244829219850738| 0.249116797821674| 0.249918356482143| 0.249921197086242| 0.249921732262632| NaN| NaN| 0.249921732262632| 0.249921732262632| 0.249921732262632,0.51178,0.264676199525903,0.073099322414209,7.31218724132922,14.0483127586708,1.48887213251759,8.82791947133789,12.5325805286621,0.818833704103841,0.110023188309872,0.530508983544164

