proteinName,peptideSeq,charge,old_Rsquared,new_Rsquared,NDP,rateconstant,sigma,Abundance,MassToCharge,RMSE,selected_A1A0_count, selected_A2A0_count, selected_A2A1_count,improved_timePoints,new_k,I0_percentatediffI0_percentatediff,selected_io_t,i0,I0_asymptote,new_rmse,lowerci_old,upperci_old,sigma_old,lowerci_new,upperci_new,sigma_new,old_pearson,new_pearson
S4A4_MOUSE,LLLMPLK,2,0.246799376684889,0.938551857190611,6,0.60785,0.258339087302757,7302669.16666667,414.27478,0.0209674763065065,1,2,0,13| 16| 24,NaN,-0.0616314650410441|,NaN| 0.51407700912319| NaN| NaN| 0.443422415211913| 0.43636285403396| NaN| 0.421585455175877| 0.439488962553583| NaN| 0.421585455175877| NaN,NaN,NaN,0.00552835397196613,0,1.72850263320324,0.435952910756504,0.336595558806805,0.879104441193195,0.105522585402569,0.683274880328325,0.971836545999692

