proteinName,peptideSeq,charge,old_Rsquared,new_Rsquared,NDP,rateconstant,sigma,Abundance,MassToCharge,RMSE,selected_A1A0_count, selected_A2A0_count, selected_A2A1_count,improved_timePoints,new_k,I0_percentatediffI0_percentatediff,selected_io_t,i0,I0_asymptote,new_rmse,lowerci_old,upperci_old,sigma_old,lowerci_new,upperci_new,sigma_new,old_pearson,new_pearson
STAT1_MOUSE,ELSAVTFPDIIR,2,-0.200179408365497,0.298193272420195,11,0.07625,0.0292556217607913,36568214.4444444,680.8772,0.0974112375063991,1,5,3,0| 1| 2| 3| 7| 9| 13| 16| 21,NaN,,0.397902803150289| 0.361119550664533| 0.394469548327702| 0.38561171331842| NaN| 0.338372391245099| 0.346759426061075| 0.371494277404693| 0.306705400637494| 0.234077889522464| 0.275065969653332| 0.208760901612693,0.44627,0.158339830529587,0.0497690482439356,0.00484276664181776,0.147657233358182,0.0320479279444489,0.0397668371438061,0.112733162856194,0.0163738282442072,0.382633108989573,0.860964358336943
STAT1_MOUSE,FNQAQEGNIQNTVMLDK,2,0.907446179308116,0.938203947226023,4,0.71796,0.111175725595461,2929527,975.4729,0.019072891887918,1,1,0,1| 2,NaN,,0.364263978249122| 0.218989782762307| 0.139913563819711| NaN| NaN| NaN| NaN| NaN| NaN| NaN| 0.066736356646324| NaN,0.31925,0.0674713858089474,0.0158342632869854,0.010338445746379,1.42558155425362,0.222351451190921,0.130494498520625,1.30542550147937,0.184595573712165,0.965349038972162,0.99965142565243

