proteinName,peptideSeq,charge,old_Rsquared,new_Rsquared,NDP,rateconstant,sigma,Abundance,MassToCharge,RMSE,selected_A1A0_count, selected_A2A0_count, selected_A2A1_count,improved_timePoints,new_k,I0_percentatediffI0_percentatediff,selected_io_t,i0,I0_asymptote,new_rmse,lowerci_old,upperci_old,sigma_old,lowerci_new,upperci_new,sigma_new,old_pearson,new_pearson
COQ7_MOUSE,FNELMIAFR,2,-0.0583323518489456,0.225498823999583,7,0.00654,0.00593131081603311,3343724.14285714,570.79712,0.059291130748398,3,2,0,0| 1| 2| 13| 21,NaN,0.0470839106513887|,0.559488634729956| 0.574635151013312| 0.533877058510165| NaN| NaN| NaN| NaN| 0.500347105378663| NaN| 0.444278291426443| 0.431792580172396| 0.397761341620814,0.48061,0.226211463067189,0.0425027622162301,0,0.0285147734604329,0.00898061507664492,0,0.022746323533387,0.00662317423763118,0.986330442813368,0.986586755021032

