proteinName,peptideSeq,charge,old_Rsquared,new_Rsquared,NDP,rateconstant,sigma,Abundance,MassToCharge,RMSE,selected_A1A0_count, selected_A2A0_count, selected_A2A1_count,improved_timePoints,new_k,I0_percentatediffI0_percentatediff,selected_io_t,i0,I0_asymptote,new_rmse,lowerci_old,upperci_old,sigma_old,lowerci_new,upperci_new,sigma_new,old_pearson,new_pearson
H3C_MOUSE,EIAQDFK,2,0.66416271847059,0.925513523754204,9,0.00803,0.00119580927186754,133070042.857143,425.71887,0.0136089980398204,3,1,0,2| 3| 9| 31,NaN,-0.0547760074031307|-0.0552989025034091|0.0376613491527722|-0.0671092261132388|,0.61886030556146| 0.613522523625537| 0.622246121089064| 0.616354146987966| NaN| NaN| 0.587896192233663| 0.585369960615007| 0.586898853923378| 0.568086872761587| NaN| 0.559323911840706,0.61886030556146,0.305329889341773,0.00517549808916911,0.00471744108728453,0.0113425589127155,0.001436493049719,0.00677023478636306,0.00928976521363694,0.000546297898799868,0.857212980311421,0.965984909681097
H3C_MOUSE,FQSAAIGALQEASEAYLVGLFEDTNLcAIHAK,3,0.127289458403704,0.0966578683576522,9,0.00028,0.000473679227888782,26400005,1146.573,0.00277769574617631,1,3,1,2| 3| 9| 13| 31,NaN,0.0188331900136413|0.0259918482005066|-0.00283586368705072|0.0144447864758328|-0.0403878443679306|,0.139352151614674| 0.137313428917831| 0.139190773937144| 0.140197140238597| NaN| NaN| 0.137810604354778| 0.140196704447969| 0.140545981799571| 0.136913384335625| NaN| 0.13720179828389,0.139352151614674,0.0046920410665815,0.00112075026679012,0,0.00160244296908767,0.000573478142970425,0,0.000784316297778437,0.000218697048326569,0.641139327729657,0.353992065592408

