proteinName,peptideSeq,charge,old_Rsquared,new_Rsquared,NDP,rateconstant,sigma,Abundance,MassToCharge,RMSE,selected_A1A0_count, selected_A2A0_count, selected_A2A1_count,improved_timePoints,new_k,I0_percentatediffI0_percentatediff,selected_io_t,i0,I0_asymptote,new_rmse,lowerci_old,upperci_old,sigma_old,lowerci_new,upperci_new,sigma_new,old_pearson,new_pearson
HIBCH_MOUSE,LGYFLALTGYR,2,-0.701071608387408,0.856236198474857,7,0.0622,0.0312528795509879,1632425,637.35059,0.0655876918515665,0,2,2,0| 1| 7| 16,NaN,0.0564770139606714|,0.495831617122452| 0.460107854076865| 0.421357818634194| 0.441142661310148| NaN| 0.371704962647164| 0.327603527708181| NaN| 0.283056745194515| NaN| NaN| NaN,0.495831617122452,0.256428207481249,0.02037827134346,0,0.18963724623443,0.0520808488387706,0.0285977503965012,0.0958022496034988,0.01373251332678,-0.0559835044776059,0.982608805857039

