protien,peptide,charge,rsquared,rateconstant,mo,io_e,io_a1a0,io_a2a0,io_a2a1
SYDC_MOUSE,NNAYLAQSPQLYK,2,-8.21139438606702,0.00072,0.4107,0.474019854721677,0.594876874010581,0.326146291935355,0.103086160063398

