protien,peptide,charge,rsquared,rateconstant,mo,io_e,io_a1a0,io_a2a0,io_a2a1
LDHB_MOUSE,IVVVTAGVR,2,0.882084336969699,0.02554,0.58335,0.611787596311599,0.606930052048777,0.613444393789564,0.622300475635417
LDHB_MOUSE,SADTLWDIQK,2,-3.84320064936278,0.04514,0.50529,0.379884206064798,0.371040547382845,0.372941400700709,0.375381797936456
LDHB_MOUSE,LIASVADDEAAVPNNK,2,0.966362625685354,0.03045,0.39919,0.402434737318468,0.368181136686358,0.409089000120713,0.463885700042734
LDHB_MOUSE,SLADELALVDVLEDK,2,0.369287736448935,0.03728,0.39348,0.41089116620181,0.412357719120268,0.403518699213774,0.392379570916614
LDHB_MOUSE,GEMMDLQHGSLFLQTPK,3,0.968282808067869,0.04109,0.30109,0.3022362159949,0.302247721045618,0.2992285424275,0.293710747805531
LDHB_MOUSE,ITVVGVGQVGMAcAISILGK,3,0.83216319651204,0.02665,0.30176,0.315498842214381,0.301435054174035,0.297920729932635,0.29225040884989
LDHB_MOUSE,GYTNWAIGLSVADLIESMLK,2,0.937456477383945,0.03427,0.26364,0.273270942124475,0.29300375853193,0.266103302761341,0.23210814090524

