protien,peptide,charge,rsquared,rateconstant,mo,io_e,io_a1a0,io_a2a0,io_a2a1
APOA4_MOUSE,ALVQQLEQFR,2,0.0816049020164921,0.21681,0.48496,0.541585309850521,0.58783466815139,0.45553766297536,0.289661057293005

