protien,peptide,charge,rsquared,rateconstant,mo,io_e,io_a1a0,io_a2a0,io_a2a1
CATA_MOUSE,FNSANEDNVTQVR,2,0.719214325763075,0.11126,0.43816,0.405064632741558,0.448547949030667,0.384772333235189,0.306051912609952

