protien,peptide,charge,rsquared,rateconstant,mo,io_e,io_a1a0,io_a2a0,io_a2a1
KLH40_MOUSE,NHVSLVTK,2,0.816037156525978,0.03113,0.59582,0.659380290148674,0.670436650128661,0.611554997480235,0.520985408113421
KLH40_MOUSE,ALPTVFESVR,2,0.167434900808962,0.05387,0.51445,0.562405898155219,0.586966835905793,0.526623995117719,0.445188001093318
KLH40_MOUSE,VLPGILNDTLR,2,0.707243681769853,0.03759,0.49181,0.555615665090398,0.525163882265394,0.555911943220905,0.570989350648783
KLH40_MOUSE,WTSFEAFPQER,2,-0.275873408113711,0.07365,0.43089,0.448866473925497,0.477779333654025,0.438495451517482,0.390780870685741
KLH40_MOUSE,IFVAAGVTDTGLTSSSEVYSIADNK,3,0.684027271785361,0.03311,0.23234,0.317991693358109,0.284618564881889,0.291321302179421,0.299964229989969

