protien,peptide,charge,rsquared,rateconstant,mo,io_e,io_a1a0,io_a2a0,io_a2a1
MLRV_MOUSE,DTFAALGR,2,0.336553577349576,0.06559,0.61234,0.584772008791531,0.580145183168733,0.584532875571639,0.590187069421723
MLRV_MOUSE,EMLTTQAER,2,0.660960662310916,0.01549,0.53264,0.564777838824678,0.551876926838651,0.576806537371531,0.636267447599572
MLRV_MOUSE,NEEIDEMIK,2,0.882846009882249,0.02589,0.51631,0.5413614396703,0.525795008689678,0.55279938007701,0.623777009952386
MLRV_MOUSE,DGFIDKNDLR,3,0.371520810160018,0.03338,0.50722,0.483385758673268,0.475023087353088,0.477619853331819,0.481954622977561
MLRV_MOUSE,EAFTIMDQNR,2,0.487532158661929,0.0285,0.48207,0.488510702882168,0.496360369763446,0.478036142869303,0.44128450130174
MLRV_MOUSE,GADPEETILNAFK,2,0.944729594644615,0.02088,0.44337,0.460541308178566,0.459137817364658,0.462190831407208,0.465804233193507
MLRV_MOUSE,SMFEQTQIQEFK,2,0.880130257669081,0.02076,0.39682,0.426415096588348,0.418906897973471,0.424495880706863,0.436294500379956
MLRV_MOUSE,EAPGPINFTVFLTMFGEK,3,0.685788953675397,0.0158,0.28518,0.308690359998483,0.302280313418782,0.313617429051664,0.330680177584759
MLRV_MOUSE,EEIDQMFAAFPPDVTGNLDYK,3,-0.257269784330886,0.02557,0.23441,0.23324275145071,0.239488845253565,0.236245650053206,0.233497393978384
MLRV_MOUSE,IEGGSSNVFSMFEQTQIQEFK,3,0.886127822159899,0.02006,0.23784,0.253141807422442,0.26508481932793,0.245965178561151,0.221434377019412
MLRV_MOUSE,IEGGSSNVFSMFEQTQIQEFK,2,-0.48452670329866,0.01391,0.23784,0.248312465620644,0.233119839356203,0.236842962114101,0.241869284946981
MLRV_MOUSE,RIEGGSSNVFSMFEQTQIQEFK,3,0.145025702657635,0.02006,0.21845,0.208681406017883,0.195373581774148,0.20107332153807,0.208622618713976
MLRV_MOUSE,FSKEEIDQMFAAFPPDVTGNLDYK,3,0.738463917223613,0.02129,0.18699,0.188925601598813,0.175173853693481,0.190233902056767,0.209082188317387

