protien,peptide,charge,rsquared,rateconstant,mo,io_e,io_a1a0,io_a2a0,io_a2a1
NU4M_MOUSE,ISIILDPLTK,2,0.260084112445117,0.00505,0.51171,0.525333925208069,0.490079954488859,0.525385965040709,0.571160554467341

