protien,peptide,charge,rsquared,rateconstant,mo,io_e,io_a1a0,io_a2a0,io_a2a1
ACADM_MOUSE,IAMGAFDR,2,0.887236327987713,0.02043,0.57672,0.602201382746539,0.583784640143169,0.617223868175969,0.663743867000961
ACADM_MOUSE,ENVLIGEGAGFK,2,0.855815170252069,0.02539,0.48636,0.528697875124246,0.538266335068321,0.512701618849,0.476819059229206
ACADM_MOUSE,EEIIPVAPEYDK,2,0.97206268827584,0.0706,0.43666,0.437531364344849,0.454896038086399,0.402790702257803,0.338004105293077
ACADM_MOUSE,TRPTVAAGAVGLAQR,3,0.965857474595479,0.03561,0.43434,0.462679052472429,0.449909789832145,0.46743579158247,0.489137809136636
ACADM_MOUSE,cVTEPSAGSDVAAIK,2,0.888945743532074,0.0361,0.42796,0.430729754247291,0.416076466826319,0.447557656605102,0.52157231746811
ACADM_MOUSE,IYQIYEGTAQIQR,3,0.746428655473029,0.0379,0.39438,0.456889526894368,0.45875961060151,0.401301254060648,0.331213620866096
ACADM_MOUSE,IYQIYEGTAQIQR,2,0.930526164341125,0.04918,0.39438,0.427114046320357,0.410363400987171,0.427696595850066,0.450532273144566
ACADM_MOUSE,SLGQMPVILAGNDQQK,2,0.921629942431113,0.03793,0.36557,0.399264080786468,0.396393421739482,0.372879355631708,0.336581930990839
ACADM_MOUSE,QEPGLGFSFELTEQQK,2,0.339341360522921,0.01348,0.34203,0.459480794045159,0.47637248235508,0.405859170347566,0.317764231216667
ACADM_MOUSE,AFTGFIVEADTPGIHIGK,3,0.634686490646551,0.01878,0.32418,0.37031497505947,0.361243570897093,0.367621766005505,0.374269730468561
ACADM_MOUSE,LLVEHQGVSFLLAEMAMK,3,0.961355893574933,0.04058,0.27855,0.291339381337807,0.282797224054025,0.28332537567019,0.28525769221394

