protien,peptide,charge,rsquared,rateconstant,mo,io_e,io_a1a0,io_a2a0,io_a2a1
S10A6_MOUSE,LQDAEIAR,2,-95.5749094904615,5.79868,0.59981,0.0489721464082275,0.662766031625737,0.194473547216976,0.194473547216976

