protien,peptide,charge,rsquared,rateconstant,mo,io_e,io_a1a0,io_a2a0,io_a2a1
TCTP_MOUSE,MTGAAEQIK,2,0.791223296644452,0.05133,0.56556,0.551553686498708,0.5123590167646,0.56556,0.647667286124538
TCTP_MOUSE,EIADGLcLEVEGK,2,0.923573327455939,0.05819,0.44215,0.471015732501647,0.466506577027663,0.471810855600163,0.481699874123477
TCTP_MOUSE,DLISHDELFSDIYK,3,0.980139846597087,0.07418,0.36786,0.377544615483871,0.369409927309761,0.381030633639031,0.394650657248338
TCTP_MOUSE,IGENMNPDGMVALLDYR,2,0.492200330946626,0.02695,0.31075,0.350344074223438,0.319267060899961,0.333691843019162,0.360486971528599

