protien,peptide,charge,rsquared,rateconstant,mo,io_e,io_a1a0,io_a2a0,io_a2a1
COF2_MOUSE,AVLFcLSDDK,2,0.486724026445912,0.02523,0.50276,0.492037522417112,0.486562581826119,0.433682449697323,0.34966944940873
COF2_MOUSE,IFWAPESAPLK,2,0.544101252128444,0.0192,0.45456,0.506898711755812,0.525642761290593,0.481287388683122,0.427363053669899
COF2_MOUSE,AVLFcLSDDKR,3,0.816319124317299,0.02245,0.46145,0.485181891695182,0.478470767236861,0.463114306728566,0.434006653221959
COF2_MOUSE,LGGSVVVSLEGKPL,2,0.756617822387042,0.01864,0.45084,0.487492012300187,0.477026640953779,0.462340356399486,0.44425782046733
COF2_MOUSE,HEWQVNGLDDIKDR,3,-0.326802268664341,2E-05,0.37308,0.399621609970962,0.403965652838085,0.384898253539878,0.360670793573681
COF2_MOUSE,EDLVFIFWAPESAPLK,2,0.927353241444008,0.02798,0.31429,0.331139301776363,0.30814580421366,0.339856263884428,0.377085256812263
COF2_MOUSE,KEDLVFIFWAPESAPLK,3,0.951575836658688,0.02298,0.29061,0.305720907246125,0.306431190919351,0.303068642413005,0.300356216913279
COF2_MOUSE,QILVGDIGDTVEDPYTSFVK,2,0.934145712950528,0.02585,0.27578,0.287891056788371,0.284458086196162,0.292466734633922,0.303280084802117

