protien,peptide,charge,rsquared,rateconstant,mo,io_e,io_a1a0,io_a2a0,io_a2a1
PGS2_MOUSE,DLHTLILVNNK,3,0.945578803824361,0.06078,0.47256,0.487344155930314,0.487258707231075,0.478836652807212,0.468605129424978
PGS2_MOUSE,DLHTLILVNNK,2,0.72572411737022,0.01248,0.47256,0.499500146509462,0.504991040265361,0.485189641866755,0.459126426347306
PGS2_MOUSE,NSGIENGAFQGLK,2,0.964660680907002,0.05572,0.46799,0.46742648122292,0.442699262284784,0.470430022575201,0.508531423338666
PGS2_MOUSE,YIQVVYLHNNNISAVGQNDFcR,3,0.777173826119406,0.04846,0.21523,0.257731026096891,0.252773984681234,0.236325390285996,0.216071125068912

