protien,peptide,charge,rsquared,rateconstant,mo,io_e,io_a1a0,io_a2a0,io_a2a1
HS90B_MOUSE,APFDLFENK,2,0.963445169693714,0.15264,0.51905,0.549650279987067,0.525309845648383,0.559495624915998,0.605755398920473
HS90B_MOUSE,LGIHEDSTNR,3,0.671488271248533,0.05587,0.53472,0.551273302144717,0.546043837952668,0.552096389213897,0.560984455276026
HS90B_MOUSE,IDIIPNPQER,2,0.733620916803461,0.21371,0.50232,0.429186076833031,0.482874318011692,0.377865577664896,0.259522979494983
HS90B_MOUSE,ADLINNLGTIAK,2,0.937142315297799,0.08718,0.48948,0.526312946302881,0.52142672650085,0.519133794345209,0.515214048109956
HS90B_MOUSE,EQVANSAFVER,2,0.94448894940059,0.10045,0.49282,0.537762162671324,0.533621815544725,0.514717480711732,0.488549762859944
HS90B_MOUSE,ELISNASDALDK,2,0.982344429145362,0.10839,0.49245,0.516769674966796,0.523097640197951,0.488769319451622,0.438828915501509
HS90B_MOUSE,HLEINPDHPIVETLR,3,0.967829578222297,0.09843,0.35295,0.388487260856654,0.401974594775097,0.345611660788697,0.281587462071898
HS90B_MOUSE,cIVTSTYGWTANMER,2,0.328992653454059,0.04413,0.3416,0.388873122610941,0.359584902299516,0.340815061531442,0.308647958231674
HS90B_MOUSE,NPDDITQEEYGEFYK,2,0.959674936280022,0.13998,0.34263,0.342711814780639,0.339009698279525,0.325185557553693,0.307703105882465
HS90B_MOUSE,YHTSQSGDEMTSLSEYVSR,3,0.96623763812622,0.12431,0.28605,0.323959638645481,0.34328154388821,0.306284916866428,0.25518211516727
HS90B_MOUSE,VFIMDScDELIPEYLNFIR,2,0.738067277031373,0.08747,0.23143,0.177179533415053,0.16902060173386,0.170662725297202,0.172221445469498
HS90B_MOUSE,DLVVLLFETALLSSGFSLEDPQTHSNR,3,0.900251505247043,0.09328,0.17559,0.177631336983324,0.158322366521576,0.177283876017508,0.199856022328869

