proteinName,peptideSeq,charge,old_Rsquared,new_Rsquared,NDP,rateconstant,sigma,Abundance,MassToCharge,RMSE,selected_A1A0_count, selected_A2A0_count, selected_A2A1_count,improved_timePoints,new_k,I0_percentatediffI0_percentatediff,selected_io_t,i0,I0_asymptote,new_rmse,lowerci_old,upperci_old,sigma_old,lowerci_new,upperci_new,sigma_new,old_pearson,new_pearson
K2C75_MOUSE,YEELQVTAGR,2,NaN,NaN,1,0.03067,0.000311816869078794,591945,583.29602,0.000725259783781918,NaN,NaN,NaN,NaNNaN,NaN,NaN,NaN,NaN,NaNNaN,NaN,NaN,NaN,NaN,NaN,NaN,NaN
K2C75_MOUSE,LALDVEIATYR,2,-517.975598472993,-0.250253857392523,2,0.00012,0.00254107864431923,51255840,632.35077,0.0135022493106077,0,1,1,9| 16,NaN,,NaN| NaN| NaN| NaN| NaN| NaN| 0.485776258049598| NaN| 0.471422144090321| NaN| NaN| NaN,NaN,NaN,0.00327619596083618,0,0.112384683807732,0.00883542223186955,0,0.0277807664119836,0.00217694952871865,1,1
K2C75_MOUSE,SLDLDSIIAEVK,2,-0.348711992275166,-0.209154926938194,2,0.00047,0.00143326080565249,66564655,651.86121,0.00776730521277003,0,0,1,16,NaN,,NaN| NaN| NaN| NaN| NaN| NaN| 0.463866202464717| NaN| 0.487300517304456| NaN| NaN| NaN,NaN,NaN,0.0052600226520302,0,0.0630042518515632,0.00492155235576032,0,0.0423354098391115,0.0032948792112782,-1,-1

