proteinName,peptideSeq,charge,old_Rsquared,new_Rsquared,NDP,rateconstant,sigma,Abundance,MassToCharge,RMSE,selected_A1A0_count, selected_A2A0_count, selected_A2A1_count,improved_timePoints,new_k,I0_percentatediffI0_percentatediff,selected_io_t,i0,I0_asymptote,new_rmse,lowerci_old,upperci_old,sigma_old,lowerci_new,upperci_new,sigma_new,old_pearson,new_pearson
LMNB1_MOUSE,LALDMEISAYR,2,0.467432986409504,0.779139588397054,12,0.01437,0.00479788149577168,11820864.5454545,641.32898,0.0532418571857159,3,7,1,0| 1| 3| 6| 7| 9| 13| 16| 21| 24| 31,0.0149062857888232,-0.00207253509892753|,0.454752780953058| 0.473454230641314| 0.440057880641837| 0.422340968626796| 0.424378108180463| 0.466057554783863| 0.44238174709838| 0.438303391130451| 0.38447515537026| 0.376270668692535| 0.361708081530242| 0.308669624014322,0.454752780953058,0.153926345795405,0.0219722033946817,0.00334037081972444,0.0253996291802756,0.00501122378602291,0.00981821934231946,0.0189217806576805,0.00206806512963456,0.823749879289942,0.898717126088681

