proteinName,peptideSeq,charge,old_Rsquared,new_Rsquared,NDP,rateconstant,sigma,Abundance,MassToCharge,RMSE,selected_A1A0_count, selected_A2A0_count, selected_A2A1_count,improved_timePoints,new_k,I0_percentatediffI0_percentatediff,selected_io_t,i0,I0_asymptote,new_rmse,lowerci_old,upperci_old,sigma_old,lowerci_new,upperci_new,sigma_new,old_pearson,new_pearson
LPPRC_MOUSE,DESSDNFGSFFLR,2,0.526758210893603,0.823735283279858,10,0.0309,0.00839369624842578,2123533.2,760.83624,0.0527051011696831,2,2,3,1| 2| 3| 6| 7| 9| 16,NaN,,0.431721205071439| 0.413815622554726| 0.467824348581249| 0.440571854755659| 0.386653407269747| 0.36404229901737| 0.343841404849971| NaN| 0.346871220507142| 0.250383932467861| 0.292941316509939| NaN,0.431721205071439,0.139407484025044,0.024810751992828,0.00967632142231788,0.0521236785776821,0.00938205308154421,0.0209090235313074,0.0408909764686926,0.00441657044619502,0.775452210850063,0.918981252032963

