proteinName,peptideSeq,charge,old_Rsquared,new_Rsquared,NDP,rateconstant,sigma,Abundance,MassToCharge,RMSE,selected_A1A0_count, selected_A2A0_count, selected_A2A1_count,improved_timePoints,new_k,I0_percentatediffI0_percentatediff,selected_io_t,i0,I0_asymptote,new_rmse,lowerci_old,upperci_old,sigma_old,lowerci_new,upperci_new,sigma_new,old_pearson,new_pearson
PDLI1_MOUSE,GcADNMTLTVSR,2,0.542648643881072,0.86874152247296,6,0.20439,0.107690512155649,10561944.6666667,662.80286,0.0918352147220907,1,1,2,2| 6| 13| 24,NaN,,0.483158912067368| NaN| 0.415938567499911| 0.439538964332697| 0.290362167705941| NaN| NaN| 0.229588012281031| NaN| NaN| 0.167134852683281| NaN,0.483158912067368,0.188361548420402,0.0297053815127059,0,0.630796584419246,0.165879404675076,0.0801023570147137,0.328677642985286,0.048350004385948,0.778700732802732,0.955256792849988
PDLI1_MOUSE,GHFFVEDQIYcEK,3,0.678720896693281,0.842317150881179,6,0.03996,0.0108943666818589,9655963,557.92059,0.0372289133851978,3,1,0,2| 6| 13| 24,NaN,,0.388086769963474| NaN| 0.36447422055803| 0.371382812139914| 0.277012314714977| NaN| NaN| 0.286301917974247| NaN| NaN| 0.224085769773667| NaN,0.388086769963474,0.131360996246851,0.0167786519567515,0,0.0982234879990044,0.0226654865490207,0.021520623310756,0.058399376689244,0.0071732307603954,0.882917201932877,0.929056792710858
PDLI1_MOUSE,HPEcYVcTDcGINLK,3,0.418777105012666,0.379917012527516,6,0.02191,0.0106260802602081,3595322.75,622.60413,0.0433787698439582,2,1,1,2| 6| 13| 24,NaN,,0.336629404695547| NaN| 0.409862728490065| 0.322371596818908| 0.281794552558138| NaN| NaN| 0.301063239060001| NaN| NaN| 0.263274314921578| NaN,0.336629404695547,0.113943523431508,0.0263035380451554,0,0.0750514507959528,0.02067292706938,0,0.0597467751048678,0.0147191482461942,0.745791310805443,0.698541569872063

