proteinName,peptideSeq,charge,old_Rsquared,new_Rsquared,NDP,rateconstant,sigma,Abundance,MassToCharge,RMSE,selected_A1A0_count, selected_A2A0_count, selected_A2A1_count,improved_timePoints,new_k,I0_percentatediffI0_percentatediff,selected_io_t,i0,I0_asymptote,new_rmse,lowerci_old,upperci_old,sigma_old,lowerci_new,upperci_new,sigma_new,old_pearson,new_pearson
PYC_MOUSE,QVFFELNGQLR,2,0.384314475102296,0.518815850460476,5,0.05844,0.0170204185158248,696227,675.86188,0.0358126798766953,1,2,1,1| 2| 3| 9,NaN,0.00319937870474877|,NaN| 0.408479850708658| 0.394311643675105| 0.460782966516409| 0.318121634227773| NaN| 0.333462434005173| NaN| NaN| NaN| NaN| NaN,NaN,NaN,0.0232583873656102,0,0.183158627052779,0.0449202567781931,0.00528272225784476,0.111597277742155,0.0191458054200424,0.632664580230782,0.726744438582464
PYC_MOUSE,NHQGLLLMDTTFR,3,-0.0308591044708766,-0.265128558679046,6,0.00035,0.0130636988001451,1412568.25,515.93292,0.0346160355710992,1,2,0,0| 2| 6,NaN,,0.396684976917292| 0.385973244968908| 0.475625281649165| 0.416799314415715| 0.383674854278237| NaN| 0.393627113605203| NaN| NaN| NaN| NaN| NaN,0.396684976917292,0.16210742142896,0.0252739830271203,0,0.0523509802733395,0.020229264662998,0,0.0383011680442761,0.0147636490428081,-0.0554044838303835,0.25575153035988

