proteinName,peptideSeq,charge,old_Rsquared,new_Rsquared,NDP,rateconstant,sigma,Abundance,MassToCharge,RMSE,selected_A1A0_count, selected_A2A0_count, selected_A2A1_count,improved_timePoints,new_k,I0_percentatediffI0_percentatediff,selected_io_t,i0,I0_asymptote,new_rmse,lowerci_old,upperci_old,sigma_old,lowerci_new,upperci_new,sigma_new,old_pearson,new_pearson
PZP_MOUSE,TVQGAFFGVPVYK,2,0.589460075452489,0.936045792854817,5,0.19823,0.0342087129486382,6748012,706.88226,0.0211689346571686,2,1,1,1| 2| 3| 9,NaN,-0.000320428989826822|,0.39509258173143| 0.321932598452827| 0.310810326192117| 0.297165178653353| NaN| NaN| 0.195934148437063| NaN| NaN| NaN| NaN| NaN,0.39509258173143,0.169243074776529,0.0104245852009145,0.0140947987648979,0.382365201235102,0.066320490506079,0.107553113097104,0.288906886902896,0.0326593480042201,0.858465494597614,0.980578886140672

