proteinName,peptideSeq,charge,old_Rsquared,new_Rsquared,NDP,rateconstant,sigma,Abundance,MassToCharge,RMSE,selected_A1A0_count, selected_A2A0_count, selected_A2A1_count,improved_timePoints,new_k,I0_percentatediffI0_percentatediff,selected_io_t,i0,I0_asymptote,new_rmse,lowerci_old,upperci_old,sigma_old,lowerci_new,upperci_new,sigma_new,old_pearson,new_pearson
RL22_MOUSE,AGNLGGGVVTIER,2,0.580350869406614,0.891372314546332,12,0.03567,0.00602699978009249,7635949,621.84369,0.0494579526101267,6,1,1,1| 2| 6| 7| 13| 21| 24| 31,0.0346559580059439,0.0521904345201991|0.0276961079431741|-0.0110633915911021|0.0278805095278613|,0.51037525384985| 0.49918644063776| 0.476762349719356| 0.471461464229632| 0.444610791069121| 0.425191849735716| 0.420088115899973| 0.356927974545407| 0.353209915732843| 0.331509737537849| 0.288801815480843| 0.349272810898954,0.51037525384985,0.164805733913574,0.0229864507492305,0.0221589225787825,0.0491810774212175,0.00613864994383343,0.0293904898439677,0.0419495101560323,0.00285304520615764,0.800039292578982,0.951242323677251

