proteinName,peptideSeq,charge,old_Rsquared,new_Rsquared,NDP,rateconstant,sigma,Abundance,MassToCharge,RMSE,selected_A1A0_count, selected_A2A0_count, selected_A2A1_count,improved_timePoints,new_k,I0_percentatediffI0_percentatediff,selected_io_t,i0,I0_asymptote,new_rmse,lowerci_old,upperci_old,sigma_old,lowerci_new,upperci_new,sigma_new,old_pearson,new_pearson
UBP5_MOUSE,IVILPDYLEIAR,2,0.663428655870098,0.810730724681815,9,0.02951,0.00698132028348535,5023353.25,707.91882,0.0333160052830912,4,3,2,0| 1| 2| 3| 6| 7| 9| 13| 21,NaN,-0.0266446668573411|-0.0332376118373038|,0.417148252232543| 0.426421121474182| 0.467386786587147| 0.40414716091781| 0.361420970201282| 0.377826012216371| 0.361546617636842| 0.337945562199743| NaN| 0.274276450120505| NaN| NaN,0.417148252232543,0.155145005228221,0.0200090318016732,0.00979288933679927,0.0492271106632007,0.00855033621274076,0.0176682353302926,0.0413517646697074,0.00513518795972091,0.972954156927082,0.930176297087086
UBP5_MOUSE,ENLWLNLTDGSILcGR,2,-0.139852366774205,0.311803562357876,9,0.0391,0.0172535304395538,3291028.85714286,930.96729,0.0674551893339366,2,1,3,2| 3| 6| 9| 13| 21,NaN,-0.0213173779966778|,0.358138834001055| 0.333934116033968| 0.286891083124985| 0.239757798621403| 0.316745839828146| 0.294377929293888| 0.285721776315577| 0.248693974370546| NaN| 0.217637807117549| NaN| NaN,0.358138834001055,0.110326346563371,0.0309608964571978,0,0.0875928481022205,0.0210289510603195,0.0175869246810994,0.0606130753189006,0.00932915730345425,0.174269275618412,0.742821987271735

