proteinName,peptideSeq,charge,old_Rsquared,new_Rsquared,NDP,rateconstant,sigma,Abundance,MassToCharge,RMSE,selected_A1A0_count, selected_A2A0_count, selected_A2A1_count,improved_timePoints,new_k,I0_percentatediffI0_percentatediff,selected_io_t,i0,I0_asymptote,new_rmse,lowerci_old,upperci_old,sigma_old,lowerci_new,upperci_new,sigma_new,old_pearson,new_pearson
CLYBL_MOUSE,DTQDILYAR,2,-1.50922652166059,-0.430909178278558,8,0.43171,0.15856003739064,5769783.875,547.77747,0.0664367761397645,2,1,0,3| 13| 24,NaN,-0.0167350088487031|,0.370261103664242| 0.361051599877183| 0.391111074221571| 0.323247767628839| 0.279073633795885| NaN| NaN| 0.301445927634232| NaN| NaN| 0.231307089998307| 0.233814814851735,0.53601,0.240679893554698,0.0556830936961626,0,0.923441981070777,0.207953538860349,0.0202645272292609,0.843155472770739,0.174000360774642,0.607612725011999,0.80000356546347
CLYBL_MOUSE,QAQNIVTLATSIK,2,0.710978771660479,0.748937731749623,12,0.01775,0.00308475414952185,6736345.41666667,693.90118,0.035008884944907,2,0,4,1| 6| 9| 13| 24| 31,0.0222765794606944,-0.00854014481789869|-0.0428113962448519|-0.0181264875313242|,0.491031109252457| 0.473037100351485| 0.497192452215668| 0.465991482458545| 0.454742048236966| 0.452508471582106| 0.435228408113288| 0.453526252019362| 0.334921007119639| 0.379598066811306| 0.313346554603379| 0.354704572737347,0.491031109252457,0.158559298720535,0.0302371698815916,0.0110391431697172,0.0244608568302828,0.00304902411702542,0.0119538337311334,0.0235461662688666,0.00263344177755594,0.946979191795298,0.895211361288781
CLYBL_MOUSE,IQWAEELIAAFK,2,0.9198513932009,0.991069983414395,5,0.02445,0.00206089869176529,7208089.8,709.88751,0.00804464824844359,1,2,0,1| 2| 7,NaN,0.0104565029762383|-0.0301914208295561|,0.4336631157848| 0.42425472190145| 0.423831884571088| NaN| NaN| 0.388568349992635| NaN| NaN| 0.327827718651974| NaN| NaN| NaN,0.4336631157848,0.121582349901418,0.00238258867759691,0.0147275215571228,0.0341724784428772,0.00350177225724005,0.0215704872679597,0.0273295127320403,0.00103712215549478,0.970001318154141,0.99650979509221

