proteinName,peptideSeq,charge,old_Rsquared,new_Rsquared,NDP,rateconstant,sigma,Abundance,MassToCharge,RMSE,selected_A1A0_count, selected_A2A0_count, selected_A2A1_count,improved_timePoints,new_k,I0_percentatediffI0_percentatediff,selected_io_t,i0,I0_asymptote,new_rmse,lowerci_old,upperci_old,sigma_old,lowerci_new,upperci_new,sigma_new,old_pearson,new_pearson
CPNS1_MOUSE,SHYSNIEANESEEVR,3,-0.0220607040798566,0.749666989989686,4,0.04636,0.0189607817561449,1076086.5,588.59918,0.0666195089715758,2,1,1,0| 1| 16| 21,NaN,,0.483725474309852| 0.33507396359358| NaN| NaN| NaN| NaN| NaN| NaN| 0.206626705528316| 0.210762258547423| NaN| NaN,0.37853,0.0603058865407103,0.0327261891765535,0,0.164065847367261,0.0369859649108246,0,0.116808443576011,0.0221365694262804,0.601292353769464,0.90244038403833
CPNS1_MOUSE,YADESGNMDFDNFIScLVR,2,-5.24106113953294,-34.6524278445031,2,0.01004,0.00638747464349082,1116311,1126.98303,0.00913799120910924,0,0,1,7,NaN,,NaN| NaN| 0.262303914893718| NaN| NaN| 0.266611213592481| NaN| NaN| NaN| NaN| NaN| NaN,NaN,NaN,0.0052498140861215,0,0.383860626911861,0.0294203213844619,0,0.302972491885261,0.0230542870959543,-1,-1

