proteinName,peptideSeq,charge,old_Rsquared,new_Rsquared,NDP,rateconstant,sigma,Abundance,MassToCharge,RMSE,selected_A1A0_count, selected_A2A0_count, selected_A2A1_count,improved_timePoints,new_k,I0_percentatediffI0_percentatediff,selected_io_t,i0,I0_asymptote,new_rmse,lowerci_old,upperci_old,sigma_old,lowerci_new,upperci_new,sigma_new,old_pearson,new_pearson
DCTN2_MOUSE,VSALDLAVLDQVEAR,2,-0.284434257537196,-6.15761255255329,4,0.03424,0.0208804018092309,1309098,799.94104,0.052173921056865,0,2,1,1| 3| 6,NaN,,NaN| 0.36636305968891| NaN| 0.346457430992284| 0.376462098589578| 0.366782932602577| NaN| NaN| NaN| NaN| NaN| NaN,NaN,NaN,0.0168564914728911,0,0.131853135176386,0.0306723588778441,0,0.0985409201045979,0.0202048719576516,-0.0491461249049551,-0.406874810886864
DCTN2_MOUSE,WSPVASTLPELVQR,2,0.863068786347274,0.906254845426453,2,0.05576,0.00550983647852773,332054,791.93304,0.0103225611050491,0,1,0,13,NaN,,NaN| NaN| 0.39350825451583| NaN| NaN| NaN| NaN| 0.23093294751697| NaN| NaN| NaN| NaN,NaN,NaN,0.0101606941018047,0,0.8963431286705,0.0661553269549073,0,0.895205663832754,0.0660658065307229,1,1

