proteinName,peptideSeq,charge,old_Rsquared,new_Rsquared,NDP,rateconstant,sigma,Abundance,MassToCharge,RMSE,selected_A1A0_count, selected_A2A0_count, selected_A2A1_count,improved_timePoints,new_k,I0_percentatediffI0_percentatediff,selected_io_t,i0,I0_asymptote,new_rmse,lowerci_old,upperci_old,sigma_old,lowerci_new,upperci_new,sigma_new,old_pearson,new_pearson
DHDH_MOUSE,AEFGFDLSHIPR,3,0.432519156395778,0.686751837001009,12,0.01239,0.00443140137791203,4088186.41666667,463.5701,0.0511270430203966,4,3,0,0| 2| 7| 9| 13| 16| 24,0.0117230835313492,,0.500585177995432| 0.470814816586074| 0.441652674651248| 0.45320411973796| 0.404739129305825| 0.433734082895618| 0.400649983262383| 0.421959551279626| 0.384846439594842| 0.36531853395212| 0.346845061218509| 0.332534604438615,0.43482,0.133948339186651,0.0270832594101501,0.00220285511315644,0.0225771448868436,0.00462844778679465,0.00699361735551378,0.0177863826444862,0.00245180328590657,0.780955127792359,0.940002686081261
DHDH_MOUSE,FFPAMEALR,2,-0.190893969004661,-0.275370496887515,2,0.00228,0.00325225638188422,10859367,541.27856,0.0321519459018436,0,2,0,16| 31,NaN,,NaN| NaN| NaN| NaN| NaN| NaN| NaN| NaN| 0.44400866260181| NaN| NaN| 0.523262936821928,NaN,NaN,0.0182698615178047,0,0.145735500980457,0.0112901927806385,0,0.0840096796255257,0.00643226528481267,-1,-1

