proteinName,peptideSeq,charge,old_Rsquared,new_Rsquared,NDP,rateconstant,sigma,Abundance,MassToCharge,RMSE,selected_A1A0_count, selected_A2A0_count, selected_A2A1_count,improved_timePoints,new_k,I0_percentatediffI0_percentatediff,selected_io_t,i0,I0_asymptote,new_rmse,lowerci_old,upperci_old,sigma_old,lowerci_new,upperci_new,sigma_new,old_pearson,new_pearson
H3C_MOUSE,EIAQDFK,2,0.665089068705476,0.950745053672588,7,0.00803,0.00126947209733524,133070042.857143,425.71887,0.0128939862746141,3,0,0,2| 3| 31,NaN,-0.0547760074031307|-0.0552989025034091|-0.0671092261132388|,0.61886030556146| 0.613522523625537| 0.622246121089064| 0.616354146987966| NaN| NaN| NaN| 0.585369960615007| NaN| 0.568086872761587| NaN| 0.559323911840706,0.61886030556146,0.305329889341773,0.00412737051017185,0.00372271771889132,0.0123372822811087,0.00176029319541063,0.00665123710329715,0.00940876289670285,0.000563470603214323,0.915956110703082,0.980331978168443
H3C_MOUSE,STELLIR,2,-7.43387983314647,-4.09928687664124,3,0.00247,0.00136810972533435,335259433.333333,416.25034,0.0103234069852725,3,0,0,13| 16| 21,NaN,0.00781302424327646|0.00551589420136922|0.00488302222185436|,NaN| NaN| NaN| NaN| NaN| NaN| NaN| 0.6138577606166| 0.631030655195604| 0.629789439576668| NaN| NaN,NaN,NaN,0.00882856934115671,0,0.0170164710759172,0.00338081457872287,0,0.0148558474989592,0.00287865376941115,-0.725343364392613,-0.745724977777107
H3C_MOUSE,FQSAAIGALQEASEAYLVGLFEDTNLcAIHAK,3,-12.1175538385238,-4.14417251151755,4,0.00028,0.00136167002296344,26400005,1146.573,0.00397452549416202,0,2,1,2| 9| 13,NaN,0.0158677598735358|,NaN| NaN| 0.137211539024053| NaN| NaN| NaN| 0.13524033562004| 0.140196704447969| 0.140545981799571| NaN| NaN| NaN,NaN,NaN,0.00286803434818091,0,0.00912223256647378,0.00277843888601844,0,0.00663419827934149,0.00199663958803047,0.0611672110844896,-0.672998801635381
H3C_MOUSE,LVGLFEDTNLcAIHAK,3,-2.73372181290636,-0.0353304145447311,2,1E-05,0.00282149729733138,9375407.5,600.98193,0.0108310461458701,0,1,0,9,NaN,,NaN| NaN| NaN| NaN| NaN| NaN| 0.337665063942906| 0.35281746302311| NaN| NaN| NaN| NaN,NaN,NaN,0.00314713422156151,0,0.124253176221982,0.00977815003006478,0,0.0360665194700152,0.00283770962446935,-2,-2

