proteinName,peptideSeq,charge,old_Rsquared,new_Rsquared,NDP,rateconstant,sigma,Abundance,MassToCharge,RMSE,selected_A1A0_count, selected_A2A0_count, selected_A2A1_count,improved_timePoints,new_k,I0_percentatediffI0_percentatediff,selected_io_t,i0,I0_asymptote,new_rmse,lowerci_old,upperci_old,sigma_old,lowerci_new,upperci_new,sigma_new,old_pearson,new_pearson
HIBCH_MOUSE,QNLTQDLFR,2,-0.598573248642488,-0.215793190296787,2,3E-05,0.012706665448726,1272607,567.79871,0.0570485610829347,0,1,0,16,NaN,,NaN| NaN| NaN| 0.496117626249121| NaN| NaN| NaN| NaN| 0.530532060617368| NaN| NaN| NaN,NaN,NaN,0.00774577483857284,0,0.559291275634454,0.0440148169537182,0,0.0756946851874196,0.00595493987064786,-2,-2
HIBCH_MOUSE,LGYFLALTGYR,2,-0.201921903683267,0.0205737476977734,4,0.0622,0.0547040513413002,1632425,637.35059,0.0381965013176298,0,1,1,0| 1,NaN,,0.495831617122452| 0.460107854076865| 0.421357818634194| 0.441142661310148| NaN| NaN| NaN| NaN| NaN| NaN| NaN| NaN,0.495831617122452,0.256428207481249,0.015690930693944,0,0.583651408647712,0.163852382310011,0,0.366883948698971,0.0957389126158738,-0.324106941300132,0.839353625631954
HIBCH_MOUSE,SPSAEDVAGVLESYHAK,3,0.996663000047162,0.996663000047162,2,0.01764,0.000220732749709176,6552686.5,587.28809,0.000136607614706848,0,0,0,,NaN,,0.381300406236445| NaN| 0.36971523576049| NaN| NaN| NaN| NaN| NaN| NaN| NaN| NaN| NaN,0.381300406236445,0.060747256588439,0.000136607614706848,0.00800030463476381,0.0272796953652362,0.000758660478519886,0.00800030463476381,0.0272796953652362,0.000758660478519886,1,1
HIBCH_MOUSE,VLEEELLALK,2,-17.0071598899778,-0.195199462234379,2,0.01419,0.00880340932726645,12386295,578.84479,0.0173814897906264,1,1,0,2| 7,NaN,,NaN| NaN| 0.518027384056667| NaN| NaN| 0.485753762183899| NaN| NaN| NaN| NaN| NaN| NaN,NaN,NaN,0.00720215195388391,0,0.647050842292217,0.0498072284712856,0,0.458389278650295,0.034959241400339,1,1
HIBCH_MOUSE,DVTDEDLNSYFK,2,-3866.74962041699,-0.588994767826066,2,7E-05,0.0204896414577254,3390704.5,723.3252,0.0436980096247787,1,0,1,2| 9,NaN,,NaN| NaN| 0.428804486596646| NaN| NaN| NaN| 0.500296714164626| NaN| NaN| NaN| NaN| NaN,NaN,NaN,0.0183956205127922,0,0.902908665850294,0.0710549439902821,0,0.379575537112092,0.0298677335203685,-2,-2

