proteinName,peptideSeq,charge,old_Rsquared,new_Rsquared,NDP,rateconstant,sigma,Abundance,MassToCharge,RMSE,selected_A1A0_count, selected_A2A0_count, selected_A2A1_count,improved_timePoints,new_k,I0_percentatediffI0_percentatediff,selected_io_t,i0,I0_asymptote,new_rmse,lowerci_old,upperci_old,sigma_old,lowerci_new,upperci_new,sigma_new,old_pearson,new_pearson
HSPB7_MOUSE,LAADGTVMNTFAHK,3,0.784319285385413,0.929489034008862,10,0.1075,0.0225848654386283,22437294.1,492.58188,0.0439963610280506,3,1,4,0| 1| 3| 6| 13| 21| 24| 31,NaN,-0.0833289578073228|,0.467032659971759| 0.39318698934877| 0.343831480526698| 0.322095202425738| 0.237578106753611| NaN| 0.249712055500594| 0.192880754777543| NaN| 0.169310852882637| 0.155316053476895| 0.180620234913423,0.40924,0.132148057802647,0.0243416560685752,0.0485057546885093,0.166494245311491,0.026078756281207,0.0748605362843099,0.14013946371569,0.0144284686565011,0.886173637483673,0.96618283862156
HSPB7_MOUSE,TLGDAYEFTVDMR,2,0.906602936474086,0.963818952895459,8,0.20702,0.0265832918115794,16812329,759.35065,0.0217697830496247,2,1,3,1| 6| 7| 9| 16| 21,NaN,-0.0103071440819828|0.0127654464162437|,0.414692096294582| 0.339455564651201| 0.331585822054856| NaN| 0.200807969962481| 0.22135054983382| 0.184490753556414| NaN| 0.162447645564711| 0.16902994532075| NaN| NaN,0.414692096294582,0.161669470281567,0.0138329723285473,0.13376320389133,0.28027679610867,0.0309803115981922,0.160471110140175,0.253568889859825,0.0196855334796252,0.956882026276099,0.988113006391806
HSPB7_MOUSE,cQLPEDVDPTSVTSALR,2,0.77718987737187,0.935337219002414,3,0.40899,0.0550951024728072,11416230.3333333,944.45947,0.0168108834561519,0,0,1,1,NaN,,0.350220411584844| 0.284629903574367| 0.198898718876754| NaN| NaN| NaN| NaN| NaN| NaN| NaN| NaN| NaN,0.350220411584844,0.0740167784125587,0.00787773298034013,0.267724595415252,0.550255404584747,0.032832165052044,0.138902025341763,0.679077974658236,0.0627724317119107,0.919060293127791,0.9815064100051
HSPB7_MOUSE,DFSPEDIIVTTFNNHIEVR,3,0.646204790212657,-0.157292527929778,4,0.03283,0.0108602469245989,17145584.5,749.37445,0.0292598598073523,0,2,2,0| 1| 9| 24,NaN,,0.233267013277562| 0.221284811393148| NaN| NaN| NaN| NaN| 0.223712529029089| NaN| NaN| NaN| 0.166138033256483| NaN,0.26949,0.0597016406302266,0.0163614580074958,0,0.13358865870626,0.0316607568674453,0.00346621190689128,0.0621937880931087,0.00922679765153861,0.963970410114351,0.91231870020321

