proteinName,peptideSeq,charge,old_Rsquared,new_Rsquared,NDP,rateconstant,sigma,Abundance,MassToCharge,RMSE,selected_A1A0_count, selected_A2A0_count, selected_A2A1_count,improved_timePoints,new_k,I0_percentatediffI0_percentatediff,selected_io_t,i0,I0_asymptote,new_rmse,lowerci_old,upperci_old,sigma_old,lowerci_new,upperci_new,sigma_new,old_pearson,new_pearson
HYES_MOUSE,ILVPALMVTAEK,2,-4.10985947598986,0.413271658850257,3,0.03821,0.0311205606592973,6469956.33333333,642.88342,0.0266297170447208,2,1,0,0| 2| 3,NaN,,0.47274945285377| NaN| 0.444335215090038| 0.408839255095338| NaN| NaN| NaN| NaN| NaN| NaN| NaN| NaN,0.47274945285377,0.193191573272146,0.0100131331571712,0,0.600105363005559,0.130592775735897,0,0.409134791682255,0.086208396303434,0.998827157903452,0.964285944901187
HYES_MOUSE,ITFSQWVPLMDESYR,2,0.83001996378304,0.966260464450272,4,0.08214,0.0102847249794574,2340498.5,936.45343,0.0127508557265749,0,1,1,2| 31,NaN,-0.0165413122958669|,NaN| NaN| 0.2813812681902| 0.268857238862385| NaN| NaN| 0.181966034907831| NaN| NaN| NaN| NaN| 0.092247973784502,NaN,NaN,0.00806786923093697,0.0166788299823979,0.147601170017602,0.0205694499589149,0.040720649743732,0.123559350256268,0.0130149407992247,0.956757514085939,0.998416579969401

