protien,peptide,charge,rsquared,rateconstant,mo,io_e,io_a1a0,io_a2a0,io_a2a1
PGS2_MOUSE,DLHTLILVNNK,3,0.927871907934462,0.06078,0.47256,0.487344155930314,0.487258707231075,0.478836652807212,0.468605129424978
PGS2_MOUSE,DLHTLILVNNK,2,0.801138584295271,0.0124,0.47256,0.499500146509462,0.504991040265361,0.485189641866755,0.459126426347306
PGS2_MOUSE,NSGIENGAFQGLK,2,0.955286048119734,0.05572,0.46799,0.46742648122292,0.442699262284784,0.470430022575201,0.508531423338666
PGS2_MOUSE,SDFNGLNNVLVIELGGNPLK,2,-0.386364696698283,0.09666,0.29114,0.195527263782496,0.152565368176073,0.194226125936998,0.245252490382625
PGS2_MOUSE,YIQVVYLHNNNISAVGQNDFcR,3,0.657776404288198,0.04846,0.21523,0.257731026096891,0.252773984681234,0.236325390285996,0.216071125068912

