protien,peptide,charge,rsquared,rateconstant,mo,io_e,io_a1a0,io_a2a0,io_a2a1
GLGB_MOUSE,LEAALADVPELAR,2,0.739199969536689,0.02056,0.4535,0.503145607730929,0.440165523710864,0.540970405255291,0.636102016650589
GLGB_MOUSE,IVLDSDAAEYGGHQR,3,0.0869189976880959,0.04655,0.39771,0.500597473982884,0.465589486010429,0.542340039632742,0.563427493784755

