protien,peptide,charge,rsquared,rateconstant,mo,io_e,io_a1a0,io_a2a0,io_a2a1
DYSF_MOUSE,TAIEILAWGLR,2,0.318713554023963,0.00478,0.4715,0.501832696824075,0.461023299704145,0.502616200067159,0.555170732716705
DYSF_MOUSE,ITLYDYDLLSK,2,-0.382056441111672,0.00772,0.44535,0.600757056513414,0.619433445954187,0.491951050456903,0.398306718863473

