protien,peptide,charge,rsquared,rateconstant,mo,io_e,io_a1a0,io_a2a0,io_a2a1
RTN2_MOUSE,VADLLYWK,2,0.92687638328665,0.0358,0.53049,0.54959913573764,0.546302446495588,0.545094511219138,0.543791878847895
RTN2_MOUSE,IPGTGTLAPTASVSGSK,2,0.987765907481593,0.02353,0.41631,0.427738561066599,0.425057979529097,0.423870328431352,0.422601122602363
RTN2_MOUSE,QHQAQIDQYVGLVTN,2,0.233907704555993,0.02346,0.37427,0.393706662330714,0.415640653636356,0.342041751690972,0.257409652816011
RTN2_MOUSE,LSQQIASHVVSTATQLR,3,0.982457318515561,0.02717,0.35217,0.364552832352685,0.367423835158871,0.358745158064419,0.349572898937107
RTN2_MOUSE,GDGTNPFQAYLDMDLTLTR,2,0.955078792944557,0.0254,0.28323,0.300342926129151,0.302392293023797,0.296672674173177,0.289037184674363
RTN2_MOUSE,QHQAQIDQYVGLVTNQLSH,3,0.784739966820598,0.02502,0.2865,0.314824603675313,0.320486828622193,0.317388491990187,0.313516967222255
RTN2_MOUSE,QHQAQIDQYVGLVTNQLSHIK,4,0.98534198395369,0.03216,0.24597,0.249127338768695,0.230238999546616,0.249163585695689,0.270350799363411

