protien,peptide,charge,rsquared,rateconstant,mo,io_e,io_a1a0,io_a2a0,io_a2a1
PARK7_MOUSE,APLVLKD,2,0.919564509789061,0.01324,0.63579,0.644838469331714,0.638281242764046,0.651867295379859,0.672310829374393
PARK7_MOUSE,MMNGSHYSYSESR,3,0.729775867155682,0.0129,0.38967,0.425030904854656,0.427135148957464,0.383405371331621,0.301949544008394
PARK7_MOUSE,DVMIcPDTSLEDAK,2,0.959413495614716,0.02939,0.39282,0.381071821568049,0.350945615781746,0.403324355255546,0.498795626347176
PARK7_MOUSE,GAEEMETVIPVDVMR,2,0.67338393394571,0.00661,0.35869,0.36736950918552,0.363360977846049,0.361932799346054,0.35869
PARK7_MOUSE,GPGTSFEFALAIVEALVGK,3,0.96037996421452,0.01625,0.31711,0.327230138820022,0.34281604888782,0.31600182743713,0.28445163539063
PARK7_MOUSE,GPGTSFEFALAIVEALVGK,2,0.863279333731795,0.01684,0.31711,0.315662487109562,0.331980513767001,0.31711,0.300876870367629
PARK7_MOUSE,IAAIcAGPTALLAHEVGFGcK,3,-21.6826152426364,0.02046,0.27661,0.259750000622804,0.256520448270074,0.244131722570534,0.226857321296619
PARK7_MOUSE,GLIAAIcAGPTALLAHEVGFGcK,3,-2.94110456478696,0.04834,0.2496,0.150579550114261,0.030193648707224,0.213400078697019,0.394510516538918
PARK7_MOUSE,TQGPYDVVVLPGGNLGAQNLSESPMVK,3,0.848231905273458,0.01671,0.19434,0.188790438093455,0.157155048019444,0.192444287351979,0.242172129664708

