protien,peptide,charge,rsquared,rateconstant,mo,io_e,io_a1a0,io_a2a0,io_a2a1
IMA4_MOUSE,DSQVVQVVLDGLK,2,-0.342430769385854,0.12975,0.44713,0.571365008903915,0.588811215576558,0.496997945663523,0.367179866336209

