protien,peptide,charge,rsquared,rateconstant,mo,io_e,io_a1a0,io_a2a0,io_a2a1
SDHB_MOUSE,LQDPFSVYR,2,-0.988033833113404,0.14472,0.50923,0.429828608425209,0.430228386511576,0.434278297664111,0.438508916425384
SDHB_MOUSE,NEVDSTLTFR,2,0.606353919518818,0.31517,0.51364,0.514060981272879,0.533088192315667,0.487320654563554,0.424016581032003
SDHB_MOUSE,cGPMVLDALIK,2,0.931292612155399,0.05292,0.46703,0.473613821363802,0.459491920847353,0.489962615565991,0.547642917738702
SDHB_MOUSE,MQTYEVDLNK,2,0.913118939964322,0.04433,0.4735,0.504981576197899,0.481447886844818,0.510288707908372,0.549731517318067
SDHB_MOUSE,WDPDKTGDKPR,3,0.861448068562225,0.02516,0.4694,0.523289228256503,0.516776695543111,0.51094229755466,0.503218062597801
SDHB_MOUSE,YLGPAVLMQAYR,2,0.871544413282243,0.03,0.41632,0.459414785187391,0.443947061342051,0.457408120796518,0.482127180004006
SDHB_MOUSE,IKNEVDSTLTFR,2,0.0844500226101164,0.01967,0.44076,0.447443061556297,0.406765058434326,0.424560056140726,0.446793799363595
SDHB_MOUSE,IKNEVDSTLTFR,3,0.94101280911329,0.03384,0.44076,0.458358332611132,0.452988607069416,0.447553466950949,0.44001119060769
SDHB_MOUSE,DLVPDLSNFYAQYK,2,0.902410403799658,0.04957,0.36563,0.387536736855176,0.387252242202053,0.382062723064421,0.375406775603881

