protien,peptide,charge,rsquared,rateconstant,mo,io_e,io_a1a0,io_a2a0,io_a2a1
ARK72_MOUSE,ALQTTYGTNAPR,2,0.721699132729076,0.02883,0.47982,0.531412288926791,0.476752481074435,0.567208594764922,0.603233356399856
ARK72_MOUSE,FYAYNPLAGGLLTGK,2,0.754329968369314,0.02412,0.37744,0.380519641151715,0.345885407057517,0.384985546629355,0.431481544665054

