protien,peptide,charge,rsquared,rateconstant,mo,io_e,io_a1a0,io_a2a0,io_a2a1
FABPH_MOUSE,LILTLTH,2,-0.234453231793722,0.00751,0.61216,0.639592968545656,0.622362036255361,0.649826188410612,0.649826188410612
FABPH_MOUSE,NGDTITIK,2,-0.132803708628725,1.6943,0.61804,0.63464033238981,0.64307649940926,0.619525085925797,0.579569599006207
FABPH_MOUSE,WNGQETTLTR,2,-0.262512389673141,0.12766,0.50544,0.0576870876716482,0.000871594277809245,0.22280341919754,0.250156608366896
FABPH_MOUSE,LILTLTHGSVVSTR,2,0.81249673246347,0.01233,0.41856,0.441150807937796,0.436142979963881,0.437803896098081,0.440168517920264
FABPH_MOUSE,LILTLTHGSVVSTR,3,0.880426425627927,0.01468,0.41856,0.43977023449642,0.43426520988437,0.441751628017419,0.452173664197504
FABPH_MOUSE,QVASMTKPTTIIEK,3,0.925211108445557,0.0164,0.39432,0.405583422024079,0.398622971126784,0.400438329948979,0.403088117993149
FABPH_MOUSE,QVASMTKPTTIIEK,2,0.594845185633762,0.01449,0.39432,0.397620633570885,0.372549371308833,0.39432,0.431467568948437

