protien,peptide,charge,rsquared,rateconstant,mo,io_e,io_a1a0,io_a2a0,io_a2a1
ALDH2_MOUSE,YGLAAAVFTK,2,0.954660371536502,0.07139,0.52704,0.546571384732412,0.506846683307597,0.565399712953499,0.618011098569696
ALDH2_MOUSE,LLcGGGAAADR,2,0.45326089149018,0.04127,0.55309,0.521101530759501,0.534632044267841,0.500955408328145,0.434926049976023
ALDH2_MOUSE,GYFIQPTVFGDVK,2,0.790953810474286,0.06431,0.40358,0.427671006959341,0.415083408860049,0.397806618612171,0.377293238230585
ALDH2_MOUSE,TEQGPQVDETQFK,2,0.727898885351983,0.05847,0.42723,0.454373243388119,0.453750963611542,0.421288059666394,0.379728476230976
ALDH2_MOUSE,TIPIDGDFFSYTR,2,0.980895957837824,0.10654,0.3993,0.40325010468916,0.432087070572769,0.385936814117315,0.330844162728711
ALDH2_MOUSE,TFVQENVYDEFVER,2,0.359950291490064,0.22777,0.35234,0.320340619335485,0.368511593958668,0.297076393696548,0.218655931789319
ALDH2_MOUSE,VAEQTPLTALYVANLIK,2,0.7877729648513,0.10435,0.33223,0.382319363092686,0.41604475234732,0.341012735461043,0.255597740254555
ALDH2_MOUSE,VAFTGSTEVGHLIQVAAGSSNLK,3,0.258936565569712,0.06651,0.26703,0.315188663101484,0.3486041057189,0.253590808990587,0.158191375072198

