protien,peptide,charge,rsquared,rateconstant,mo,io_e,io_a1a0,io_a2a0,io_a2a1
SIR2_MOUSE,LLDELTLEGVTR,2,0.29175589960828,0.11994,0.45909,0.479601867955296,0.427463427158882,0.484527319635218,0.549154588902857

