protien,peptide,charge,rsquared,rateconstant,mo,io_e,io_a1a0,io_a2a0,io_a2a1
ECH1_MOUSE,MMADEALDSGLVSR,2,0.934956986677922,0.16183,0.40523,0.394251173039341,0.354391360362679,0.394428720346172,0.534968840308783

