protien,peptide,charge,rsquared,rateconstant,mo,io_e,io_a1a0,io_a2a0,io_a2a1
FKBP3_MOUSE,GWDEALLTMSK,2,0.956526506004464,0.05044,0.46403,0.495839286671954,0.485099437794694,0.529564639074304,0.549567193503372
FKBP3_MOUSE,LEIEPEWAYGK,2,0.933968393058214,0.03672,0.44527,0.479980191483254,0.464825789006627,0.465143598198943,0.466212739200439

