proteinName,peptideSeq,charge,old_Rsquared,new_Rsquared,NDP,rateconstant,sigma,Abundance,MassToCharge,RMSE,selected_A1A0_count, selected_A2A0_count, selected_A2A1_count,improved_timePoints,new_k,I0_percentatediffI0_percentatediff,selected_io_t,i0,I0_asymptote,new_rmse,lowerci_old,upperci_old,sigma_old,lowerci_new,upperci_new,sigma_new,old_pearson,new_pearson
MGDP1_MOUSE,DGMSLQTLTQGLETFAK,2,-0.113393788906314,-1.90683552979713,2,0.01067,0.0424706591501043,4704222,920.46149,0.0204562617586704,1,0,1,0| 2,NaN,,0.296970186381305| NaN| 0.329241451058509| NaN| NaN| NaN| NaN| NaN| NaN| NaN| NaN| NaN,0.33585,0.0898273344831846,0.0112310560425315,0,2.82202920159397,0.221258767664419,0,1.45133076723142,0.113382461337339,-1,-1
MGDP1_MOUSE,TGVPFSQMVFFDDENR,2,0.296543308173917,0.423420826570944,3,0.01622,0.0113120437379028,816688,944.93036,0.0472034122043911,2,0,1,3| 9| 24,NaN,,NaN| NaN| NaN| 0.412271052430422| NaN| NaN| 0.278807829161102| NaN| NaN| NaN| 0.206098249125571| NaN,NaN,NaN,0.0324153809442408,0,0.159059588838066,0.0331980287069085,0,0.122309990040044,0.0246568795353913,0.806433601182638,0.931578609468418
MGDP1_MOUSE,TSEIQGANQLLELFDLGK,2,0.502222768362649,0.701460212193219,2,0.01844,0.00546167879881492,1543702,988.52039,0.0113065649513232,1,0,1,3| 9,NaN,,NaN| NaN| NaN| 0.320699926766642| NaN| NaN| 0.265137738262146| NaN| NaN| NaN| NaN| NaN,NaN,NaN,0.0061969049177579,0,0.508360892668484,0.0385576104623774,0,0.389067691627742,0.029169031927819,1,1

