proteinName,peptideSeq,charge,old_Rsquared,new_Rsquared,NDP,rateconstant,sigma,Abundance,MassToCharge,RMSE,selected_A1A0_count, selected_A2A0_count, selected_A2A1_count,improved_timePoints,new_k,I0_percentatediffI0_percentatediff,selected_io_t,i0,I0_asymptote,new_rmse,lowerci_old,upperci_old,sigma_old,lowerci_new,upperci_new,sigma_new,old_pearson,new_pearson
MYH7B_MOUSE,LLYADFRQR,2,0.0490414051410941,0.57376160052927,6,0.01267,0.00735206226068806,4218623.5,591.32489,0.0328767104431669,3,2,0,2| 6| 7| 9| 13,NaN,0.0479779012631044|,0.483464841278575| NaN| 0.492467731588464| NaN| 0.461360756273292| 0.470879461968846| 0.416743772088621| 0.436848676017426| NaN| NaN| NaN| NaN,0.483464841278575,0.207098487968962,0.012114102563205,0,0.0491011255908694,0.0141723267075882,0.00169345828587846,0.0236465417141215,0.00427006118446663,0.509534312846685,0.816847818063379
MYH7B_MOUSE,NLQEEISDLTDQVSLSGK,2,-3.3034047043491,-0.0134378827494286,3,0.01872,0.00281248181942214,10455356.3333333,988.49457,0.0205894882051746,0,0,3,21| 24| 31,NaN,,NaN| NaN| NaN| NaN| NaN| NaN| NaN| NaN| NaN| 0.259352950559933| 0.188558500925793| 0.224376878488281,NaN,NaN,0.0145479701870944,0,0.0460593141220136,0.00635406012039656,0,0.0390148325844887,0.00471681863706267,0.567612977580485,0.306656624046266

