proteinName,peptideSeq,charge,old_Rsquared,new_Rsquared,NDP,rateconstant,sigma,Abundance,MassToCharge,RMSE,selected_A1A0_count, selected_A2A0_count, selected_A2A1_count,improved_timePoints,new_k,I0_percentatediffI0_percentatediff,selected_io_t,i0,I0_asymptote,new_rmse,lowerci_old,upperci_old,sigma_old,lowerci_new,upperci_new,sigma_new,old_pearson,new_pearson
NDUC2_MOUSE,DHDMFGYIK,2,0.526676199501613,0.468077318136739,12,0.01404,0.00442019734259071,15680357.5,563.25531,0.0357076945640824,5,3,0,1| 2| 3| 7| 13| 16| 24| 31,0.0124458107180455,-0.0396855371229338|,0.505912233709153| 0.488907009141875| 0.472689548467285| 0.499291117849019| 0.501625390628708| 0.467532902198147| 0.499044614236459| 0.515106123821411| 0.475322090439809| 0.419396332903891| 0.442111033253435| 0.443182877403864,0.505912233709153,0.287485891095717,0.0208486846799128,0.00437106558585314,0.0237089344141468,0.00439300300397386,0.00839459031303368,0.0196854096869663,0.00256494673055391,0.86422288081263,0.701665609277918
NDUC2_MOUSE,TYAEILEPFHPVR,3,-1.16845572262383,0.795770932889201,3,0.02182,0.00585480145210497,48205320,524.61206,0.00904324979829692,0,1,1,1| 6,NaN,,NaN| 0.388032029596342| 0.37681302041958| NaN| 0.337694645003636| NaN| NaN| NaN| NaN| NaN| NaN| NaN,NaN,NaN,0.00487542817576209,0,0.1920606225142,0.039566433362641,0,0.163525587558152,0.0329344700720055,0.744832655753251,0.999892672740148
NDUC2_MOUSE,KTYAEILEPFHPVR,3,-0.626549609322367,-0.626549609322367,2,0.00017,0.00407924498454356,2045613,567.31036,0.032216569144164,0,0,0,,NaN,,NaN| 0.466670499856033| NaN| NaN| NaN| NaN| NaN| NaN| NaN| NaN| NaN| 0.3429187772364,NaN,NaN,0.032216569144164,0,0.180727823340658,0.0142102088775683,0,0.180727823340658,0.0142102088775683,1,1
NDUC2_MOUSE,DHDMFGYIK,3,-0.673510544919951,-0.660418828543537,2,0.01535,0.00961700089034902,1490493.5,375.83929,0.0402104269972401,1,0,0,21,NaN,,NaN| NaN| NaN| NaN| NaN| NaN| NaN| NaN| 0.44608972606097| 0.299959897463127| NaN| NaN,NaN,NaN,0.0384363446341702,0,0.432759092188685,0.0328508079996427,0,0.414369943353525,0.0314035505992513,1,1

