proteinName,peptideSeq,charge,old_Rsquared,new_Rsquared,NDP,rateconstant,sigma,Abundance,MassToCharge,RMSE,selected_A1A0_count, selected_A2A0_count, selected_A2A1_count,improved_timePoints,new_k,I0_percentatediffI0_percentatediff,selected_io_t,i0,I0_asymptote,new_rmse,lowerci_old,upperci_old,sigma_old,lowerci_new,upperci_new,sigma_new,old_pearson,new_pearson
PSB4_MOUSE,QPVLSQTEAR,2,NaN,NaN,1,0.07185,0.00367458575353727,560526,564.80402,0.0062775622344597,NaN,NaN,NaN,NaNNaN,NaN,NaN,NaN,NaN,NaNNaN,NaN,NaN,NaN,NaN,NaN,NaN,NaN
PSB4_MOUSE,TQNPMVTGTSVLGVK,2,0.438531512023701,0.740803561228105,3,0.02405,0.00886840244451357,3195798.33333333,766.41107,0.0310793890011598,1,1,0,0| 31,NaN,,0.470283714314466| 0.368559135613288| NaN| NaN| NaN| NaN| NaN| NaN| NaN| NaN| NaN| 0.260377289354783,0.40203,0.164291693483197,0.0218174060074054,0,0.117874392090858,0.0218061735361875,0,0.0901078316141025,0.0153528150569465,0.777142631618873,0.89346444379204
PSB4_MOUSE,FDGGVVIAADMLGSYGSLAR,2,0.751589885135791,0.904333497446913,2,0.04221,0.00989449166171912,3255053.5,1000.00128,0.0127620529772699,0,1,1,0| 7,NaN,,0.31843262986053| NaN| NaN| NaN| NaN| 0.232298647915068| NaN| NaN| NaN| NaN| NaN| NaN,0.31843262986053,0.0557425381062314,0.00543812082539178,0,0.442409483395095,0.0314963824137917,0,0.376975323860954,0.0263466023737767,1,1
PSB4_MOUSE,VNDSTMLGASGDYADFQYLK,2,-2.47635912156596,0.468707347330289,3,0.01314,0.0155023226423816,2177731,1098.00171,0.00773063661452315,0,2,0,1| 2,NaN,0.0401281900516278|,0.289537903401118| 0.282865225467397| 0.28049627704261| NaN| NaN| NaN| NaN| NaN| NaN| NaN| NaN| NaN,0.289537903401118,0.0611919297938625,0.00139513926789788,0,0.323758300760817,0.0721922777111821,0,0.208767933345323,0.0454668191073682,-0.963526734555811,0.965249594867404

