proteinName,peptideSeq,charge,old_Rsquared,new_Rsquared,NDP,rateconstant,sigma,Abundance,MassToCharge,RMSE,selected_A1A0_count, selected_A2A0_count, selected_A2A1_count,improved_timePoints,new_k,I0_percentatediffI0_percentatediff,selected_io_t,i0,I0_asymptote,new_rmse,lowerci_old,upperci_old,sigma_old,lowerci_new,upperci_new,sigma_new,old_pearson,new_pearson
PSB6_MOUSE,LAAIQESGVER,2,0.916625207353545,0.97643434058861,9,0.03622,0.00358291553840848,3433105.22222222,586.81714,0.028206705139104,3,0,1,1| 3| 7| 24,NaN,0.00267139120433873|,0.54557107025266| 0.553226225396572| 0.502756062582199| 0.504807087162072| 0.461502262088169| 0.44093043705752| NaN| NaN| NaN| 0.323282934978828| 0.269182290545998| 0.279628083262398,0.54557107025266,0.13280203160601,0.0140410362282444,0.0264634278141012,0.0459765721858988,0.00423094305744328,0.0313632688486622,0.0410767311513378,0.00210612421607664,0.962781810684668,0.989478555155131
PSB6_MOUSE,TTTGSYIANR,2,-0.779436869476443,-1.46648023805267,3,5.76686,54406785738706.4,782895.333333333,542.27509,0.0906054993344391,2,1,0,6| 9| 13,NaN,,NaN| NaN| NaN| NaN| 0.240749500202221| NaN| 0.428472152731535| 0.40616782195249| NaN| NaN| NaN| NaN,NaN,NaN,0.0657512426677494,4.45581992925912,7.07790007074087,0.304705062919951,4.79034417653819,6.74337582346181,0.226956690394758,-2,-2

