proteinName,peptideSeq,charge,old_Rsquared,new_Rsquared,NDP,rateconstant,sigma,Abundance,MassToCharge,RMSE,selected_A1A0_count, selected_A2A0_count, selected_A2A1_count,improved_timePoints,new_k,I0_percentatediffI0_percentatediff,selected_io_t,i0,I0_asymptote,new_rmse,lowerci_old,upperci_old,sigma_old,lowerci_new,upperci_new,sigma_new,old_pearson,new_pearson
QCR8_MOUSE,NPAMYENDK,2,-0.303043852899775,-0.492700772304764,4,0.0098,0.0203595309112557,1256722.25,541.23456,0.0224375625173017,0,2,0,1| 3,NaN,,0.52838635116709| 0.509106332681294| 0.532077823262604| 0.566541976843955| NaN| NaN| NaN| NaN| NaN| NaN| NaN| NaN,0.52838635116709,0.226341204255405,0.0146011111937748,0,0.131642749740063,0.0382858776120395,0,0.0965875422431155,0.0272707011919731,-0.732693017444198,-0.739486493174535
QCR8_MOUSE,SLSPFEQR,2,0.0540035811479149,0.915908858015709,11,0.05383,0.00770449840531998,69703090.9090909,482.24835,0.0462650805914501,3,2,0,1| 2| 3| 21| 24,NaN,,NaN| 0.558078928423147| 0.55389369897572| 0.571742802764604| 0.440414649611742| 0.471979366438924| 0.412532989386618| 0.391093028082754| 0.375558573202292| 0.34430043668066| 0.341485367660243| 0.328755439747802,NaN,NaN,0.0242043998130789,0.0350248308590128,0.0726351691409872,0.00843985514171266,0.0439917412825788,0.0636682587174212,0.00441546033429443,0.941096773212631,0.961550370894169
QCR8_MOUSE,HVISYSLSPFEQR,3,0.850780400769733,0.921151118463676,11,0.0157,0.0016844435031908,26577788.1818182,521.60358,0.0171053795483437,1,5,2,1| 2| 3| 6| 7| 9| 24| 31,NaN,0.0294087928447006|0.00869550189679118|0.0133115638345663|-0.0507813156985282|-0.0116365643534105|,NaN| 0.394386489555811| 0.405371484662587| 0.393424592980676| 0.379845801544334| 0.377796690070673| 0.359826492174276| 0.366696210853759| 0.331754202043332| 0.313255620120045| 0.309030227538394| 0.281637878477876,NaN,NaN,0.0104546970073153,0.011588603862379,0.019811396137621,0.00184521540708125,0.0131871413537248,0.0182128586462752,0.00112778368581317,0.98629371565195,0.983411007922287
QCR8_MOUSE,HVISYSLSPFEQR,2,0.235821753131709,0.578958930323353,4,0.00445,0.0034030382607119,11481197,781.90173,0.0315419922664578,3,0,1,6| 9| 16| 31,NaN,-0.057875417811204|,NaN| NaN| NaN| NaN| 0.390253637167569| NaN| 0.403160501265663| NaN| 0.383856514897101| NaN| NaN| 0.327105869461553,NaN,NaN,0.0109112708690794,0,0.0277327591019892,0.0073159943234296,0,0.0123736283821416,0.0024897916956827,0.967035726697594,0.943477303462066

