proteinName,peptideSeq,charge,old_Rsquared,new_Rsquared,NDP,rateconstant,sigma,Abundance,MassToCharge,RMSE,selected_A1A0_count, selected_A2A0_count, selected_A2A1_count,improved_timePoints,new_k,I0_percentatediffI0_percentatediff,selected_io_t,i0,I0_asymptote,new_rmse,lowerci_old,upperci_old,sigma_old,lowerci_new,upperci_new,sigma_new,old_pearson,new_pearson
RS19_MOUSE,ALAAFLK,2,0.558055498974385,0.917643874367977,4,0.03036,0.00993356078068974,2383724.25,367.23398,0.0520548144605056,1,3,0,6| 9| 13| 31,NaN,,NaN| NaN| NaN| NaN| 0.583338948160119| NaN| 0.580352993395768| 0.530647307230458| NaN| NaN| NaN| 0.412532061592304,NaN,NaN,0.0114601083795802,0,0.10670663467185,0.0239899207574797,0.0164404929291653,0.0442795070708347,0.00437383878212545,0.983492687235979,0.990515776440764

