proteinName,peptideSeq,charge,old_Rsquared,new_Rsquared,NDP,rateconstant,sigma,Abundance,MassToCharge,RMSE,selected_A1A0_count, selected_A2A0_count, selected_A2A1_count,improved_timePoints,new_k,I0_percentatediffI0_percentatediff,selected_io_t,i0,I0_asymptote,new_rmse,lowerci_old,upperci_old,sigma_old,lowerci_new,upperci_new,sigma_new,old_pearson,new_pearson
SGCG_MOUSE,SLSMDAPR,2,-2.37060958273712,0.567320584481163,3,0.07114,0.0394273069023908,1369602.66666667,438.71582,0.0540213068919481,0,2,0,2| 6,NaN,,0.559693703830333| NaN| 0.49596111928034| NaN| 0.481038941415598| NaN| NaN| NaN| NaN| NaN| NaN| NaN,0.559693703830333,0.239752118235669,0.0112183172391406,0,0.768180795214517,0.162002568879217,0,0.284905382366971,0.0496822299622215,0.229440681273706,0.887099409401149
SGCG_MOUSE,LEGESEFLFPLYAK,2,0.694677575423542,0.893467957671873,4,0.0284,0.00232145288199461,6415495,821.92175,0.00764375638066858,0,1,0,1,NaN,,NaN| 0.351612084287778| NaN| NaN| NaN| 0.330906567534152| 0.296002996524641| 0.280032152305569| NaN| NaN| NaN| NaN,NaN,NaN,0.00531042419621721,0.0136242017069358,0.0431757982930642,0.00464290576398923,0.0181346601767219,0.0386653398232781,0.00322561289004454,0.893549191234744,0.949590779200905
SGCG_MOUSE,VTGPEGALFEHSVETPLVR,3,-0.162271266744372,-0.292626235270928,6,0.00052,0.00300271661871465,6784201.83333333,680.02496,0.0289294379213008,1,1,2,2| 6| 9| 31,NaN,,NaN| 0.310405837120211| 0.319549367068036| NaN| 0.312378773120671| NaN| 0.302149744269042| NaN| NaN| 0.28461695142914| NaN| 0.323162224012288,NaN,NaN,0.0102018939831202,0,0.0124961116917546,0.00465891088538454,0,0.00478838290662632,0.00166047345737114,0.787762079481422,0.0882595089223348

