proteinName,peptideSeq,charge,old_Rsquared,new_Rsquared,NDP,rateconstant,sigma,Abundance,MassToCharge,RMSE,selected_A1A0_count, selected_A2A0_count, selected_A2A1_count,improved_timePoints,new_k,I0_percentatediffI0_percentatediff,selected_io_t,i0,I0_asymptote,new_rmse,lowerci_old,upperci_old,sigma_old,lowerci_new,upperci_new,sigma_new,old_pearson,new_pearson
STIM1_MOUSE,QALSEVTAALR,2,0.494742453636625,0.656493082565719,7,0.02219,0.00795943991009504,1324029,579.82745,0.0746810967105789,2,1,0,0| 24| 31,NaN,0.0576935108523514|,0.557116765174479| NaN| 0.463162050633694| NaN| NaN| 0.514855283740891| 0.473193641867469| 0.316307521465321| NaN| NaN| 0.375109642538404| 0.329035509581062,0.557116765174479,0.156193974110084,0.0387321191088495,0,0.0497121026735555,0.0112476886579123,0.0079051263878881,0.0364748736121119,0.0058379191739969,0.782877979690198,0.81655651743755
STIM1_MOUSE,YAEEELEQVR,2,-0.992653145535993,-0.15734081764445,5,0.02045,0.00953980973837345,2056880.6,633.30402,0.0443791130654909,4,1,0,1| 2| 6| 7| 13,NaN,,NaN| 0.45682762260953| 0.467868031671753| NaN| 0.440440692119986| 0.487590883310095| NaN| 0.419919352099817| NaN| NaN| NaN| NaN,NaN,NaN,0.0160549065772267,0,0.0598646493691397,0.0141960845169899,0.00385342028966859,0.0370465797103314,0.00597763653950698,0.340441133354592,0.537968296636997

