proteinName,peptideSeq,charge,old_Rsquared,new_Rsquared,NDP,rateconstant,sigma,Abundance,MassToCharge,RMSE,selected_A1A0_count, selected_A2A0_count, selected_A2A1_count,improved_timePoints,new_k,I0_percentatediffI0_percentatediff,selected_io_t,i0,I0_asymptote,new_rmse,lowerci_old,upperci_old,sigma_old,lowerci_new,upperci_new,sigma_new,old_pearson,new_pearson
SYDC_MOUSE,TSTSQAIFR,2,-0.756031986154415,-0.68979044484676,2,0.00091,0.0039140581855494,111397100,505.76691,0.00389759360102893,1,0,0,3,NaN,-0.00560235071161009|,0.582255197497298| NaN| NaN| 0.571027400249769| NaN| NaN| NaN| NaN| NaN| NaN| NaN| NaN,0.582255197497298,0.249416629128319,0.00297923914505195,0,0.124094660730113,0.00969484305415367,0,0.084024645497038,0.00654126446279546,1,1
SYDC_MOUSE,NNAYLAQSPQLYK,2,-8.21139438606702,-8.21139438606702,2,0.00072,0.0230156172595172,1283780,755.38843,0.0203631530574909,0,0,0,,NaN,,0.474019854721677| NaN| NaN| 0.441150743727589| NaN| NaN| NaN| NaN| NaN| NaN| NaN| NaN,0.4107,0.115144381172807,0.0203631530574909,0,1.04017951175505,0.0818072377509006,0,1.04017951175505,0.0818072377509006,1,1

