proteinName,peptideSeq,charge,old_Rsquared,new_Rsquared,NDP,rateconstant,sigma,Abundance,MassToCharge,RMSE,selected_A1A0_count, selected_A2A0_count, selected_A2A1_count,improved_timePoints,new_k,I0_percentatediffI0_percentatediff,selected_io_t,i0,I0_asymptote,new_rmse,lowerci_old,upperci_old,sigma_old,lowerci_new,upperci_new,sigma_new,old_pearson,new_pearson
YBOX3_MOUSE,GAEAANVTGPDGVPVEGSR,2,0.255827834712543,-0.110679152762603,4,0.01893,0.0128619284230387,3848838.5,891.93451,0.0156133624539053,1,1,1,1| 2| 3,NaN,,0.38705311952272| 0.353372947167416| 0.393768390549098| 0.368308654986933| NaN| NaN| NaN| NaN| NaN| NaN| NaN| NaN,0.38705311952272,0.0464836958401031,0.00966127838023129,0,0.182747240501563,0.0514752567055915,0,0.089454881937797,0.0221605881698696,0.689340825808134,0.11264701495503
YBOX3_MOUSE,SVGDGETVEFDVVEGEK,2,-0.275381973764906,-0.253742356215615,2,0.02778,0.0322357511027847,2928191,898.41528,0.00905520804029965,1,0,0,1,NaN,,0.376173506219338| 0.338175720581027| NaN| NaN| NaN| NaN| NaN| NaN| NaN| NaN| NaN| NaN,0.376173506219338,0.0873547859194198,0.00868473990772458,0,2.72131101256541,0.211985488075739,0,2.79970924443771,0.218155562736173,1,1

