PeptideSeq,Charge,Abun,mz,NDP,t0,i0,m0,t1,i1,m1,t2,i2,m2,t3,i3,m3,t6,i6,m6,t7,i7,m7,t9,i9,m9,t13,i13,m13,t16,i16,m16,t21,i21,m21,t24,i24,m24,t31,i31,m31
VDAGLVLNR,2,18412515,478.77982,10,40.953623,33.16,478.7804,40.855064,41.93,478.78122,40.7074795,0,478.7804,40.659803,0,478.7804,,,0,40.8537235,0,478.7804,40.521179,0,478.7804,40.4953305,0,478.7804,,,0,40.437145,0,478.7804,40.4540845,0,478.7804,40.39587,0,478.7804
LAVPWGHIALK,3,9586885,402.24487,10,55.4598255,19.24,402.24527,55.590719,29.62,402.24591,55.098911,0,402.24527,55.175659,0,402.24527,,,0,55.240776,0,402.24527,55.068186,0,402.24527,54.9465235,0,402.24527,,,0,55.051468,0,402.24527,54.965025,0,402.24527,54.734087,0,402.24527
ISWPENSFDFVSK,2,14313548.8888889,778.375,10,65.338974,47.43,778.37585,65.184414,0,778.37585,65.0565945,23.96,778.87897,65.1961825,21.22,778.87689,,,0,64.8967515,39.97,778.87952,65.0869905,50.3,778.8775,64.5183445,30.01,778.87775,,,0,64.957912,22.04,778.87982,65.101429,23.82,778.88007,65.1463055,22.86,778.87976
NPPVLcLHGWLDNANSFDR,3,6404873.66666667,742.35675,10,64.1930885,73.66,742.35803,64.6869465,24.62,742.36041,64.1502645,53.36,742.69165,64.3897725,0,742.35803,,,0,64.822849,0,742.35803,64.369722,0,742.35803,64.518097,0,742.35803,,,0,64.331171,0,742.35803,64.61652,0,742.35803,64.177958,0,742.35803
LILLDSTPFFLDSNEMENILTYR,3,19426070,915.46655,10,94.2177165,0,915.80347,94.171944,0,915.80347,94.1240465,34.13,915.80347,94.0293125,42.27,915.80212,,,0,94.221832,0,915.80347,94.2289695,0,915.80347,94.205635,0,915.80347,,,0,94.0609515,0,915.80347,94.045391,0,915.80347,93.9770925,0,915.80347

