PeptideSeq,Charge,Abun,mz,NDP,t0,i0,m0,t1,i1,m1,t2,i2,m2,t3,i3,m3,t6,i6,m6,t7,i7,m7,t9,i9,m9,t13,i13,m13,t16,i16,m16,t21,i21,m21,t24,i24,m24,t31,i31,m31
LVALLDTLDR,2,16198885,564.83478,10,61.5113065,45.47,564.83514,61.5307365,38.37,564.83551,61.275442,45.41,564.83582,61.273745,0,564.83514,61.380663,0,564.83514,61.3656445,30.79,565.33746,61.135397,0,564.83514,,,0,,,0,61.1436555,42.03,565.33832,61.110792,0,564.83514,61.045786,41.66,565.33899
VDDQVAIVFK,2,11251765.5,567.31372,10,50.7039105,20.48,567.31433,50.6281755,0,567.31433,50.456383,41.57,567.31604,50.900648,0,567.31433,50.571259,0,567.31433,50.853357,40.14,567.31512,50.2845995,39.12,567.31396,,,0,,,0,50.3296225,0,567.31433,50.2666915,0,567.31433,49.9121285,0,567.31433
WIDETPPVDQPSR,2,7470962.75,770.37555,10,43.394281,63.46,770.37634,43.406729,65.43,770.37915,43.1654495,48.63,770.37677,43.30521,51.25,770.37415,43.3896485,34.04,770.37366,43.28854,28.91,770.87683,43.0401595,26.08,770.87952,,,0,,,0,43.029442,0,770.37634,43.0488265,21.08,770.37659,43.4758035,0,770.37634
LDQEAENLVATVVPTHLAAAVPEVAVYLK,3,1895961.5,1020.89203,5,80.8040695,19.23,1021.22632,81.0057755,0,1021.22632,80.622818,0,1021.22632,80.5990715,25.5,1021.22638,80.4923935,0,1021.22632,4849.083008,0,1021.22632,4846.157227,0,1021.22632,,,0,,,0,4843.724121,0,1021.22632,4846.854004,0,1021.22632,4839.271973,0,1021.22632

