PeptideSeq,Charge,Abun,mz,NDP,t0,i0,m0,t1,i1,m1,t2,i2,m2,t3,i3,m3,t6,i6,m6,t7,i7,m7,t9,i9,m9,t13,i13,m13,t16,i16,m16,t21,i21,m21,t24,i24,m24,t31,i31,m31
GVYIIGSSGFDSIPADLGVLYTR,3,1142891.2,800.75305,5,80.9908375,47.48,801.08948,,,0,80.8905565,49.97,800.75647,80.900688,20.72,801.42511,80.880749,24,801.42194,,,0,,,0,80.922611,24.25,801.4234,,,0,,,0,,,0,,,0

