PeptideSeq,Charge,Abun,mz,NDP,t0,i0,m0,t1,i1,m1,t2,i2,m2,t3,i3,m3,t6,i6,m6,t7,i7,m7,t9,i9,m9,t13,i13,m13,t16,i16,m16,t21,i21,m21,t24,i24,m24,t31,i31,m31
IDYIAGLDSR,2,40940730,561.79309,10,48.622402,43.55,561.79382,48.647087,0,561.79382,48.671047,45.6,561.79541,48.7318665,28.47,562.29614,48.8684385,0,561.79382,48.7331085,30.87,562.29596,,,0,48.491293,0,561.79382,48.832434,0,561.79382,48.385904,28.19,562.29565,,,0,48.8512895,0,561.79382
SFPDFPIPGVLFR,2,22188765.5555556,746.40338,10,81.341606,35.76,746.40631,81.4853745,29.22,746.40656,81.148861,44.84,746.90747,81.1745915,29.5,746.40472,81.121098,23.84,746.90625,81.1242905,22.35,746.90625,,,0,81.0847165,23.58,746.90814,80.9756395,36.94,746.90833,81.0327415,0,746.40588,,,0,80.9256745,19.26,746.90686
GFLFGPSLAQELGVGcVLIR,3,4417237.33333333,711.72235,10,87.274422,59.61,711.72351,87.4121245,0,711.72351,87.0940365,0,711.72351,87.094547,0,711.72351,87.2537725,0,711.72351,87.1048015,0,711.72351,,,0,86.97897,0,711.72351,86.8760035,0,711.72351,86.606598,19.01,712.39337,,,0,86.376911,26.74,712.39386

