PeptideSeq,Charge,Abun,mz,NDP,t0,i0,m0,t1,i1,m1,t2,i2,m2,t3,i3,m3,t6,i6,m6,t7,i7,m7,t9,i9,m9,t13,i13,m13,t16,i16,m16,t21,i21,m21,t24,i24,m24,t31,i31,m31
QLLDQVEQIQK,2,24758456.6666667,671.37225,4,47.901882,41.78,671.37311,47.653858,43.75,671.37311,47.9389935,48.59,671.37463,,,0,47.8638345,0,671.37311,,,0,,,0,,,0,,,0,,,0,,,0,,,0
cFIEEIPDETMVIGNYR,3,7025031.5,695.99219,4,69.0619085,46.51,695.99316,69.1289175,0,695.99316,68.993328,0,695.99316,,,0,69.0135075,44.17,696.32788,,,0,,,0,,,0,,,0,,,0,,,0,,,0
cFIEEIPDETMVIGNYR,2,10068989.3333333,1043.48462,4,69.0619085,76,1043.48804,69.154251,72.41,1043.48792,68.980991,66.53,1043.99023,,,0,69.001228,0,1043.48804,,,0,,,0,,,0,,,0,,,0,,,0,,,0

