PeptideSeq,Charge,Abun,mz,NDP,t0,i0,m0,t1,i1,m1,t2,i2,m2,t3,i3,m3,t6,i6,m6,t7,i7,m7,t9,i9,m9,t13,i13,m13,t16,i16,m16,t21,i21,m21,t24,i24,m24,t31,i31,m31
QVDMWQTR,2,42791728,532.25311,8,38.759882,27.24,532.25391,38.7830505,0,532.25391,38.433441,0,532.25391,38.5544335,0,532.25391,38.714495,22.21,532.25433,,,0,38.2311325,44.59,532.7608,38.1103325,28.98,532.2525,,,0,,,0,,,0,38.195322,29.39,532.75647
FESIAIAQEK,2,38000956.6666667,568.30328,8,41.1217195,26.4,568.30402,41.153952,0,568.30402,40.48782,32.11,568.30493,41.0097295,34.59,568.30353,41.0793055,0,568.30402,,,0,40.4994905,0,568.30402,40.3026275,0,568.30402,,,0,,,0,,,0,40.250528,0,568.30402
LGLSIPDLTPK,2,14025425,577.34497,8,61.7860415,28.66,577.34583,61.731525,35.01,577.3457,61.5888955,56.11,577.34558,61.5993805,0,577.34583,61.669897,18.37,577.3454,,,0,61.4660055,0,577.34583,61.3838845,0,577.34583,,,0,,,0,,,0,61.4216805,0,577.34583
DFIYSLHSTER,2,26230323.3333333,684.33313,8,43.5164035,22.82,684.33527,44.6884095,0,684.33527,43.1774275,28.23,684.83521,43.3424895,20.46,684.33502,43.9291405,0,684.33527,,,0,43.9180435,0,684.33527,43.5003185,0,684.33527,,,0,,,0,,,0,43.591871,0,684.33527

