PeptideSeq,Charge,Abun,mz,NDP,t0,i0,m0,t1,i1,m1,t2,i2,m2,t3,i3,m3,t6,i6,m6,t7,i7,m7,t9,i9,m9,t13,i13,m13,t16,i16,m16,t21,i21,m21,t24,i24,m24,t31,i31,m31
GDEELDSLIK,2,120442756.666667,559.78241,3,,,0,,,0,49.804085,26.91,559.78345,,,0,49.931488,31.75,560.28766,,,0,,,0,,,0,,,0,49.647104,41.03,559.78375,,,0,,,0
SAAILEYLTAEVLELAGNASK,3,4576102,721.72296,2,,,0,,,0,98.7246855,90.02,721.72321,,,0,,,0,,,0,,,0,,,0,,,0,99.1425555,57.15,722.05896,,,0,,,0
VGATAAVYSAAILEYLTAEVLELAGNASK,3,6949046,965.84985,3,,,0,,,0,99.281872,100.76,965.85144,,,0,99.3102,0,965.85144,,,0,,,0,,,0,,,0,99.2689015,0,965.85144,,,0,,,0
HLQLAIR,2,6523473000,425.76651,2,,,0,,,0,,,0,,,0,34.0259915,29.46,425.76666,,,0,,,0,,,0,,,0,33.381645,36.71,425.7674,,,0,,,0

