PeptideSeq,Charge,Abun,mz,NDP,t0,i0,m0,t1,i1,m1,t2,i2,m2,t3,i3,m3,t6,i6,m6,t7,i7,m7,t9,i9,m9,t13,i13,m13,t16,i16,m16,t21,i21,m21,t24,i24,m24,t31,i31,m31
LLLTSTGAGIIDVIK,2,2155116,757.46362,8,,,0,69.677673,31.95,757.46545,69.3415565,0,757.46545,69.22057,0,757.46545,69.3469695,0,757.46545,,,0,69.1465035,0,757.46545,4137.550781,0,757.46545,,,0,69.2652395,0,757.46545,69.2069855,0,757.46545,68.935589,22.21,757.96893
SADLNVDSIISYWK,2,2989850.85714286,805.90668,9,,,0,74.1506465,30.58,805.90875,73.9484025,0,805.90875,73.7547075,61.52,806.40826,73.9506265,24.81,806.90955,,,0,74.0864985,32.55,806.41071,73.9857715,28.54,806.9079,,,0,73.396965,27.01,806.91254,74.0883445,26,806.91357,73.7285725,0,805.90875
QYNFDGLNLDWQYPGSR,2,1960472.5,1036.97668,7,,,0,70.44273,40.77,1037.48315,70.2732735,0,1037.48315,70.1709365,0,1037.48315,70.3258895,27.98,1037.47827,,,0,70.18251,0,1037.48315,4209.751465,0,1037.48315,,,0,70.165436,0,1037.48315,70.2027095,0,1037.48315,4206.236328,0,1037.48315

