PeptideSeq,Charge,Abun,mz,NDP,t0,i0,m0,t1,i1,m1,t2,i2,m2,t3,i3,m3,t6,i6,m6,t7,i7,m7,t9,i9,m9,t13,i13,m13,t16,i16,m16,t21,i21,m21,t24,i24,m24,t31,i31,m31
GGSDPETTGIQIWSEVFTVK,2,7247377.5,1076.03381,3,79.765507,33.32,1076.5343,79.926022,0,1076.5343,79.6867675,33.74,1076.54517,,,0,,,0,,,0,,,0,,,0,,,0,,,0,,,0,,,0
EGGHSDWLGDPEEPLTGFSWR,3,4543004.5,791.35748,3,68.3483615,41.25,791.69482,67.799118,0,791.69482,68.242977,23.5,791.69263,,,0,,,0,,,0,,,0,,,0,,,0,,,0,,,0,,,0
EQHSFELEER,2,978101,652.29926,3,30.8566495,0,652.30127,30.915953,23.48,652.30127,30.611366,22.69,652.30048,,,0,,,0,,,0,,,0,,,0,,,0,,,0,,,0,,,0

