PeptideSeq,Charge,Abun,mz,NDP,t0,i0,m0,t1,i1,m1,t2,i2,m2,t3,i3,m3,t6,i6,m6,t7,i7,m7,t9,i9,m9,t13,i13,m13,t16,i16,m16,t21,i21,m21,t24,i24,m24,t31,i31,m31
AFLTLAEDILR,2,26738583.75,631.36115,12,78.606476,68.09,631.36188,79.2644885,61.21,631.86383,78.486641,0,631.36188,78.30233,0,631.36188,78.874985,0,631.36188,78.860752,0,631.36188,78.3334505,54.74,631.86371,78.2565685,58.68,631.86407,78.290859,58.59,631.86414,78.1365775,54.7,631.86432,78.340977,54.46,631.86511,77.538349,48.18,631.86481
NIDEHANEDVER,2,5050441.5,720.82111,12,22.3361445,57.79,720.82251,22.3182135,65.67,721.32507,22.303114,52.83,720.82373,21.715826,46.9,721.32587,21.846051,22.14,721.82587,21.7567365,0,720.82251,21.545107,19.05,721.32452,21.908884,0,720.82251,21.769184,0,720.82251,21.716301,0,720.82251,21.944973,0,720.82251,21.911167,0,720.82251
EPNSENVDISSGGGVTGWK,2,2741547.14285714,966.95032,12,46.5837995,52.37,966.95087,46.5995275,33.78,967.45612,46.383623,50.59,967.45331,46.959137,53.32,967.45612,46.5659085,17.48,967.45386,46.4688435,19.81,967.45349,46.2476945,0,966.95087,46.7055145,18.22,967.95782,46.216692,0,966.95087,46.1871415,0,966.95087,46.335745,0,966.95087,46.6022895,0,966.95087
ANINIEK,2,82685690,401.22687,12,24.3533985,0,401.22772,24.5476575,0,401.22772,24.221019,0,401.22772,24.1324335,0,401.22772,24.292987,0,401.22772,24.2229835,0,401.22772,23.91897,46.31,401.22772,23.6377605,47.08,401.22736,23.5591765,49.57,401.22739,25.3285315,0,401.22772,25.56836,0,401.22772,23.6712875,0,401.22772

