PeptideSeq,Charge,Abun,mz,NDP,t0,i0,m0,t1,i1,m1,t2,i2,m2,t3,i3,m3,t6,i6,m6,t7,i7,m7,t9,i9,m9,t13,i13,m13,t16,i16,m16,t21,i21,m21,t24,i24,m24,t31,i31,m31
VLETVGVFEVPK,2,13073144.8571429,658.87665,12,58.1206875,35.28,658.87708,57.8607215,56.05,658.87823,57.785803,64.84,658.87842,57.867212,39.98,658.87769,57.9035545,0,658.87708,57.9092655,0,658.87708,57.671055,40.33,659.37982,57.675558,36.06,659.37946,57.5433295,0,658.87708,57.6144485,0,658.87708,57.6500245,38.37,659.38104,57.5293235,0,658.87708
LENLDSDVVQLR,2,6467544.66666667,700.87262,12,50.728195,70.24,700.87354,50.653259,74.49,700.87469,50.821768,53.79,701.3764,50.889618,54.97,700.87524,51.0004025,56.11,701.37622,50.531874,53.38,701.37787,50.373333,53.27,701.37592,50.2895925,55.61,701.37634,50.6967235,41.18,700.87329,50.7460975,56.95,701.37433,50.353277,53.72,701.37799,50.523119,55.85,701.37665
YETGQLFLHSVFGYR,3,8300129.14285714,606.30542,12,66.3464395,54.97,606.30603,67.1158445,30.17,606.30652,66.193024,30.46,606.64044,66.083084,0,606.30603,66.5022735,28.05,606.64063,66.360466,21.72,606.64178,66.0282215,0,606.30603,66.507019,0,606.30603,65.939037,20.69,606.64227,66.0628545,21.11,606.6424,66.717804,0,606.30603,66.398285,0,606.30603
IFSLSGTLETVR,2,132452725,661.86938,12,58.702709,0,661.87115,58.7545945,44.26,661.87115,58.382357,50.24,661.87079,58.9005565,0,661.87115,58.5777855,0,661.87115,58.5919685,49.47,661.87042,58.3785685,0,661.87115,59.274189,0,661.87115,58.1784765,48.39,662.37305,58.9415855,0,661.87115,58.927971,0,661.87115,59.3001555,0,661.87115

