PeptideSeq,Charge,Abun,mz,NDP,t0,i0,m0,t1,i1,m1,t2,i2,m2,t3,i3,m3,t6,i6,m6,t7,i7,m7,t9,i9,m9,t13,i13,m13,t16,i16,m16,t21,i21,m21,t24,i24,m24,t31,i31,m31
ENDPSNVLLFLVGSK,2,3748229.75,816.43561,4,77.600792,23.39,816.43939,,,0,77.3595695,72.76,816.94073,77.544617,36.89,816.43909,,,0,77.1222305,16.76,816.93982,,,0,,,0,,,0,,,0,,,0,,,0

