PeptideSeq,Charge,Abun,mz,NDP,t0,i0,m0,t1,i1,m1,t2,i2,m2,t3,i3,m3,t6,i6,m6,t7,i7,m7,t9,i9,m9,t13,i13,m13,t16,i16,m16,t21,i21,m21,t24,i24,m24,t31,i31,m31
LNEQHQLILSK,3,7698844.66666667,441.58572,3,31.9588205,25.19,441.58636,,,0,,,0,,,0,31.9027475,23.09,441.92084,31.7867545,22.13,441.92065,,,0,,,0,,,0,,,0,,,0,,,0

