PeptideSeq,Charge,Abun,mz,NDP,t0,i0,m0,t1,i1,m1,t2,i2,m2,t3,i3,m3,t6,i6,m6,t7,i7,m7,t9,i9,m9,t13,i13,m13,t16,i16,m16,t21,i21,m21,t24,i24,m24,t31,i31,m31
TTPDVIFVFGFR,2,65891609.1666667,699.87445,12,75.9362185,61.77,699.87549,76.0552675,58.74,699.87622,75.8053665,61.78,699.87622,75.734535,52.03,699.87573,75.8222235,51.07,699.87695,75.841793,52.85,700.37708,75.671131,47.03,700.37714,75.6406135,36.9,700.37701,75.5986175,30.44,700.37781,75.6262815,47.99,700.37866,75.697544,48.51,700.37897,75.506748,49.17,700.3783
TTGFGMIYDSLDYAK,2,78474258.3333333,841.39252,12,66.80196,55.05,841.3924,66.8660815,56.96,841.89783,66.636673,54.48,841.39319,66.6181335,57.45,841.89374,66.7571795,55.46,841.39282,66.715149,24.77,842.39594,66.502632,52.4,841.39258,66.3620645,27.94,842.39886,66.383823,33.85,841.89551,66.4530145,23.39,841.89325,66.5246925,26.33,841.89771,66.3630905,21.31,841.89429
TTGFGmIYDSLDYAK,2,4171631.66666667,849.39001,12,60.4796335,21.59,849.38922,60.4703965,0,849.38922,60.3149625,26.72,849.89178,60.3208695,22.51,849.38965,60.5904505,0,849.38922,60.6382485,0,849.38922,60.368969,0,849.38922,60.380247,0,849.38922,60.3249685,0,849.38922,60.30611,0,849.38922,60.3820835,0,849.38922,60.2894245,0,849.38922

