PeptideSeq,Charge,Abun,mz,NDP,t0,i0,m0,t1,i1,m1,t2,i2,m2,t3,i3,m3,t6,i6,m6,t7,i7,m7,t9,i9,m9,t13,i13,m13,t16,i16,m16,t21,i21,m21,t24,i24,m24,t31,i31,m31
TQEFPHILTLIGR,3,8348191.5,508.95593,3,63.654507,44.04,508.95944,,,0,,,0,63.232254,32.06,509.29196,,,0,,,0,,,0,,,0,,,0,63.094761,0,508.95944,,,0,,,0

