PeptideSeq,Charge,Abun,mz,NDP,t0,i0,m0,t1,i1,m1,t2,i2,m2,t3,i3,m3,t6,i6,m6,t7,i7,m7,t9,i9,m9,t13,i13,m13,t16,i16,m16,t21,i21,m21,t24,i24,m24,t31,i31,m31
TVAAcDLLQGLLHK,3,6507527,513.61682,5,62.698488,34.53,513.6181,62.7307855,0,513.6181,62.466257,32.2,513.61768,62.5012165,31.44,513.95276,,,0,,,0,,,0,,,0,62.736435,0,513.6181,,,0,,,0,,,0

