PeptideSeq,Charge,Abun,mz,NDP,t0,i0,m0,t1,i1,m1,t2,i2,m2,t3,i3,m3,t6,i6,m6,t7,i7,m7,t9,i9,m9,t13,i13,m13,t16,i16,m16,t21,i21,m21,t24,i24,m24,t31,i31,m31
IGVVGGSDFEK,2,31471595.4545455,554.28766,11,39.680933,52.96,554.28784,39.828001,62.67,554.28931,39.2339365,47.39,554.28961,39.269123,47.25,554.28979,38.681408,24.78,554.28857,39.2670215,52.69,554.79053,38.9770565,26.49,554.79041,38.411894,32.61,554.79175,38.820343,27.79,554.79083,38.15448,32.97,554.28986,,,0,38.736645,32.18,554.79175
NGMLNVSPIGR,2,11910015,579.30841,11,54.741659,0,579.80237,54.963175,0,579.80237,54.7824325,0,579.80237,54.5087835,27.67,579.80237,54.9583855,0,579.80237,54.5440995,0,579.80237,54.3810885,0,579.80237,54.9654615,0,579.80237,54.7232725,28.71,580.30811,54.9222105,0,579.80237,,,0,54.745056,0,579.80237

