PeptideSeq,Charge,Abun,mz,NDP,t0,i0,m0,t1,i1,m1,t2,i2,m2,t3,i3,m3,t6,i6,m6,t7,i7,m7,t9,i9,m9,t13,i13,m13,t16,i16,m16,t21,i21,m21,t24,i24,m24,t31,i31,m31
AAFFGVT,2,26080506.4545455,356.68686,11,36.3961465,30.59,356.69269,,,0,36.081577,28.63,356.69299,36.2009655,32.03,356.69281,36.273241,29.21,356.69272,36.211327,32.15,356.69293,35.8102875,29.2,356.69247,35.791758,31.95,356.69241,35.674347,28.65,357.19507,35.656561,31.8,356.69315,35.6930525,35.42,356.69315,35.7222655,29.13,356.69336

