PeptideSeq,Charge,Abun,mz,NDP,t0,i0,m0,t1,i1,m1,t2,i2,m2,t3,i3,m3,t6,i6,m6,t7,i7,m7,t9,i9,m9,t13,i13,m13,t16,i16,m16,t21,i21,m21,t24,i24,m24,t31,i31,m31
VLALDAAAFLK,2,3479534,566.34222,9,66.6118815,0,566.34381,66.7120175,22.18,566.34381,66.3987465,36.31,566.34338,66.413799,26.56,566.84546,66.49028,24.51,566.84558,,,0,66.27095,27.19,566.84515,66.119366,39.58,566.84644,66.166912,28.41,566.84601,66.229557,31.78,566.84668,,,0,,,0

