PeptideSeq,Charge,Abun,mz,NDP,t0,i0,m0,t1,i1,m1,t2,i2,m2,t3,i3,m3,t6,i6,m6,t7,i7,m7,t9,i9,m9,t13,i13,m13,t16,i16,m16,t21,i21,m21,t24,i24,m24,t31,i31,m31
LSTWAGALLR,2,8192851.375,544.31653,8,58.3309365,28.86,544.8205,58.1627275,26.25,544.31805,57.5380155,39.22,544.31982,57.9531535,41.75,544.31726,57.406467,36.5,544.8205,57.5716495,32.38,544.31934,,,0,56.906986,25.14,544.81964,,,0,57.004984,26.39,544.31958,,,0,,,0

