PeptideSeq,Charge,Abun,mz,NDP,t0,i0,m0,t1,i1,m1,t2,i2,m2,t3,i3,m3,t6,i6,m6,t7,i7,m7,t9,i9,m9,t13,i13,m13,t16,i16,m16,t21,i21,m21,t24,i24,m24,t31,i31,m31
FLNTMSVYSVSPEK,2,21236933.3333333,801.39764,7,53.9411735,54.46,801.3988,53.8392465,75.77,801.40039,,,0,54.0384595,55.85,801.90057,54.724342,0,801.3988,54.661871,0,801.3988,,,0,,,0,,,0,54.361828,0,801.3988,54.380064,0,801.3988,,,0
NYVEDIPFLSPVYNPQEVFIR,3,7956288.33333333,847.1004,7,83.0084995,55.17,847.10321,82.7806585,17.23,847.43787,,,0,82.5510715,65.46,847.43848,82.5406875,0,847.10321,82.400803,0,847.10321,,,0,,,0,,,0,82.4811405,0,847.10321,82.5560955,0,847.10321,,,0
NYVEDIPFLSPVYNPQEVFIR,2,1205818.75,1270.14697,6,82.621933,64.82,1270.65247,82.7702405,24.53,1270.64905,,,0,82.524387,30.26,1270.65479,82.4842795,20.75,1270.65234,82.5518835,0,1270.65247,,,0,,,0,,,0,82.440437,0,1270.65247,4958.904297,0,1270.65247,,,0
GSAVIHTDEASSEVLYPNYQScWVLK,3,15641225,985.1394,7,60.518183,55.91,985.14673,60.622337,50.92,985.80914,,,0,60.322296,32.66,985.47803,60.3945755,22.44,985.48083,60.4537565,0,985.14673,,,0,,,0,,,0,60.2820855,0,985.14673,60.6213325,0,985.14673,,,0
TVDPTTAPSK,2,3115236,508.76657,7,20.441306,0,508.76791,20.490373,0,508.76791,,,0,20.3225845,18.38,508.76791,20.494833,0,508.76791,20.804795,26.31,508.76743,,,0,,,0,,,0,19.83012,0,508.76791,19.9886595,0,508.76791,,,0
EWFVQLFYNGK,2,5156059.5,715.85876,7,77.046627,0,716.36255,77.350231,0,716.36255,,,0,76.3056255,0,716.36255,76.401375,0,716.36255,76.891148,0,716.36255,,,0,,,0,,,0,76.267937,22.33,716.36255,76.297657,25.36,716.36432,,,0

