PeptideSeq,Charge,Abun,mz,NDP,t0,i0,m0,t1,i1,m1,t2,i2,m2,t3,i3,m3,t6,i6,m6,t7,i7,m7,t9,i9,m9,t13,i13,m13,t16,i16,m16,t21,i21,m21,t24,i24,m24,t31,i31,m31
YNGLIHR,2,29674772.5,436.74048,12,26.255026,37.28,436.74072,25.8194885,0,436.74072,25.563985,40.03,436.74139,25.48594,0,436.74072,25.670627,0,436.74072,25.615647,53.75,436.74088,25.3295605,35.8,437.24304,25.5016205,0,436.74072,25.520289,0,436.74072,25.369242,0,436.74072,25.51733,0,436.74072,25.638913,0,436.74072
KPATSYVR,2,28330683.75,461.26126,12,18.9151735,52.27,461.26138,18.9992515,0,461.26138,18.7450445,39.85,461.26184,18.7301445,0,461.26138,18.8679695,51.86,461.26123,18.8193655,34.39,461.76379,18.5744295,39.02,461.26129,18.4027165,46.96,461.76361,18.341712,38.85,461.26166,18.355141,38.81,461.2616,18.4055565,0,461.26138,18.4478035,0,461.26138
TVGVEPAADGK,2,46709488,522.27203,12,23.691045,34.22,522.27271,23.9424325,34.64,522.2735,23.860183,39.82,522.27405,23.7786905,29.83,522.77759,23.6394205,0,522.27271,23.8912575,32.99,522.77527,23.585026,0,522.27271,23.448209,0,522.27271,23.3686015,0,522.27271,23.288454,0,522.27271,23.215708,0,522.27271,23.1036795,0,522.27271
QTYSTEPNNLK,2,75873949,647.81732,12,26.633071,25.64,647.81757,26.709342,0,647.81757,26.4927275,23.07,647.81909,26.4713675,17.01,647.81799,26.6365355,25.66,647.81781,26.5678565,23.68,648.32025,26.2414625,19.09,648.32111,26.1551915,20.1,648.3205,26.021203,24.32,648.3205,25.9257335,24.34,648.32098,26.1936885,33.63,648.3219,26.210276,0,647.81757
NcSSFLIK,2,62313237.5,484.74713,12,39.4562915,0,484.74829,39.570524,0,484.74829,39.1693635,0,484.74829,39.2710325,29.22,484.74829,39.096535,26.74,484.74796,39.312748,29.41,484.74786,38.9315055,0,484.74829,38.86825,0,484.74829,38.8124845,0,484.74829,38.5962965,0,484.74829,38.8198225,0,484.74829,38.812403,35.44,484.74893

