PeptideSeq,Charge,Abun,mz,NDP,t0,i0,m0,t1,i1,m1,t2,i2,m2,t3,i3,m3,t6,i6,m6,t7,i7,m7,t9,i9,m9,t13,i13,m13,t16,i16,m16,t21,i21,m21,t24,i24,m24,t31,i31,m31
EWSGLLEELAR,2,7474619.6,651.83801,9,70.319847,29.67,651.83923,70.5196535,45.4,651.8407,70.1720315,45.74,652.34167,70.1205365,28.16,651.83759,70.79858,39.15,652.34064,70.294571,0,651.83923,70.4670335,0,651.83923,70.369236,0,651.83923,69.902912,0,651.83923,,,0,,,0,,,0
MFAIYDGFEGFANGQIK,2,5085133,954.45343,9,73.823261,56.75,954.45563,73.9893,0,954.45563,73.7684705,17.35,954.95892,73.6873245,0,954.45563,73.519878,0,954.45563,73.868649,0,954.45563,73.6943435,0,954.45563,73.1889725,0,954.45563,73.1791035,0,954.45563,,,0,,,0,,,0
EIGWADVGGWTGQGGSILGTK,2,46149675.7142857,1045.02112,9,70.0527495,68.39,1045.02124,70.22517,58.78,1045.026,69.9160575,67.14,1045.52686,69.8928455,52.94,1045.53101,70.185608,44.69,1045.52441,70.0522535,0,1045.02124,69.839638,46.85,1045.52759,69.7508395,0,1045.02124,69.6999815,25.83,1045.52576,,,0,,,0,,,0
SNcNVAVINVGAPAAGMNAAVR,3,5411422.5,719.36151,9,52.36862,20.3,719.36444,52.2874355,0,719.36444,52.1466045,0,719.36444,52.1607345,21.47,719.36481,52.547678,0,719.36444,52.145014,0,719.36444,51.9774975,0,719.36444,51.9394225,0,719.36444,51.892456,0,719.36444,,,0,,,0,,,0
LGITNLcVIGGDGSLTGANLFR,3,1269284,750.06335,9,75.4194985,30.48,750.06525,75.53899,21.21,750.40033,75.3275565,39.47,750.40253,75.2180675,24.21,750.39832,75.000244,0,750.06525,75.365425,24.95,750.40002,74.895111,0,750.06525,75.148659,0,750.06525,75.186195,0,750.06525,,,0,,,0,,,0
YEASYDMSDSGK,2,3378236,676.76917,9,31.175512,0,676.77051,31.225126,0,676.77051,31.0537135,53.24,676.77051,31.0898275,34.75,676.77069,31.205471,0,676.77051,31.1223415,0,676.77051,30.8771185,0,676.77051,30.8247605,28.63,677.27167,30.716046,0,676.77051,,,0,,,0,,,0
LGITNLcVIGGDGSLTGANLFR,2,358883,1124.59131,6,75.405857,0,1125.09485,75.500458,26.15,1125.09485,75.327316,0,1125.09485,75.2054175,21.85,1125.09656,4537.177734,0,1125.09485,4538.954102,0,1125.09485,4530.943848,0,1125.09485,74.5734675,0,1125.09485,74.492523,0,1125.09485,,,0,,,0,,,0
AIGVLTSGGDAQGMNAAVR,2,6377644,894.45709,1,,,0,47.0631505,47.93,894.9613,,,0,,,0,,,0,,,0,,,0,,,0,,,0,,,0,,,0,,,0

