PeptideSeq,Charge,Abun,mz,NDP,t0,i0,m0,t1,i1,m1,t2,i2,m2,t3,i3,m3,t6,i6,m6,t7,i7,m7,t9,i9,m9,t13,i13,m13,t16,i16,m16,t21,i21,m21,t24,i24,m24,t31,i31,m31
VYSTSVTGSR,2,72780040,528.76965,12,24.3430415,60.85,528.76996,24.414802,43.53,528.77118,24.267699,57.03,529.27179,24.1644155,53.39,528.77051,24.319342,39.99,528.77063,24.254973,38.43,528.77057,23.9546425,47.92,529.27271,23.8371995,60.6,529.27283,23.7023165,45.2,529.27258,23.631691,57.59,529.27271,23.9075915,47.35,529.27344,23.854703,52.55,529.27374
IQYQLVDISQDNALR,2,6589965.14285714,888.46796,12,57.841806,61.42,888.46924,57.698179,88.41,888.47253,57.561697,67.31,888.97131,57.617176,35.61,888.97192,57.679283,68.26,888.97137,57.6808035,63.94,888.97308,57.481346,0,888.46924,57.4325255,48.92,888.97186,57.3517095,0,888.46924,57.425764,0,888.46924,57.4754965,0,888.46924,57.4019185,0,888.46924

