PeptideSeq,Charge,Abun,mz,NDP,t0,i0,m0,t1,i1,m1,t2,i2,m2,t3,i3,m3,t6,i6,m6,t7,i7,m7,t9,i9,m9,t13,i13,m13,t16,i16,m16,t21,i21,m21,t24,i24,m24,t31,i31,m31
VFIGNLNTAVVK,2,11534234.2,637.87701,10,51.686842,67.14,637.87756,51.621187,39.68,637.87805,51.4004535,60.9,638.38043,,,0,51.5277425,61.54,638.37952,51.393507,47.47,638.38068,51.22802,62.77,638.37958,,,0,51.1130905,61.23,638.38025,51.1130465,59.1,638.38123,51.1325015,62.93,638.3811,51.063343,48.33,638.3833
GYAFVQYANER,2,16549077.7142857,659.31476,10,45.065096,41.73,659.31451,45.504457,34.37,659.31708,44.809782,0,659.31451,,,0,45.3628845,0,659.31451,45.3038595,23.95,659.81781,44.647526,36.3,659.81781,,,0,44.5527535,26.97,659.81842,44.5799525,31.43,659.81897,44.656559,23.76,659.82025,44.557276,0,659.31451

