PeptideSeq,Charge,Abun,mz,NDP,t0,i0,m0,t1,i1,m1,t2,i2,m2,t3,i3,m3,t6,i6,m6,t7,i7,m7,t9,i9,m9,t13,i13,m13,t16,i16,m16,t21,i21,m21,t24,i24,m24,t31,i31,m31
AEASGSLGGLTR,2,8589748.66666667,559.79364,3,32.428119,30,559.79675,,,0,,,0,32.297389,38.15,560.29565,32.3913265,26.27,559.79474,,,0,,,0,,,0,,,0,,,0,,,0,,,0

