PeptideSeq,Charge,Abun,mz,NDP,t0,i0,m0,t1,i1,m1,t2,i2,m2,t3,i3,m3,t6,i6,m6,t7,i7,m7,t9,i9,m9,t13,i13,m13,t16,i16,m16,t21,i21,m21,t24,i24,m24,t31,i31,m31
SSSVDYFWYR,2,47543685.4545455,655.29602,12,57.8282895,51.3,655.29541,57.7855605,0,655.29541,57.536953,57.79,655.79877,57.6532805,33.47,655.79938,57.69202,46.4,655.79907,57.668064,43.65,655.79962,57.4444275,43.83,655.79828,57.3956375,34.94,655.79816,57.2752515,38.26,655.79901,57.361397,31.74,655.79932,57.405346,31.32,655.80084,57.290508,44.82,655.80048
IPSLDELEVIEK,2,100656720,692.88214,12,63.0396045,46.59,692.8797,62.871414,0,692.8797,63.7094975,0,692.8797,63.811951,0,692.8797,63.921766,0,692.8797,63.939167,0,692.8797,63.7003155,0,692.8797,63.6311395,31.35,693.38922,63.608974,0,692.8797,63.6695045,0,692.8797,63.6901165,0,692.8797,63.338417,0,692.8797
GSMGVWSSIHPALK,2,2277061.5,735.38208,11,50.164589,25.89,735.37946,50.28216,0,735.37946,49.803196,0,735.37946,49.9039095,0,735.37946,49.448212,16.16,735.8847,49.557726,0,735.37946,49.7293455,0,735.37946,2959.789063,0,735.37946,49.012985,0,735.37946,49.652771,0,735.37946,49.660698,0,735.37946,48.920856,0,735.37946
GSMGVWSSIHPALK,3,15845751.9,490.59048,12,49.7115995,34.66,490.59055,49.673817,29.55,490.59183,49.3142435,39.58,490.59027,49.444561,51.13,490.92599,49.548473,27,490.92599,49.4800755,25.04,490.92471,49.259798,23.4,490.92554,49.1551055,0,490.59055,49.127178,21.29,491.25888,49.239504,34.31,491.26093,49.1620635,31.33,490.92596,48.9260255,0,490.59055
LVLPNPGLEER,2,45121146,618.85095,12,50.091776,0,618.85248,50.0605795,95.74,618.85248,49.8288705,0,618.85248,49.910061,0,618.85248,49.9314805,37.75,619.35394,49.863054,48.87,619.35425,49.6778225,25.54,619.35425,49.9162255,0,618.85248,49.5633065,0,618.85248,49.585838,0,618.85248,49.6137355,46.15,619.35522,49.5641535,0,618.85248

