PeptideSeq,Charge,Abun,mz,NDP,t0,i0,m0,t1,i1,m1,t2,i2,m2,t3,i3,m3,t6,i6,m6,t7,i7,m7,t9,i9,m9,t13,i13,m13,t16,i16,m16,t21,i21,m21,t24,i24,m24,t31,i31,m31
KPASGTLDVSLNR,2,2209475.33333333,679.37531,7,33.1442415,45.44,679.37732,33.487856,20.48,679.37836,33.0901145,49.66,679.37805,33.2209265,0,679.37732,33.6237525,0,679.37732,,,0,33.2261485,0,679.37732,,,0,,,0,,,0,33.185566,0,679.37732,,,0
SANSELGGIWSVGQR,2,6294143.14285714,780.89191,7,54.9376255,71.84,780.89264,54.9735985,89.23,781.39355,54.725803,96.29,780.89453,54.3842255,83.93,780.89136,54.634113,85.82,780.89447,,,0,54.3553295,63.02,781.39276,,,0,,,0,,,0,54.152681,56.52,781.39282,,,0

