PeptideSeq,Charge,Abun,mz,NDP,t0,i0,m0,t1,i1,m1,t2,i2,m2,t3,i3,m3,t6,i6,m6,t7,i7,m7,t9,i9,m9,t13,i13,m13,t16,i16,m16,t21,i21,m21,t24,i24,m24,t31,i31,m31
EVLEGLDYLHR,3,34548000,448.56998,3,,,0,,,0,50.6819245,41.24,448.9068,,,0,,,0,50.7120895,0,448.9068,,,0,,,0,50.409153,22.63,448.90805,,,0,,,0,,,0

