PeptideSeq,Charge,Abun,mz,NDP,t0,i0,m0,t1,i1,m1,t2,i2,m2,t3,i3,m3,t6,i6,m6,t7,i7,m7,t9,i9,m9,t13,i13,m13,t16,i16,m16,t21,i21,m21,t24,i24,m24,t31,i31,m31
QYAGcDYSQQGR,2,4626178.25,716.79913,5,24.346637,43.49,716.79865,24.377674,29.26,716.80157,24.3144905,22.16,717.30396,24.2075825,20.51,717.30225,,,0,,,0,,,0,,,0,,,0,,,0,23.957598,0,716.79865,,,0

