PeptideSeq,Charge,Abun,mz,NDP,t0,i0,m0,t1,i1,m1,t2,i2,m2,t3,i3,m3,t6,i6,m6,t7,i7,m7,t9,i9,m9,t13,i13,m13,t16,i16,m16,t21,i21,m21,t24,i24,m24,t31,i31,m31
NGNPLNSVFVAPAVTPVK,2,4479652,912.50433,12,61.959812,48.29,912.50537,61.995434,39.07,913.00958,62.196579,47.43,913.01129,62.2891575,0,912.50537,61.8330935,0,912.50537,61.822386,18.98,913.51349,62.13265,0,912.50537,62.0882835,0,912.50537,62.544718,0,912.50537,62.764973,0,912.50537,62.61882,17.91,913.01117,61.584963,0,912.50537
VYIIAHVPVGYLPYATDTPAIR,3,5540396.81818182,810.44574,11,66.3848455,33.58,810.78162,66.6737405,17.12,810.78302,66.1643715,26.93,811.11853,66.1594085,22.28,811.11676,66.2726325,30.33,811.11737,66.23336,31.13,810.78333,65.9640655,21.41,811.11633,65.8892365,24.95,811.11633,65.88908,18.71,811.11688,3977.946533,0,810.78162,66.0735395,18.92,811.11841,65.772396,28.5,811.11829
VYSAVADLWKPWLGEEAISTLK,3,20533743.5,826.10895,12,79.5326805,34.94,826.11047,79.355385,0,826.11047,78.212097,16.31,826.44653,78.6961095,0,826.11047,78.745392,0,826.11047,78.5735015,0,826.11047,78.606392,0,826.11047,78.4925465,0,826.11047,78.578934,0,826.11047,78.5402945,0,826.11047,78.5705455,0,826.11047,78.3165665,0,826.11047
DSLMVLSDK,2,75269106.6666667,504.25751,12,46.6024895,0,504.76065,46.75116,0,504.76065,46.539942,0,504.76065,46.482628,0,504.76065,46.5595415,20.92,504.76065,46.3342725,0,504.76065,46.1399975,0,504.76065,46.2040825,0,504.76065,46.207838,0,504.76065,46.1931665,19.4,504.76022,46.3125,33.4,504.76242,46.4034765,0,504.76065

