PeptideSeq,Charge,Abun,mz,NDP,t0,i0,m0,t1,i1,m1,t2,i2,m2,t3,i3,m3,t6,i6,m6,t7,i7,m7,t9,i9,m9,t13,i13,m13,t16,i16,m16,t21,i21,m21,t24,i24,m24,t31,i31,m31
AVLFcLSDDKR,3,19389807.7777778,441.89569,11,44.2211225,36.99,441.89615,44.3489705,44.32,441.89728,43.89093,33.92,441.89615,43.993624,37.05,441.89609,44.1155395,37.18,441.89621,44.0268555,40.64,442.2308,44.5094945,0,441.89615,,,0,43.564014,32.33,442.23065,43.652639,37.4,442.23151,45.0425585,0,441.89615,43.495926,34.82,442.23206
HEWQVNGLDDIKDR,3,25108262.2222222,575.61652,11,41.7557375,45.87,575.95123,41.8217355,48.06,575.61731,40.518492,52.91,575.95123,41.089029,68.45,575.61749,41.3178445,0,575.95123,40.8043255,42.76,575.9527,40.368843,37.36,575.95221,,,0,40.267208,18.41,576.28662,41.329178,0,575.95123,40.2156465,38.57,575.95392,40.153416,26.44,575.95392
KEDLVFIFWAPESAPLK,3,15816263.2,664.02765,11,74.6935885,34.02,664.02917,75.295517,0,664.02917,74.746227,0,664.02917,74.5227775,30.64,664.36285,74.7019465,0,664.02917,74.8032115,24.88,664.36426,74.517643,0,664.02917,,,0,74.5923885,0,664.02917,73.900608,17.43,664.36456,73.9500385,17.95,664.36542,73.7929385,0,664.02917
QILVGDIGDTVEDPYTSFVK,2,10710577,1098.55713,11,69.7479595,59.71,1098.55933,69.7886045,32.53,1098.55823,69.827324,24.19,1099.56421,69.5771675,33.57,1099.06042,69.69215,0,1098.55933,69.6964645,0,1098.55933,69.685455,0,1098.55933,,,0,69.433647,0,1098.55933,69.685688,0,1098.55933,69.783104,0,1098.55933,69.4760625,0,1098.55933
QILVGDIGDTVEDPYTSFVK,3,6800824,732.70721,11,69.278847,35.94,732.70966,69.932392,33.57,733.04236,69.8651315,27.31,733.04315,69.7536885,0,732.70966,69.4161415,21.35,733.37805,69.4707945,0,732.70966,69.723213,0,732.70966,,,0,69.6107485,0,732.70966,69.915325,0,732.70966,69.42458,0,732.70966,68.53133,0,732.70966

