PeptideSeq,Charge,Abun,mz,NDP,t0,i0,m0,t1,i1,m1,t2,i2,m2,t3,i3,m3,t6,i6,m6,t7,i7,m7,t9,i9,m9,t13,i13,m13,t16,i16,m16,t21,i21,m21,t24,i24,m24,t31,i31,m31
IIAELWDAGIK,2,19565303.3333333,614.8504,5,62.5490515,34.99,614.85156,,,0,62.3169555,0,614.85156,62.328724,22.55,614.85181,62.4264965,25.03,614.85004,,,0,,,0,,,0,,,0,62.2640135,0,614.85156,,,0,,,0
DQGGELLSLR,2,6830268,544.29071,1,,,0,,,0,,,0,,,0,,,0,,,0,,,0,,,0,,,0,49.4301795,29.79,544.79437,,,0,,,0

