PeptideSeq,Charge,Abun,mz,NDP,t0,i0,m0,t1,i1,m1,t2,i2,m2,t3,i3,m3,t6,i6,m6,t7,i7,m7,t9,i9,m9,t13,i13,m13,t16,i16,m16,t21,i21,m21,t24,i24,m24,t31,i31,m31
ISVSDLINGIASLK,2,33579658.5714286,715.41669,10,82.6862675,105.17,715.41815,82.806465,104.8,715.41858,82.5636405,80.44,715.92059,82.576149,84.35,715.92041,82.5921365,41.38,715.92004,82.602371,53.18,715.92029,82.562756,27.37,716.42255,82.573517,0,715.41815,,,0,82.5077705,0,715.41815,82.5684245,0,715.41815,,,0
NVEAQSTEEMFVK,2,44518502,756.35596,10,43.749445,0,756.35791,43.7769795,0,756.35791,43.464018,0,756.35791,43.600977,74.72,756.35791,43.696932,58.59,756.85956,43.595129,0,756.35791,43.678907,0,756.35791,43.649139,41.4,756.8595,,,0,43.2748875,51.66,756.86066,43.7077715,45.47,756.86133,,,0
SYIFIYDGNK,2,2309475.5,610.30328,10,53.656677,0,610.80597,54.125118,0,610.80597,53.40979,0,610.80597,53.706276,0,610.80597,53.0415305,0,610.80597,53.064751,0,610.80597,53.203905,25.7,610.80597,52.8725185,20.82,610.3028,,,0,53.443905,0,610.80597,52.704235,0,610.80597,,,0

