PeptideSeq,Charge,Abun,mz,NDP,t0,i0,m0,t1,i1,m1,t2,i2,m2,t3,i3,m3,t6,i6,m6,t7,i7,m7,t9,i9,m9,t13,i13,m13,t16,i16,m16,t21,i21,m21,t24,i24,m24,t31,i31,m31
GMFTAEDLR,2,64376250,520.2475,12,46.3361775,63.95,520.2486,46.3897,44.38,520.24927,46.063942,50.43,520.24878,46.214998,45.74,520.74908,45.942768,0,520.2486,46.12698,50.99,520.24872,45.8497045,42.55,520.7489,45.7972355,38.83,520.74988,45.7116315,40.51,520.75012,45.734497,42.44,520.75049,45.829666,46.94,520.75116,45.694204,42.84,520.75208
HPNFLVVEK,2,59025226.6666667,541.80328,12,37.9265495,30.93,541.80353,38.357006,0,541.80353,37.602539,28.64,541.80432,37.7018395,25.55,541.80438,37.844076,39.15,542.30597,37.8175925,0,541.80353,36.995291,33.59,541.80371,37.356552,31.71,542.30579,37.890459,0,541.80353,37.4420435,0,541.80353,37.4264015,0,541.80353,37.2252005,0,541.80353
SIPAVLEIPSK,2,42437087.1428571,577.34497,12,54.215166,44.13,577.34552,54.1242585,26.66,577.34406,53.9376225,37.54,577.34479,53.9932385,40.44,577.34406,54.0745605,35.19,577.84583,54.0011905,33.18,577.84442,53.8045275,22.81,577.84766,53.805691,0,577.34552,53.6708145,0,577.34552,53.7031955,0,577.34552,53.743353,0,577.34552,53.7186835,0,577.34552
DTTINEIEDTFR,2,38405790,727.34387,12,63.5403745,65.13,727.34406,63.5575655,59.12,727.84717,63.3326585,0,727.34406,63.483984,0,727.34406,63.364246,0,727.34406,63.4981785,0,727.34406,63.1002445,0,727.34406,63.048906,0,727.34406,63.7475875,0,727.34406,63.0714705,0,727.34406,63.4633405,47.65,727.84833,63.3732755,31.65,728.35046
DDIGIILINQYIAEMVR,3,19976315.25,659.35553,12,97.4720075,24.49,659.35522,97.5117605,0,659.35522,97.4018025,0,659.35522,97.407261,22.61,659.68958,97.3918075,0,659.35522,97.483845,34.43,659.69006,97.4609375,32.06,659.69025,97.463463,0,659.35522,97.390209,0,659.35522,97.425751,0,659.35522,97.447739,0,659.35522,97.418579,0,659.35522
DDIGIILINQYIAEMVR,2,17760292.6666667,988.52966,12,97.4487875,60.67,988.53198,97.5465205,0,988.53088,97.406086,0,988.53088,97.407261,0,988.53088,97.4048535,0,988.53088,97.483845,31.72,989.03168,97.4738925,0,988.53088,97.46706,29.12,989.53613,97.378704,0,988.53088,97.435116,0,988.53088,97.4463235,0,988.53088,97.4178845,0,988.53088
LIAVIGDEDTVTGFLLGGIGELNK,3,11078183,815.44763,12,88.6780435,84.18,815.44946,88.758427,57.85,815.44971,88.508812,51.9,815.78375,88.51173,0,815.44946,88.494503,64.63,815.784,88.6250875,0,815.44946,88.579708,0,815.44946,88.896511,0,815.44946,88.5058405,0,815.44946,88.46196,0,815.44946,88.5183985,0,815.44946,88.612194,0,815.44946

