PeptideSeq,Charge,Abun,mz,NDP,t0,i0,m0,t1,i1,m1,t2,i2,m2,t3,i3,m3,t6,i6,m6,t7,i7,m7,t9,i9,m9,t13,i13,m13,t16,i16,m16,t21,i21,m21,t24,i24,m24,t31,i31,m31
FGDAASLLLSLMTSQIAPR,3,2052034.75,664.35919,4,99.0310745,90.15,664.69476,99.0270885,39.62,664.35876,99.017006,28.54,664.36255,99.0030175,24.25,664.35999,,,0,,,0,,,0,,,0,,,0,,,0,,,0,,,0

