PeptideSeq,Charge,Abun,mz,NDP,t0,i0,m0,t1,i1,m1,t2,i2,m2,t3,i3,m3,t6,i6,m6,t7,i7,m7,t9,i9,m9,t13,i13,m13,t16,i16,m16,t21,i21,m21,t24,i24,m24,t31,i31,m31
DRLEGLLAFK,3,25922705.5555556,387.8924,12,56.75395,22.47,387.89304,56.9995705,0,387.89304,56.2891695,0,387.89304,56.3891735,19.54,387.8931,56.5742035,25.83,388.22672,56.5988465,29,388.22781,56.254963,28.43,388.22699,56.1978665,29.85,387.89243,56.115711,20.07,388.22733,56.270323,24.62,387.89267,56.21809,0,387.89304,55.927101,29.58,388.22815
SEVPGIFcAGADLK,2,27356477.5,732.36359,12,56.3583605,31.12,732.86682,56.0130425,30.11,732.36475,55.792353,0,732.86682,55.829695,0,732.86682,55.9220775,49.93,732.3653,55.8162135,31.68,732.86664,55.6200865,0,732.86682,55.6046775,19.2,733.36938,55.8525695,0,732.86682,55.510311,32.65,733.36975,55.5650235,44.49,732.86847,55.4374905,32.53,733.37085
AVGLISHVLEQNQEGDAAYR,3,42774575.7142857,724.03442,12,53.3334755,55.38,724.03754,53.826466,43.07,724.039,53.103298,46.45,724.37299,53.239084,85.16,724.3725,53.7003235,77.17,724.37079,53.3874585,59.04,724.37225,53.262165,0,724.03754,53.098961,34.9,724.70642,53.184759,0,724.03754,53.1431485,0,724.03754,53.219334,0,724.03754,53.145163,0,724.03754
AIGMSLAK,2,37568880,395.72818,12,34.9741535,0,395.72995,35.0147265,0,395.72995,34.65094,28.45,395.72995,34.7846375,0,395.72995,35.017683,0,395.72995,34.7748755,0,395.72995,34.577116,0,395.72995,35.2791005,0,395.72995,34.6844175,0,395.72995,34.3139095,30.98,395.72922,34.7609955,0,395.72995,34.3979415,25.12,395.72946
LEGLLAFK,2,12116355,445.7709,12,55.8386305,0,445.77148,55.900902,0,445.77148,55.570627,20.29,445.77148,55.8149265,20.48,445.77106,55.7060415,0,445.77148,55.6524105,0,445.77148,55.4114055,0,445.77148,55.314146,0,445.77148,55.2359945,0,445.77148,55.3225365,0,445.77148,55.3158305,0,445.77148,55.1716995,0,445.77148
GIVVLGINR,2,66734652,470.80054,12,49.4189035,0,471.30307,49.3774775,0,471.30307,49.102438,0,471.30307,49.1862145,0,471.30307,49.215502,33.86,471.30307,49.111536,0,471.30307,48.889925,0,471.30307,48.803583,32.95,471.3031,48.743044,26.77,471.30362,48.747778,0,471.30307,48.780519,34.33,471.3046,48.677429,26.97,471.30429
SSEVKTEDELR,3,6285110.5,431.54913,12,21.918563,0,431.54828,22.0892915,52.53,431.54828,21.7565135,35.13,431.54849,21.730511,0,431.54828,21.9650555,0,431.54828,21.8994585,0,431.54828,21.718702,0,431.54828,21.540448,0,431.54828,21.249128,0,431.54828,21.2691355,0,431.54828,21.452623,0,431.54828,21.92013,0,431.54828

