PeptideSeq,Charge,Abun,mz,NDP,t0,i0,m0,t1,i1,m1,t2,i2,m2,t3,i3,m3,t6,i6,m6,t7,i7,m7,t9,i9,m9,t13,i13,m13,t16,i16,m16,t21,i21,m21,t24,i24,m24,t31,i31,m31
YVFLDPLAGAVTK,2,4469925,697.38995,4,,,0,,,0,,,0,67.24411,21.23,697.89355,67.3542405,21.79,697.39197,67.340767,33.85,697.89423,67.135582,20.41,697.89215,,,0,,,0,,,0,,,0,,,0

