PeptideSeq,Charge,Abun,mz,NDP,t0,i0,m0,t1,i1,m1,t2,i2,m2,t3,i3,m3,t6,i6,m6,t7,i7,m7,t9,i9,m9,t13,i13,m13,t16,i16,m16,t21,i21,m21,t24,i24,m24,t31,i31,m31
INPVEFNPEFVAR,2,13987021.8333333,766.3988,6,59.1626775,56.29,766.39954,,,0,58.8815005,48.22,766.90228,59.036776,56.4,766.40045,59.0517425,30.52,766.90234,,,0,,,0,,,0,,,0,58.932901,30.31,766.90485,58.898325,28.88,766.90363,,,0

