PeptideSeq,Charge,Abun,mz,NDP,t0,i0,m0,t1,i1,m1,t2,i2,m2,t3,i3,m3,t6,i6,m6,t7,i7,m7,t9,i9,m9,t13,i13,m13,t16,i16,m16,t21,i21,m21,t24,i24,m24,t31,i31,m31
VTQASSNNFVAIK,2,3649308.8,689.86987,5,37.4498235,41.23,690.3703,,,0,37.2330495,24.13,689.87219,37.311733,24.18,690.36871,,,0,,,0,,,0,,,0,36.848343,23.33,690.37579,,,0,,,0,36.912741,21.38,690.37482

