PeptideSeq,Charge,Abun,mz,NDP,t0,i0,m0,t1,i1,m1,t2,i2,m2,t3,i3,m3,t6,i6,m6,t7,i7,m7,t9,i9,m9,t13,i13,m13,t16,i16,m16,t21,i21,m21,t24,i24,m24,t31,i31,m31
YDNFAHR,2,2397794.85714286,461.71191,9,21.1561335,33.9,461.71222,21.5925865,0,461.71222,21.0789615,31.17,461.71216,21.3531465,33.25,461.71234,21.5170425,19.3,461.71201,21.0904195,0,461.71222,21.1483345,32.73,461.71234,21.0021365,33.62,461.71204,20.588498,29.79,461.71274,,,0,,,0,,,0
EGVYELATFQMK,2,57703946,708.34741,9,58.6414795,23.22,708.34717,58.982941,0,708.34717,58.345858,19.31,708.35199,58.441212,24.06,708.85077,58.801298,16.46,708.85095,58.728338,18.15,708.85211,58.7395325,0,708.34717,58.185484,0,708.34717,58.1658875,0,708.34717,,,0,,,0,,,0
VHVLWWNESADSR,3,14481731.5,533.59521,9,54.0638825,19.84,533.93011,54.124237,0,533.93011,53.6790865,35.91,533.59589,53.7818295,41.15,533.59326,54.000753,0,533.93011,53.8381865,25.8,533.59729,53.5700705,27.31,533.92755,53.5214805,27.72,533.93024,53.4576705,0,533.93011,,,0,,,0,,,0
ESVSYLESQQNTFLIPTSFSPLK,3,16235940,872.44617,9,74.7704315,0,872.78363,75.150776,28.51,872.78363,74.4909135,0,872.78363,74.413208,0,872.78363,74.325962,22.53,873.11646,74.778492,0,872.78363,74.5674515,0,872.78363,74.456566,0,872.78363,74.2307895,0,872.78363,,,0,,,0,,,0
QSNGTFYEFR,2,340064,624.78583,4,2796.482422,0,625.27936,47.3948,0,625.27936,47.147396,36.76,625.27936,2784.703125,0,625.27936,47.319044,0,625.27936,47.172239,0,625.27936,2766.419922,39.96,625.27704,2775.421875,0,625.27936,2773.322266,0,625.27936,,,0,,,0,,,0

