PeptideSeq,Charge,Abun,mz,NDP,t0,i0,m0,t1,i1,m1,t2,i2,m2,t3,i3,m3,t6,i6,m6,t7,i7,m7,t9,i9,m9,t13,i13,m13,t16,i16,m16,t21,i21,m21,t24,i24,m24,t31,i31,m31
DIVLTQSPASLAVSLGQR,2,7067798,928.01782,5,66.9788095,98.34,928.01935,66.9164005,58.52,928.02112,66.82436,75.28,928.52118,,,0,,,0,,,0,66.7371445,82.68,928.51996,,,0,66.6321605,22.57,929.02753,,,0,,,0,,,0

