PeptideSeq,Charge,Abun,mz,NDP,t0,i0,m0,t1,i1,m1,t2,i2,m2,t3,i3,m3,t6,i6,m6,t7,i7,m7,t9,i9,m9,t13,i13,m13,t16,i16,m16,t21,i21,m21,t24,i24,m24,t31,i31,m31
LDGNLSTQTGETR,2,4878308,696.34167,4,28.4567775,45.44,696.34253,28.4665625,0,696.34253,28.2189005,37.98,696.34515,28.2181015,30.62,696.34454,,,0,,,0,,,0,,,0,,,0,,,0,,,0,,,0

