PeptideSeq,Charge,Abun,mz,NDP,t0,i0,m0,t1,i1,m1,t2,i2,m2,t3,i3,m3,t6,i6,m6,t7,i7,m7,t9,i9,m9,t13,i13,m13,t16,i16,m16,t21,i21,m21,t24,i24,m24,t31,i31,m31
DIELVMSQANVSR,2,47186421.25,731.37195,12,53.957817,53.24,731.37689,53.800432,66.25,731.37396,53.876684,50.41,731.87708,53.9431265,0,731.37689,54.1727085,0,731.37689,53.9635715,0,731.37689,53.903402,35.27,731.87524,53.8049815,33.41,731.87482,53.735947,29.62,732.37811,53.527014,31.25,731.87634,53.616606,0,731.37689,53.706444,25.06,732.37885
SPASDTYIVFGEAK,3,12768398.6666667,495.58044,12,51.8457585,20.43,495.58249,51.7944565,32.97,495.58185,51.6378345,0,495.58249,51.657526,0,495.58249,51.7604235,0,495.58249,51.6063785,0,495.58249,51.417923,0,495.58249,51.428898,0,495.58249,51.2632405,0,495.58249,51.342468,0,495.58249,51.3721215,0,495.58249,51.2664335,19.39,495.91763
NILFVITKPDVYK,3,91558157,517.30444,12,58.5921595,29.04,517.30334,58.9201105,31.35,517.30603,58.221775,48.22,517.6405,58.329481,21.11,517.30457,58.340736,16.47,517.64075,58.45351,36.18,517.30463,58.14032,28,517.63953,58.070951,0,517.30334,58.1158085,36.98,517.30438,58.306656,23.45,517.64081,58.182867,33.33,517.30579,58.0610145,0,517.30334
NILFVITKPDVYK,2,14944211.125,775.45306,12,58.5673735,64.86,775.45404,58.89489,46.96,775.95441,58.195635,49.77,775.45599,58.317074,0,775.45404,58.328201,0,775.45404,58.452946,17.16,775.45514,58.152672,0,775.45404,58.0332965,0,775.45404,58.1286255,39.92,775.45306,58.27005,20.82,776.46124,58.170641,47.24,775.45404,57.8450605,24.46,776.46313
IEDLSQQAQLAAAEK,2,41007080,807.92029,12,42.327486,106.27,807.92273,42.816639,80.39,808.42603,42.0845375,35.92,808.92725,42.1733515,30.65,808.92706,42.28598,34.51,808.92609,42.166674,30.01,808.92767,41.965185,0,807.92273,41.8644715,0,807.92273,42.694275,0,807.92273,41.8967495,42.01,808.92847,43.0421485,0,807.92273,42.6931155,0,807.92273
SPASDTYIVFGEAK,2,39933247.5,742.867,12,51.8090725,0,742.86902,51.76948,68.75,742.86902,51.588602,0,742.86902,51.6574595,44.99,743.37054,52.167824,0,742.86902,51.5234125,54.5,743.37122,51.763441,51.33,743.37067,51.9635295,0,742.86902,51.604189,0,742.86902,51.935665,0,742.86902,51.8812335,0,742.86902,51.934744,0,742.86902
NNSNDIVNAIMELTM,2,13195740,839.89233,12,97.9236905,0,840.39569,98.029678,0,840.39569,97.915241,0,840.39569,97.936447,0,840.39569,97.9537425,21.77,840.39569,98.0222625,0,840.39569,98.01149,0,840.39569,98.01643,0,840.39569,97.9471895,0,840.39569,98.003746,0,840.39569,98.037449,26.01,840.39679,98.027618,0,840.39569

