PeptideSeq,Charge,Abun,mz,NDP,t0,i0,m0,t1,i1,m1,t2,i2,m2,t3,i3,m3,t6,i6,m6,t7,i7,m7,t9,i9,m9,t13,i13,m13,t16,i16,m16,t21,i21,m21,t24,i24,m24,t31,i31,m31
ADFVLAANSYDLAIK,2,9059995.5,805.92487,4,64.005783,48.66,805.92676,64.1394765,0,805.92676,64.024851,0,805.92676,63.849104,21.57,806.93134,,,0,,,0,,,0,,,0,,,0,,,0,,,0,,,0
TAEDGPDLEMLSGQER,2,3658404.33333333,874.3938,4,51.748745,82.01,874.39227,51.1887815,46.5,874.89551,51.587881,45.3,874.89722,52.148611,0,874.39227,,,0,,,0,,,0,,,0,,,0,,,0,,,0,,,0
EFLAATEPEPAPAPAPEEWLDILGNGLLR,3,2255795,1039.53613,4,93.90292,43.59,1040.20667,93.915699,16.96,1039.87317,93.825928,0,1040.20667,94.016895,0,1040.20667,,,0,,,0,,,0,,,0,,,0,,,0,,,0,,,0

