PeptideSeq,Charge,Abun,mz,NDP,t0,i0,m0,t1,i1,m1,t2,i2,m2,t3,i3,m3,t6,i6,m6,t7,i7,m7,t9,i9,m9,t13,i13,m13,t16,i16,m16,t21,i21,m21,t24,i24,m24,t31,i31,m31
AFDFLSEETEASLASR,2,1488744.5,886.92047,3,65.113594,0,886.92535,65.1832655,44.59,886.92535,64.968773,30.89,887.41998,,,0,,,0,,,0,,,0,,,0,,,0,,,0,,,0,3899.647949,0,886.92535

