PeptideSeq,Charge,Abun,mz,NDP,t0,i0,m0,t1,i1,m1,t2,i2,m2,t3,i3,m3,t6,i6,m6,t7,i7,m7,t9,i9,m9,t13,i13,m13,t16,i16,m16,t21,i21,m21,t24,i24,m24,t31,i31,m31
QPVTGTEGALYR,2,2486942.83333333,646.33569,8,34.532549,41.82,646.33679,34.6230695,18.67,646.33624,,,0,34.3660735,40.29,646.83936,34.165371,19.59,646.83911,33.9042815,0,646.33679,34.059023,26.38,646.8382,34.042427,29.44,646.83875,,,0,34.6098595,0,646.33679,,,0,,,0
GAAPVDSPVVYADR,2,7356791,708.8595,8,40.827982,45.34,709.35663,41.191517,24.18,709.35797,,,0,40.637415,0,709.35663,40.7506145,0,709.35663,40.666622,0,709.35663,40.378622,0,709.35663,40.351494,0,709.35663,,,0,40.2594565,0,709.35663,,,0,,,0
GQLLcPTcSK,2,3445841,582.28101,8,30.6439325,0,582.28131,30.662278,0,582.28131,,,0,30.89973,0,582.28131,30.830778,20.53,582.28131,30.953788,39.06,582.28235,30.6596545,0,582.28131,30.507543,0,582.28131,,,0,30.20257,23.06,582.78583,,,0,,,0

