PeptideSeq,Charge,Abun,mz,NDP,t0,i0,m0,t1,i1,m1,t2,i2,m2,t3,i3,m3,t6,i6,m6,t7,i7,m7,t9,i9,m9,t13,i13,m13,t16,i16,m16,t21,i21,m21,t24,i24,m24,t31,i31,m31
GLSPAQADSQFLENAK,2,3420668.33333333,838.41791,3,48.341118,74.05,838.41772,,,0,48.457056,50.85,838.92029,48.572071,30.5,838.4173,,,0,,,0,,,0,,,0,,,0,,,0,,,0,,,0

