PeptideSeq,Charge,Abun,mz,NDP,t0,i0,m0,t1,i1,m1,t2,i2,m2,t3,i3,m3,t6,i6,m6,t7,i7,m7,t9,i9,m9,t13,i13,m13,t16,i16,m16,t21,i21,m21,t24,i24,m24,t31,i31,m31
YGFEPTQEGK,2,47160067.5,578.26947,5,32.877056,37.09,578.26971,33.7585235,0,578.26971,32.5994605,33.08,578.27002,,,0,33.793781,31.78,578.27026,,,0,33.609659,31.94,578.77301,,,0,,,0,,,0,,,0,,,0
EMVPEFVVPDLTGFK,2,6643640.66666667,854.43677,5,76.05368,45.61,854.43988,76.869621,25.83,854.44037,75.949154,33.65,854.94135,,,0,75.967701,0,854.43988,,,0,75.8805735,0,854.43988,,,0,,,0,,,0,,,0,,,0

