PeptideSeq,Charge,Abun,mz,NDP,t0,i0,m0,t1,i1,m1,t2,i2,m2,t3,i3,m3,t6,i6,m6,t7,i7,m7,t9,i9,m9,t13,i13,m13,t16,i16,m16,t21,i21,m21,t24,i24,m24,t31,i31,m31
LFTALAGWGSEVFTTGR,3,12971436.6666667,604.98083,11,77.2922475,58.66,604.98206,77.4150615,0,604.98206,76.932182,34.75,604.979,76.873913,44.35,605.31543,76.94384,0,604.98206,76.865429,0,604.98206,76.8372765,0,604.98206,76.807072,0,604.98206,,,0,76.814621,0,604.98206,76.8545305,0,604.98206,76.5446205,0,604.98206
LFTALAGWGSEVFTTGR,2,44233223.6363636,906.96759,11,77.1755105,88.48,906.9707,77.715328,81.99,906.97144,77.2025985,76.42,906.97095,77.040321,74.33,907.47211,77.0725325,79.75,907.47266,77.0967785,77.6,907.47083,76.943623,87.29,907.47095,76.922512,83.53,907.47198,,,0,76.906006,48.63,907.47357,76.9191745,85.43,907.47333,76.583012,68.06,907.47479

