PeptideSeq,Charge,Abun,mz,NDP,t0,i0,m0,t1,i1,m1,t2,i2,m2,t3,i3,m3,t6,i6,m6,t7,i7,m7,t9,i9,m9,t13,i13,m13,t16,i16,m16,t21,i21,m21,t24,i24,m24,t31,i31,m31
IGTVSPLFQK,2,6563999.4,545.31879,5,46.3112395,41.6,545.31854,46.353195,37.99,545.32056,45.9776155,34.63,545.31946,46.1174205,43.5,545.3208,46.1622695,28.04,545.31793,,,0,,,0,,,0,,,0,,,0,,,0,,,0
SSQHLFLDLPK,3,6993573.33333333,428.90308,5,49.014103,27.8,428.9043,49.2048375,0,428.9043,48.6825715,19.62,428.90518,48.793768,30.49,429.2388,48.8527965,0,428.9043,,,0,,,0,,,0,,,0,,,0,,,0,,,0
TVPGSDWTPNAR,2,14145675,650.81769,5,38.6261215,69.34,650.81891,38.302769,22.6,650.81927,38.3636935,0,650.81891,38.4576225,0,650.81891,39.0985775,0,650.81891,,,0,,,0,,,0,,,0,,,0,,,0,,,0
LFVSEGSPGSLPVLAAAAR,2,4330945.33333333,921.50964,5,64.569538,32.03,922.00916,64.623867,58.73,921.51324,64.4270975,0,922.00916,64.427757,28.67,922.01276,64.451565,0,922.00916,,,0,,,0,,,0,,,0,,,0,,,0,,,0

