PeptideSeq,Charge,Abun,mz,NDP,t0,i0,m0,t1,i1,m1,t2,i2,m2,t3,i3,m3,t6,i6,m6,t7,i7,m7,t9,i9,m9,t13,i13,m13,t16,i16,m16,t21,i21,m21,t24,i24,m24,t31,i31,m31
DSGILMVLK,2,7617729.66666667,488.28079,3,,,0,,,0,,,0,,,0,,,0,60.7513145,26.61,488.28171,60.4056605,23.19,488.78329,,,0,,,0,,,0,,,0,60.342634,34.03,488.28259

