PeptideSeq,Charge,Abun,mz,NDP,t0,i0,m0,t1,i1,m1,t2,i2,m2,t3,i3,m3,t6,i6,m6,t7,i7,m7,t9,i9,m9,t13,i13,m13,t16,i16,m16,t21,i21,m21,t24,i24,m24,t31,i31,m31
AQVIYTR,2,804822360,425.74271,12,26.73923,23.1,425.7428,26.7985615,26.92,425.74304,26.5996405,27.26,425.74319,26.5432795,26.58,425.74265,26.7159575,0,425.7428,26.622234,0,425.7428,26.3217705,26.68,425.74252,26.202202,0,425.7428,26.0867885,0,425.7428,25.9786135,0,425.7428,26.205901,0,425.7428,26.21435,0,425.7428
AALQELLSK,2,123643648.333333,486.78983,12,48.830915,45,486.79041,48.906681,45.95,486.79092,48.544184,45.71,486.79141,48.645176,30.33,487.2937,48.7062075,0,486.79041,48.615488,0,486.79041,48.322939,26.25,487.29355,48.240631,0,486.79041,48.218035,0,486.79041,48.243664,0,486.79041,48.2736,30.68,486.79123,48.160355,0,486.79041
LITPAVVSER,2,186435000,542.82166,12,41.842726,32.48,542.82239,41.8954085,31.34,542.82288,41.530388,33.25,542.82312,41.648392,25.1,542.8222,41.732498,35.2,542.82196,41.6247555,32.97,542.82208,41.305931,29.27,543.32416,41.2521495,28.14,543.32452,41.2051085,0,542.82239,41.1828385,0,542.82239,41.233854,21.31,543.32532,41.217321,29.23,543.32593
DKLNNLVLFDK,3,29317312.5,440.25037,12,51.7269955,41.07,440.25082,52.164661,0,440.25082,51.760899,34.32,440.25104,51.8290025,41.8,440.25089,52.078688,35.72,440.25049,52.131983,0,440.25082,51.912422,0,440.25082,51.851526,0,440.25082,51.8316385,0,440.25082,51.641396,0,440.25082,51.8612075,0,440.25082,51.726036,0,440.25082
DKLNNLVLFDK,2,47630053.3333333,659.87189,12,51.886093,65.39,659.87628,51.942537,61.03,659.87329,51.8215945,71.21,659.87329,52.0881465,61.4,660.37842,51.9810925,67.44,659.87537,51.8444405,59.01,660.37726,51.6901835,44.03,659.87207,51.951706,39.68,660.37506,51.8931465,48.62,660.37518,52.166521,66.43,660.3775,51.938272,57.35,660.37592,51.8528115,53.46,660.37628
LNNLVLFDK,2,212466666.666667,538.31091,12,53.0386525,0,538.31348,53.875967,0,538.31348,52.687414,34.15,538.31348,52.9144305,37.1,538.31299,53.0045665,47.74,538.8139,52.7511865,47.87,538.81384,52.64748,44.95,538.81299,52.361662,41.5,538.31165,52.4293235,32.02,538.81335,52.4563885,34.07,538.81451,52.3455485,36.92,538.81378,52.274313,0,538.31348

