PeptideSeq,Charge,Abun,mz,NDP,t0,i0,m0,t1,i1,m1,t2,i2,m2,t3,i3,m3,t6,i6,m6,t7,i7,m7,t9,i9,m9,t13,i13,m13,t16,i16,m16,t21,i21,m21,t24,i24,m24,t31,i31,m31
LVVVGAGGVGK,2,50325652.5,478.30038,8,36.628603,46.08,478.30063,36.599491,44.59,478.30173,,,0,,,0,36.6398145,45.91,478.30099,36.6967755,45.69,478.30127,36.5229205,30.06,478.80341,36.744995,43.02,478.30124,,,0,36.294481,43.55,478.80435,,,0,36.6655675,31.6,478.8046
TGEGFLcVFAINNTK,2,8414112.375,835.914,8,67.875847,39.2,835.91486,67.8760835,75.76,836.41913,,,0,,,0,67.7598,36.41,836.4184,67.762016,44.5,836.41791,67.536545,52.53,836.41223,67.3827895,26.9,836.41418,,,0,67.49955,30.26,836.92102,,,0,67.436298,33.28,836.41803
QVVIDGETcLLDILDTAGQEEYSAMR,3,1062768,976.13177,7,86.817295,56.2,976.47223,86.552601,0,976.47223,,,0,,,0,86.3898355,0,976.47223,86.444637,0,976.47223,86.3937495,0,976.47223,86.4087525,0,976.47223,,,0,86.240768,0,976.47223,,,0,5173.865234,0,976.47223
VKDSEDVPMVLVGNK,3,10098496,543.95538,8,44.3473795,0,544.29303,44.3392275,33.01,544.29303,,,0,,,0,43.827646,0,544.29303,44.187853,0,544.29303,43.875034,0,544.29303,43.791531,29.12,544.29016,,,0,43.896065,0,544.29303,,,0,43.6665135,0,544.29303

