PeptideSeq,Charge,Abun,mz,NDP,t0,i0,m0,t1,i1,m1,t2,i2,m2,t3,i3,m3,t6,i6,m6,t7,i7,m7,t9,i9,m9,t13,i13,m13,t16,i16,m16,t21,i21,m21,t24,i24,m24,t31,i31,m31
ENIIDLSNANR,2,97469105,629.82294,5,44.599716,68.37,629.82355,,,0,43.9752675,46.84,630.32678,44.1154535,46.78,630.32599,,,0,,,0,,,0,44.0353355,42.45,630.32617,,,0,,,0,44.2077505,0,629.82355,,,0
LFLEQIHVLEK,3,60559047.1428571,456.93436,7,61.2136345,40.13,456.93509,,,0,60.7019845,40.27,457.27054,60.859219,35.04,457.26965,,,0,,,0,60.9197995,31.69,457.26892,60.78064,34.77,457.26953,,,0,61.3380795,21.64,457.26996,61.011204,32.42,457.2706,,,0
DGETFQLMGLYGR,2,123773720,743.85339,6,66.649731,78.31,743.85333,,,0,66.525364,0,743.85333,66.5295795,0,743.85333,,,0,,,0,,,0,66.310837,41.36,744.35596,,,0,66.402546,0,743.85333,66.474148,0,743.85333,,,0
DEEcSELSMVADK,2,5266609.33333333,756.81323,4,44.708742,104.61,756.81274,,,0,44.54413,48.39,757.32129,2676.550049,21.54,757.82007,,,0,,,0,45.326454,0,756.81274,44.852354,55.43,757.31665,,,0,2679.951172,0,756.81274,2682.855713,0,756.81274,,,0
INGEWHTIILASDKR,4,46889270,438.99023,5,45.798023,56.41,438.99014,,,0,45.3138945,25.88,439.24219,45.660305,37.02,439.24203,,,0,,,0,,,0,45.286573,49,439.24121,,,0,,,0,45.442886,0,438.99014,,,0
TDYDNFLMAHLINEK,2,12728450,912.43524,6,62.8874415,39.77,912.4386,,,0,62.716078,0,912.4386,62.804615,0,912.4386,,,0,,,0,,,0,62.5650595,0,912.4386,,,0,62.6386015,0,912.4386,62.61882,0,912.4386,,,0
AGEYSVTYDGFNTFTIPK,3,11727137.6,670.65454,7,64.848419,38.01,670.65643,,,0,64.528671,37.43,671.32623,64.869755,30.78,670.98938,,,0,,,0,64.824745,0,670.65643,64.6439245,39.03,670.99249,,,0,64.9316675,0,670.65643,64.400162,23.07,670.99451,,,0
AGEYSVTYDGFNTFTIPK,2,38730537.5,1005.47821,5,64.74691,51.71,1005.48248,,,0,64.5286405,41.31,1006.48615,64.5152515,0,1005.48248,,,0,,,0,,,0,64.404751,28.18,1006.48517,,,0,,,0,64.579857,42.2,1006.48669,,,0
TDYDNFLMAH,2,19420467.6666667,613.76099,6,56.0237215,0,614.26318,,,0,55.820116,0,614.26318,55.8398475,15.77,614.26318,,,0,,,0,,,0,55.7074185,34.5,614.26471,,,0,55.653994,0,614.26318,55.7132205,21.27,614.2644,,,0

