PeptideSeq,Charge,Abun,mz,NDP,t0,i0,m0,t1,i1,m1,t2,i2,m2,t3,i3,m3,t6,i6,m6,t7,i7,m7,t9,i9,m9,t13,i13,m13,t16,i16,m16,t21,i21,m21,t24,i24,m24,t31,i31,m31
KEEELMEK,2,21570826.6666667,518.25494,6,20.175061,49.78,518.25537,20.2545605,44.64,518.2561,20.0694,44.72,518.25635,19.9809505,49.55,518.25531,20.179221,44.87,518.25562,20.2026455,44.86,518.25598,,,0,,,0,,,0,,,0,,,0,,,0

