PeptideSeq,Charge,Abun,mz,NDP,t0,i0,m0,t1,i1,m1,t2,i2,m2,t3,i3,m3,t6,i6,m6,t7,i7,m7,t9,i9,m9,t13,i13,m13,t16,i16,m16,t21,i21,m21,t24,i24,m24,t31,i31,m31
QITQNTDYR,2,7395957.66666667,569.77802,9,22.912863,31.31,570.27991,23.1376305,0,570.27991,23.298687,39.93,569.77954,22.7344635,23.5,569.7782,23.0846705,0,570.27991,23.074297,26.84,570.28143,23.013161,0,570.27991,22.893869,45.19,570.28094,,,0,,,0,22.947795,26.1,570.2818,,,0
LSSDcEDQIR,2,6900915.75,611.77203,9,26.084653,34.55,611.77362,26.1147565,45.11,612.27557,25.9727905,35.24,611.77576,25.92548,34.31,611.77313,26.2684835,0,611.77362,26.168512,0,611.77362,26.032109,0,611.77362,25.7878495,0,611.77362,,,0,,,0,25.818817,0,611.77362,,,0
FcENTQAGEGR,2,2608690.6,634.76984,9,21.299099,66.36,634.77008,21.3679695,57.25,635.27399,21.231679,35.8,635.27277,21.1947565,0,634.77008,21.2835875,23.72,635.27271,21.2168925,0,634.77008,20.988035,0,634.77008,20.891943,0,634.77008,,,0,,,0,20.857666,35.55,635.27338,,,0
LLELQYFISR,2,11180996.75,641.36371,9,69.1125375,41.74,641.36462,69.295143,45.71,641.36493,68.968357,0,641.36462,68.8793565,0,641.36462,69.026619,38.85,641.86707,69.018673,0,641.36462,68.790249,36.02,641.86792,68.691864,0,641.36462,,,0,,,0,68.8339995,0,641.36462,,,0
QVSSEcQGEMLDYR,2,62802800,851.36395,9,39.6410615,54.31,851.36664,39.7672675,73.13,851.86816,39.4383945,0,851.36664,39.522228,0,851.36664,39.656492,0,851.36664,39.564772,0,851.36664,39.260071,0,851.36664,39.2049885,0,851.36664,,,0,,,0,39.14451,0,851.36664,,,0

