PeptideSeq,Charge,Abun,mz,NDP,t0,i0,m0,t1,i1,m1,t2,i2,m2,t3,i3,m3,t6,i6,m6,t7,i7,m7,t9,i9,m9,t13,i13,m13,t16,i16,m16,t21,i21,m21,t24,i24,m24,t31,i31,m31
LGLDYSYDLAPR,2,8298178.33333333,691.85114,3,57.1252385,43.73,691.84924,,,0,,,0,,,0,,,0,,,0,56.384613,31.33,691.84998,,,0,56.0818005,23.66,692.35236,,,0,,,0,,,0

