PeptideSeq,Charge,Abun,mz,NDP,t0,i0,m0,t1,i1,m1,t2,i2,m2,t3,i3,m3,t6,i6,m6,t7,i7,m7,t9,i9,m9,t13,i13,m13,t16,i16,m16,t21,i21,m21,t24,i24,m24,t31,i31,m31
ALVFQPVTELK,2,24782934.2857143,622.86609,9,56.1727505,27.51,622.86798,56.0759545,19.51,622.86792,55.865759,33.12,622.86737,55.8811435,17.92,622.86676,55.9556805,26.35,623.36908,,,0,55.855881,0,622.86798,55.654627,19.31,623.37067,,,0,55.6106395,29.65,623.37115,56.089554,0,622.86798,,,0
IFANTPDSGcVLGMR,2,12647262,819.39233,9,52.865345,34.97,819.39398,52.858229,0,819.39398,52.6372125,0,819.39398,52.706991,0,819.39398,52.7934225,42.34,819.89685,,,0,52.4988785,60.41,819.89832,52.447456,0,819.39398,,,0,52.452921,0,819.39398,52.4446485,0,819.39398,,,0
NVLGHMQQGGSPTPFDR,3,8591004,614.29681,9,43.2259865,17.43,614.29749,43.6394995,0,614.29749,42.5981905,18.62,614.29962,43.100445,0,614.29749,43.228529,0,614.29749,,,0,42.415726,0,614.29749,42.510216,0,614.29749,,,0,42.597839,0,614.29749,42.8162865,0,614.29749,,,0
GQIEEAGWSYVGGWTGQGGSK,2,3232382.5,1077.49792,8,61.6356985,56.59,1078.00024,61.882616,0,1078.00024,61.5509455,0,1078.00024,61.562254,0,1078.00024,61.669693,0,1078.00024,,,0,3676.435791,0,1078.00024,61.343895,0,1078.00024,,,0,61.396816,0,1078.00024,61.464272,21.54,1078.50671,,,0
AIAVLTSGGDAQGMNAAVR,2,1093357.66666667,901.4649,6,47.743805,0,901.47186,47.679482,37.04,901.47186,47.4819415,32.99,901.97064,48.01017,52.85,901.46698,2865.074463,0,901.47186,,,0,48.388515,0,901.47186,2839.689453,0,901.47186,,,0,2841.074951,0,901.47186,48.185318,0,901.47186,,,0
LPLMEcVQVTK,2,8509447.5,659.34888,2,,,0,50.7663555,57.46,659.34784,,,0,,,0,,,0,,,0,,,0,,,0,,,0,50.733717,30,659.8493,,,0,,,0

