PeptideSeq,Charge,Abun,mz,NDP,t0,i0,m0,t1,i1,m1,t2,i2,m2,t3,i3,m3,t6,i6,m6,t7,i7,m7,t9,i9,m9,t13,i13,m13,t16,i16,m16,t21,i21,m21,t24,i24,m24,t31,i31,m31
GDATVSYEDPPTAK,2,24578958,725.83844,10,32.5805475,40.8,725.84027,32.602045,0,725.84027,32.348871,28.03,726.34216,32.147273,36.43,725.83948,32.522053,0,725.84027,32.0637195,21.78,726.34198,32.1098865,26.22,726.34442,32.128951,0,725.84027,,,0,31.619313,0,725.84027,32.0853855,0,725.84027,,,0
AGDWQcPNPGcGNQNFAWR,3,11682358.5714286,745.6463,10,52.5176735,50.72,745.6474,52.523546,54.85,745.64941,52.3067875,70.91,745.98273,52.346121,39.83,746.3161,52.458185,17.4,746.31744,52.3605385,0,745.6474,52.201326,0,745.6474,52.1610645,30.64,746.31793,,,0,52.1538905,22,746.31854,52.110937,0,745.6474,,,0
AGDWQcPNPGcGNQNFAWR,2,4419098.28571429,1117.96582,10,52.5171775,73.22,1117.97009,52.5103435,18.43,1117.97131,52.2939915,42.43,1118.97351,52.3465825,71.31,1118.47058,52.4579605,29.89,1118.4696,52.335684,21.87,1118.46973,52.2007635,0,1117.97009,52.124258,0,1117.97009,,,0,52.1413555,0,1117.97009,52.110937,36.56,1118.97644,,,0
QDHPSSMGVYGQESGGFSGPGENR,3,8777802,827.3559,8,38.8455025,65.04,827.3576,39.1107465,0,827.3576,38.64316,72.32,827.35822,38.6584645,47.43,827.69214,38.8873175,0,827.3576,38.8509465,0,827.3576,38.5055845,0,827.3576,2308.419678,0,827.3576,,,0,38.4247455,0,827.3576,2308.176025,0,827.3576,,,0
AAVEWFDGKDFQGSK,3,10894997,562.27039,10,49.0798305,0,562.27203,49.152695,28.37,562.27203,48.81769,27.06,562.27216,48.9412785,0,562.27203,48.9996315,0,562.27203,48.948431,0,562.27203,48.7188565,0,562.27203,48.614082,0,562.27203,,,0,48.632177,0,562.27203,48.6218585,0,562.27203,,,0

