PeptideSeq,Charge,Abun,mz,NDP,t0,i0,m0,t1,i1,m1,t2,i2,m2,t3,i3,m3,t6,i6,m6,t7,i7,m7,t9,i9,m9,t13,i13,m13,t16,i16,m16,t21,i21,m21,t24,i24,m24,t31,i31,m31
ISSTLYQATAPVLTPAK,2,1734425.6,880.99329,5,52.8744965,46.69,880.99603,,,0,,,0,52.6287555,44.29,881.49689,,,0,52.6106815,35.58,881.4989,,,0,52.4107455,40.23,881.495,,,0,,,0,52.345325,27.88,882.00067,,,0

