PeptideSeq,Charge,Abun,mz,NDP,t0,i0,m0,t1,i1,m1,t2,i2,m2,t3,i3,m3,t6,i6,m6,t7,i7,m7,t9,i9,m9,t13,i13,m13,t16,i16,m16,t21,i21,m21,t24,i24,m24,t31,i31,m31
MPINEPAPGR,2,7678802.6,541.27655,12,31.310729,35.21,541.27673,31.285205,29.43,541.27856,30.748684,57.35,541.78058,31.116663,0,541.27673,31.4062255,0,541.27673,31.1223415,34.05,541.78046,30.397254,44.96,541.78064,31.477792,0,541.27673,31.415617,0,541.27673,30.640625,0,541.27673,30.7420015,0,541.27673,30.922345,0,541.27673
FLPGFEAPTYK,2,12336097,635.32935,12,54.5453185,36.47,635.33179,54.4467795,36.25,635.3327,54.3150365,0,635.33179,54.260773,31.9,635.83459,54.6971625,32.83,635.83759,54.2642995,38.97,635.83441,54.1246565,38.33,635.32837,54.3082215,31.4,635.83673,54.209721,29.94,635.83368,54.376352,35.74,635.83429,54.353468,35.31,635.33234,54.2828925,42.84,635.83667
GTEFLAAPSSYYK,2,5228899.72727273,717.35101,11,50.0916615,41.04,717.85095,50.294928,46.3,717.85297,50.084528,35.19,717.8501,50.1542565,52.38,717.35187,3014.389893,25.01,718.35571,50.183422,43.11,717.85406,49.9754295,26.98,718.35168,49.413597,37.97,717.85107,49.3760185,27.5,717.85101,49.869127,33.43,717.85522,49.4286405,44.62,717.85443,49.3938425,25.08,717.85638
FWSVDDTQVHTEYSSLR,3,8197738.75,690.65698,12,52.405205,63.18,690.65747,52.4481125,19.75,691.32715,52.1220475,39.31,690.99512,52.185106,0,690.65747,52.3104175,0,690.65747,52.219822,18.1,690.99408,52.0156195,0,690.65747,51.952011,0,690.65747,51.903261,0,690.65747,52.0032975,0,690.65747,51.912325,0,690.65747,51.7167205,0,690.65747

