PeptideSeq,Charge,Abun,mz,NDP,t0,i0,m0,t1,i1,m1,t2,i2,m2,t3,i3,m3,t6,i6,m6,t7,i7,m7,t9,i9,m9,t13,i13,m13,t16,i16,m16,t21,i21,m21,t24,i24,m24,t31,i31,m31
NINDAWVcTNDMFR,2,16799698.7777778,878.38251,9,62.4117775,67.65,878.38232,62.462551,44.02,878.38165,62.2790335,73.05,878.38251,62.3135835,78.71,878.88385,,,0,62.3774455,42.86,878.38538,62.2064435,38.03,878.88507,62.1724225,27,879.38599,62.0630705,21.04,879.38721,,,0,62.1864475,29.72,879.38934,,,0
ADEDPIMGFHQMFLLK,3,38755526.6666667,631.30756,9,69.684254,20.91,631.30933,69.4979095,0,631.30933,69.28841,28.81,631.30963,69.068798,19.27,631.64349,,,0,69.3956795,0,631.30933,69.1481245,0,631.30933,69.0870325,0,631.30933,69.041962,0,631.30933,,,0,69.43848,0,631.30933,,,0
TQLGAIYIDAScLTWEGQQFQGK,3,10800020.6666667,872.09174,9,72.193344,46.8,872.42981,72.403198,0,872.42981,72.2666815,26.08,872.763,72.3100775,24.14,872.7616,,,0,72.282547,0,872.42981,72.071941,0,872.42981,72.0559615,0,872.42981,72.032673,0,872.42981,,,0,71.9811975,0,872.42981,,,0
IQHSITAQDHQPTPDScIISMVVGQLK,4,8626406.5,751.6311,9,63.8163505,28.66,751.88104,64.662037,0,751.88104,63.9230405,27.86,752.13489,63.798691,0,751.88104,,,0,64.2920455,0,751.88104,63.789873,0,751.88104,63.6069525,0,751.88104,63.659561,0,751.88104,,,0,63.956295,0,751.88104,,,0

