PeptideSeq,Charge,Abun,mz,NDP,t0,i0,m0,t1,i1,m1,t2,i2,m2,t3,i3,m3,t6,i6,m6,t7,i7,m7,t9,i9,m9,t13,i13,m13,t16,i16,m16,t21,i21,m21,t24,i24,m24,t31,i31,m31
DISEASVFDAYVLPK,2,59054580,827.42212,6,,,0,71.4369585,68.22,827.42419,71.3562435,43.64,827.42053,71.2854995,46,827.92535,,,0,,,0,71.280777,0,827.42419,,,0,71.2451705,32.85,828.42975,,,0,71.319092,32.81,828.43347,,,0
GHVQPIR,2,21380316.6666667,403.7352,6,,,0,17.9846855,0,403.73557,17.7775805,0,403.73557,17.6084775,22.63,403.73557,,,0,,,0,17.5291365,21.06,403.73523,,,0,17.2959585,0,403.73557,,,0,17.2912825,27.26,403.73593,,,0

