PeptideSeq,Charge,Abun,mz,NDP,t0,i0,m0,t1,i1,m1,t2,i2,m2,t3,i3,m3,t6,i6,m6,t7,i7,m7,t9,i9,m9,t13,i13,m13,t16,i16,m16,t21,i21,m21,t24,i24,m24,t31,i31,m31
SAEETFQLSR,2,2564052.5,584.28564,7,,,0,38.062172,0,584.78638,37.7890815,0,584.78638,,,0,,,0,37.88089,38.55,584.78638,37.5756265,22.86,584.28271,38.2408695,0,584.78638,38.280922,0,584.78638,,,0,38.245617,0,584.78638,,,0
TQSQLLIIDR,2,2658785,593.84314,7,,,0,47.2112255,0,594.34619,46.924517,37.25,594.34619,,,0,,,0,46.9485835,21.57,594.33417,46.6961575,0,594.34619,46.655331,25.85,594.3338,46.621967,0,594.34619,,,0,46.7126965,29.15,594.33484,,,0
DSMLVLLPVLLNK,2,2695997.66666667,727.93616,7,,,0,84.609787,0,727.93817,84.4409905,23.41,727.93817,,,0,,,0,84.465866,0,727.93817,84.4246405,28.91,727.93628,84.424236,0,727.93817,84.3562965,21.14,728.4397,,,0,84.4661485,0,727.93817,,,0

