PeptideSeq,Charge,Abun,mz,NDP,t0,i0,m0,t1,i1,m1,t2,i2,m2,t3,i3,m3,t6,i6,m6,t7,i7,m7,t9,i9,m9,t13,i13,m13,t16,i16,m16,t21,i21,m21,t24,i24,m24,t31,i31,m31
GDEELDSLIK,2,132578266,559.78241,7,50.0187225,27.14,559.78333,49.985689,28.24,559.78467,,,0,49.873135,44.06,559.78351,,,0,49.863085,24.79,560.2865,49.677576,0,559.78333,49.5997235,0,559.78333,,,0,,,0,49.6510585,44.35,559.78381,,,0
SAAILEYLTAEVLELAGNASK,3,5550937.5,721.72296,7,98.8581885,77.29,721.72351,99.170723,0,721.72351,,,0,99.171284,49.01,721.72296,,,0,99.165504,18.22,722.05682,99.1642075,86.59,722.05688,98.7863695,0,721.72351,,,0,,,0,99.1542355,0,721.72351,,,0
VGATAAVYSAAILEYLTAEVLELAGNASK,3,4076051.5,965.84985,2,,,0,,,0,,,0,,,0,,,0,,,0,99.273643,22.32,966.51923,99.264019,77.73,966.52039,,,0,,,0,,,0,,,0

