PeptideSeq,Charge,Abun,mz,NDP,t0,i0,m0,t1,i1,m1,t2,i2,m2,t3,i3,m3,t6,i6,m6,t7,i7,m7,t9,i9,m9,t13,i13,m13,t16,i16,m16,t21,i21,m21,t24,i24,m24,t31,i31,m31
DVEFLVQLK,2,30473553.3333333,545.81079,9,62.9505465,33.02,545.81189,63.1362915,29.74,545.81189,62.829216,0,545.81189,63.0308725,0,545.81189,63.5113925,0,545.81189,62.863354,20.29,546.31372,63.2956275,0,545.81189,,,0,,,0,63.27421,0,545.81189,63.2967565,0,545.81189,,,0
EYcPQVFR,2,31692033.3333333,549.75549,9,39.183054,18,549.75568,39.3088265,0,549.75568,38.935957,20.25,549.7572,38.994982,20.81,549.75641,39.1474555,0,549.75568,39.0615765,0,549.75568,39.2308655,0,549.75568,,,0,,,0,39.058834,0,549.75568,38.651003,0,549.75568,,,0
AADPLVGVFLWGVAH,2,7345998.5,776.41956,9,84.214531,57.32,776.42328,84.3518295,40.26,776.42328,84.135109,0,776.42328,84.031536,0,776.42328,84.07476,0,776.42328,84.070442,0,776.42328,84.0895575,0,776.42328,,,0,,,0,83.693352,0,776.42328,83.7512665,0,776.42328,,,0
FAIDDHDYLVSLTR,3,10072183,555.61414,9,60.106415,60.69,555.61481,60.192181,0,555.61481,59.855398,44.73,555.94971,59.8086395,49.53,555.94946,59.6284885,35.41,555.94989,60.299606,45.2,555.95007,59.636166,0,555.61481,,,0,,,0,59.378826,0,555.61481,59.9008255,0,555.61481,,,0
IMDYSLLLGIHDIIR,3,15041540,591.33069,9,77.8712005,33.14,591.33209,78.502724,0,591.33209,77.773548,23.84,591.33221,77.6116295,18.93,591.66553,77.7151565,0,591.33209,77.7572405,0,591.33209,77.4300765,0,591.33209,,,0,,,0,77.3620915,0,591.33209,77.2733805,0,591.33209,,,0
HGAGAEISTVHPEQYAK,3,39607955,598.96381,9,30.793813,26.56,598.9632,30.902161,0,598.9632,30.4485175,31.24,598.96631,30.490059,0,598.9632,30.508291,0,598.9632,30.559534,0,598.9632,30.260169,0,598.9632,,,0,,,0,30.221736,0,598.9632,30.1776265,0,598.9632,,,0
FLDFIANIFA,2,2584374.66666667,585.81329,9,99.3247145,0,586.31531,99.300217,0,586.31531,99.294518,0,586.31531,99.306274,0,586.31531,99.322281,0,586.31531,99.291695,0,586.31531,99.273643,34.54,586.31531,,,0,,,0,99.2689015,31.57,586.31628,99.2807425,26.65,586.31708,,,0

