PeptideSeq,Charge,Abun,mz,NDP,t0,i0,m0,t1,i1,m1,t2,i2,m2,t3,i3,m3,t6,i6,m6,t7,i7,m7,t9,i9,m9,t13,i13,m13,t16,i16,m16,t21,i21,m21,t24,i24,m24,t31,i31,m31
GNSIIMLEALERV,2,4937213.125,722.89502,9,71.832508,37.91,722.896,,,0,71.701645,46.49,722.89801,71.5862845,45.27,723.39716,71.712662,25.53,723.39716,71.7893865,31.46,723.39923,71.486397,25.68,723.39752,,,0,71.4379615,28.56,723.39642,71.503021,36.05,723.40015,,,0,71.560501,0,722.896
GmVVIRGNSIIMLEALER,3,0,673.03595,0,3784.199951,38.48,673.362,,,0,3769.01001,37.33,673.36499,3772.209961,35.27,673.36493,3778.679932,51.11,673.36243,3778.699951,35.71,673.36359,3769.990234,0,673.362,,,0,3764.807861,0,673.362,3770.436523,0,673.362,,,0,3762.182861,0,673.362
GNSIIMLEALER,2,21115496.6666667,673.36084,9,63.0885655,0,673.36298,,,0,62.866976,0,673.36298,63.005993,69.13,673.36298,63.017223,0,673.36298,63.016174,0,673.36298,62.732725,69.01,673.36237,,,0,62.646061,0,673.36298,63.452204,0,673.36298,,,0,62.577837,53.07,673.86572

