PeptideSeq,Charge,Abun,mz,NDP,t0,i0,m0,t1,i1,m1,t2,i2,m2,t3,i3,m3,t6,i6,m6,t7,i7,m7,t9,i9,m9,t13,i13,m13,t16,i16,m16,t21,i21,m21,t24,i24,m24,t31,i31,m31
LYTLVTYVPVTTFK,2,99440922,822.966,12,67.8921855,54.91,822.96338,68.4498485,22.57,822.9646,68.231388,50.72,823.46924,68.120121,52.94,823.46881,68.263615,41,823.46814,68.229,18.6,822.96338,68.024662,33.89,823.46857,67.9209745,27.49,823.46686,67.9142875,21.53,823.97058,68.005409,32.9,822.96326,68.049576,0,822.96338,67.866871,0,822.96338
SAINEVVTR,2,103396542.727273,494.77472,12,32.776068,0,494.77615,32.8156375,31.17,494.77615,32.1811375,40.87,494.77551,32.2100105,44.82,494.77542,32.699619,30.58,494.77551,32.613295,32.75,494.77567,32.286104,52.39,494.77475,32.216217,29.83,495.2775,32.1874265,40.71,495.27795,32.0661185,44.32,495.2785,32.176117,41.16,495.27856,32.2621625,40.18,495.27859

