PeptideSeq,Charge,Abun,mz,NDP,t0,i0,m0,t1,i1,m1,t2,i2,m2,t3,i3,m3,t6,i6,m6,t7,i7,m7,t9,i9,m9,t13,i13,m13,t16,i16,m16,t21,i21,m21,t24,i24,m24,t31,i31,m31
LSISGNYNLK,2,620819603.636364,554.80347,11,42.230072,47.26,554.80438,42.2903215,46.87,554.80481,42.6986885,47.05,554.80493,42.82205,47,554.80463,43.0010645,46.58,554.80432,42.885067,42.75,555.30688,,,0,42.52511,44.07,555.30652,42.473833,31.12,555.30682,42.5002685,40.18,555.30731,42.559351,43.92,555.3075,42.5078315,26.1,555.30798
DQSPASHEIATNLGDFALR,3,19702126.5,681.33612,11,57.585562,89.96,681.67047,57.1237795,70.13,681.67291,57.3024235,0,681.67047,56.9126605,80.79,681.67157,57.4685135,0,681.67047,57.429363,0,681.67047,,,0,57.16881,0,681.67047,57.060936,0,681.67047,57.198837,30.34,681.66968,57.193695,0,681.67047,57.139555,0,681.67047
AVLTIDETGTEAAAATVLQVATYSMPPIVR,3,4543594,1030.21265,5,90.7233885,41.87,1030.55005,90.7687645,19.9,1030.88525,90.654934,0,1030.55005,5420.139648,0,1030.55005,5418.600586,0,1030.55005,90.822258,0,1030.55005,,,0,5416.958984,0,1030.55005,5411.182617,0,1030.55005,5413.90918,0,1030.55005,90.867821,0,1030.55005,5409.4375,0,1030.55005
ELISQFLLNR,2,58845740,616.85352,11,65.967922,0,616.8551,66.085571,49.31,616.8551,65.7982675,0,616.8551,65.8033335,47.96,617.35541,65.9322165,0,616.8551,65.892704,0,616.8551,,,0,65.5212785,0,616.8551,65.522068,0,616.8551,65.5970345,0,616.8551,65.62117,0,616.8551,65.3375815,0,616.8551

