PeptideSeq,Charge,Abun,mz,NDP,t0,i0,m0,t1,i1,m1,t2,i2,m2,t3,i3,m3,t6,i6,m6,t7,i7,m7,t9,i9,m9,t13,i13,m13,t16,i16,m16,t21,i21,m21,t24,i24,m24,t31,i31,m31
YVDSEGHLYTVPIR,2,476377.5,824.9201,6,43.938511,44.3,824.91888,2626.225098,0,824.91888,43.298895,0,824.91888,43.440567,26.69,825.42609,43.537148,0,824.91888,,,0,2602.723145,0,824.91888,43.104309,0,824.91888,,,0,,,0,,,0,43.01449,0,824.91888
HLNDDVVK,2,20305818.3333333,470.24835,8,22.2987775,0,470.24988,21.3695385,32.68,470.24988,21.954309,24.87,470.25027,22.1511935,0,470.24988,21.98937,32.58,470.24838,,,0,21.944213,23.17,470.24863,22.123875,23.33,470.24963,,,0,,,0,,,0,21.768015,21.97,470.24948
IDFEDVIAEPEGTHSFDGIWK,3,8866007,802.38141,8,72.7039295,0,803.05176,72.919052,21.77,803.05176,72.6106875,21.85,802.71698,72.5022275,0,803.05176,72.632061,0,803.05176,,,0,72.521263,0,803.05176,72.368988,0,803.05176,,,0,,,0,,,0,72.1735115,0,803.05176
AMADEVTEK,2,3254720,497.23151,8,24.868421,0,497.23236,24.5224295,0,497.23236,23.841921,22.26,497.23236,24.551035,0,497.23236,24.769142,0,497.23236,,,0,23.562297,20.07,497.23181,24.247757,0,497.23236,,,0,,,0,,,0,24.1792245,0,497.23236

