PeptideSeq,Charge,Abun,mz,NDP,t0,i0,m0,t1,i1,m1,t2,i2,m2,t3,i3,m3,t6,i6,m6,t7,i7,m7,t9,i9,m9,t13,i13,m13,t16,i16,m16,t21,i21,m21,t24,i24,m24,t31,i31,m31
KPNEGADGQWK,2,12178907.4285714,615.29907,10,20.0574275,32.74,615.29938,19.7937905,32.52,615.2998,19.92554,38.5,615.30005,19.527941,43.2,615.80261,20.059377,25.42,615.80212,19.5852375,44.22,615.30017,19.5729095,0,615.29938,,,0,19.3457155,0,615.29938,,,0,20.415871,0,615.29938,18.673587,37.46,615.80322
RPDQQLQGDGK,3,92236672.5,414.54596,10,17.769269,22.24,414.54593,17.817151,17.75,414.54605,17.6725045,0,414.54593,17.482629,19.81,414.54575,17.657406,24.83,414.88147,17.6040735,0,414.54593,17.429079,0,414.54593,,,0,17.1831995,0,414.54593,,,0,17.2043925,0,414.54593,17.300746,0,414.54593
PGHLQEGFGcVVTNR,3,17471959.625,557.60712,10,39.6452865,39.5,557.60791,40.019018,33.26,557.6087,39.577099,0,557.60791,39.6427325,33.44,557.94269,39.5734235,34.79,557.94299,39.484299,33.89,557.94336,39.407608,24.08,557.94366,,,0,39.3671115,30.7,557.94257,,,0,39.392523,20.59,557.94427,40.008499,0,557.60791
FDQLFDDESDPFEVLK,2,16933650,972.4491,10,76.0383755,56.03,972.44916,76.145977,40.65,972.95331,75.9470635,17.72,973.45221,75.8889085,0,972.44916,75.9502905,0,972.44916,76.1136855,0,972.44916,75.9962885,0,972.44916,,,0,75.5222395,0,972.44916,,,0,75.9943275,0,972.44916,75.519775,0,972.44916
GGSGSHNWGTVK,2,10936379.25,593.78363,10,21.838301,0,593.78448,22.0535705,0,593.78448,21.785552,30.75,593.78448,21.4943225,0,593.78448,21.8781825,0,593.78448,21.7618055,25.69,594.28632,21.654673,0,593.78448,,,0,21.0313265,30.09,594.28571,,,0,21.397212,0,593.78448,21.383952,22.1,594.28729
KPNEGADGQWK,3,9818011,410.53516,10,20.0574275,0,410.53522,19.806356,0,410.53522,20.0084865,27.13,410.53522,19.004484,0,410.53522,20.0279615,0,410.53522,19.904128,0,410.53522,19.044094,39.32,410.87009,,,0,19.467803,0,410.53522,,,0,20.374921,0,410.53522,18.7919385,31.95,410.87067
KPANDITSQLEINFGDLGR,3,14333817.5,696.6955,10,63.80496,0,697.03265,62.217493,32.12,697.03265,61.896109,29.33,697.03198,63.3582535,0,697.03265,63.549139,0,697.03265,63.59775,0,697.03265,62.6927145,22.53,697.36652,,,0,63.0777415,0,697.03265,,,0,62.6611175,20,697.36774,62.9976345,0,697.03265

