PeptideSeq,Charge,Abun,mz,NDP,t0,i0,m0,t1,i1,m1,t2,i2,m2,t3,i3,m3,t6,i6,m6,t7,i7,m7,t9,i9,m9,t13,i13,m13,t16,i16,m16,t21,i21,m21,t24,i24,m24,t31,i31,m31
GDALSQLMNGPIK,2,10294327,672.35303,9,59.0624065,32.74,672.35425,59.1216945,47.82,672.35645,58.741856,26.82,672.3548,58.798254,0,672.35425,59.4459385,0,672.35425,59.473482,0,672.35425,,,0,59.097805,0,672.35425,,,0,58.6230105,0,672.35425,59.228321,0,672.35425,,,0
NTDGVNFYNILTK,2,22910664.2857143,749.88043,9,62.71155,56.39,749.88275,62.6935365,0,749.88275,62.440994,21.55,750.3866,62.4762405,40.33,750.38501,62.546591,37.28,750.38312,62.546019,32.42,750.38702,,,0,62.3884735,0,749.88275,,,0,62.308819,57.35,749.88342,61.850588,19.75,750.38477,,,0
SYENLAFYWILK,2,8123615.5,773.90063,9,79.0550995,37.79,773.90234,79.1583175,0,773.90234,78.895401,0,773.90234,78.9468915,0,773.90234,78.959427,0,773.90234,78.958328,0,773.90234,,,0,78.849964,0,773.90234,,,0,78.7944145,0,773.90234,78.8694345,29.34,774.40149,,,0
DLDTVASDMMVLLK,2,14118932.5,775.89386,9,87.0399555,56.82,775.89514,87.298649,0,775.89514,87.064556,0,775.89514,87.1332855,0,775.89514,86.973324,67.51,775.89478,87.117722,0,775.89514,,,0,86.9566685,0,775.89514,,,0,87.054493,0,775.89514,87.0180355,0,775.89514,,,0

