PeptideSeq,Charge,Abun,mz,NDP,t0,i0,m0,t1,i1,m1,t2,i2,m2,t3,i3,m3,t6,i6,m6,t7,i7,m7,t9,i9,m9,t13,i13,m13,t16,i16,m16,t21,i21,m21,t24,i24,m24,t31,i31,m31
FSVGSASPSSVLLYAK,2,4850898,806.93268,4,59.075033,27.78,806.9339,58.970856,0,806.9339,,,0,,,0,58.7888355,0,806.9339,58.878462,30.93,807.43561,,,0,,,0,,,0,,,0,,,0,,,0
EVFDTYFVPISISYDK,2,5721350,961.97473,4,74.8367655,36.85,962.47107,74.9458355,26.45,962.48206,,,0,,,0,75.0394555,30.79,962.48016,75.361553,0,962.47107,,,0,,,0,,,0,,,0,,,0,,,0

