PeptideSeq,Charge,Abun,mz,NDP,t0,i0,m0,t1,i1,m1,t2,i2,m2,t3,i3,m3,t6,i6,m6,t7,i7,m7,t9,i9,m9,t13,i13,m13,t16,i16,m16,t21,i21,m21,t24,i24,m24,t31,i31,m31
IMSSPLSK,2,81087700,431.73877,12,32.341459,19.56,431.7399,32.4845905,23.51,431.74008,32.216421,0,431.7399,32.2592925,0,431.7399,32.362587,21.27,431.74017,32.2789705,0,431.7399,31.9604675,0,431.7399,32.217482,0,431.7399,31.830225,0,431.7399,31.7424965,0,431.7399,31.8325055,0,431.7399,32.2312725,0,431.7399
HFNAPSHIR,3,89914608.1818182,360.18954,12,24.006071,37.82,360.1889,23.9991995,38.67,360.18991,23.6960975,35.92,360.19028,23.0700855,39.13,360.19003,23.804818,41.84,360.52487,23.2334565,39.93,360.1893,22.89349,44.14,360.1893,22.6832725,36.62,360.52414,22.6268245,32.6,360.52472,23.208086,0,360.1889,23.442375,40,360.52512,22.6511345,26.57,360.52527
FNPFVTSDR,2,92112821.4285714,541.76691,12,46.486128,32.96,541.76813,46.550676,28.94,542.27161,46.2213725,0,541.76813,46.347746,32.42,541.76782,46.40888,0,541.76813,46.2870675,32.64,541.76788,45.9904175,0,541.76813,45.9883025,26.51,542.27057,45.8946325,0,541.76813,45.9152605,28.87,542.27069,46.015152,31.52,542.27142,45.894016,0,541.76813
KDDEVQVVR,2,25633900,544.29077,12,22.2280255,33.89,544.29236,22.057272,44.22,544.28973,22.3070155,45.84,544.29266,22.2750525,28.44,544.29175,22.3898155,33.6,544.79462,21.878367,33.67,544.79443,21.64709,0,544.29236,21.9398475,0,544.29236,21.8123025,0,544.29236,21.7605265,0,544.29236,22.346485,0,544.29236,21.911156,0,544.29236
ANGTTVHVGIHPSK,2,6621802.2,709.38098,12,24.0944675,32.46,709.38257,24.369794,29.25,709.38379,23.962305,49.35,709.383,23.8561765,39.03,709.88348,24.0370635,18.54,709.38208,24.0077655,0,709.38257,23.6812705,0,709.38257,23.4705885,0,709.38257,23.4419605,0,709.38257,23.4215555,0,709.38257,23.616249,0,709.38257,23.477205,0,709.38257
YVIYIER,2,60812975,478.26599,12,44.526182,0,478.76767,44.537676,23.34,478.76767,44.246441,0,478.76767,44.3195995,0,478.76767,44.4485035,0,478.76767,44.360903,0,478.76767,44.0555285,0,478.76767,44.0096795,27.31,478.76929,43.961622,0,478.76767,43.991449,0,478.76767,44.0070895,0,478.76767,43.851433,0,478.76767
YKEETIEK,2,20324967.5,520.26892,12,18.865433,0,520.26917,18.9106125,29.52,520.26917,18.7167135,36.81,520.26947,18.676756,0,520.26917,18.592642,24.4,520.77081,18.798252,0,520.26917,18.524454,0,520.26917,18.372359,48.51,520.77142,18.3046335,0,520.26917,18.9739935,0,520.26917,19.0122825,0,520.26917,18.6491575,0,520.26917

