PeptideSeq,Charge,Abun,mz,NDP,t0,i0,m0,t1,i1,m1,t2,i2,m2,t3,i3,m3,t6,i6,m6,t7,i7,m7,t9,i9,m9,t13,i13,m13,t16,i16,m16,t21,i21,m21,t24,i24,m24,t31,i31,m31
EVATDVFNSK,2,27225507.1111111,555.27728,9,37.5656605,35.73,555.27856,,,0,37.0687195,30.21,555.27899,37.872185,36.05,555.78101,37.747263,29.61,555.78015,37.8023735,30.79,555.7818,37.401968,30.69,555.78027,37.3323975,26.94,555.27972,,,0,37.134508,31.64,555.78094,,,0,37.4850675,28.93,555.78046
SIATTLIDDTSSEVLDELYR,3,3294082,747.70929,9,87.418053,62.41,748.04431,,,0,87.369812,18.79,748.04669,87.292969,39.73,748.04724,87.229542,0,748.04431,87.300808,0,748.04431,86.980179,0,748.04431,87.154102,0,748.04431,,,0,86.988781,0,748.04431,,,0,86.8292315,0,748.04431

