PeptideSeq,Charge,Abun,mz,NDP,t0,i0,m0,t1,i1,m1,t2,i2,m2,t3,i3,m3,t6,i6,m6,t7,i7,m7,t9,i9,m9,t13,i13,m13,t16,i16,m16,t21,i21,m21,t24,i24,m24,t31,i31,m31
AHTDFFEAFK,3,6934591.5,404.86099,7,51.036579,23.34,404.862,51.3738535,0,404.862,50.6693685,0,404.862,,,0,,,0,50.845495,0,404.862,50.588434,21.31,405.19678,50.431349,0,404.862,,,0,,,0,,,0,50.303871,0,404.862
WTNQLNSLNQAVVSK,2,8645490.71428571,851.44958,7,49.406635,89.72,851.45001,49.3808975,40.76,851.45087,49.1426795,61.15,851.45343,,,0,,,0,49.6405105,48.94,851.4502,49.4670275,23.83,852.45996,49.4259625,32.13,852.45569,,,0,,,0,,,0,49.3633005,44.39,851.95605

