PeptideSeq,Charge,Abun,mz,NDP,t0,i0,m0,t1,i1,m1,t2,i2,m2,t3,i3,m3,t6,i6,m6,t7,i7,m7,t9,i9,m9,t13,i13,m13,t16,i16,m16,t21,i21,m21,t24,i24,m24,t31,i31,m31
DVLLLGNDYIVPR,2,1682051.5,743.91681,6,69.099815,58.58,743.91608,,,0,68.980995,61.98,744.42096,68.9041405,37.05,744.4209,69.0510975,28.45,744.42035,,,0,,,0,,,0,68.753353,22.46,744.4209,68.8404085,24.31,743.91882,,,0,,,0

