PeptideSeq,Charge,Abun,mz,NDP,t0,i0,m0,t1,i1,m1,t2,i2,m2,t3,i3,m3,t6,i6,m6,t7,i7,m7,t9,i9,m9,t13,i13,m13,t16,i16,m16,t21,i21,m21,t24,i24,m24,t31,i31,m31
VPVLGSLLNLPGIR,2,2357711.88888889,724.45337,9,77.4067615,30.51,724.4538,,,0,77.2041165,45.1,724.45477,77.1456525,83.92,724.45465,77.199413,22.39,724.95569,77.2270815,27.97,724.95624,77.073418,35.3,724.95618,77.078781,44.62,724.95691,77.059536,31.29,724.9574,77.1169705,20.66,724.95728,,,0,,,0

