PeptideSeq,Charge,Abun,mz,NDP,t0,i0,m0,t1,i1,m1,t2,i2,m2,t3,i3,m3,t6,i6,m6,t7,i7,m7,t9,i9,m9,t13,i13,m13,t16,i16,m16,t21,i21,m21,t24,i24,m24,t31,i31,m31
LGNYVGAVQDcER,2,5911373,740.84607,5,37.614252,43.96,740.84833,38.143688,39.96,741.34814,37.4210225,39.54,741.34906,,,0,37.627834,0,740.84833,,,0,,,0,,,0,,,0,,,0,37.1840725,0,740.84833,,,0
AIELNPANAVYFcNR,2,21799907.5,876.4303,5,58.021606,73.81,876.43243,58.188322,54.81,876.93591,57.7108935,45.74,876.93677,,,0,57.865459,36.81,876.93219,,,0,,,0,,,0,,,0,,,0,57.642681,0,876.43243,,,0

