PeptideSeq,Charge,Abun,mz,NDP,t0,i0,m0,t1,i1,m1,t2,i2,m2,t3,i3,m3,t6,i6,m6,t7,i7,m7,t9,i9,m9,t13,i13,m13,t16,i16,m16,t21,i21,m21,t24,i24,m24,t31,i31,m31
FGSTPVQER,2,28320390,510.75909,8,26.508607,41.69,510.75882,26.7844305,0,510.75882,26.5728455,0,510.75882,26.3366895,42.24,510.76105,26.3821705,0,510.75882,26.431196,37.69,511.2627,,,0,,,0,25.8015385,0,510.75882,,,0,25.7128365,0,510.75882,,,0
FQYNTDVVFDSQGK,2,5209714.33333333,824.38611,8,51.442568,51.96,824.3877,51.3983515,61.13,824.89044,51.274994,0,824.3877,51.351971,0,824.3877,51.4290885,34.66,824.8902,51.2936745,22.74,824.88995,,,0,,,0,51.402517,29.24,824.8902,,,0,51.1074545,36.75,824.89343,,,0
MTGSGIYAPDSPR,2,8232301.5,676.31915,8,35.9441835,0,676.3205,35.702366,59.26,676.3205,35.3611205,34.14,676.82294,36.122627,0,676.3205,35.609272,0,676.3205,35.516964,0,676.3205,,,0,,,0,35.743311,0,676.3205,,,0,35.8053985,0,676.3205,,,0
YVFPEVLLSEVK,2,4692658.5,711.89758,8,71.823437,0,711.89954,71.927147,33.85,711.89954,71.639694,0,711.89954,71.5322035,0,711.89954,71.846565,0,711.89954,72.008213,25.22,712.40375,,,0,,,0,71.896179,0,711.89954,,,0,71.838295,0,711.89954,,,0

