PeptideSeq,Charge,Abun,mz,NDP,t0,i0,m0,t1,i1,m1,t2,i2,m2,t3,i3,m3,t6,i6,m6,t7,i7,m7,t9,i9,m9,t13,i13,m13,t16,i16,m16,t21,i21,m21,t24,i24,m24,t31,i31,m31
AEELQPGFSK,2,91265170,553.27985,5,32.6729755,19.7,553.2804,32.7728155,32.37,553.28088,,,0,32.5251315,26.94,553.78265,,,0,,,0,32.27672,0,553.2804,,,0,,,0,,,0,,,0,32.504339,0,553.2804
LDFVLTSLMALR,2,5882628,689.89178,5,83.7361565,44.69,689.89264,84.111328,0,689.89264,,,0,83.642929,48.14,689.89319,,,0,,,0,83.511108,47.32,690.39478,,,0,,,0,,,0,,,0,82.95105,0,689.89264

