PeptideSeq,Charge,Abun,mz,NDP,t0,i0,m0,t1,i1,m1,t2,i2,m2,t3,i3,m3,t6,i6,m6,t7,i7,m7,t9,i9,m9,t13,i13,m13,t16,i16,m16,t21,i21,m21,t24,i24,m24,t31,i31,m31
DHYDATAMHR,3,2878974.77777778,406.17697,9,20.377509,39.06,406.17776,20.478062,34.71,406.17822,20.296545,28.4,406.17773,20.2449675,30.54,406.51212,20.4439695,28.57,406.5119,,,0,20.0096215,39.33,406.51233,19.949134,23.64,406.51212,,,0,19.739719,31.24,406.5127,19.8964745,20.99,406.84818,,,0
DHYDATAMHR,2,651830.666666667,608.76184,9,20.387365,15.41,608.76385,20.453732,0,608.76385,20.2976085,19.07,608.76367,20.233673,0,608.76385,20.435934,0,608.76385,,,0,19.989952,0,608.76385,19.9584615,0,608.76385,,,0,20.2033965,19.5,609.26471,19.8707825,0,608.76385,,,0

