PeptideSeq,Charge,Abun,mz,NDP,t0,i0,m0,t1,i1,m1,t2,i2,m2,t3,i3,m3,t6,i6,m6,t7,i7,m7,t9,i9,m9,t13,i13,m13,t16,i16,m16,t21,i21,m21,t24,i24,m24,t31,i31,m31
ALAAFLK,2,97274366.6666667,367.23398,12,46.700895,39.27,367.23438,46.810213,0,367.23438,46.372721,32,367.23502,46.4700125,35.87,367.23376,46.542877,36.37,367.23428,46.4051895,31.53,367.23422,46.1318395,0,367.23438,46.2400305,0,367.23438,45.905218,0,367.23438,45.917797,21.57,367.73798,46.282301,0,367.23438,45.850191,0,367.23438
VLQALEGLK,2,104447282.857143,485.8002,12,47.0892505,29.36,485.80276,47.3583455,33.5,485.80103,46.7689305,29.28,485.80142,46.9104615,31.94,485.80078,46.98975,32,486.3027,46.864296,25.23,486.30347,46.558313,31.28,486.30289,46.503357,0,485.80276,46.4939005,0,485.80276,46.5292415,0,485.80276,46.584229,0,485.80276,46.424221,0,485.80276
DVNQQEFVR,2,122458756.666667,567.78052,12,34.2194535,39.1,567.78119,34.259472,43.1,567.78174,34.0116405,0,567.78119,34.0974065,0,567.78119,33.8633345,46.13,567.78125,33.9418395,0,567.78119,33.791105,0,567.78119,33.496706,0,567.78119,33.4517175,0,567.78119,33.3121455,0,567.78119,33.4264145,0,567.78119,33.436712,0,567.78119
NGVRPSHFSR,3,16684005,386.20386,12,19.851736,22.59,386.20364,20.1432125,0,386.20364,19.7708845,28.67,386.20413,19.916583,0,386.20364,19.9387935,0,386.20364,19.9747295,0,386.20364,19.9962125,0,386.20364,19.662655,0,386.20364,19.551544,0,386.20364,19.704095,0,386.20364,19.409395,0,386.20364,19.5313805,0,386.20364
LKVPEWVDTVK,3,67102955,438.58698,12,50.7285785,26.92,438.5874,50.865158,26.82,438.58798,50.41975,29.15,438.58777,50.485407,32.68,438.5874,50.584965,0,438.5874,50.507103,0,438.5874,50.6403315,0,438.5874,50.177008,0,438.5874,50.153606,0,438.5874,50.255291,0,438.5874,50.241028,0,438.5874,50.1033115,0,438.5874
ELAPYDENWFYTR,2,55816030,852.38861,12,63.955761,47.88,852.38995,63.9875755,0,852.38995,63.8232155,0,852.38995,63.8496475,49.05,852.39069,63.9351085,30.62,852.8913,63.9517515,29.17,852.89191,63.732237,31.51,852.8902,63.656017,38.75,852.89221,63.621315,39.08,852.89215,63.682255,33.7,852.89276,63.753475,50.92,852.89355,63.6457195,21.68,853.39514

