PeptideSeq,Charge,Abun,mz,NDP,t0,i0,m0,t1,i1,m1,t2,i2,m2,t3,i3,m3,t6,i6,m6,t7,i7,m7,t9,i9,m9,t13,i13,m13,t16,i16,m16,t21,i21,m21,t24,i24,m24,t31,i31,m31
VMAGALEGDIFIGPK,2,9537583.71428571,759.40527,9,64.0807495,78.31,759.409,64.215595,45.38,759.41077,63.885523,77.28,759.40814,63.9123135,63.56,759.41071,63.9972555,43.92,759.91046,64.0401005,45.07,759.90918,,,0,,,0,63.70981,0,759.409,63.7587375,0,759.409,,,0,63.645634,36.11,759.90845
AQYYLPDGSTIEIGPSR,2,19940572.5,933.96521,9,63.364603,89.88,934.46967,63.3655815,0,934.46967,63.070202,77.02,934.46875,63.13195,76.56,934.46747,62.803217,18.19,934.96967,62.812733,0,934.46967,,,0,,,0,62.4572755,0,934.46967,62.586895,0,934.46967,,,0,62.463987,0,934.46967
DWNDMER,2,15854040,483.19272,1,,,0,,,0,,,0,,,0,,,0,37.141739,17.97,483.69482,,,0,,,0,,,0,,,0,,,0,,,0
YcFPNYVGR,2,33785310,588.26874,1,,,0,,,0,,,0,,,0,,,0,46.826965,17.79,588.26941,,,0,,,0,,,0,,,0,,,0,,,0
TLFSNIVLSGGSTLFK,2,15084380,842.46942,4,,,0,,,0,,,0,,,0,,,0,77.3945045,67.96,842.97296,,,0,,,0,77.2164455,67.06,842.9729,77.2578125,34.04,842.97424,,,0,76.944614,60.6,842.97382
TLFSNIVLSGGSTLFK,3,6229265,561.98206,1,,,0,,,0,,,0,,,0,,,0,,,0,,,0,,,0,77.190788,30.1,562.31738,,,0,,,0,,,0

