PeptideSeq,Charge,Abun,mz,NDP,t0,i0,m0,t1,i1,m1,t2,i2,m2,t3,i3,m3,t6,i6,m6,t7,i7,m7,t9,i9,m9,t13,i13,m13,t16,i16,m16,t21,i21,m21,t24,i24,m24,t31,i31,m31
ALAITFTNFVTEPLK,2,2522995,832.96655,3,73.21574,0,833.47003,,,0,73.073853,37.77,833.47003,73.0021135,33.47,833.47052,,,0,,,0,,,0,,,0,,,0,,,0,,,0,,,0

