PeptideSeq,Charge,Abun,mz,NDP,t0,i0,m0,t1,i1,m1,t2,i2,m2,t3,i3,m3,t6,i6,m6,t7,i7,m7,t9,i9,m9,t13,i13,m13,t16,i16,m16,t21,i21,m21,t24,i24,m24,t31,i31,m31
TPEVSTMDAMLDLIR,3,5290576.66666667,564.61627,9,77.0597,42.91,564.95032,77.1662905,0,564.95032,76.95776,36.41,564.95331,76.938213,33.9,564.95276,,,0,,,0,,,0,76.84766,0,564.95032,76.747818,0,564.95032,76.801594,0,564.95032,76.88443,0,564.95032,76.751507,0,564.95032
TMVNVLGDAFGTGIVEK,2,28821926.6,875.95587,9,67.938503,51.66,875.95575,68.0015335,37.57,876.45752,67.8083875,0,875.95575,68.044487,0,875.95575,,,0,,,0,,,0,68.3628085,32.71,876.45905,68.370148,20.44,876.45721,68.5910755,0,875.95575,68.5233995,20.73,876.95984,68.712067,0,875.95575
TPEVSTMDAMLDLIR,2,5402715.5,846.42078,9,77.1111105,0,846.92499,77.181942,70.28,846.92499,76.931244,0,846.92499,76.912361,0,846.92499,,,0,,,0,,,0,77.0016825,31.26,847.42529,76.7744865,61.43,846.9234,76.541798,44.38,846.92383,76.884197,26.89,847.42639,76.7250825,41.48,847.42535

