PeptideSeq,Charge,Abun,mz,NDP,t0,i0,m0,t1,i1,m1,t2,i2,m2,t3,i3,m3,t6,i6,m6,t7,i7,m7,t9,i9,m9,t13,i13,m13,t16,i16,m16,t21,i21,m21,t24,i24,m24,t31,i31,m31
LQGFEQQWYR,2,41400505,677.83057,4,51.139692,40.6,677.82965,,,0,,,0,50.4334735,0,677.82965,,,0,50.571659,0,677.82965,,,0,,,0,50.280775,28.84,678.32935,,,0,,,0,,,0
DFIGWVWYER,2,2973491.66666667,685.83002,4,78.104595,30.43,685.83105,,,0,,,0,78.213776,25.16,686.33002,,,0,78.0162925,23.2,686.33002,,,0,,,0,77.999294,0,685.83105,,,0,,,0,,,0

