PeptideSeq,Charge,Abun,mz,NDP,t0,i0,m0,t1,i1,m1,t2,i2,m2,t3,i3,m3,t6,i6,m6,t7,i7,m7,t9,i9,m9,t13,i13,m13,t16,i16,m16,t21,i21,m21,t24,i24,m24,t31,i31,m31
SYLYFTQFK,2,20434468.1818182,598.80298,11,58.554501,15.52,598.8031,58.5279485,27.74,598.80432,58.320036,17.32,598.80426,58.304554,15.96,599.30652,58.4032685,25.58,599.30615,58.365795,23.54,599.30591,58.0901185,25.35,599.30585,58.071068,28.4,599.30573,,,0,58.055229,25.8,599.30688,58.196476,25.83,599.30719,57.9696505,29.11,598.8045
GAEIEYAMAYSK,2,79694128.3333333,666.81061,11,46.337078,40.7,666.8114,46.3024465,37.22,666.81219,46.3084755,51.26,666.81177,46.2084865,45.28,667.31555,46.26277,0,666.8114,46.206451,17.22,667.81586,46.1834985,48.27,667.31512,45.960619,0,666.8114,,,0,45.8839455,0,666.8114,46.046318,0,666.8114,46.220865,0,666.8114

