PeptideSeq,Charge,Abun,mz,NDP,t0,i0,m0,t1,i1,m1,t2,i2,m2,t3,i3,m3,t6,i6,m6,t7,i7,m7,t9,i9,m9,t13,i13,m13,t16,i16,m16,t21,i21,m21,t24,i24,m24,t31,i31,m31
SLPVNDSVLDVFER,2,44223902.5,795.41211,5,,,0,,,0,,,0,,,0,67.543804,20.14,795.39832,67.6012115,25.94,795.91351,,,0,,,0,67.3663025,0,795.39832,,,0,67.494919,30.73,795.40564,67.175289,24.26,795.90424
QLFENTGVPGR,2,6542610.5,609.31732,5,,,0,,,0,,,0,,,0,41.176725,0,609.82001,41.0372375,0,609.82001,,,0,,,0,40.766529,37.59,609.82001,,,0,40.8255865,38.81,609.3186,40.8500135,0,609.82001

