PeptideSeq,Charge,Abun,mz,NDP,t0,i0,m0,t1,i1,m1,t2,i2,m2,t3,i3,m3,t6,i6,m6,t7,i7,m7,t9,i9,m9,t13,i13,m13,t16,i16,m16,t21,i21,m21,t24,i24,m24,t31,i31,m31
GITTAAVcVYPAR,2,2030982,689.86102,5,44.8763675,82.72,689.86249,,,0,,,0,44.7591115,0,689.86249,44.433685,50.85,690.36743,44.36949,0,689.86249,44.1735305,0,689.86249,,,0,,,0,,,0,,,0,,,0
EELGDEWLTPDLFR,2,3338762.33333333,860.41486,5,75.85923,74.48,860.91766,,,0,,,0,76.392361,0,860.91766,76.5426215,25.84,860.91949,76.0987855,0,860.91766,76.410072,24.81,861.42151,,,0,,,0,,,0,,,0,,,0

