PeptideSeq,Charge,Abun,mz,NDP,t0,i0,m0,t1,i1,m1,t2,i2,m2,t3,i3,m3,t6,i6,m6,t7,i7,m7,t9,i9,m9,t13,i13,m13,t16,i16,m16,t21,i21,m21,t24,i24,m24,t31,i31,m31
cYTTMVPLR,2,4909873.5,570.78064,5,44.306507,30.99,570.78284,44.6273305,28.25,570.78223,45.0564365,40.89,570.78406,,,0,,,0,,,0,,,0,,,0,44.305082,0,570.78284,,,0,44.448469,38.08,570.78387,,,0
IVVPLNNR,2,12993159.3333333,462.78488,5,36.863243,0,462.78577,36.9630185,0,462.78577,36.617924,40.21,462.78577,,,0,,,0,,,0,,,0,,,0,36.263596,39.85,463.2879,,,0,36.3185825,40.02,463.28833,,,0

