PeptideSeq,Charge,Abun,mz,NDP,t0,i0,m0,t1,i1,m1,t2,i2,m2,t3,i3,m3,t6,i6,m6,t7,i7,m7,t9,i9,m9,t13,i13,m13,t16,i16,m16,t21,i21,m21,t24,i24,m24,t31,i31,m31
FQSAAIGALQEASEAYLVGLFEDTNLcAIH,3,3014598,1080.19568,12,99.0181735,96.8,1080.19873,98.8105015,36.75,1080.53357,99.0299075,65.9,1080.19775,99.154453,91.66,1080.53076,99.1708945,99.31,1080.5343,99.020123,56.24,1080.86377,99.019913,72.77,1080.19592,99.0103605,56.16,1080.86414,99.13274,67.65,1080.53052,98.86861,80.7,1080.19714,99.0258335,56.38,1080.86584,99.143429,75.54,1080.86511
FQSAAIGALQEASEAYLVGLFEDTNLcAIHAK,4,91835040.8333333,860.18158,12,91.875065,93.82,860.18274,91.946396,80,860.18329,91.6395605,92.96,860.18268,91.5156595,93.63,860.18207,91.519276,99.14,860.1825,91.507088,102.92,860.18201,91.3627205,97.61,860.18188,91.2955625,73.54,860.18304,91.2667885,89.86,860.18329,91.1718025,80.55,860.18317,91.117939,96.4,860.18427,90.938301,79.31,860.68439
FQSAAIGALQEASEAYLVGLFEDTNLcAIHAK,3,201466673.333333,1146.573,12,91.875065,97.46,1146.57532,91.9726525,80.1,1146.5752,91.6503295,133.45,1146.57483,91.5156595,118.13,1146.57446,91.519276,134.64,1146.57446,91.507088,89.4,1146.57361,91.3627205,98.17,1146.57385,91.2826805,90.84,1146.57471,91.2667885,101.76,1146.57532,91.184799,98.06,1146.5752,91.117939,84.8,1146.57666,90.9479635,110.42,1146.90833
FQSAAIGALQEASEAYLVGLFEDTNLcAIHAK,5,10511032.25,688.34674,12,91.8995245,37.99,688.34833,91.9382095,0,688.34833,91.663288,26.53,688.5481,91.519207,0,688.34833,91.49284,0,688.34833,91.534096,0,688.34833,91.522587,19.57,688.5473,91.2955625,0,688.34833,91.253483,0,688.34833,91.2519185,0,688.34833,91.341404,0,688.34833,90.9481315,47.74,688.74982
IGALQEASEAYLVGLFEDTNLcAIHAK,3,5233544.66666667,978.4953,12,85.676857,0,978.82996,85.9464495,0,978.82996,85.452461,0,978.82996,85.3966865,0,978.82996,84.9443895,0,978.82996,84.819607,0,978.82996,85.126251,27.95,978.82996,84.921486,41.07,978.82605,84.796989,0,978.82996,84.6119915,0,978.82996,84.6820565,0,978.82996,84.3575515,47.54,978.83136

