PeptideSeq,Charge,Abun,mz,NDP,t0,i0,m0,t1,i1,m1,t2,i2,m2,t3,i3,m3,t6,i6,m6,t7,i7,m7,t9,i9,m9,t13,i13,m13,t16,i16,m16,t21,i21,m21,t24,i24,m24,t31,i31,m31
QFLDFGSSNAcEK,2,6707602,751.83264,8,50.1157435,67.53,751.83368,50.1342545,43.9,752.33496,49.8406565,0,751.83368,49.9106525,22.13,752.33807,,,0,49.912697,52.24,752.3349,,,0,,,0,49.5402355,57.6,752.33447,,,0,49.6506955,38.22,752.33838,49.576872,0,751.83368
HYQTIQEAGDWcVPSTEPK,3,7530118.66666667,749.3443,8,45.9577615,43.9,749.67932,46.1922185,17.15,750.01703,45.677149,29.66,750.01544,45.867445,0,749.67932,,,0,45.867767,0,749.67932,,,0,,,0,45.5012835,0,749.67932,,,0,45.6420365,0,749.67932,45.391296,0,749.67932
LFSYMYSTAPTPQPGTGGTPLAGFGYGLPISR,3,2973397.33333333,1102.21643,8,78.439747,38.2,1102.88843,78.5542945,31.67,1102.89124,77.9316675,0,1102.88843,77.899597,38.35,1102.8894,,,0,77.6265835,0,1102.88843,,,0,,,0,77.6204565,0,1102.88843,,,0,77.6999515,0,1102.88843,77.5765,0,1102.88843
IMVALGEEDLSIK,2,19331172.5,709.38397,8,59.6467685,0,709.38416,59.8782805,24.8,709.38416,59.3551065,0,709.38416,59.3730755,0,709.38416,,,0,59.7771265,31.63,709.88208,,,0,,,0,59.8199195,0,709.38416,,,0,59.5625855,32.44,709.88763,59.706085,35.05,709.88678

