PeptideSeq,Charge,Abun,mz,NDP,t0,i0,m0,t1,i1,m1,t2,i2,m2,t3,i3,m3,t6,i6,m6,t7,i7,m7,t9,i9,m9,t13,i13,m13,t16,i16,m16,t21,i21,m21,t24,i24,m24,t31,i31,m31
YASMINK,2,108001722.857143,413.70999,11,26.4578,38.52,413.71011,26.545579,0,413.71011,26.3199135,34.56,413.71063,26.2912375,34.89,413.71033,26.445672,38.44,413.71036,26.3572795,38.3,413.71051,26.046057,38.16,413.71036,25.923751,38.26,413.71011,25.814834,0,413.71011,25.7059755,0,413.71011,,,0,25.9573805,0,413.71011
ATPYNYPVPVR,2,93096560.9090909,638.83783,11,42.0917725,44.49,638.83887,42.265749,54.05,638.83936,41.9131125,53.92,638.83936,42.0160125,35.73,638.8399,42.128273,46.76,639.34052,42.0167675,47.05,639.34125,41.7125415,43.42,639.34021,42.24568,43.86,639.34045,41.588633,21.35,639.84418,42.219418,36.1,639.34192,,,0,41.6068095,27.8,639.34412

