PeptideSeq,Charge,Abun,mz,NDP,t0,i0,m0,t1,i1,m1,t2,i2,m2,t3,i3,m3,t6,i6,m6,t7,i7,m7,t9,i9,m9,t13,i13,m13,t16,i16,m16,t21,i21,m21,t24,i24,m24,t31,i31,m31
LLIYDTSNLASGVPVR,2,9999560.72727273,859.47778,11,61.152893,109.6,859.47974,61.1538165,98.49,859.48065,60.965788,96.84,859.9809,60.9614255,85.93,859.9809,60.993088,38.07,859.98212,61.0396325,64.47,859.98041,60.810284,51.48,859.98047,,,0,60.3131735,48.27,860.48529,60.8033375,71.26,859.98309,60.316042,41.32,860.4856,60.351669,51.42,860.48456
LLIYDTSNLASGVPVR,3,9619236.66666667,573.32092,11,61.300459,0,573.32343,61.982845,0,573.32343,60.927219,17.4,573.32343,61.324314,16,573.32208,61.407093,0,573.32343,61.4440115,0,573.32343,60.7783185,0,573.32343,,,0,60.6381565,0,573.32343,61.184113,0,573.32343,61.187935,0,573.32343,61.1083715,27.47,573.65796

