PeptideSeq,Charge,Abun,mz,NDP,t0,i0,m0,t1,i1,m1,t2,i2,m2,t3,i3,m3,t6,i6,m6,t7,i7,m7,t9,i9,m9,t13,i13,m13,t16,i16,m16,t21,i21,m21,t24,i24,m24,t31,i31,m31
SAFQINLNPLK,2,20028343.5,622.85352,6,60.106184,26.18,622.85394,,,0,,,0,59.7464235,38.28,622.85529,59.8711395,28.95,622.85388,,,0,,,0,59.66255,26.93,623.35504,,,0,,,0,59.6716765,37.82,623.35657,59.7687625,34.66,623.35632

