PeptideSeq,Charge,Abun,mz,NDP,t0,i0,m0,t1,i1,m1,t2,i2,m2,t3,i3,m3,t6,i6,m6,t7,i7,m7,t9,i9,m9,t13,i13,m13,t16,i16,m16,t21,i21,m21,t24,i24,m24,t31,i31,m31
VEVTEFEDIK,2,40790591.8181818,604.80591,11,48.4655265,51.19,604.8067,48.412394,51.66,604.80823,48.4117565,57.78,604.8075,48.30591,52.88,604.80707,48.395025,50.23,605.30835,48.470282,52.21,605.30933,47.132776,36.84,605.30933,47.8313925,37.02,605.3092,47.0295255,49.2,605.30988,48.6854895,42.6,605.30933,47.904499,42.38,605.30933,,,0
LNEQASEEILK,2,74674356.6666667,637.33533,11,38.234955,63.99,637.33527,38.4218255,64.34,637.33606,37.9467375,0,637.33527,38.08695,0,637.33527,38.1831395,0,637.33527,38.213129,42.45,637.83832,37.6883565,0,637.33527,37.7813965,0,637.33527,37.5602165,0,637.33527,37.695608,0,637.33527,37.7705745,0,637.33527,,,0
IDFYFDENPYFENK,2,22429158,920.90686,11,68.872288,42.01,920.9093,68.9635355,45.36,921.40729,68.8029595,0,920.9093,68.71344,40.07,921.40704,68.855419,20.68,921.90814,68.8642805,0,920.9093,68.660526,0,920.9093,68.1438715,0,920.9093,68.5361785,0,920.9093,68.636505,0,920.9093,68.7314875,22.92,921.91394,,,0
EFHLNESGDPSSK,3,21730775,482.88803,11,29.6521375,0,482.88919,29.8858725,20.11,482.88919,29.8638135,0,482.88919,29.893033,27.68,482.88867,29.97091,0,482.88919,29.906232,0,482.88919,29.6297455,0,482.88919,29.5537925,0,482.88919,29.4311495,0,482.88919,29.030487,0,482.88919,29.437362,0,482.88919,,,0
EFHLNESGDPSSK,2,7954909,723.82843,11,30.0237455,0,723.83105,30.1192895,33.09,723.83105,29.826132,0,723.83105,29.84276,0,723.83105,29.859685,19.42,724.83398,29.856292,0,723.83105,29.582341,0,723.83105,29.500088,0,723.83105,29.338032,0,723.83105,29.328449,0,723.83105,29.4287385,0,723.83105,,,0

