PeptideSeq,Charge,Abun,mz,NDP,t0,i0,m0,t1,i1,m1,t2,i2,m2,t3,i3,m3,t6,i6,m6,t7,i7,m7,t9,i9,m9,t13,i13,m13,t16,i16,m16,t21,i21,m21,t24,i24,m24,t31,i31,m31
FGLIQSMK,2,8570079.5,462.25458,4,47.633144,36.63,462.25528,47.9530625,0,462.25528,47.678406,0,462.25528,,,0,,,0,,,0,,,0,,,0,,,0,46.581812,31.72,462.25626,,,0,,,0
ELDSGLAESVSTLIWAAPR,3,4219201.5,672.35297,4,81.0942765,0,672.68896,81.1793365,31.65,672.68896,81.0671885,31.89,672.6911,,,0,,,0,,,0,,,0,,,0,,,0,81.2913555,0,672.68896,,,0,,,0

