PeptideSeq,Charge,Abun,mz,NDP,t0,i0,m0,t1,i1,m1,t2,i2,m2,t3,i3,m3,t6,i6,m6,t7,i7,m7,t9,i9,m9,t13,i13,m13,t16,i16,m16,t21,i21,m21,t24,i24,m24,t31,i31,m31
ATVTPSPVK,2,41731660.9090909,450.26346,11,24.1064665,40.67,450.26358,23.7636315,43.67,450.26514,24.1418675,40.66,450.26413,23.917799,52.52,450.2637,24.0506205,44.43,450.26361,23.9924975,44.13,450.26379,23.7247485,44.27,450.26364,23.569948,40.28,450.26352,,,0,23.393959,40.12,450.26416,23.6436385,35.14,450.76669,23.5750105,40.15,450.26462

