PeptideSeq,Charge,Abun,mz,NDP,t0,i0,m0,t1,i1,m1,t2,i2,m2,t3,i3,m3,t6,i6,m6,t7,i7,m7,t9,i9,m9,t13,i13,m13,t16,i16,m16,t21,i21,m21,t24,i24,m24,t31,i31,m31
TASLTSAASIDGSR,2,29377840.5,668.83881,6,36.123981,80.76,668.83917,2189.123291,0,668.83917,35.9464435,57.08,668.83972,,,0,,,0,36.164299,58.49,669.34283,36.197147,41.28,669.34094,36.6099875,21.92,669.34106,,,0,36.4954875,37.28,669.34167,,,0,,,0
FGDMQEIIQNFVR,2,9129479.5,798.89557,5,79.63773,79.74,798.89655,79.872543,27.51,798.89655,79.4262965,0,798.89655,,,0,,,0,79.405205,0,798.89655,78.198975,0,798.89655,4753.171387,0,798.89655,,,0,4751.955566,0,798.89655,,,0,,,0
GIIQHAPNLENIELYWNSYNNR,3,6950923,886.7735,4,69.6199265,38.57,887.1076,4197.434082,0,887.1076,69.468006,0,887.1076,,,0,,,0,4176.930176,22.28,887.1123,69.390427,0,887.1076,69.215004,0,887.1076,,,0,4154.37207,0,887.1076,,,0,,,0
GWMDWAAHK,3,5064524.5,367.836,7,50.6553725,0,367.83618,50.8278125,16.08,367.83618,50.331238,16.52,368.17123,,,0,,,0,50.4824105,0,367.83618,50.2115155,0,367.83618,50.0711955,0,367.83618,,,0,50.150261,0,367.83618,,,0,,,0

