PeptideSeq,Charge,Abun,mz,NDP,t0,i0,m0,t1,i1,m1,t2,i2,m2,t3,i3,m3,t6,i6,m6,t7,i7,m7,t9,i9,m9,t13,i13,m13,t16,i16,m16,t21,i21,m21,t24,i24,m24,t31,i31,m31
AVVESLPR,2,373329367.142857,435.7558,7,,,0,,,0,,,0,,,0,,,0,33.652132,40.21,436.25894,33.2907985,40.3,436.25891,33.2999155,44.34,436.25867,33.341745,40.67,435.75583,33.2894915,34.33,435.75732,33.301739,28.46,436.25931,33.3093605,43.97,436.26031

