PeptideSeq,Charge,Abun,mz,NDP,t0,i0,m0,t1,i1,m1,t2,i2,m2,t3,i3,m3,t6,i6,m6,t7,i7,m7,t9,i9,m9,t13,i13,m13,t16,i16,m16,t21,i21,m21,t24,i24,m24,t31,i31,m31
EFLALASSSLLK,2,4438758,639.86884,5,66.182308,45.34,639.87115,66.366348,0,639.87115,65.973305,0,639.87115,3958.943115,0,639.87115,66.1332815,0,639.87115,66.094681,20.06,640.37415,3957.107422,0,639.87115,,,0,,,0,,,0,,,0,3932.949951,31.64,640.37329
NNNQQLAQLQK,2,6848760,649.84418,8,28.1320135,32.39,649.84497,28.022621,0,649.84497,27.792304,17.56,649.84686,27.7650045,0,649.84497,28.086342,0,649.84497,28.031208,0,649.84497,27.535521,0,649.84497,,,0,,,0,,,0,,,0,27.652398,0,649.84497
AINQIAAALFTIHK,3,3048835.66666667,504.29617,8,63.514843,23.55,504.29724,63.773846,0,504.29724,63.2568475,0,504.29724,63.3204045,24.1,504.29926,63.424393,31.39,504.63098,63.4847565,0,504.29724,63.1864835,0,504.29724,,,0,,,0,,,0,,,0,62.904701,0,504.29724
SLSDALISLQMVYPR,2,13212330.4,846.95306,8,76.400978,48.55,846.95703,76.4039725,38.88,846.95911,76.2067375,56.63,846.95746,76.431934,59.97,847.45758,76.235611,0,846.95703,76.217758,40.1,846.95319,76.060234,0,846.95703,,,0,,,0,,,0,,,0,76.0250205,0,846.95703
SLSDALISLQMVYPR,3,7671670,564.97113,8,76.3239515,32.96,565.30432,76.4689295,0,565.30432,76.182079,44.64,564.97144,76.122101,0,565.30432,76.171944,0,565.30432,76.192028,0,565.30432,76.060345,0,565.30432,,,0,,,0,,,0,,,0,75.9604265,0,565.30432
SLSELLGPYGMK,2,20839580,647.83917,8,62.886551,0,648.34399,62.4851185,30.46,648.34399,62.716759,0,648.34399,62.502077,0,648.34399,62.8400175,0,648.34399,62.82555,0,648.34399,62.5074535,19.81,648.34381,,,0,,,0,,,0,,,0,62.9817275,22.97,648.34406

