PeptideSeq,Charge,Abun,mz,NDP,t0,i0,m0,t1,i1,m1,t2,i2,m2,t3,i3,m3,t6,i6,m6,t7,i7,m7,t9,i9,m9,t13,i13,m13,t16,i16,m16,t21,i21,m21,t24,i24,m24,t31,i31,m31
IHSLVTMKVm,2,0,587.81976,0,,,0,,,0,4624.879883,21.62,588.81689,4624,22.35,588.81635,,,0,,,0,,,0,,,0,,,0,,,0,4623.680176,26.77,588.81824,,,0

