proteinName,peptideSeq,charge,old_Rsquared,new_Rsquared,NDP,rateconstant,sigma,Abundance,MassToCharge,RMSE,selected_A1A0_count, selected_A2A0_count, selected_A2A1_count,improved_timePoints,new_k,I0_percentatediffI0_percentatediff,selected_io_t,i0,I0_asymptote,new_rmse,lowerci_old,upperci_old,sigma_old,lowerci_new,upperci_new,sigma_new,old_pearson,new_pearson
CCAR1_MOUSE,DLEEILYTLGLHLSR,3,0.95313222297312,0.994730917503024,6,0.25584,0.0296418946982126,4244119.5,591.32446,0.0133152496930318,2,2,1,0| 2| 7| 24| 31,NaN,-0.0505664225930411|,0.358037989600636| 0.308078191092154| 0.256039878896105| NaN| NaN| 0.143272680761974| NaN| NaN| NaN| NaN| 0.111573456884566| 0.0978505781851804,0.358037989600636,0.110295280973121,0.00514709981038284,0.137796245228114,0.373883754771886,0.0459210258064845,0.210209388347166,0.301470611652834,0.0177510830566576,0.983252253461351,0.998850358210673
CCAR1_MOUSE,FDcSIMSLSVLLDYR,2,-0.366556925492408,-0.765540979473724,6,0.00409,0.00517749693287765,1094498.5,909.94189,0.0380895938821187,1,2,0,0| 1| 2,NaN,,0.280575994564108| 0.243990239131672| 0.320257638918884| NaN| NaN| 0.304705381857989| NaN| NaN| NaN| NaN| 0.308746595471959| 0.353922556685199,0.32864,0.12222718001412,0.0318763947816266,0,0.0234707035407026,0.00753942289585991,0,0.0200308176399353,0.0062012488473831,-0.50132599222327,-0.713414361930206
CCAR1_MOUSE,VLVEATYNPNMPFK,2,0.860317172906229,0.906954712938782,6,0.16695,0.035143752452911,137559500,811.91595,0.0233186051737277,1,1,2,1| 2| 7| 31,NaN,0.0225185147411232|,0.380175443140274| 0.32693585201272| 0.3199105954426| NaN| NaN| 0.19925927004021| NaN| NaN| NaN| NaN| 0.126161538450981| 0.20142352925484,0.380175443140274,0.141394146560535,0.0191991170369815,0.0497974236347118,0.284102576365288,0.0455743422679386,0.0704937150694073,0.263406284930593,0.0375231333335246,0.93722963122541,0.957605197096994
CCAR1_MOUSE,LHDTFGFVDEDVFFQLGAVK,3,0.512753552312974,0.849645139239115,6,0.13416,0.0546725194116189,8470177.5,762.04767,0.0357711265615957,2,1,0,1| 7| 31,NaN,,0.256281454700934| 0.236437029055965| 0.256246479055393| NaN| NaN| 0.145585413513226| NaN| NaN| NaN| NaN| 0.125272349395259| 0.0663540146428886,0.256281454700934,0.0653921254303446,0.0199942292713801,0,0.282664236423976,0.057770670599016,0.0184223610110689,0.249897638988931,0.0450239075931028,0.766576736537806,0.954844551872735

