protien,peptide,charge,rsquared,rateconstant,mo,io_e,io_a1a0,io_a2a0,io_a2a1
CAZA2_MOUSE,PYEAENAIESWR,2,0.194439666390414,0.18473,0.42593,0.416270049273987,0.402868978374722,0.388044764045937,0.369194538451193
CAZA2_MOUSE,FTVTPSTTQVVGILK,2,0.918633900244927,0.21911,0.38781,0.429686745252726,0.423860995682699,0.424737239463657,0.426769280278036
CAZA2_MOUSE,FIIHAPPGEFNEVFNDVR,3,0.944278513778894,0.16489,0.28098,0.299491794249743,0.300862041672548,0.305575201257518,0.309872762682649
CAZA2_MOUSE,EGAAHAFAQYNLDQFTPVK,3,0.966681400094855,0.2084,0.28604,0.298462873028065,0.272723977434365,0.305909225451267,0.345411683172306
CAZA2_MOUSE,IVEAAENEYQTAISENYQTMSDTTFK,3,-0.242475165269663,0.05208,0.17705,0.155726031178867,0.113694774170242,0.128793591171228,0.147537810420196

