protien,peptide,charge,rsquared,rateconstant,mo,io_e,io_a1a0,io_a2a0,io_a2a1
COQ8A_MOUSE,VALLDFGATR,2,0.75020213517437,0.31976,0.53354,0.56343411213349,0.570796713983222,0.541763492052386,0.502663206057632
COQ8A_MOUSE,IHNLIPVMLK,3,0.599571179212098,0.10617,0.46832,0.518052455514137,0.510318958993997,0.523351488879872,0.527724464422613
COQ8A_MOUSE,SFTDLYIQVIR,2,0.901489840495145,0.24903,0.44251,0.481141060075242,0.475608963500322,0.479746431370975,0.484781989556848
COQ8A_MOUSE,EAGLPGQATSPMGR,2,0.868616955697909,0.35817,0.44792,0.478401701960462,0.462589363044138,0.434022141697624,0.385201508356094
COQ8A_MOUSE,AVLDSSPFLSEANAER,2,0.952306608249048,0.59478,0.37944,0.417133954970476,0.439844588308791,0.403855168112455,0.356465254756127
COQ8A_MOUSE,MLPEGLFPEHLIDVLR,3,0.510287172211721,0.22963,0.30935,0.326619827262439,0.319571365087439,0.287598999891902,0.247735147880535
COQ8A_MOUSE,LANFGGLAVGLGIGALAEVAK,3,0.960113159330462,0.81971,0.31394,0.36953034489493,0.375197256691759,0.35064345342225,0.32175755826152
COQ8A_MOUSE,LANFGGLAVGLGIGALAEVAK,2,0.808886006260834,0.69884,0.31394,0.367673531127184,0.383809159682441,0.323078817938072,0.255610698472338
COQ8A_MOUSE,LGQMLSIQDDAFINPHLAK,3,-0.717892798195097,0.08732,0.27822,0.256923147920562,0.247909567848565,0.241657724864573,0.234579105853785
COQ8A_MOUSE,DHPFFYVPEIVDELcSPH,3,0.986935414362422,0.53873,0.26308,0.25615940885571,0.229371739567154,0.250363355421125,0.2782497970989
COQ8A_MOUSE,LTQAAVETHLQNLGLGGELLLAAR,3,0.547156884942512,0.31194,0.23677,0.256605895775675,0.238636078962565,0.229631362844864,0.220440549540307
COQ8A_MOUSE,DKLEYFEERPFAAASIGQVHLAR,4,0.327856809925714,0.0287,0.20846,0.273252083629312,0.309880301473467,0.28497619127009,0.256822070110369

