protien,peptide,charge,rsquared,rateconstant,mo,io_e,io_a1a0,io_a2a0,io_a2a1
STAT1_MOUSE,ELSAVTFPDIIR,2,-0.183996678278401,0.07709,0.44627,0.333146801125439,0.241692949149894,0.397902803150289,0.555498193810804
STAT1_MOUSE,FNQAQEGNIQNTVMLDK,2,0.907446179308116,0.71796,0.31925,0.364263978249122,0.230673690122771,0.431916939768422,0.443361873282396

