protien,peptide,charge,rsquared,rateconstant,mo,io_e,io_a1a0,io_a2a0,io_a2a1
RS6_MOUSE,LSVLNLVIVK,2,-0.154688081653203,0.01956,0.51203,0.666748679002579,0.689919983676739,0.560007443006678,0.451826679423292
RS6_MOUSE,DIPGLTDTTVPR,2,0.9808543417317,0.08383,0.48191,0.500110569652368,0.49353746573301,0.499409045866415,0.508812188136415
RS6_MOUSE,LNISFPATGcQK,2,0.753629989722182,0.03902,0.45634,0.491939079511409,0.472255533929928,0.502518081640968,0.562407952246323
RS6_MOUSE,MATEVAADALGEEWK,2,0.981862097361836,0.11233,0.37925,0.380208447098172,0.340780269323433,0.407292602125426,0.531955214585967
RS6_MOUSE,GcIVDANLSVLNLVIVK,3,0.863594570964796,0.05676,0.33933,0.364729740018583,0.363160418873948,0.346875357776971,0.323277863324436
RS6_MOUSE,GcIVDANLSVLNLVIVK,2,0.955765195849234,0.07596,0.33933,0.353721385541677,0.353101028801056,0.356923990685698,0.362449274633053

