protien,peptide,charge,rsquared,rateconstant,mo,io_e,io_a1a0,io_a2a0,io_a2a1
TM135_MOUSE,HLFTEPSR,2,-0.888698688996802,0.02704,0.56023,0.572259036634204,0.582299528948906,0.545182185135875,0.495845255448328
TM135_MOUSE,MANLATETLFR,2,0.911887848316628,0.081,0.46145,0.490053756849819,0.476998445994103,0.504811840686335,0.563074061338649
TM135_MOUSE,IYAPLYLIAAVLR,2,0.661264773033558,0.10324,0.39513,0.418963371946697,0.389082598527469,0.424289331961568,0.466028653781528
TM135_MOUSE,VSFLQITWGALEESLR,3,-2.53841980581707,0.15707,0.33148,0.332518597772304,0.315677728024044,0.343625188152517,0.377024784265977
TM135_MOUSE,VSFLQITWGALEESLR,2,0.378190109825914,0.19828,0.33148,0.370861136658887,0.363276566589741,0.383842105276129,0.409873194439972

