protien,peptide,charge,rsquared,rateconstant,mo,io_e,io_a1a0,io_a2a0,io_a2a1
HAOX1_MOUSE,WMQLYIYK,2,0.804625765681114,0.22721,0.46416,0.487600986974134,0.487249186226318,0.444837889343801,0.378112811486801
HAOX1_MOUSE,PIIWGLAFQGEK,2,0.939401559397413,0.41544,0.43001,0.444263420704807,0.431220924053582,0.448350504689306,0.469489805459332
HAOX1_MOUSE,NFETNDLAFSPK,2,0.956840888784724,0.59055,0.44484,0.440874719763894,0.443280116835196,0.423964395975993,0.399980650217771
HAOX1_MOUSE,HGVDGILVSNHGAR,3,0.410276066125367,1.89148,0.44496,0.305415462683961,0.160606512734489,0.44496,0.587947016891773
HAOX1_MOUSE,LVcISDYEQHVR,2,-0.716145894391779,10.74945,0.41395,0.0710902758874978,0.00235826880958539,0.127514768250148,0.293070221152642
HAOX1_MOUSE,LVcISDYEQHVR,3,0.91146807296554,0.59647,0.41395,0.436355222968079,0.438443007132679,0.432425702325448,0.422605494008445
HAOX1_MOUSE,AIFVTVDTPYLGNR,2,0.882446654335567,0.29692,0.39231,0.423184580940419,0.418749444569186,0.416865951495436,0.41528949950924
HAOX1_MOUSE,NVADIDLSTSVLGQR,2,0.590220747032705,0.31186,0.41229,0.44933109120157,0.447338868286339,0.424713695096849,0.394841985646031
HAOX1_MOUSE,GVQDVLEILKEEFR,3,0.97615531464327,0.56107,0.37471,0.356172988417959,0.28780222165546,0.377757494204749,0.49021936098838
HAOX1_MOUSE,SGANDQETLADNIQAFSR,2,0.769066534393532,0.1011,0.34388,0.384352528358538,0.428259766198625,0.275808415712809,0.128038562133906
HAOX1_MOUSE,QLDGVPATIDVLPEIVEAVEGK,3,-0.0380204884514015,0,0.26352,0.277278489268195,0.284577487117304,0.250257461652996,0.213338131268951
HAOX1_MOUSE,QLDGVPATIDVLPEIVEAVEGK,2,-0.930365069157706,0.0382,0.26352,0.262426827941869,0.249136127755701,0.262389064574508,0.278662579879671
HAOX1_MOUSE,AcQTMGTGMMLSSWATSSIEEVAEAGPEALR,3,0.314272759495304,0.196,0.14353,0.146294587902906,0.127384069919982,0.135709005894413,0.149685737917779
HAOX1_MOUSE,GNFGDNSGLAEYVAQAIDPSLSWDDITWLR,3,-1.7736786198589,2E-05,0.14523,0.177318556227189,0.197696539035829,0.162426282469906,0.126942746394826

