protien,peptide,charge,rsquared,rateconstant,mo,io_e,io_a1a0,io_a2a0,io_a2a1
BABA2_MOUSE,LPVDFSNIPTYLLK,2,0.504175649812698,0.04204,0.36909,0.427355253678747,0.40687622335594,0.41795576513299,0.430745130888271

