protien,peptide,charge,rsquared,rateconstant,mo,io_e,io_a1a0,io_a2a0,io_a2a1
SCYL2_MOUSE,LILPELGPVFK,2,0.349212806342376,0.29423,0.46179,0.359903366398619,0.323956046834413,0.360334135712276,0.401999090712854
SCYL2_MOUSE,IPFFDDVGAVTLQYFDTLFQR,3,0.661674896162825,0.64856,0.21767,0.246593527257928,0.279720302393821,0.198926518530937,0.123550634855474

