protien,peptide,charge,rsquared,rateconstant,mo,io_e,io_a1a0,io_a2a0,io_a2a1
HNRH1_MOUSE,VHIEIGPDGR,3,0.953471047192801,0.23557,0.53446,0.549769770735813,0.569906164909747,0.524447556204227,0.46212339666607
HNRH1_MOUSE,GLPWScSADEVQR,2,0.77238586017022,0.5375,0.42266,0.331387603252442,0.250834812042318,0.369754560001704,0.564066635423142
HNRH1_MOUSE,HTGPNSPDTANDGFVR,2,0.878450659714821,0.20507,0.38963,0.447420916889173,0.419407569899752,0.414529976451832,0.409429876428391
HNRH1_MOUSE,STGEAFVQFASQEIAEK,2,-0.0696213703840267,0.02382,0.34504,0.378860396967225,0.437060535041295,0.349310224587296,0.248213635800114
HNRH1_MOUSE,ATENDIYNFFSPLNPVR,2,0.0617899596362895,0.01824,0.30562,0.561086199194602,0.525540027418313,0.411948644516341,0.411948644516341
HNRH1_MOUSE,ATENDIYNFFSPLNPVR,3,0.929289228507285,0.28837,0.30562,0.316157261643344,0.348664791661657,0.319678493454482,0.286938074337737

