protien,peptide,charge,rsquared,rateconstant,mo,io_e,io_a1a0,io_a2a0,io_a2a1
DCTN2_MOUSE,DNTALLTQVQTTMR,2,-0.684513104803315,0.78834,0.3972,0.325325419727556,0.31681186390693,0.278533352296128,0.231169686728637
DCTN2_MOUSE,VSALDLAVLDQVEAR,2,-1.90271828972652,0.62651,0.40085,0.241190431962911,0.210484750003523,0.220840979425081,0.232250056756944

