protien,peptide,charge,rsquared,rateconstant,mo,io_e,io_a1a0,io_a2a0,io_a2a1
GSTK1_MOUSE,TYMLFGSDR,2,0.916510793280444,0.17757,0.50829,0.525000362030566,0.5229534687087,0.472301005957554,0.3830244103565
GSTK1_MOUSE,LIENTDAAcK,2,0.840418393567843,0.24088,0.5286,0.524579180995043,0.498427522572451,0.542841585015717,0.637424615052938
GSTK1_MOUSE,LELLAYLLGEK,2,0.916578769877231,0.23642,0.46364,0.471638571340701,0.465641897808274,0.475607649776717,0.4878656018573
GSTK1_MOUSE,DSGNQPPAMVPR,2,0.177384522235247,0.01149,0.47295,0.680486655133689,0.669341490769128,0.631181836992795,0.631181836992795
GSTK1_MOUSE,LQLRPTLIAGIMK,3,0.902728670210605,0.10918,0.40292,0.427311874584912,0.410266691801696,0.409744555188021,0.408028169143192
GSTK1_MOUSE,AGMSTAQAQHFLEK,2,0.941557075249842,0.09821,0.4022,0.442426178033823,0.409154622926495,0.416105061208283,0.429017722065454
GSTK1_MOUSE,YGAFGLPTTVAHVDGK,3,0.94130797667318,0.27029,0.37708,0.362381755821951,0.323227829846118,0.378894436305953,0.446876222786052
GSTK1_MOUSE,DEDITEYQSILAAAVK,3,0.943850510809367,0.15672,0.3634,0.391574391074273,0.335328095000034,0.406480863453459,0.50630206720647
GSTK1_MOUSE,DEDITEYQSILAAAVK,2,0.974474806916419,0.17144,0.3634,0.371926766432358,0.379008790653122,0.347675129311121,0.309606592922926
GSTK1_MOUSE,FLTTVSMEQPEMLEK,2,0.927333924527572,0.1121,0.32814,0.352305265808754,0.348971049001011,0.348340683051946,0.347438061514853

