protien,peptide,charge,rsquared,rateconstant,mo,io_e,io_a1a0,io_a2a0,io_a2a1
CBR4_MOUSE,HLGPVNFLVN,2,0.321758964431876,0.13766,0.50955,0.525809545423685,0.543895560256795,0.51823024752016,0.485573787210907
CBR4_MOUSE,GNVGQSAYSATK,2,-0.306444120757438,0.01448,0.51757,0.585408171135085,0.568137348186419,0.565547725187626,0.562848874049517
CBR4_MOUSE,HLGPVNFLVNAAGINR,3,0.965013452304845,0.10648,0.36736,0.373904468003058,0.393323152966789,0.319898040680434,0.242110382716095
CBR4_MOUSE,TMIQQGGSIVNVGSIIGLK,3,0.941130259314274,0.08913,0.3184,0.359479959346906,0.35342385905284,0.331056545408675,0.299837004677474
CBR4_MOUSE,TMIQQGGSIVNVGSIIGLK,2,0.956410800705964,0.09483,0.3184,0.356444678416311,0.328163965975735,0.337060767870379,0.349386598947982
CBR4_MOUSE,FGETLEVAHAVVFLLESPYITGH,3,0.955232979898932,0.0937,0.21614,0.249172563852202,0.255672443707154,0.247575795791641,0.23884554586198

