protien,peptide,charge,rsquared,rateconstant,mo,io_e,io_a1a0,io_a2a0,io_a2a1
NDUB5_MOUSE,TLAILQIESEK,2,-0.720150275258213,0.06391,0.48631,0.510242881677679,0.497374719570428,0.510403015963597,0.528636375438586
NDUB5_MOUSE,GDGPWYQFPTPEK,2,0.948811891964254,0.09784,0.39619,0.437643786961579,0.436105716796727,0.437290269074968,0.43829298373037

