protien,peptide,charge,rsquared,rateconstant,mo,io_e,io_a1a0,io_a2a0,io_a2a1
G6PD1_MOUSE,VGFQYEGTYK,2,0.147523954309644,0.24537,0.48643,0.476881581805035,0.496068922887908,0.455377885784276,0.403845878167612

