proteinName,peptideSeq,charge,old_Rsquared,new_Rsquared,NDP,rateconstant,sigma,Abundance,MassToCharge,RMSE,selected_A1A0_count, selected_A2A0_count, selected_A2A1_count,improved_timePoints,new_k,I0_percentatediffI0_percentatediff,selected_io_t,i0,I0_asymptote,new_rmse,lowerci_old,upperci_old,sigma_old,lowerci_new,upperci_new,sigma_new,old_pearson,new_pearson
MFN1_MOUSE,VLLGLSEPIFQVPR,2,0.884889443515324,0.975647030265873,3,0.11932,0.0228080660217642,6310971,784.46393,0.0213852372895715,2,1,0,0| 9| 21,NaN,,0.415529307960691| NaN| NaN| NaN| NaN| NaN| 0.20021944522655| NaN| NaN| 0.139066679649595| NaN| NaN,0.415529307960691,0.128005751080247,0.00925168317278657,0,0.340238322214206,0.0513446787575376,0.0153262928454746,0.223313707154525,0.0241696724524155,0.977764400323783,0.997814114479358

