proteinName,peptideSeq,charge,old_Rsquared,new_Rsquared,NDP,rateconstant,sigma,Abundance,MassToCharge,RMSE,selected_A1A0_count, selected_A2A0_count, selected_A2A1_count,improved_timePoints,new_k,I0_percentatediffI0_percentatediff,selected_io_t,i0,I0_asymptote,new_rmse,lowerci_old,upperci_old,sigma_old,lowerci_new,upperci_new,sigma_new,old_pearson,new_pearson
MYO6_MOUSE,LVGILDILDEENR,2,0.0622230853019576,0.907182160095299,12,0.52324,0.199613191780179,4089465.1,749.90918,0.0647892962842695,4,4,1,0| 1| 2| 3| 9| 13| 16| 24| 31,0.527286865562587,-0.0626797859319544|,0.441627020865534| 0.287005964308097| 0.245415583586447| 0.268318003088968| 0.159269659436228| 0.110175634065926| 0.130527437493986| 0.133113539366897| 0.186724211789709| 0.149172736430119| 0.149781737543331| 0.126351461405543,0.441627020865534,0.149483491632259,0.0281438228537557,0.0643584109555653,0.982121589044435,0.208489179137572,0.323906423412719,0.722573576587281,0.090565615944148,0.682779948513105,0.953739281043099
MYO6_MOUSE,TVYSHLFDHVVNR,4,0.43747935813611,0.946508968186682,12,0.2126,0.0857444068615279,5562074.27272727,397.45731,0.0687454624190465,1,2,6,0| 1| 2| 7| 9| 13| 21| 24| 31,0.232561247284289,,0.391357647640724| 0.361678509271934| 0.311881356832674| 0.295850352759154| 0.183629894444601| 0.202302758838904| 0.20305981160942| 0.204581256620579| 0.190256280468378| 0.171609875004599| 0.154886082137252| 0.17978539177441,0.391357647640724,0.167643166909799,0.0178113969933561,0.0154861253036809,0.409713874696319,0.0895571121465986,0.161529378731736,0.263670621268264,0.0232035282314085,0.77858459211667,0.973031819071791

