proteinName,peptideSeq,charge,old_Rsquared,new_Rsquared,NDP,rateconstant,sigma,Abundance,MassToCharge,RMSE,selected_A1A0_count, selected_A2A0_count, selected_A2A1_count,improved_timePoints,new_k,I0_percentatediffI0_percentatediff,selected_io_t,i0,I0_asymptote,new_rmse,lowerci_old,upperci_old,sigma_old,lowerci_new,upperci_new,sigma_new,old_pearson,new_pearson
NUBPL_MOUSE,AVGLLDVDVYGPSIPK,2,0.467435167608056,0.785508239351474,7,0.04074,0.0123248957102179,26469957.1428571,821.95618,0.0445514003295484,1,1,4,0| 1| 2| 6| 13| 21,NaN,0.0229842216997209|,0.413771871034876| 0.392464494802131| 0.430518567962131| NaN| 0.32619520606985| NaN| 0.282425465421088| 0.257170230541769| NaN| 0.222071696640853| NaN| NaN,0.37417,0.120823572446527,0.0268135696807765,0,0.0928103400690405,0.0212800228367334,0.0150709467247586,0.0664090532752414,0.0104903874099958,0.686740711540519,0.964207182976659

