proteinName,peptideSeq,charge,old_Rsquared,new_Rsquared,NDP,rateconstant,sigma,Abundance,MassToCharge,RMSE,selected_A1A0_count, selected_A2A0_count, selected_A2A1_count,improved_timePoints,new_k,I0_percentatediffI0_percentatediff,selected_io_t,i0,I0_asymptote,new_rmse,lowerci_old,upperci_old,sigma_old,lowerci_new,upperci_new,sigma_new,old_pearson,new_pearson
PARP3_MOUSE,GFEALEALEEAMK,2,0.449348540629951,0.579843002985533,8,0.04316,0.0126232717921253,7002241.4,719.3501,0.063665933164875,1,3,0,0| 3| 13| 16,NaN,,0.408518496836723| 0.354270179584238| 0.27010594272342| 0.447328128946629| NaN| NaN| 0.312756988232225| 0.220475527611807| 0.254721596632672| NaN| NaN| 0.180697434086598,0.408518496836723,0.0863376949417754,0.0457549131200751,0.00407809943543416,0.0822419005645658,0.0165277424301185,0.0150729387412218,0.0712470612587782,0.0118780230080452,0.681919658857626,0.805806622070904
PARP3_MOUSE,FYIIQLLEEGSR,2,-0.571648573727811,0.90503099402223,8,0.06329,0.0198812561971292,17501961.75,734.39575,0.0644601767758825,4,1,0,1| 2| 3| 13| 31,NaN,,0.444756017351443| 0.402798075748353| 0.403679598329584| 0.388047019778675| NaN| NaN| 0.314030540826885| 0.307300849382341| 0.24000224559554| NaN| NaN| 0.240467077733013,0.444756017351443,0.15054260554042,0.0184206436835109,0.0075753401242689,0.119004659875731,0.0235617391863136,0.0473685435465509,0.0792114564534491,0.00673318665606402,0.639220235341167,0.973074442428938

