proteinName,peptideSeq,charge,old_Rsquared,new_Rsquared,NDP,rateconstant,sigma,Abundance,MassToCharge,RMSE,selected_A1A0_count, selected_A2A0_count, selected_A2A1_count,improved_timePoints,new_k,I0_percentatediffI0_percentatediff,selected_io_t,i0,I0_asymptote,new_rmse,lowerci_old,upperci_old,sigma_old,lowerci_new,upperci_new,sigma_new,old_pearson,new_pearson
PTPM1_MOUSE,GVITMNEEYETR,2,-0.125618204021976,-0.427318498214437,3,0.00343,0.012773311736682,3784941,721.33502,0.0574981557318505,2,0,0,6| 13,NaN,,NaN| NaN| NaN| NaN| 0.464745102758825| NaN| 0.381558353287613| 0.514369969458508| NaN| NaN| NaN| NaN,NaN,NaN,0.0327314037563362,0,0.134053270105257,0.0303587759249343,0,0.0826309293476638,0.0184074649576202,-0.999665134423069,-0.441832646681768
PTPM1_MOUSE,IDHTVLLGALPLK,3,0.215426519369228,0.229104345830515,4,0.12614,0.0202382331570408,8071807,463.95364,0.0277962868519376,0,0,3,6| 9| 13,NaN,,NaN| NaN| NaN| NaN| 0.269925043880389| 0.288431175905149| 0.228395427555097| 0.22501165970839| NaN| NaN| NaN| NaN,NaN,NaN,0.0137208577678972,0.00842515941339393,0.243854840586606,0.0369887907933322,0.0625544908725541,0.189725509127446,0.0199800728853064,0.543264074524874,0.828230430956952

