proteinName,peptideSeq,charge,old_Rsquared,new_Rsquared,NDP,rateconstant,sigma,Abundance,MassToCharge,RMSE,selected_A1A0_count, selected_A2A0_count, selected_A2A1_count,improved_timePoints,new_k,I0_percentatediffI0_percentatediff,selected_io_t,i0,I0_asymptote,new_rmse,lowerci_old,upperci_old,sigma_old,lowerci_new,upperci_new,sigma_new,old_pearson,new_pearson
RT23_MOUSE,ALLAEGIILR,2,0.954652109677955,0.978809055356745,12,0.10433,0.00848462679012871,23662992.5,534.84241,0.0251707128786917,1,4,1,1| 7| 9| 13| 24| 31,0.116504372682235,-0.0366964667410113|,0.551060831009355| 0.50585048831645| 0.499449843680763| 0.437055848132596| 0.394238289404334| 0.342189715182297| 0.332378130141123| 0.290826456740965| 0.232319501790877| 0.233852080536584| 0.240780834313412| 0.221599037095947,0.551060831009355,0.204949523461877,0.0165794900443221,0.0867495794132926,0.121910420586707,0.00798752345817249,0.0927500972178639,0.115909902782136,0.00526123619508878,0.978407927729586,0.991690284461811
RT23_MOUSE,LETVGSVFSR,2,-1.69494210559286,0.809665205227772,12,0.12179,0.055142050865042,19376699.5,547.79565,0.110697960733875,1,3,6,0| 1| 2| 3| 7| 9| 16| 21| 24| 31,0.107694624375534,,0.453576516091227| 0.500297839054896| 0.531| 0.441012683623658| 0.360450565201667| 0.395125183872459| 0.368924811834508| 0.377083574059162| 0.234070543672629| 0.265900107905292| 0.272643534776664| 0.270829780187952,0.531,0.249928813151364,0.0406631046858334,0,0.251054096357789,0.0587301081259675,0.0752254700563384,0.168354529943662,0.0211562216847642,0.0715251970208286,0.904792779772011

