proteinName,peptideSeq,charge,old_Rsquared,new_Rsquared,NDP,rateconstant,sigma,Abundance,MassToCharge,RMSE,selected_A1A0_count, selected_A2A0_count, selected_A2A1_count,improved_timePoints,new_k,I0_percentatediffI0_percentatediff,selected_io_t,i0,I0_asymptote,new_rmse,lowerci_old,upperci_old,sigma_old,lowerci_new,upperci_new,sigma_new,old_pearson,new_pearson
RTN3_MOUSE,TQIDHYVGIAR,2,-12.2867024776481,-10.437733092099,7,3.53569,4630.02933380754,39682931.4285714,636.83838,0.102905406640876,1,3,3,0| 3| 6| 7| 9| 21| 31,NaN,,0.240271408146069| NaN| NaN| 0.184549975284899| 0.162697555074588| 0.166877961180074| 0.16270091260821| NaN| NaN| 0.16270091260821| NaN| 0.16270091260821,0.47677,0.177319415212184,0.0688886072363834,2.60297594680662,4.46840405319338,0.381180079211704,2.91776516756966,4.15361483243034,0.252532526733399,0.188559490005257,0.960883139962111

