proteinName,peptideSeq,charge,old_Rsquared,new_Rsquared,NDP,rateconstant,sigma,Abundance,MassToCharge,RMSE,selected_A1A0_count, selected_A2A0_count, selected_A2A1_count,improved_timePoints,new_k,I0_percentatediffI0_percentatediff,selected_io_t,i0,I0_asymptote,new_rmse,lowerci_old,upperci_old,sigma_old,lowerci_new,upperci_new,sigma_new,old_pearson,new_pearson
TSPO_MOUSE,QMGWALADLLLVSGVATATTLAWHR,3,0.568107586686444,0.953121109603248,6,0.10906,0.0148606628895342,1349859,894.47925,0.0139097879522954,0,1,0,1,NaN,,0.200802232058474| 0.197067873004203| 0.157082605445654| 0.144920442038883| 0.11643038706126| 0.110038184814181| NaN| NaN| NaN| NaN| NaN| NaN,0.200802232058474,0.025278628171745,0.00540581838766886,0.0503512306881369,0.167768769311863,0.0228387085436823,0.0862437683110686,0.131876231688931,0.00887590170457443,0.864128849326649,0.976606362195123
TSPO_MOUSE,PESWVPAVGLTLVPSLGGFMGAYFVR,3,-0.556427039556018,-0.30425089236079,6,0.00212,0.0554147701215316,20522233.3333333,917.48401,0.0842143542420177,0,2,3,0| 1| 2| 3| 6,NaN,,0.273388311854891| 0.211810358224657| 0.215561381102977| 0.159308188668542| 0.177445180878877| 0.16281029631038| NaN| NaN| NaN| NaN| NaN| NaN,0.17821,0.0235164587244041,0.0318187686813809,0,0.224250889106308,0.0864126891827529,0,0.0866591008894366,0.0328871463052224,0.873940489363428,0.792046997872125

