proteinName,peptideSeq,charge,old_Rsquared,new_Rsquared,NDP,rateconstant,sigma,Abundance,MassToCharge,RMSE,selected_A1A0_count, selected_A2A0_count, selected_A2A1_count,improved_timePoints,new_k,I0_percentatediffI0_percentatediff,selected_io_t,i0,I0_asymptote,new_rmse,lowerci_old,upperci_old,sigma_old,lowerci_new,upperci_new,sigma_new,old_pearson,new_pearson
WASL_MOUSE,VTNVGSLLLTPQENESLFSFLGK,3,0.765290969896018,0.990353314422244,7,0.77293,0.258339689545658,1060584.57142857,831.77936,0.0248602176353246,1,2,3,0| 3| 9| 16| 24| 31,NaN,,0.242147643757739| NaN| 0.0764292298801747| 0.0654986772796695| NaN| NaN| 0.0387163784187982| NaN| 0.0382908586570015| NaN| 0.0382908586570015| 0.0442763700469881,0.242147643757739,0.0465756792798748,0.00514561571689255,0,5.53436591341654,1.94589597146477,0.587893724361653,0.957966275638347,0.0756203275413075,0.943392974400248,0.998461437487056

