proteinName,peptideSeq,charge,old_Rsquared,new_Rsquared,NDP,rateconstant,sigma,Abundance,MassToCharge,RMSE,selected_A1A0_count, selected_A2A0_count, selected_A2A1_count,improved_timePoints,new_k,I0_percentatediffI0_percentatediff,selected_io_t,i0,I0_asymptote,new_rmse,lowerci_old,upperci_old,sigma_old,lowerci_new,upperci_new,sigma_new,old_pearson,new_pearson
ADX_MOUSE,LGcQVcLTK,2,-0.103332769295745,0.276214046367933,8,0.58522,0.374447841688344,33821801.6666667,539.77283,0.0739987699967514,0,3,2,2| 3| 6| 21| 24,NaN,,0.486425535460127| 0.416126581887218| 0.373449941023069| 0.303332354744642| 0.303935956683827| 0.300498333485582| NaN| NaN| NaN| 0.377056930013462| 0.404467859151917| NaN,0.486425535460127,0.289742769570184,0.042938829077157,0.339425380442649,0.831014619557351,0.103946586631361,0.44259420827777,0.72784579172223,0.0603164717023517,0.464244097079604,0.769501102152663
ADX_MOUSE,LDAITDEENDMLDLAFGLTDR,3,-0.0998885540279917,0.683638512670244,8,0.07417,0.0329147405041514,2473327.66666667,789.70551,0.0606327374236194,1,3,2,0| 1| 3| 6| 21| 24,NaN,,0.261936369169906| 0.257424748275329| 0.224953695525912| 0.21919375466308| 0.193190399665836| 0.174505413142504| NaN| NaN| NaN| 0.0689573187191679| 0.165756899332286| NaN,0.261936369169906,0.045852706885775,0.026690069870628,0,0.189740155708658,0.0488746386068344,0.02931232991636,0.11902767008364,0.018970316347149,0.516870676524376,0.885535413033614
ADX_MOUSE,LDAITDEENDMLDLAFGLTDR,2,-0.000759673608601963,-0.168380782798916,7,1E-05,0.0126126524087004,1016302,1184.05469,0.0684746344768351,1,1,2,0| 6| 7| 24,NaN,,0.323192092077395| 0.240527999914292| 0.225437539056671| 0.255393033829836| 0.208128924859912| 0.15695290150357| NaN| NaN| NaN| NaN| 0.230090129936148| NaN,0.25336,0.0443513890545088,0.0384058327069343,0,0.0436552359315969,0.0178368648276069,0,0.0244892314271454,0.0100041329306597,-2,-2

