proteinName,peptideSeq,charge,old_Rsquared,new_Rsquared,NDP,rateconstant,sigma,Abundance,MassToCharge,RMSE,selected_A1A0_count, selected_A2A0_count, selected_A2A1_count,improved_timePoints,new_k,I0_percentatediffI0_percentatediff,selected_io_t,i0,I0_asymptote,new_rmse,lowerci_old,upperci_old,sigma_old,lowerci_new,upperci_new,sigma_new,old_pearson,new_pearson
BAP31_MOUSE,AENEALAMQK,2,-0.306900435947029,0.889427222180283,9,0.08425,0.0210017922661778,11934098.5555556,552.7713,0.0754839504407562,2,0,6,1| 2| 3| 6| 7| 9| 13| 21,NaN,-0.0665318220255537|,0.526667953475012| 0.466730016444613| 0.477871016930484| 0.436090571819995| 0.394326668711131| 0.341047255132429| 0.333374955253561| 0.316715450957291| NaN| 0.260730640665194| NaN| NaN,0.526667953475012,0.140864011964789,0.0238830604749521,0.0255738110606974,0.142926188939303,0.0254449625851973,0.0656849015824636,0.102815098417536,0.0080507654495656,0.601600135445721,0.981570148772221

