proteinName,peptideSeq,charge,old_Rsquared,new_Rsquared,NDP,rateconstant,sigma,Abundance,MassToCharge,RMSE,selected_A1A0_count, selected_A2A0_count, selected_A2A1_count,improved_timePoints,new_k,I0_percentatediffI0_percentatediff,selected_io_t,i0,I0_asymptote,new_rmse,lowerci_old,upperci_old,sigma_old,lowerci_new,upperci_new,sigma_new,old_pearson,new_pearson
CLCB_MOUSE,LTQEPESIR,2,-3.45078905994567,0.942070532841788,5,5.65691,18433.0680963591,17541536.6666667,536.78528,0.159038655990493,0,4,1,0| 2| 3| 7| 9,NaN,,0.498344829442577| NaN| 0.171828659457215| 0.176727785974491| NaN| 0.226247598086777| 0.177646256740723| NaN| NaN| NaN| NaN| NaN,0.498344829442577,0.176816357450049,0.0195229654069904,3.19455918496806,8.11926081503194,0.886871780928277,4.83509335143734,6.47872664856266,0.295996001161931,0.0423584549381447,0.987517846096227
CLCB_MOUSE,VAQLcDFNPK,2,-0.993379575772809,-0.160244609538271,5,0.04699,0.0269636996635268,225831500,596.29498,0.0616031347628241,1,0,1,0| 9,NaN,,0.429362337275149| NaN| 0.467691566175511| 0.459580844093826| NaN| 0.420065944420632| 0.392169791218937| NaN| NaN| NaN| NaN| NaN,0.49473,0.222144295327169,0.0190533137758672,0,0.186729768605097,0.0503304633493907,0.00688514903163551,0.0870948509683645,0.0144446763576681,-0.238728795552548,0.680050001535555

