proteinName,peptideSeq,charge,old_Rsquared,new_Rsquared,NDP,rateconstant,sigma,Abundance,MassToCharge,RMSE,selected_A1A0_count, selected_A2A0_count, selected_A2A1_count,improved_timePoints,new_k,I0_percentatediffI0_percentatediff,selected_io_t,i0,I0_asymptote,new_rmse,lowerci_old,upperci_old,sigma_old,lowerci_new,upperci_new,sigma_new,old_pearson,new_pearson
DHB11_MOUSE,ALTDELAALGR,2,0.898491606378271,0.950502994668263,11,0.07179,0.00961542967799889,5570191.44444444,565.31421,0.0418202464222419,3,5,1,0| 1| 2| 3| 6| 9| 16| 24| 31,NaN,0.0400768740859835|,0.568408121610466| 0.520144383269796| 0.463181768836165| 0.467472622790614| 0.375434608976762| 0.381221247871132| 0.306671905672852| NaN| 0.295472293759934| 0.201471829778888| 0.223437099285982| 0.227895646481434,0.568408121610466,0.175100786233214,0.0256695790719346,0.0483206225083802,0.0952593774916198,0.0105331754694893,0.0573843211044829,0.0861956788955172,0.00646534164009171,0.968340179257419,0.976590383925299
DHB11_MOUSE,SVAGEIVLITGAGHGIGR,3,0.812769380290238,0.873216815585562,11,0.03953,0.00511913638598805,19589405.4444444,569.65643,0.0323097903261288,1,1,5,0| 1| 7| 9| 21| 24| 31,NaN,0.0255946891003805|,0.343235291897744| 0.36117502092559| 0.358125113255561| 0.310567417538696| 0.321484518872874| 0.262372874932402| 0.31682664963243| NaN| 0.221146799956606| 0.240421197657522| 0.190252259884766| 0.123534480847054,0.343235291897744,0.0629819349673131,0.0248596136534215,0.0270351923525852,0.0520248076474148,0.00560773294710225,0.0299163167277395,0.0491436832722605,0.00431466973723402,0.903762560306573,0.937897810026038
DHB11_MOUSE,QMIFVPSSIALLTVLER,2,0.967710959500392,0.988710839930018,11,0.09972,0.00714131592963614,2548522.5,959.04755,0.0130315973637686,2,2,3,1| 2| 3| 6| 21| 24| 31,NaN,0.0522574856331702|0.0191613062312588|,0.295093112456053| 0.267847888030935| 0.244314623806409| 0.255103870097191| 0.197163809738835| 0.185765035444842| 0.170178162826253| NaN| 0.114258506564187| 0.113086814954201| 0.0975843736318595| 0.0834932854209857,0.295093112456053,0.0752952095026744,0.00725148170475735,0.0814475919670039,0.117992408032996,0.00820074925849131,0.0895522493509871,0.109887750649013,0.00456333798177253,0.98970253089801,0.994640382600048

