proteinName,peptideSeq,charge,old_Rsquared,new_Rsquared,NDP,rateconstant,sigma,Abundance,MassToCharge,RMSE,selected_A1A0_count, selected_A2A0_count, selected_A2A1_count,improved_timePoints,new_k,I0_percentatediffI0_percentatediff,selected_io_t,i0,I0_asymptote,new_rmse,lowerci_old,upperci_old,sigma_old,lowerci_new,upperci_new,sigma_new,old_pearson,new_pearson
ENOG_MOUSE,LAQENGWGVmVSHR,3,-1.96632056426786,0.883694611662983,8,0.11932,0.050028109184879,10616065.2857143,533.92804,0.0792940679933931,0,3,2,0| 1| 2| 21| 31,NaN,,0.429053664913324| 0.406781236517714| 0.378731862330493| NaN| 0.29928339112974| NaN| 0.161425371929526| NaN| 0.128011129560658| 0.140070156981572| NaN| 0.138397084836845,0.38547,0.0983555467134744,0.034396797347562,0,0.241734641485799,0.0517691728121069,0.0521314698787199,0.18650853012128,0.0284140408747063,0.462495497536905,0.975552444773493
ENOG_MOUSE,LAQENGWGVmVSHR,4,0.841349421627198,0.936598228362812,8,0.02284,0.00312883737730427,18959897.5,400.69788,0.0222073733188387,0,4,0,0| 1| 2| 21,NaN,,0.384353526964431| 0.367490240102148| 0.364515540687136| NaN| 0.360749037791194| NaN| 0.341575266390449| NaN| 0.29257599207945| 0.27722963481086| NaN| 0.205214106013629,0.384353526964431,0.0980706702878011,0.0117474204800181,0.0131530572425142,0.0325269427574858,0.00409660974820112,0.0177157294208443,0.0279642705791556,0.00216705490395999,0.971882826890221,0.97727054909349

