proteinName,peptideSeq,charge,old_Rsquared,new_Rsquared,NDP,rateconstant,sigma,Abundance,MassToCharge,RMSE,selected_A1A0_count, selected_A2A0_count, selected_A2A1_count,improved_timePoints,new_k,I0_percentatediffI0_percentatediff,selected_io_t,i0,I0_asymptote,new_rmse,lowerci_old,upperci_old,sigma_old,lowerci_new,upperci_new,sigma_new,old_pearson,new_pearson
GHC1_MOUSE,GAAVNLTLVTPEK,2,0.626227536813426,0.947157663369794,7,0.16375,0.0546049627304083,5311290.57142857,656.8772,0.063697436947589,0,2,1,0| 1| 6,NaN,,0.481522836243497| 0.44094294721636| 0.362434238788702| NaN| 0.33824383106388| NaN| 0.242682648567136| 0.194851624774721| 0.189160219970812| NaN| NaN| NaN,0.481522836243497,0.179087081263521,0.0189554389088415,0,0.401614093635216,0.0972099152393638,0.107518803516447,0.219981196483553,0.0229804749444742,0.855233608321752,0.976144274723495

