protien,peptide,charge,rsquared,rateconstant,mo,io_e,io_a1a0,io_a2a0,io_a2a1
RL4_MOUSE,PLISVYSEK,2,0.541238142726098,0.08845,0.53824,0.493564590224999,0.509232873924333,0.470900991211542,0.422154540257446
RL4_MOUSE,SNYNLPMHK,2,-0.0702584012957379,3E-05,0.50562,0.657562972424999,0.749091810723344,0.58120970050032,0.246913568851131
RL4_MOUSE,SGQGAFGNMcR,2,0.932570089490877,0.0422,0.49791,0.508390346571364,0.509391660219263,0.480770178004935,0.395171024717836
RL4_MOUSE,NIPGITLLNVSK,2,0.885254935030843,0.0527,0.47408,0.501276023621442,0.517680933329157,0.472659528496763,0.415833354153947
RL4_MOUSE,FcIWTESAFR,2,0.797797761543612,0.03188,0.4457,0.447686963602797,0.440540594034806,0.435950304182243,0.428587510102414
RL4_MOUSE,GPcIIYNEDNGIIK,2,0.722877947788494,0.02394,0.39056,0.428810805392309,0.372101026966749,0.402769668986194,0.455351172877687
RL4_MOUSE,IEEVPELPLVVEDK,2,-0.403959841600197,0.01955,0.38801,0.368267632924506,0.276668890280836,0.407318315385376,0.507619263582774
RL4_MOUSE,YAIcSALAASALPALVMSK,2,0.8956477706978,0.04694,0.30435,0.350172808204654,0.35441383487623,0.328986446730646,0.288540473876714
RL4_MOUSE,AVSELAGHQTSAESWGTGR,3,-0.338117029847693,0.03082,0.33663,0.175945479389265,0.0985956255666668,0.109218400533825,0.12087520406967
RL4_MOUSE,QPYAVSELAGHQTSAESWGTGR,3,0.968943839518019,0.07006,0.26441,0.287284586797672,0.293020686277304,0.284365772276515,0.27420989699205

