protien,peptide,charge,rsquared,rateconstant,mo,io_e,io_a1a0,io_a2a0,io_a2a1
METK2_MOUSE,TQVTVQYMQDR,2,-1.41955607181416,0.10049,0.44466,0.326235114786145,0.197635586432421,0.366629648911292,0.542586438649569
METK2_MOUSE,FVIGGPQGDAGLTGR,2,0.973858439199799,0.50289,0.43386,0.460510061425111,0.471418753187679,0.463984818296244,0.452458915787944

