protien,peptide,charge,rsquared,rateconstant,mo,io_e,io_a1a0,io_a2a0,io_a2a1
TIM8B_MOUSE,FIDTTLAITGR,2,0.0882308546741392,4.71589,0.49283,0.378646371633869,0.427726931823123,0.3477216797068,0.258642394680278
TIM8B_MOUSE,TENcLSScVDR,2,0.82751839695341,0.08511,0.48228,0.537843914553854,0.528654348229887,0.487126535560397,0.358631739667795

