protien,peptide,charge,rsquared,rateconstant,mo,io_e,io_a1a0,io_a2a0,io_a2a1
ABCBA_MOUSE,STVVSLLLR,2,0.0843548437314693,0.01487,0.56097,0.605428431562252,0.607255394105496,0.562205561493589,0.499465533211256
ABCBA_MOUSE,VDQLLQLAQK,2,0.518940670086551,0.01237,0.51079,0.545249457097535,0.547285880255017,0.492709864309722,0.42030515351753

