protien,peptide,charge,rsquared,rateconstant,mo,io_e,io_a1a0,io_a2a0,io_a2a1
SQOR_MOUSE,YADALQEIIR,2,0.655075792808275,0.15156,0.49866,0.398423679721821,0.474283937803247,0.33529103716056,0.190002763027909
SQOR_MOUSE,IMYLSEAYFR,2,0.521600429381151,0.33844,0.43597,0.380767423730996,0.387558637808862,0.352631048002757,0.304962232946501
SQOR_MOUSE,TAAAVAAQSGILDR,2,0.601447265640493,0.02366,0.47098,0.571918849711812,0.604711152135537,0.498886471104947,0.347613381869657
SQOR_MOUSE,VAELNPDENcIR,2,-0.0862858514423033,0.00607,0.44857,0.420277110990849,0.350549461480095,0.430750063053696,0.586847692238151
SQOR_MOUSE,VGAENVAIVEPSER,2,-0.22912780824658,0.05294,0.43699,0.321897465623674,0.316299769319775,0.241488518972502,0.16702930205601
SQOR_MOUSE,EGNALFTFPNTPVK,2,0.128443223261345,0.04033,0.39848,0.368541168498213,0.335255297072379,0.386112487794702,0.448069103228124

