protien,peptide,charge,rsquared,rateconstant,mo,io_e,io_a1a0,io_a2a0,io_a2a1
RS19_MOUSE,ALAAFLK,2,0.743831478448042,0.02895,0.63195,0.626105365002224,0.597106296134087,0.659020027866282,0.726425913198008
RS19_MOUSE,VLQALEGLK,2,0.90056849712555,0.05023,0.5633,0.585649149410393,0.580077210472943,0.555241756936012,0.52071734162942
RS19_MOUSE,VPEWVDTVK,2,0.772642966640799,0.13415,0.52454,0.502414812054463,0.520973269556492,0.478707998059158,0.424219882373807
RS19_MOUSE,DVNQQEFVR,2,0.459492486436176,0.09811,0.52619,0.456633959902837,0.398797861919539,0.475989537081354,0.577932296256696

