protien,peptide,charge,rsquared,rateconstant,mo,io_e,io_a1a0,io_a2a0,io_a2a1
EIF3C_MOUSE,FEELTNLIR,2,0.830842804042289,0.37308,0.51323,0.463954022705025,0.482079599441249,0.414123260991826,0.333115595924353

