protien,peptide,charge,rsquared,rateconstant,mo,io_e,io_a1a0,io_a2a0,io_a2a1
VMA5A_MOUSE,YLLPAILNPR,2,0.960689057294328,0.08844,0.48643,0.519253265561792,0.522674165206835,0.512714763112673,0.500682898281379
VMA5A_MOUSE,YTQDTMEDAVK,2,0.639110998958021,0.03707,0.46493,0.505826626218833,0.579816217208009,0.425581407658398,0.195803343601416

