protien,peptide,charge,rsquared,rateconstant,mo,io_e,io_a1a0,io_a2a0,io_a2a1
CLIC4_MOUSE,GVVFSVTTVDLK,2,0.840973622266143,0.14408,0.47145,0.491274012579976,0.474472315605192,0.478093078628612,0.482889586093892
CLIC4_MOUSE,DEFTNTcPSDK,2,0.589503653144349,0.19324,0.48132,0.469387297401618,0.390536125674571,0.497951986760179,0.570044353979361
CLIC4_MOUSE,HPESNTAGMDIFAK,2,-0.0238533221932218,0.00685,0.40291,0.530477859703546,0.573591176411899,0.433171620836973,0.218996469672015
CLIC4_MOUSE,FLDGDEMTLADcNLLPK,2,0.689824025671131,0.146,0.30993,0.360036317929137,0.329601229789273,0.32730671661276,0.323926232094737

