protien,peptide,charge,rsquared,rateconstant,mo,io_e,io_a1a0,io_a2a0,io_a2a1
NSF_MOUSE,LLDYVPIGPR,2,0.874381412048916,0.08907,0.49842,0.548766001979354,0.501399861381318,0.578663532970794,0.578663532970794

