protien,peptide,charge,rsquared,rateconstant,mo,io_e,io_a1a0,io_a2a0,io_a2a1
SHLB1_MOUSE,ELIQTSALNFLTPLR,2,0.723378373435422,0.19199,0.36154,0.43938939177035,0.433719336965438,0.407368014867502,0.373962674848864

