protien,peptide,charge,rsquared,rateconstant,mo,io_e,io_a1a0,io_a2a0,io_a2a1
EIF3H_MOUSE,NSHLINVLMWELEK,3,0.983412510618962,0.08662,0.3448,0.363902774154034,0.313223246068724,0.36748485843821,0.429192590194199

