protien,peptide,charge,rsquared,rateconstant,mo,io_e,io_a1a0,io_a2a0,io_a2a1
THIKA_MOUSE,AEELGLPILGVLR,2,0.965674047778729,0.10673,0.44014,0.489417302607451,0.484135431894112,0.463612470756614,0.438996887505411
THIKA_MOUSE,DcLTPMGMTSENVAER,2,0.239920743500081,0.08581,0.34081,0.415701215824898,0.356490435298675,0.353721055100578,0.346133201593797

