protien,peptide,charge,rsquared,rateconstant,mo,io_e,io_a1a0,io_a2a0,io_a2a1
PSMD4_MOUSE,LTAFVNTLNGK,2,0.870455698530207,0.02814,0.4997,0.525320408000358,0.530774876872734,0.516135480482944,0.496709566873652
PSMD4_MOUSE,MTINQQEFGR,2,-0.626007712226832,0.03766,0.48138,0.49913823426256,0.527379309153514,0.417108696643642,0.257211888651591

