protien,peptide,charge,rsquared,rateconstant,mo,io_e,io_a1a0,io_a2a0,io_a2a1
PSB2_MOUSE,VAASNIVQMK,2,0.82680803891681,0.06296,0.52415,0.570182188834807,0.545458982067335,0.582607906469116,0.639582336657607
PSB2_MOUSE,FILNLPTFSVR,2,0.752849207421894,0.05781,0.44568,0.482093877184637,0.491648933833027,0.460893119519332,0.423137438556516

