protien,peptide,charge,rsquared,rateconstant,mo,io_e,io_a1a0,io_a2a0,io_a2a1
FERM2_MOUSE,ENEALLLR,2,0.838722155156348,0.03919,0.57956,0.621070641391978,0.596944810451224,0.639590745657807,0.700192140163865
FERM2_MOUSE,TNQGWLDSSR,2,0.206021049193296,2.59261,0.5231,0.395687571754361,0.51848418063266,0.318320831365552,0.197758089743284
FERM2_MOUSE,EESSGTPAHQLNLR,3,0.909093494963119,0.06405,0.42647,0.482097282025771,0.438341237209264,0.504297389946102,0.604171188238628
FERM2_MOUSE,LLIPVAEGMNEIWLR,3,0.840146588778545,0.06683,0.33385,0.377780672339552,0.33740578977689,0.360033790790857,0.393435439735362
FERM2_MOUSE,LLIPVAEGMNEIWLR,2,0.931980405602201,0.06582,0.33385,0.357387908949544,0.365683484051349,0.342983554766844,0.311185565742614
FERM2_MOUSE,FIQAWQSLPEFGITHF,2,-0.141375342805762,0.08109,0.3015,0.273817827520695,0.265949987595583,0.274734923241726,0.285319329044895
FERM2_MOUSE,TMADSSYNLEVQNILSFLK,2,0.95541730200948,0.07479,0.27146,0.295667621512356,0.291332451022439,0.274846909584391,0.252755229054768
FERM2_MOUSE,TMADSSYNLEVQNILSFLK,3,0.946760196918098,0.0926,0.27146,0.288014374060848,0.240843559692352,0.289703115347049,0.362817048465448

