protien,peptide,charge,rsquared,rateconstant,mo,io_e,io_a1a0,io_a2a0,io_a2a1
LDHA_MOUSE,SADTLWGIQK,2,0.980753416922957,0.07579,0.5193,0.529702011912172,0.525217732785363,0.527672721520699,0.531057111307957
LDHA_MOUSE,VTLTPEEEAR,2,0.983815022350385,0.07362,0.52706,0.53496707441097,0.534604897965987,0.533155598072731,0.531931109216056
LDHA_MOUSE,SVADLAESIMK,2,-0.239969963560422,0.00681,0.498,0.48277811845469,0.459379466366964,0.431432420606011,0.385240630115883
LDHA_MOUSE,VIGSGcNLDSAR,2,0.968036908802281,0.06052,0.50211,0.502280465656603,0.509245324754241,0.499705033484198,0.477401739669455
LDHA_MOUSE,QVVDSAYEVIK,2,0.975684729547268,0.07821,0.48137,0.498063974156653,0.493426331618998,0.494043398435554,0.494043398435554
LDHA_MOUSE,AIGLSVADLAESIMK,2,0.941121885330448,0.13691,0.40038,0.404448824056154,0.401763772777616,0.407651034319004,0.416295287847756
LDHA_MOUSE,GEMMDLQHGSLFLK,3,0.971071001014934,0.07022,0.36245,0.38795135743923,0.383251899239564,0.386684562711339,0.394158421854527
LDHA_MOUSE,GEMMDLQHGSLFLK,2,0.907604476874063,0.10024,0.36245,0.350069908561883,0.371924298433169,0.346275964502935,0.301799006013447
LDHA_MOUSE,DLADELALVDVMEDK,3,0.954821715040114,0.082,0.37324,0.41206837509698,0.408191387858171,0.394719120377715,0.372196175279346
LDHA_MOUSE,DLADELALVDVMEDK,2,0.457329263603558,0.13124,0.37324,0.282697907773064,0.178172136677143,0.302293145456029,0.493179936589099
LDHA_MOUSE,SLNPELGTDADKEQWK,2,0.96510170855601,0.06727,0.35157,0.377259544774822,0.350614312964669,0.360395767976459,0.372882035469695
LDHA_MOUSE,SLNPELGTDADKEQWK,3,0.942833283599266,0.06112,0.35157,0.367243099918359,0.359333429457804,0.366020350665922,0.374037686577447
LDHA_MOUSE,TSWAIGLSVADLAESIMK,2,0.777239806272396,0.14532,0.31805,0.30324415763368,0.293699419312177,0.305692180149382,0.321214350879015
LDHA_MOUSE,LLIVSNPVDILTYVAWK,2,0.989457168883019,0.07693,0.3009,0.305730193381407,0.293585903619248,0.30783621182461,0.32400059769108
LDHA_MOUSE,LLIVSNPVDILTYVAWK,3,0.990723693966604,0.08309,0.3009,0.310939988879818,0.311294309239222,0.311952004560651,0.313137486836805
LDHA_MOUSE,GYTSWAIGLSVADLAESIMK,2,0.985918650866269,0.06444,0.27692,0.287900393081699,0.265747830857092,0.286780356319549,0.315137725547958
LDHA_MOUSE,ScHGWVLGEHGDSSVPVWSGVNVAGVSLK,4,-1.21428416238783,0.00014,0.171,0.230871888241967,0.381224506143723,0.281253728444068,0.16594391621884

