proteinName,peptideSeq,charge,old_Rsquared,new_Rsquared,NDP,rateconstant,sigma,Abundance,MassToCharge,RMSE,selected_A1A0_count, selected_A2A0_count, selected_A2A1_count,improved_timePoints,new_k,I0_percentatediffI0_percentatediff,selected_io_t,i0,I0_asymptote,new_rmse,lowerci_old,upperci_old,sigma_old,lowerci_new,upperci_new,sigma_new,old_pearson,new_pearson
MGST1_MOUSE,VFANPEDcAGFGK,2,0.642646542436286,0.903169780151835,11,0.05485,0.00826285969512609,33668851.8181818,706.31915,0.0385684043543705,2,2,3,1| 2| 3| 6| 9| 16| 21,NaN,-0.0168223878376824|,0.431944203038713| 0.369891479926551| 0.388897105525916| 0.360962581397538| 0.358261788794049| 0.308125053855453| 0.307072534688246| NaN| 0.268364531488527| 0.233166316970594| 0.245554711541584| 0.197318311967324,0.431944203038713,0.133062436452641,0.0208327730904167,0.0345201786306999,0.0751798213693001,0.00912412678276926,0.0438688209067732,0.0658311790932268,0.00492840878681791,0.889520063269646,0.975073492445875

