proteinName,peptideSeq,charge,old_Rsquared,new_Rsquared,NDP,rateconstant,sigma,Abundance,MassToCharge,RMSE,selected_A1A0_count, selected_A2A0_count, selected_A2A1_count,improved_timePoints,new_k,I0_percentatediffI0_percentatediff,selected_io_t,i0,I0_asymptote,new_rmse,lowerci_old,upperci_old,sigma_old,lowerci_new,upperci_new,sigma_new,old_pearson,new_pearson
PALMD_MOUSE,VISPGPNFQER,2,0.656010262173206,0.748468663238935,12,0.02111,0.00474661628442252,10617482.5555556,622.32513,0.0535193042189987,4,2,0,1| 2| 7| 9| 24| 31,0.0276316390594974,,0.523811183742974| 0.536598018880478| 0.493041527559814| 0.530718394457248| 0.536605922322931| 0.432961303856457| 0.418691392200922| 0.367165817991133| 0.379893148311409| 0.392616327999929| 0.344667537103697| 0.347077795018663,0.523811183742974,0.169144342163375,0.0372150372919325,0.0107874502154408,0.0314325497845592,0.00468996791889392,0.0139321399589154,0.0282878600410846,0.00326120329003914,0.868228306577866,0.900316592346196
PALMD_MOUSE,TGESVVLSSIPLPSDDFK,2,0.422413421077095,0.814014928153766,12,0.06407,0.0152853650228643,14087885.625,945.9884,0.0552740615622207,1,3,7,0| 1| 2| 3| 6| 7| 9| 13| 21| 24| 31,0.0595958395027884,-0.0521363941750439|0.00374014430049039|,0.348391522342868| 0.322096353485478| 0.30447241480998| 0.299497380531912| 0.236408273951435| 0.276084674427622| 0.227157038211629| 0.198129615383079| 0.167549262574166| 0.14334326469069| 0.219017326013906| 0.155361843726242,0.348391522342868,0.0888946964754,0.0282763712235555,0.0289311771182915,0.0992088228817085,0.0159650430816446,0.0460941470939586,0.0820458529060414,0.00816718496918253,0.723046300321456,0.934306380290108
PALMD_MOUSE,WLLDGIGSGK,2,0.911340276596763,0.961171323872478,12,0.02931,0.00224713408480077,439691300,523.28748,0.01542766144891,10,0,0,1| 2| 3| 6| 9| 13| 16| 21| 24| 31,0.0296875414432452,-0.00345970584657882|-0.00120806886942779|-0.0118884660928388|-0.0239499059147807|-0.0235185298214427|-0.0275787668738562|-0.0350535342483431|-0.0408738695775517|-0.0536587804455534|,0.557724940874075| 0.533387458015669| 0.524804948183237| 0.533286034624505| 0.515288925552279| 0.505322550806549| 0.495006033484639| 0.465861986061769| 0.462178745380531| 0.446527534073806| 0.438228105223477| 0.403965831984357,0.557724940874075,0.3023476053755,0.00877224433063668,0.0245538119227514,0.0340661880772486,0.00216093600554859,0.0266056080197732,0.0320143919802268,0.0012287188623057,0.992968761425089,0.989648244434451

