proteinName,peptideSeq,charge,old_Rsquared,new_Rsquared,NDP,rateconstant,sigma,Abundance,MassToCharge,RMSE,selected_A1A0_count, selected_A2A0_count, selected_A2A1_count,improved_timePoints,new_k,I0_percentatediffI0_percentatediff,selected_io_t,i0,I0_asymptote,new_rmse,lowerci_old,upperci_old,sigma_old,lowerci_new,upperci_new,sigma_new,old_pearson,new_pearson
PLCC_MOUSE,GTVAAIYDVTLNFR,2,0.530897416923842,0.843925952371155,8,0.10469,0.0298323809247163,5478483.85714286,770.41193,0.0561214480530655,1,4,2,0| 2| 6| 7| 9| 16| 21,NaN,,0.364968833427566| NaN| 0.346083131362214| 0.34261924048363| 0.332575287344655| 0.237814392345843| 0.246673602659477| NaN| 0.219569278784419| 0.136936038765645| NaN| NaN,0.364968833427566,0.135738532445516,0.0242625974620585,0.0123283552454813,0.197051644754519,0.0390597553566483,0.0647599289602502,0.14462007103975,0.0168864338690754,0.733100075618455,0.921390328116977
PLCC_MOUSE,ISMEVAASK,2,-0.0213246256250248,0.957726793237648,8,0.08563,0.0144608318963206,27798490,468.24695,0.0453038243759659,2,2,0,0| 2| 16| 21,NaN,,0.604295430149185| NaN| 0.529127683935268| 0.473401411965989| 0.41306494150256| 0.400156726883711| 0.367323532828537| NaN| 0.2936862881103| 0.306070516995546| NaN| NaN,0.604295430149185,0.235587133101256,0.0168697125846139,0.0408589768009699,0.13040102319903,0.0189336733648345,0.068958685737017,0.102301314262983,0.00705030165191009,0.872855966632574,0.980276216838378
PLCC_MOUSE,DALQEMYK,2,0.748460089040905,0.886819367494624,8,0.05675,0.0124021477600739,10447048.25,499.23657,0.0451824939282608,2,2,1,0| 3| 6| 16| 21,NaN,0.0312507378159835|,0.551979041293681| NaN| 0.555019870968205| 0.508768128339314| 0.464963921940867| 0.461473295574588| 0.470332466769431| NaN| 0.384862120823159| 0.339363803643794| NaN| NaN,0.551979041293681,0.259803138747566,0.0193740252726737,0.0183527038371598,0.0951472961628402,0.0162382231115902,0.0402854332710727,0.0732145667289273,0.00696286808441278,0.972968517403906,0.976643918749506

