proteinName,peptideSeq,charge,old_Rsquared,new_Rsquared,NDP,rateconstant,sigma,Abundance,MassToCharge,RMSE,selected_A1A0_count, selected_A2A0_count, selected_A2A1_count,improved_timePoints,new_k,I0_percentatediffI0_percentatediff,selected_io_t,i0,I0_asymptote,new_rmse,lowerci_old,upperci_old,sigma_old,lowerci_new,upperci_new,sigma_new,old_pearson,new_pearson
PPBT_MOUSE,ANEGTVGVSAATER,2,-0.528939590071856,0.457760574991305,5,0.06656,0.0409493461570826,1315468.5,681.33643,0.0790768034592934,0,1,2,0| 1| 3,NaN,,0.409688110987862| 0.456786547502001| 0.488717177342273| 0.412293920744175| 0.305617040599541| NaN| NaN| NaN| NaN| NaN| NaN| NaN,0.47861,0.101151072707973,0.029439256137163,0,0.259920302594471,0.0696431210678502,0,0.194138086806343,0.0459501563963363,-0.158483155240955,0.70051029016496

