proteinName,peptideSeq,charge,old_Rsquared,new_Rsquared,NDP,rateconstant,sigma,Abundance,MassToCharge,RMSE,selected_A1A0_count, selected_A2A0_count, selected_A2A1_count,improved_timePoints,new_k,I0_percentatediffI0_percentatediff,selected_io_t,i0,I0_asymptote,new_rmse,lowerci_old,upperci_old,sigma_old,lowerci_new,upperci_new,sigma_new,old_pearson,new_pearson
RAB6B_MOUSE,GSDVIIMLVGNK,2,0.810639594178077,0.90898236449905,5,0.04508,0.00507771095092042,30780452,623.34723,0.0179406004601333,1,1,2,3| 9| 13| 21,NaN,0.0103780881160977|0.00716578180592322|,NaN| NaN| NaN| 0.427111424043041| NaN| NaN| 0.389852537953525| 0.36571373365312| 0.360026255282326| 0.334153080054973| NaN| NaN,NaN,NaN,0.00610532250951383,0.0206615724573725,0.0694984275426275,0.00879485335314304,0.0367702237662435,0.0533897762337565,0.00299295535086112,0.982434273747856,0.996052273169673

