proteinName,peptideSeq,charge,old_Rsquared,new_Rsquared,NDP,rateconstant,sigma,Abundance,MassToCharge,RMSE,selected_A1A0_count, selected_A2A0_count, selected_A2A1_count,improved_timePoints,new_k,I0_percentatediffI0_percentatediff,selected_io_t,i0,I0_asymptote,new_rmse,lowerci_old,upperci_old,sigma_old,lowerci_new,upperci_new,sigma_new,old_pearson,new_pearson
SRPRB_MOUSE,AVVFVVDSAAFQR,2,0.256280261510679,0.851509174330656,6,0.34212,0.137116224056104,2412996.25,704.88281,0.0752100016427917,0,2,1,0| 1| 21,NaN,,0.428354599166058| 0.350399893971188| 0.273358830409827| 0.184925569269671| 0.163367398412933| NaN| NaN| NaN| NaN| 0.200865889596446| NaN| NaN,0.428354599166058,0.125885691124684,0.0260597100899933,0,0.977942949492778,0.247345928028433,0.152920544632128,0.531319455367872,0.0736018020547588,0.692242527204882,0.934120293636883

