proteinName,peptideSeq,charge,old_Rsquared,new_Rsquared,NDP,rateconstant,sigma,Abundance,MassToCharge,RMSE,selected_A1A0_count, selected_A2A0_count, selected_A2A1_count,improved_timePoints,new_k,I0_percentatediffI0_percentatediff,selected_io_t,i0,I0_asymptote,new_rmse,lowerci_old,upperci_old,sigma_old,lowerci_new,upperci_new,sigma_new,old_pearson,new_pearson
STX7_MOUSE,LVAEFTTSLTNFQK,2,-0.526983371573122,0.166474138334384,11,0.0785,0.0286081773116402,5591056,799.92487,0.0709606556638373,4,2,2,1| 2| 3| 6| 9| 16| 21| 31,NaN,-0.00886414677748367|,0.227667352386655| 0.362434647674046| 0.32891500935057| 0.359063971096447| 0.202216977874592| 0.289367787310398| 0.237527662458011| NaN| 0.253332793924531| 0.199564242709082| 0.167423236520298| 0.194520496761601,0.38737,0.158300806667627,0.0572775811899074,0.00867305152672004,0.14832694847328,0.0313386880853857,0.0221375175369188,0.134862482463081,0.0252957675546201,0.401732484374282,0.695907056269292
STX7_MOUSE,QLEADIMDINEIFK,2,0.138422389058367,0.525525089077429,11,0.05398,0.0231304716170912,3077308,839.92145,0.0955713570622527,2,3,3,0| 1| 2| 3| 9| 16| 21| 24,NaN,,0.402310931227863| 0.368675708966998| 0.293816283193281| 0.342882573402406| 0.308381369404543| 0.277992716700081| 0.216339455223275| NaN| 0.260699806361177| 0.320640483390517| 0.192141717073798| 0.149844761118435,0.36217,0.101538447843573,0.0479922244228366,0,0.116579123576398,0.0280948036692444,0.0256295152378754,0.0823304847621246,0.0127238411309021,0.49934349426781,0.794778762881758

