proteinName,peptideSeq,charge,old_Rsquared,new_Rsquared,NDP,rateconstant,sigma,Abundance,MassToCharge,RMSE,selected_A1A0_count, selected_A2A0_count, selected_A2A1_count,improved_timePoints,new_k,I0_percentatediffI0_percentatediff,selected_io_t,i0,I0_asymptote,new_rmse,lowerci_old,upperci_old,sigma_old,lowerci_new,upperci_new,sigma_new,old_pearson,new_pearson
SYLM_MOUSE,ETDTMDTFVDSAWYYFR,2,0.460778871677516,0.883185010153321,12,0.03432,0.00889371268450944,1987189.22222222,1073.95679,0.0384758519744974,1,4,3,0| 1| 3| 7| 9| 13| 24| 31,0.0369597507439104,0.0722637883621884|,0.264680402593596| 0.285266404289229| 0.236301738658273| 0.24410087469403| 0.233993110512022| 0.224643768226828| 0.194481324616014| 0.19222551443149| 0.195438149460783| 0.184525695689693| 0.150958487635242| 0.152135849729224,0.264680402593596,0.0895899681789838,0.0137516891717205,0.013874652812392,0.054765347187608,0.00928917994117716,0.0270126099071633,0.0416273900928367,0.00332005423287103,0.728226235043755,0.948811741727686
SYLM_MOUSE,IGIPSTSSEDTR,2,0.0712642641734647,0.409554852181901,12,0.0094,0.00721827782051588,3588472.28571429,631.81476,0.096738778151618,2,3,1,1| 2| 3| 6| 9| 21,0.00709598956807113,,0.483018599370267| 0.499998006537814| 0.53758428783404| 0.443786979115673| 0.525339755969126| 0.467585903280429| 0.487679684149583| 0.429874843316734| 0.466711392570717| 0.417709184556524| 0.423989060768596| 0.417389853258986,0.483018599370267,0.155971971921943,0.0304273357243446,0,0.0269065117732709,0.00795394358002465,0.00405726550236256,0.0147427344976374,0.00242742867954669,0.468452572115782,0.748056583271156

