proteinName,peptideSeq,charge,old_Rsquared,new_Rsquared,NDP,rateconstant,sigma,Abundance,MassToCharge,RMSE,selected_A1A0_count, selected_A2A0_count, selected_A2A1_count,improved_timePoints,new_k,I0_percentatediffI0_percentatediff,selected_io_t,i0,I0_asymptote,new_rmse,lowerci_old,upperci_old,sigma_old,lowerci_new,upperci_new,sigma_new,old_pearson,new_pearson
DHE3_MOUSE,cAVVDVPFGGAK,2,-2.63778308503099,0.988258262304114,3,0.02938,0.00744669246250801,6110205.33333333,610.31061,0.0368114048370404,1,1,0,6| 31,NaN,,NaN| NaN| NaN| NaN| 0.434037147148457| NaN| NaN| NaN| 0.378626296671596| NaN| NaN| 0.29865274138148,NaN,NaN,0.00301091722843807,0,0.0841330908649361,0.0127254264529338,0.0229606395251753,0.0357993604748247,0.00149195412180038,0.24341286322327,0.995766974229434
DHE3_MOUSE,YSTDVSVDEVK,2,0.441883828467031,0.956123788618031,4,0.02596,0.00315854971579896,3973146,621.29846,0.0162088640963809,1,1,1,13| 16| 31,NaN,-0.0548701105370552|,NaN| NaN| NaN| NaN| 0.449133424865019| NaN| NaN| 0.433560633126272| 0.414393506366185| NaN| NaN| 0.355097814861113,NaN,NaN,0.00431104243293476,0.00585617025560252,0.0460638297443975,0.00631709943159792,0.0206130205585508,0.0313069794414492,0.00168014757485488,0.753001814871191,0.979455300641799
DHE3_MOUSE,DDGSWEVIEGYR,2,0.0752054737710203,-9.48681711313138,3,0.00223,0.00425433324333337,3075820.66666667,713.31769,0.0258409590796187,0,1,1,6| 13,NaN,,NaN| NaN| NaN| NaN| 0.421446928534119| NaN| NaN| 0.423394264068686| 0.412656082225111| NaN| NaN| NaN,NaN,NaN,0.0075634306763724,0,0.0493360696768593,0.0109481458615432,0,0.0138160430509289,0.00269276741086301,0.832872427486146,0.602516829340043
DHE3_MOUSE,DSNYHLLMSVQESLER,3,-1.03100148972465,-1.03100148972465,2,0.01206,0.000885104682865562,3109932,640.97552,0.00324126456929702,0,0,0,,NaN,,NaN| NaN| NaN| NaN| 0.298210430117998| NaN| NaN| NaN| 0.287068383228432| NaN| NaN| NaN,NaN,NaN,0.00324126456929702,0,0.0681408816078818,0.00441366110280709,0,0.0681408816078818,0.00441366110280709,1,1
DHE3_MOUSE,YNLGLDLR,2,NaN,NaN,1,0.00878,0.000321732816564237,14696570,482.26654,0.000857454773089242,NaN,NaN,NaN,NaNNaN,NaN,NaN,NaN,NaN,NaNNaN,NaN,NaN,NaN,NaN,NaN,NaN,NaN

