proteinName,peptideSeq,charge,old_Rsquared,new_Rsquared,NDP,rateconstant,sigma,Abundance,MassToCharge,RMSE,selected_A1A0_count, selected_A2A0_count, selected_A2A1_count,improved_timePoints,new_k,I0_percentatediffI0_percentatediff,selected_io_t,i0,I0_asymptote,new_rmse,lowerci_old,upperci_old,sigma_old,lowerci_new,upperci_new,sigma_new,old_pearson,new_pearson
GPX4_MOUSE,YGPMEEPQVIEK,2,0.72798309464845,0.860753473228048,4,0.02088,0.00341457028705877,13926992.5,710.34485,0.0156926709611332,1,1,1,2| 3| 16,NaN,0.00901345517923347|,NaN| NaN| 0.402925903242124| 0.386694646643472| NaN| NaN| NaN| 0.331797781339435| 0.337516258061211| NaN| NaN| NaN,NaN,NaN,0.00661104412127609,0,0.0611686452883129,0.0126596465194189,0.0117241151034507,0.0300358848965493,0.00287699587646409,0.973815627810559,0.968543085457539

