protien,peptide,charge,rsquared,rateconstant,mo,io_e,io_a1a0,io_a2a0,io_a2a1
RS2_MOUSE,SLEEIYLFSLPIK,2,0.991725707771213,0.06117,0.38467,0.389248825699617,0.394186451169044,0.412515786120201,0.434429692074431

