protien,peptide,charge,rsquared,rateconstant,mo,io_e,io_a1a0,io_a2a0,io_a2a1
PP1R7_MOUSE,IEGLQSLVNLR,2,0.0177308016132238,0.12399,0.48877,0.437705283302829,0.457940921533538,0.405096773076927,0.342420325081461

