protien,peptide,charge,rsquared,rateconstant,mo,io_e,io_a1a0,io_a2a0,io_a2a1
TERA_MOUSE,ESIESEIR,2,0.590789385401069,0.10493,0.59102,0.484055813793253,0.465798099417186,0.486561138290698,0.514291229616407
TERA_MOUSE,GILLYGPPGTGK,2,0.806163970675422,0.03591,0.49158,0.55920385633968,0.551425759201196,0.536677421591566,0.516541520711382
TERA_MOUSE,EVDIGIPDATGR,2,-2.20474221097777,0.12979,0.49875,0.465684844634699,0.443731924209053,0.478790859393666,0.527026147904498
TERA_MOUSE,WALSQSNPSALR,2,0.884336572747246,0.09549,0.46324,0.423971075446139,0.422985620684875,0.408275099191018,0.39029210355712
TERA_MOUSE,IVSQLLTLMDGLK,2,0.700571132791414,0.06101,0.41391,0.477641515778314,0.44933560656509,0.439109360820804,0.420583508886255
TERA_MOUSE,LGDVISIQPcPDVK,2,0.939079878551404,0.06461,0.40621,0.450154281574538,0.455445225265741,0.434190812781932,0.396054725284502
TERA_MOUSE,LDQLIYIPLPDEK,2,-9.2962915493129,8.71633,0.39103,0.190676291040468,0.399707347371809,0.133441571108057,0.133441571108057
TERA_MOUSE,AIANEcQANFISIK,2,0.634509787840916,0.02254,0.3989,0.502133930015097,0.475805458499192,0.486146141748631,0.510689789835843
TERA_MOUSE,VINQILTEMDGMSTK,2,0.559310996133371,0.13583,0.35847,0.382725454657738,0.383815475218209,0.379547452968231,0.37130443984283
TERA_MOUSE,MTNGFSGADLTEIcQR,2,0.573770936992697,0.0431,0.35018,0.442670615906385,0.328248713472833,0.472011571025235,0.472011571025235
TERA_MOUSE,LIVDEAINEDNSVVSLSQPK,2,0.712660282817111,0.08823,0.29187,0.365952304769497,0.370608797489021,0.339724933565102,0.301117598237385
TERA_MOUSE,ETVVEVPQVTWEDIGGLEDVKR,3,0.708633594219883,0.06864,0.23576,0.266002990849435,0.28679382884255,0.256860576002552,0.222351907026142

