protien,peptide,charge,rsquared,rateconstant,mo,io_e,io_a1a0,io_a2a0,io_a2a1
SPA3K_MOUSE,TMEEILEGLK,2,-1.78818518150912,0.13356,0.49422,0.549090441245103,0.537919794699896,0.548058379036573,0.585322281691348
SPA3K_MOUSE,DLQILAEFHEK,2,0.916413918485197,0.31717,0.45169,0.515653311035329,0.522043089691831,0.513606164734543,0.500836637209138
SPA3K_MOUSE,AVLDVAETGTEAAAATGVIGGIR,3,0.996796007034524,0.30921,0.29766,0.320101477850513,0.286188554875862,0.347490111938589,0.428239464562146
SPA3K_MOUSE,AVLDVAETGTEAAAATGVIGGIR,2,0.97488024420766,0.31378,0.29766,0.326558273788678,0.332942744458882,0.290307802315543,0.241163905557155

