protien,peptide,charge,rsquared,rateconstant,mo,io_e,io_a1a0,io_a2a0,io_a2a1
PRVA_MOUSE,FFQMVGLK,2,0.0860847101044663,0.00701,0.52397,0.563981624242696,0.556451541361451,0.573066226416829,0.573066226416829
PRVA_MOUSE,FFQmVGLK,2,-1.12210919223862,0.00015,0.52397,0.587175523918058,0.562270016467368,0.570009108212043,0.573066226416829
PRVA_MOUSE,TLLAAGDKDGDGK,2,0.961122629874504,0.02531,0.49741,0.503274769997661,0.504419870214118,0.498505622594953,0.488727389485825
PRVA_MOUSE,AIGAFAAADSFDHK,3,0.909519930701433,0.01094,0.43275,0.451605043266459,0.452428021959859,0.445791546890296,0.43849991151681
PRVA_MOUSE,AIGAFAAADSFDHK,2,0.77076668320168,0.00778,0.43275,0.44518081548371,0.436240892528314,0.442860892565106,0.451709379263727
PRVA_MOUSE,SGFIEEDELGSILK,2,0.94689174064312,0.01055,0.41099,0.41825542490634,0.412944319247606,0.426814002769166,0.444418963232914
PRVA_MOUSE,AIGAFAAADSFDHKK,4,0.95557029023481,0.0111,0.40012,0.405843285658436,0.395832085218376,0.406979534421671,0.421042686814967
PRVA_MOUSE,AIGAFAAADSFDHKK,3,0.811798102433126,0.01153,0.40012,0.393896697448928,0.381367342070074,0.40012,0.423911376467893
PRVA_MOUSE,AIGAFAAADSFDHKK,2,-0.992604318366775,0.00195,0.40012,0.370795109295843,0.341839906515564,0.344402491957592,0.347949079455993

