protien,peptide,charge,rsquared,rateconstant,mo,io_e,io_a1a0,io_a2a0,io_a2a1
HIBCH_MOUSE,LGYFLALTGYR,2,-0.201921903683267,0.0622,0.45283,0.352475400097927,0.259353185539264,0.366982481836975,0.495831617122452

