protien,peptide,charge,rsquared,rateconstant,mo,io_e,io_a1a0,io_a2a0,io_a2a1
ADT2_MOUSE,DFLAGGVAAAISK,2,0.941439428060755,0.07411,0.48737,0.476609623412213,0.469516181796922,0.478240633944964,0.488687816598776
ADT2_MOUSE,GTDIMYTGTLDcWR,2,0.449391131344444,0.02039,0.36107,0.281411507649512,0.252954374544982,0.260901951110989,0.273091163832918

