protien,peptide,charge,rsquared,rateconstant,mo,io_e,io_a1a0,io_a2a0,io_a2a1
OLA1_MOUSE,IPAFLNVVDIAGLVK,2,0.468207898304072,0.01516,0.38186,0.400791415737635,0.389435675164723,0.40431274692568,0.42243588837298
OLA1_MOUSE,NYIVEDGDIIFFK,2,-0.199727906160242,0.01217,0.38289,0.429894999424213,0.430666327389983,0.410757999568847,0.385965114261789

