protien,peptide,charge,rsquared,rateconstant,mo,io_e,io_a1a0,io_a2a0,io_a2a1
NDUAA_MOUSE,EIAQQLGMK,2,0.733868200761923,0.04326,0.53835,0.579279955885703,0.55285694675058,0.611698561932198,0.651172209932898
NDUAA_MOUSE,VVEDIEYLK,2,0.728285013136464,0.02549,0.51776,0.529002130771463,0.517299742716008,0.52589674380864,0.537625978001664
NDUAA_MOUSE,YGLLAAILGDK,2,0.961077585610907,0.02764,0.50458,0.522817077870615,0.515221463198566,0.525570247181305,0.53910358762415
NDUAA_MOUSE,VITVDGNIcSGK,2,0.788765362261464,0.01655,0.48873,0.50591086904799,0.495027056881277,0.502847820131863,0.522004208268598
NDUAA_MOUSE,VTSAYLQDIENAYK,2,0.968788854435611,0.02666,0.39009,0.393608822118798,0.384509946285695,0.391105661184184,0.399322994584906
NDUAA_MOUSE,HYPEAGIQYSSTTTGDGR,3,-0.408599472963799,0.02212,0.33476,0.33848245928759,0.340314601830439,0.320595812713517,0.297198075915652
NDUAA_MOUSE,MSEMcEVLVYDSWEAEDPTK,2,-0.298431083616719,0.0158,0.23072,0.272181550961685,0.26845748846011,0.22126815324934,0.156866185713671
NDUAA_MOUSE,LLQYADALEHLLSTGQGVVLER,3,0.918745865581415,0.02793,0.24239,0.250639407287241,0.244992186133879,0.244532564891796,0.243458979063877
NDUAA_MOUSE,TEVLNYTTIPVYLPEITIGAHQGSR,3,0.919706471309582,0.02123,0.19571,0.208657034668273,0.177474961167482,0.214636702177631,0.260163816799451

