proteinName,peptideSeq,charge,old_Rsquared,new_Rsquared,NDP,rateconstant,sigma,Abundance,MassToCharge,RMSE,selected_A1A0_count, selected_A2A0_count, selected_A2A1_count,improved_timePoints,new_k,I0_percentatediffI0_percentatediff,selected_io_t,i0,I0_asymptote,new_rmse,lowerci_old,upperci_old,sigma_old,lowerci_new,upperci_new,sigma_new,old_pearson,new_pearson
LMCD1_MOUSE,GAAPVDSPVVYADR,2,0.0303350810867445,0.586298803466172,9,0.24485,0.142781029261254,3039309.66666667,708.8595,0.142445768291221,2,1,4,0| 1| 3| 7| 9| 24| 31,NaN,0.0224180688217773|,0.443914334037959| 0.37454058303188| 0.314308102228401| 0.223748516404371| 0.150826835192511| 0.27873873737063| 0.310157697067191| NaN| NaN| NaN| 0.110748272875198| 0.115374637301731,0.443914334037959,0.103085520312632,0.0613433044547708,0,0.666940296267399,0.183039696174011,0.0711923840372843,0.418507615962716,0.0753067235736252,0.44078815208839,0.832510013885886
LMCD1_MOUSE,QPVTGTEGALYR,2,-1.04751384088483,0.944489701859811,4,0.02668,0.00790886267478952,23597270,646.33569,0.02110162562119,1,2,0,1| 3| 7,NaN,-0.0293208272615718|0.0516504088894241|,NaN| 0.463724883299292| NaN| 0.452692730562078| 0.423643757600478| 0.414125324274018| NaN| NaN| NaN| NaN| NaN| NaN,NaN,NaN,0.00276486400018512,0,0.0932258120185239,0.0209102701635538,0.0200842683868038,0.0332757316131962,0.00207253508184458,0.0166849716878567,0.991961771599218

