proteinName,peptideSeq,charge,old_Rsquared,new_Rsquared,NDP,rateconstant,sigma,Abundance,MassToCharge,RMSE,selected_A1A0_count, selected_A2A0_count, selected_A2A1_count,improved_timePoints,new_k,I0_percentatediffI0_percentatediff,selected_io_t,i0,I0_asymptote,new_rmse,lowerci_old,upperci_old,sigma_old,lowerci_new,upperci_new,sigma_new,old_pearson,new_pearson
NDUA6_MOUSE,QAAAAAASTSVKPIFSR,3,0.971043231461068,0.988054002722359,9,0.07024,0.00382845469526072,19671966.4444444,559.30902,0.0133238007753813,4,1,1,2| 3| 7| 9| 16| 21,NaN,-0.0325662945966291|,0.36209249209266| 0.347520353447455| 0.318116850957648| 0.294226235303777| NaN| 0.22885608671662| 0.215247120060493| NaN| 0.153822935575465| 0.142091823486038| 0.097303714610255| NaN,0.36209249209266,0.0455831659716084,0.00856096827631498,0.0591846554926026,0.0812953445073974,0.00479415641067259,0.0631365874522502,0.0773434125477498,0.00308039887682015,0.990907690292906,0.994636866531377
NDUA6_MOUSE,QAAAAAASTSVKPIFSR,2,0.0399922264601216,0.572567648826817,7,0.02933,0.0105772548953922,981875.857142857,838.4599,0.0550118808310702,1,2,2,0| 1| 3| 6| 7,NaN,,0.34634064145323| 0.364230337518524| NaN| 0.393535296852803| 0.305409859250119| 0.363545866251466| NaN| 0.301696534471103| 0.250006555886749| NaN| NaN| NaN,0.34634064145323,0.0436001941129338,0.0226275393989397,0,0.0720236454331557,0.0174479703531095,0.0142747792190559,0.0443852207809441,0.00615274341603617,0.856699596458972,0.789781297401704
NDUA6_MOUSE,EVPNTVHLMQLDITVK,3,-1.23611797566596,-0.827307080700393,8,0.08672,0.0343737303305039,18916046.25,613.0011,0.0625714114493466,1,0,6,0| 2| 3| 7| 9| 13| 21,NaN,-0.00452859983849545|0.0275532103826337|,0.163385819437115| 0.2631624421539| 0.286698777950456| 0.279413394190547| NaN| 0.202535477363958| 0.199699738459052| 0.186080477558276| NaN| 0.17212632135713| NaN| NaN,0.32924,0.111442331333232,0.0511781700897477,0,0.19236876679745,0.0446788815401438,0.000797444240282025,0.172642555759718,0.0363366635199332,0.16755719233381,0.494652306449543

