proteinName,peptideSeq,charge,old_Rsquared,new_Rsquared,NDP,rateconstant,sigma,Abundance,MassToCharge,RMSE,selected_A1A0_count, selected_A2A0_count, selected_A2A1_count,improved_timePoints,new_k,I0_percentatediffI0_percentatediff,selected_io_t,i0,I0_asymptote,new_rmse,lowerci_old,upperci_old,sigma_old,lowerci_new,upperci_new,sigma_new,old_pearson,new_pearson
NDUAC_MOUSE,IGTLVGEDK,2,0.817235127941959,0.815090443892232,9,0.04963,0.00916883558505692,9465699.22222222,466.25839,0.0379736501791523,1,1,0,2| 21,NaN,0.0348682095018069|-0.00240143787200735|,0.626869258388445| 0.637912245979606| 0.60518528782935| 0.50609368458853| NaN| 0.57158027874434| NaN| 0.482425605950038| NaN| 0.448203262914709| 0.360320836184534| 0.367913303054863,0.626869258388445,0.356220022645112,0.0372460533239516,0.0285850405433825,0.0706749594566175,0.00912615859449496,0.028988274002537,0.070271725997463,0.0089512961764211,0.9367804198385,0.937529493409942
NDUAC_MOUSE,GVQQVTGHGGLR,3,0.910840102550365,0.962848681911779,11,0.03469,0.00340137051829352,5834914,403.55469,0.0271494234043996,3,3,0,1| 2| 3| 21| 24| 31,NaN,-0.0310879329954436|,0.518512018273748| 0.523116500920346| 0.519812861436207| 0.468691097359388| 0.468476768013101| 0.451902543559219| 0.396259471345005| NaN| 0.373556602123315| 0.314538800906916| 0.304931955462911| 0.287485231179746,0.518512018273748,0.167433183858388,0.0158042061274833,0.0265594736370199,0.0428205263629801,0.00364902140549563,0.0299570628524416,0.0394229371475584,0.00212416615988634,0.966665879142261,0.984821965939934
NDUAC_MOUSE,FNVSATPEQYVPYSTTR,2,0.405990086335633,0.73181448880195,6,0.02074,0.0076251114431655,5192808.83333333,980.47595,0.0345067515145193,1,1,3,1| 2| 3| 16| 21,NaN,,NaN| 0.300690378604906| 0.315589666352989| 0.279764836739036| 0.276569852288426| NaN| NaN| NaN| 0.211177715756532| 0.213112953842726| NaN| NaN,NaN,NaN,0.0147736705863034,0,0.0516391976492231,0.0120203127678516,0.00773927460220007,0.0337407253977999,0.00505750302207072,0.711402153645224,0.960643166312045
NDUAC_MOUSE,WLHcMTDDPPTTNPPTAR,3,0.833515530849409,0.913510768725507,6,0.03947,0.00518470646797068,7146361.5,703.98755,0.0164412633002439,1,2,1,3| 9| 21| 31,NaN,,NaN| 0.305302330999533| 0.248297202880442| 0.277672291072977| NaN| NaN| 0.236730862295517| NaN| NaN| 0.16696145547236| NaN| 0.131089825474069,NaN,NaN,0.0126058889927154,0.0188227969416122,0.0601172030583877,0.00803211272216973,0.0236393217235789,0.0553006782764211,0.00615840276404715,0.919869212172622,0.967826997611398

