proteinName,peptideSeq,charge,old_Rsquared,new_Rsquared,NDP,rateconstant,sigma,Abundance,MassToCharge,RMSE,selected_A1A0_count, selected_A2A0_count, selected_A2A1_count,improved_timePoints,new_k,I0_percentatediffI0_percentatediff,selected_io_t,i0,I0_asymptote,new_rmse,lowerci_old,upperci_old,sigma_old,lowerci_new,upperci_new,sigma_new,old_pearson,new_pearson
PBIP1_MOUSE,TSHQALESELQQLR,3,NaN,NaN,1,0.46346,NaN,1598758,547.28479,0,NaN,NaN,NaN,NaNNaN,NaN,NaN,NaN,NaN,NaNNaN,NaN,NaN,NaN,NaN,NaN,NaN,NaN
PBIP1_MOUSE,QLPLSPAYFGEDGIFR,2,0.846001833070227,0.922538028130484,9,0.04014,0.00377084787834137,7955889.33333333,905.46216,0.0160420912188286,2,2,2,1| 3| 6| 9| 13| 16,NaN,-0.00149307405452972|,0.359346853592489| 0.328356999499776| 0.330332364890936| 0.321289121693348| 0.317073245875625| 0.290826768544319| 0.25576043015564| 0.246039050116779| 0.232877524620572| NaN| NaN| NaN,0.359346853592489,0.0796081365348674,0.00997465645485812,0.0298216642377757,0.0504583357622243,0.00447455215066702,0.0337242619886574,0.0465557380113426,0.00278218842440351,0.972497230804732,0.967303828233568
PBIP1_MOUSE,LLQAQLQAQK,2,0.804156881812933,0.948958460424029,7,0.03995,0.00355210815223021,6011406.28571429,570.84039,0.0164190935425853,1,4,1,1| 2| 3| 6| 9| 13,NaN,0.0259576722972312|0.0108828168351454|0.0111491257500199|,NaN| 0.505663749252277| 0.495900670943963| 0.482083371593787| 0.436350556177734| 0.448521153518989| 0.400414512174529| 0.377914000237761| NaN| NaN| NaN| NaN,NaN,NaN,0.00773791700647402,0.0276580862961195,0.0522419137038805,0.0050234395239,0.0341571218581783,0.0457428781418217,0.00236742412254136,0.985029908358735,0.983666940082365

