proteinName,peptideSeq,charge,old_Rsquared,new_Rsquared,NDP,rateconstant,sigma,Abundance,MassToCharge,RMSE,selected_A1A0_count, selected_A2A0_count, selected_A2A1_count,improved_timePoints,new_k,I0_percentatediffI0_percentatediff,selected_io_t,i0,I0_asymptote,new_rmse,lowerci_old,upperci_old,sigma_old,lowerci_new,upperci_new,sigma_new,old_pearson,new_pearson
PDLI1_MOUSE,GcADNMTLTVSR,2,0.542648643881072,0.86874152247296,6,0.20439,0.107690512155649,10561944.6666667,662.80286,0.0918352147220907,1,1,2,2| 6| 13| 24,NaN,,0.483158912067368| NaN| 0.415938567499911| 0.439538964332697| 0.290362167705941| NaN| NaN| 0.229588012281031| NaN| NaN| 0.167134852683281| NaN,0.483158912067368,0.188361548420402,0.0297053815127059,0,0.630796584419246,0.165879404675076,0.0801023570147137,0.328677642985286,0.048350004385948,0.778700732802732,0.955256792849988
PDLI1_MOUSE,GHFFVEDQIYcEK,3,0.890217528263537,0.989287578325719,4,0.03996,0.00510487407559133,9655963,557.92059,0.0161301971895945,2,0,0,13| 24,NaN,,0.388086769963474| NaN| NaN| 0.371382812139914| NaN| NaN| NaN| 0.286301917974247| NaN| NaN| 0.224085769773667| NaN,0.388086769963474,0.131360996246851,0.00396213368321223,0.00943235319078507,0.0704876468092149,0.0095925096242051,0.0324613552983702,0.0474586447016298,0.00235625175823136,0.99540446704855,0.996866326821497
PDLI1_MOUSE,HPEcYVcTDcGINLK,3,0.608141153548227,0.771286024544497,4,0.02191,0.00610993241213209,3595322.75,622.60413,0.0237510061525516,1,0,1,13| 24,NaN,,0.336629404695547| NaN| NaN| 0.322371596818908| NaN| NaN| NaN| 0.301063239060001| NaN| NaN| 0.263274314921578| NaN,0.336629404695547,0.113943523431508,0.00763181539051164,0,0.0656232035243028,0.0137357238221564,0.00937373398512686,0.0344462660148731,0.00393919168256908,0.837326430561085,0.988548765330309

