proteinName,peptideSeq,charge,old_Rsquared,new_Rsquared,NDP,rateconstant,sigma,Abundance,MassToCharge,RMSE,selected_A1A0_count, selected_A2A0_count, selected_A2A1_count,improved_timePoints,new_k,I0_percentatediffI0_percentatediff,selected_io_t,i0,I0_asymptote,new_rmse,lowerci_old,upperci_old,sigma_old,lowerci_new,upperci_new,sigma_new,old_pearson,new_pearson
PSB3_MOUSE,LYIGLAGLATDVQTVAQR,3,0.49525502304637,0.712210964093673,5,0.05405,0.0188135043818298,3801788.2,630.35455,0.0270231875732529,1,2,2,0| 1| 2| 3| 6,NaN,,0.373366000052464| 0.295574073086045| 0.300242041586425| 0.295218905006917| 0.242123711000802| NaN| NaN| NaN| NaN| NaN| NaN| NaN,0.33154,0.0668451297129406,0.0144994940049698,0,0.20259494673561,0.0535018489871833,0.00550598554721436,0.102594014452786,0.0174842334765331,0.903392055230367,0.894782159179258
PSB3_MOUSE,FGIQAQMVTTDFQK,2,-1.40222642183417,-1.4497154717188,4,0.15854,0.119068218959245,6568894,807.40326,0.107672448119429,0,2,1,2| 6| 9,NaN,,NaN| 0.321572754925563| 0.264927603040556| NaN| 0.224061041205495| NaN| 0.472371470285151| NaN| NaN| NaN| NaN| NaN,NaN,NaN,0.0850753499971007,0,0.94553572546023,0.24729269562981,0,0.787297056309513,0.197570358161877,-0.588558909648212,-0.436948495611039

