proteinName,peptideSeq,charge,old_Rsquared,new_Rsquared,NDP,rateconstant,sigma,Abundance,MassToCharge,RMSE,selected_A1A0_count, selected_A2A0_count, selected_A2A1_count,improved_timePoints,new_k,I0_percentatediffI0_percentatediff,selected_io_t,i0,I0_asymptote,new_rmse,lowerci_old,upperci_old,sigma_old,lowerci_new,upperci_new,sigma_new,old_pearson,new_pearson
RS9_MOUSE,LFEGNALLR,2,0.642166832189647,0.820772634165421,5,0.03266,0.00676511386973317,11202380.8,516.79547,0.0136960440746913,1,0,0,3,NaN,,0.561229354139126| 0.555115221353206| 0.555179583563946| 0.549597252756579| NaN| 0.479613302014392| NaN| NaN| NaN| NaN| NaN| NaN,0.561229354139126,0.252003920102194,0.0083320250221478,0.00124517865932116,0.0640748213406788,0.0113147640782413,0.0135487094660771,0.0517712905339229,0.00688336697118362,0.877744438288666,0.940410442210229

