Protein,Peptide,charge,time,RSS,theta,min_rss_decoy,diff,abs_diff,perc_diff,abs_perc_diff,exp_RIA_decoy,theoRIA,min_kl,min_kl_decoy
SO1A1_MOUSE,NVLADcNTR,2,0,0.000830241494098232,0,0.0832386060533893,0,0,0,0,0.311498606131421,0.574303942754495,0.00126184178410623,0.141638784499519
SO1A1_MOUSE,NVLADcNTR,2,1,0.000425177485574864,0.1,0.00775249271029373,-0.029567042678924,0.029567042678924,-0.0592898904575823,0.0592898904575823,0.452737294057576,0.498686073641461,0.00467069557614089,0.0225619880901345
SO1A1_MOUSE,NVLADcNTR,2,2,0.000368969148030947,0.35,0.0325993531215209,0.0462173998381617,0.0462173998381617,0.0926284498444248,0.0926284498444248,0.311498606131421,0.498954693895738,0.00220593783892746,0.0328221857895322
SO1A1_MOUSE,LLAGIPAPVYFGALIDR,2,0,0.00158614254280906,0,0.076446597934594,-5.55111512312578E-17,5.55111512312578E-17,-1.62337682397598E-16,1.62337682397598E-16,0.574303942754495,0.341948649330226,0.00475956187129654,0.151946217655135
SO1A1_MOUSE,LLAGIPAPVYFGALIDR,2,1,0.0037825391777036,0.01,0.0530479870282464,-0.0284734840764637,0.0284734840764637,-0.100604087261677,0.100604087261677,0.528253116320385,0.283025122054957,-0.0262894448993154,0.091860683958044

