Protein,Peptide,charge,time,RSS,theta,min_rss_decoy,diff,abs_diff,perc_diff,abs_perc_diff,exp_RIA_decoy,theoRIA,min_kl,min_kl_decoy
DBLOH_MOUSE,AVYTLVSLYR,2,0,7.39622877837638E-05,0,0.0019443161981539,0,0,0,0,0.452849698084246,0.490863021473907,-0.00139215327296706,0.00626416593001749
DBLOH_MOUSE,AVYTLVSLYR,2,1,0.000147349562456092,0.08,0.000514905050629075,-0.020166692264792,0.020166692264792,-0.0445491323060135,0.0445491323060135,0.490863021473907,0.452684288579729,-0.001593332865696,-0.000572930987175403
DBLOH_MOUSE,AVYTLVSLYR,2,2,0.00018199282341122,0.17,0.0062050564355124,-0.0368283862237164,0.0368283862237164,-0.0885252393898105,0.0885252393898105,0.385542671034099,0.416021311860529,0.00215283802144808,0.014321535212303
DBLOH_MOUSE,AVYTLVSLYR,2,3,0.00144091204687514,0.36,0.0133755820846584,0.0189892959377404,0.0189892959377404,0.0442079913803844,0.0442079913803844,0.312127833036613,0.429544418210463,0.0073691256950391,0.0308851844258128
DBLOH_MOUSE,AVYTLVSLYR,2,6,0.000152259197975092,0.45,0.00203917266429373,-4.5063745764351E-05,4.5063745764351E-05,-0.000116340552341964,0.000116340552341964,0.410555122272723,0.387343405693084,0.00263035069292204,0.00804738066648687
DBLOH_MOUSE,AVYTLVSLYR,2,7,0.000493336613898851,0.46,0.000155592803136497,-0.00973106187196465,0.00973106187196465,-0.0258934573459822,0.0258934573459822,0.387388469438848,0.375811609162134,0.00536558587040035,0.00272505326060525
DBLOH_MOUSE,AVYTLVSLYR,2,9,0.000197616714082624,0.58,0.0116206461508568,-0.00454555494908032,0.00454555494908032,-0.0127730672632704,0.0127730672632704,0.452849698084246,0.355870274178488,0.00424927450446214,0.0361571823062225
DBLOH_MOUSE,AVYTLVSLYR,2,16,0.00101552051040146,0.79,0.0139673957028375,-0.0020189454068264,0.0020189454068264,-0.00651044032390537,0.00651044032390537,0.410555122272723,0.310108887629786,0.005607757225592,0.0335065025418852
DBLOH_MOUSE,AVYTLVSLYR,2,21,0.00344227572871818,0.8,0.0351207638469602,-0.0146371975788115,0.0146371975788115,-0.0501101658497785,0.0501101658497785,0.472850980844521,0.292100361884479,0.0201428025484108,0.0719135833737698

