Protein,Peptide,charge,time,RSS,theta,min_rss_decoy,diff,abs_diff,perc_diff,abs_perc_diff,exp_RIA_decoy,theoRIA,min_kl,min_kl_decoy
PSIP1_MOUSE,GFNEGLWEIDNNPK,2,0,0.0102959612768315,0,0.0242560378717223,-0.0553674015946274,0.0553674015946274,-0.144103382423162,0.144103382423162,0.345510239728464,0.38422,-0.0780338570274543,-0.0649477178415835
PSIP1_MOUSE,GFNEGLWEIDNNPK,2,2,0.0242560378717223,0,0.0102959612768315,-0.00430562744858659,0.00430562744858659,-0.0126189016608452,0.0126189016608452,0.439587401594627,0.341204612279878,-0.0649477178415835,-0.0780338570274543

