Protein,Peptide,charge,time,RSS,theta,min_rss_decoy,diff,abs_diff,perc_diff,abs_perc_diff,exp_RIA_decoy,theoRIA,min_kl,min_kl_decoy
S22A4_MOUSE,MNSIVAPAGIFDPLELQELNSLK,3,0,0.00382211165961289,0.65,0.00155047620364269,-0.0337060314124228,0.0337060314124228,-0.152178569743207,0.152178569743207,0.196147866479073,0.22149,0.0109026078105702,0.00174008968032727
S22A4_MOUSE,MNSIVAPAGIFDPLELQELNSLK,3,2,0.000756602581683228,0.07,0.101679313035189,-0.0190764136929923,0.0190764136929923,-0.107732858079831,0.107732858079831,0.465532731120907,0.177071452786081,-0.0043920639520956,0.131507897110237
S22A4_MOUSE,VIILDLFR,2,6,0.000835643637368191,0.33,0.0170833330911948,-0.00689433376456861,0.00689433376456861,-0.0145760603949939,0.0145760603949939,0.370434751864214,0.472990202958848,-0.00831516752212972,0.0270844190481479
S22A4_MOUSE,VIILDLFR,2,7,0.00144729091932008,0.41,0.103537079651371,-0.00119017088604456,0.00119017088604456,-0.00256313116213723,0.00256313116213723,0.196147866479073,0.464342560234863,-0.00695216155384013,0.284927734512439
S22A4_MOUSE,VIILDLFR,2,24,0.000589247853990836,0.930000000000001,0.0499901295986138,0.0142310242509529,0.0142310242509529,0.0369958159383855,0.0369958159383855,0.196147866479073,0.384665776115167,0.00319386499752315,0.156663189613812

