Protein,Peptide,charge,time,RSS,theta,min_rss_decoy,diff,abs_diff,perc_diff,abs_perc_diff,exp_RIA_decoy,theoRIA,min_kl,min_kl_decoy
CRYAB_MOUSE,FSVNLDVK,2,2,0.00176405536001376,0.900000000000001,0.0135006830490515,-0.00930614434913213,0.00930614434913213,-0.022428634012198,0.022428634012198,0.344447607477879,0.414922475620714,0.0215398619583447,0.032038499988707
CRYAB_MOUSE,FSVNLDVK,2,7,0.0270154487725932,0.990000000000001,0.0022899530984108,0.0522410222593289,0.0522410222593289,0.131474282832424,0.131474282832424,0.424228619969846,0.397347839698162,0.0600403255675397,0.0255495900252481
CRYAB_MOUSE,FSVNLDVK,2,13,0.0100057660628433,0.990000000000001,0.0022899760594723,0.0528486910275376,0.0528486910275376,0.133020849241104,0.133020849241104,0.424228619969846,0.397296298505416,0.0232907494700784,0.0255497652224251

