Protein,Peptide,charge,time,RSS,theta,min_rss_decoy,diff,abs_diff,perc_diff,abs_perc_diff,exp_RIA_decoy,theoRIA,min_kl,min_kl_decoy
SYPL1_MOUSE,SAFQINLNPLK,2,0,0.00183206473287976,0,0.109147918946662,-5.55111512312578E-17,5.55111512312578E-17,-1.22101105565634E-16,1.22101105565634E-16,0.186739823302015,0.454632666707662,-0.00839842431307527,0.26554318225749
SYPL1_MOUSE,SAFQINLNPLK,2,3,0.000393658535873703,0.39,0.0424018071764809,0.00874386126784199,0.00874386126784199,0.0233591935627364,0.0233591935627364,0.186739823302015,0.374322052015981,0.00983145813633101,0.0995301470158917
SYPL1_MOUSE,SAFQINLNPLK,2,6,0.00243238417191476,0.57,0.0076416061210023,-0.00485510111239257,0.00485510111239257,-0.0156897638320279,0.0156897638320279,0.249007694391261,0.309443861894321,0.00890239963748909,-0.00113950962697803
SYPL1_MOUSE,SAFQINLNPLK,2,13,0.00325188268342306,0.77,0.0160371603112717,-0.0140731671590715,0.0140731671590715,-0.0599025069872458,0.0599025069872458,0.365578190748139,0.234934527232189,-0.0143259680602882,0.0704161828711338
SYPL1_MOUSE,SAFQINLNPLK,2,24,0.00428521831682369,0.980000000000001,0.00805115771825037,0.0155522026282616,0.0155522026282616,0.0768799588453475,0.0768799588453475,0.249007694391261,0.202292025930276,0.0214739618806943,-0.00564416861359059
SYPL1_MOUSE,SAFQINLNPLK,2,31,0.0012431373406745,0.890000000000001,0.00481419304146958,-0.0211248687304373,0.0211248687304373,-0.107122058537857,0.107122058537857,0.249007694391261,0.197203722732528,0.00614418442553258,-0.0123043070081243

