Protein,Peptide,charge,time,RSS,theta,min_rss_decoy,diff,abs_diff,perc_diff,abs_perc_diff,exp_RIA_decoy,theoRIA,min_kl,min_kl_decoy
SPRR3_MOUSE,VPEPGNTV,2,0,0.00181603265434935,0,0.390294506085745,0,0,0,0,0.20110399262311,0.605339197934798,-0.000222631409296593,0.485012959055493
SPRR3_MOUSE,VPEPGNTV,2,6,0.180806745677642,0.990000000000001,0.101609990326875,0.124424413686734,0.124424413686734,0.382222906741676,0.382222906741676,0.605339197934798,0.325528406309844,0.373006461602513,0.203166800416332
SPRR3_MOUSE,VPEPGNTV,2,7,0.25566828110732,0.990000000000001,0.101612398613233,0.189160679675784,0.189160679675784,0.581091514353727,0.581091514353727,0.605339197934798,0.325526487658598,0.478432047314601,0.203171372622112

