Protein,Peptide,charge,time,RSS,theta,min_rss_decoy,diff,abs_diff,perc_diff,abs_perc_diff,exp_RIA_decoy,theoRIA,min_kl,min_kl_decoy
SYTM_MOUSE,AEASGSLGGLTR,2,0,0.180718377411823,0,0.0441753060595965,0.257825091186711,0.257825091186711,0.475306192734148,0.475306192734148,0.395604828373144,0.54244,0.352900037406847,0.0201759982485221
SYTM_MOUSE,AEASGSLGGLTR,2,3,0.00759564886586056,0.1,0.0352483915821563,-0.0169555562026051,0.0169555562026051,-0.036548077277899,0.036548077277899,0.395604828373144,0.463924711378956,0.0186909386301078,-0.020314774940353
SYTM_MOUSE,AEASGSLGGLTR,2,6,0.0299163564936183,0.26,0.0132346283283257,0.00531870874181145,0.00531870874181145,0.013266142417292,0.013266142417292,0.480880267581561,0.400923537114956,-0.0744955144704554,0.0441131935960923

