Protein,Peptide,charge,time,RSS,theta,min_rss_decoy,diff,abs_diff,perc_diff,abs_perc_diff,exp_RIA_decoy,theoRIA,min_kl,min_kl_decoy
DPY30_MOUSE,AYLDQTVVPILLQGLAVLAK,3,0,0.00131784921628896,0,0.0957474305261559,0,0,0,0,0.0955087341713576,0.274088542633234,-0.000911085461593898,0.327453965429723
DPY30_MOUSE,AYLDQTVVPILLQGLAVLAK,3,3,0.00278203240793637,0.62,0.0579799736455296,0.00790402666371059,0.00790402666371059,0.0678188281247312,0.0678188281247312,0.274088542633234,0.116546199370677,0.00784680368556439,0.298819895286909
DPY30_MOUSE,AYLDQTVVPILLQGLAVLAK,3,6,0.00507391460937032,0.840000000000001,0.102530042544005,-0.0216240934716314,0.0216240934716314,-0.292673731195549,0.292673731195549,0.274088542633234,0.0738846406997262,0.0209429797267113,0.4985468079636
DPY30_MOUSE,AYLDQTVVPILLQGLAVLAK,3,13,0.00322166466595939,0.950000000000001,0.129351934808048,-0.000219167875668086,0.000219167875668086,-0.00371624498345816,0.00371624498345816,0.274088542633234,0.058975626376531,0.0117743780407613,0.615259591416847

