Protein,Peptide,charge,time,RSS,theta,min_rss_decoy,diff,abs_diff,perc_diff,abs_perc_diff,exp_RIA_decoy,theoRIA,min_kl,min_kl_decoy
K1C19_MOUSE,FVTSSSGSYGGVR,2,0,0.0451732898219392,0,0.0427140115522754,0.140455615933672,0.140455615933672,0.295484528829199,0.295484528829199,0.332554765126298,0.47534,0.102705140892329,0.0666010377881887
K1C19_MOUSE,FVTSSSGSYGGVR,2,1,0.0211919476448036,0.990000000000001,0.0676807223458048,0.273606805472008,0.273606805472008,0.589453330979006,0.589453330979006,0.402176956016248,0.464170428925361,0.0425671200532363,-0.155635429577211
K1C19_MOUSE,FVTSSSGSYGGVR,2,2,0.0104801303020117,0.21,0.0194873117463432,0.0512307001534905,0.0512307001534905,0.112990372915784,0.112990372915784,0.368608604800258,0.453407656169738,-0.0843290250433376,-0.0665613966230495
K1C19_MOUSE,FVTSSSGSYGGVR,2,6,0.0174350932085349,0.34,0.0121371765022415,0.0455276064552315,0.0455276064552315,0.109933894254769,0.109933894254769,0.334884384066328,0.414136211255489,-0.105810371156575,0.0118524193380867
K1C19_MOUSE,FVTSSSGSYGGVR,2,9,0.0180977829707994,0.38,0.0919774493115514,0.0664294395691075,0.0664294395691075,0.171086584018958,0.171086584018958,0.163443475313605,0.388279653545169,-0.0182135783662663,0.105267126784358
K1C19_MOUSE,FVTSSSGSYGGVR,2,13,0.015821856218337,0.45,0.0627930886741677,0.0254354930852289,0.0254354930852289,0.0710507967795026,0.0710507967795026,0.190563623453353,0.357990258211527,0.0162627419008025,0.13824334622226
K1C19_MOUSE,FVTSSSGSYGGVR,2,24,0.10224354642825,0.67,0.0394487134344656,-0.0394500879097054,0.0394500879097054,-0.13393521350052,0.13393521350052,0.402176956016248,0.294546048635314,-0.0708383482622915,-0.165729766654907
K1C19_MOUSE,SQYEIMAEK,2,3,0.0201769485085748,0.14,0.140845304270236,-0.0842746512162179,0.0842746512162179,-0.235826286685195,0.235826286685195,0.190563623453353,0.35735902218872,-0.0581451897843794,0.319172116571683
K1C19_MOUSE,SQYEIMAEK,2,7,0.07146619269788,0.930000000000001,0.0656018605665002,0.096424983956902,0.096424983956902,0.371053048252114,0.371053048252114,0.402176956016248,0.259868459270507,-0.00254892211784393,-0.171317554368376

