Protein,Peptide,charge,time,RSS,theta,min_rss_decoy,diff,abs_diff,perc_diff,abs_perc_diff,exp_RIA_decoy,theoRIA,min_kl,min_kl_decoy
CSN8_MOUSE,KPASGTLDVSLNR,2,0,0.00944627787250834,0,0.033333109025448,-5.55111512312578E-17,5.55111512312578E-17,-1.29207701149566E-16,1.29207701149566E-16,0.317285338282858,0.429627264763424,-0.0452237371589821,0.109846451679657
CSN8_MOUSE,KPASGTLDVSLNR,2,1,0.00365657043890621,0.53,0.00938720828012729,0.14323351964139,0.14323351964139,0.311026393765944,0.311026393765944,0.369548731110276,0.460518857924248,0.00366097376981768,-0.0366906747073481
CSN8_MOUSE,KPASGTLDVSLNR,2,2,0.00978778988189927,0.11,0.0212042803805408,-0.00950699421790158,0.00950699421790158,-0.0222124119687721,0.0222124119687721,0.323328189663168,0.42800368691465,-0.0641515481507853,0.0292141885128931
CSN8_MOUSE,SANSELGGIWSVGQR,2,0,0.00829597243854043,0,0.0170303443180877,0,0,0,0,0.369548731110276,0.388434969961976,-0.00670819723294798,0.0344497152156669
CSN8_MOUSE,SANSELGGIWSVGQR,2,1,0.00418782304809109,0.29,0.00319214639997379,0.0392787178563602,0.0392787178563602,0.108323137374996,0.108323137374996,0.317285338282858,0.362606907519528,-0.0598200903015762,-0.00747882112844431
CSN8_MOUSE,SANSELGGIWSVGQR,2,2,0.00851504815658838,0.22,0.00389475653786829,-0.0497580393797045,0.0497580393797045,-0.155595646359921,0.155595646359921,0.317285338282858,0.319790691730572,-0.0443434298877151,-0.00505460659509556
CSN8_MOUSE,SANSELGGIWSVGQR,2,3,0.00595642662411357,0,0.154387560405914,-0.174594739174452,0.174594739174452,-0.615562317188289,0.615562317188289,0.108647700371999,0.283634547306194,-0.0711642691370194,0.327395200783649
CSN8_MOUSE,SANSELGGIWSVGQR,2,6,0.0138396296251104,0.53,0.0261744079185463,-0.0133123410982385,0.0133123410982385,-0.0647652937249719,0.0647652937249719,0.369548731110276,0.205547451923399,-0.0321853241518626,-0.10348859558846
CSN8_MOUSE,SANSELGGIWSVGQR,2,9,0.0826472126201735,0.63,0.0914354384690837,0.0498777875739955,0.0498777875739955,0.314635761228426,0.314635761228426,0.388434969961976,0.158525487945994,-0.00611933707422145,0.0397681320613229
CSN8_MOUSE,SANSELGGIWSVGQR,2,24,0.0162025998382718,0.45,0.0530833572353202,-0.122844389634524,0.122844389634524,-1.32110784157638,1.32110784157638,0.388434969961976,0.0929858909079996,0.0414278111616507,-0.00178098592797418

