Protein,Peptide,charge,time,RSS,theta,min_rss_decoy,diff,abs_diff,perc_diff,abs_perc_diff,exp_RIA_decoy,theoRIA,min_kl,min_kl_decoy
RRF2M_MOUSE,QTATGDTIVSSK,2,0,0.0277812977162976,0,0.0519395263706731,-5.55111512312578E-17,5.55111512312578E-17,-1.14961442775324E-16,1.14961442775324E-16,0.348907321156933,0.482867558819234,0.0167862428140606,0.147994408023511
RRF2M_MOUSE,QTATGDTIVSSK,2,1,0.0117176113231875,0.64,0.0320631153224553,0.124883347238362,0.124883347238362,0.263583383060994,0.263583383060994,0.495634999950811,0.473790668395295,0.0974685436202406,0.0411665439011503
RRF2M_MOUSE,QTATGDTIVSSK,2,2,0.0127022065882485,0.25,0.00855525304836273,-0.016264114862107,0.016264114862107,-0.0372093554491353,0.0372093554491353,0.392713289560894,0.437097462877039,-0.0376187775013776,-0.013174710308952
RRF2M_MOUSE,QTATGDTIVSSK,2,3,0.000838919925235443,0.06,0.0439091107096703,-0.106443297828204,0.106443297828204,-0.273498374317013,0.273498374317013,0.348907321156933,0.389191702122607,-0.00917945165435786,0.131172853030518
RRF2M_MOUSE,QTATGDTIVSSK,2,9,0.0100139775661315,0.900000000000001,0.0651062963763028,0.0476671470937276,0.0476671470937276,0.164416143403996,0.164416143403996,0.453361577739146,0.289917681480961,0.0174241587925506,-0.104168939730878
RRF2M_MOUSE,QTATGDTIVSSK,2,13,0.00344276975822324,0.78,0.0167559434431735,-0.0318448873725712,0.0318448873725712,-0.125245854289485,0.125245854289485,0.348907321156933,0.254259013627446,-0.0592801199747068,0.132120170296524
RRF2M_MOUSE,QTATGDTIVSSK,2,21,0.00713500067174876,0.36,0.0142079060031169,-0.168695475863211,0.168695475863211,-0.753044916735368,0.753044916735368,0.453361577739146,0.224017813697683,-0.023356963497269,-0.0622860095964969

