Protein,Peptide,charge,time,RSS,theta,min_rss_decoy,diff,abs_diff,perc_diff,abs_perc_diff,exp_RIA_decoy,theoRIA,min_kl,min_kl_decoy
RT30_MOUSE,SVDFYWLR,2,2,0.0274124995519194,0.920000000000001,0.0250146703226042,-0.0154419073987062,0.0154419073987062,-0.0423887392422473,0.0423887392422473,0.310453794883103,0.364292679488702,0.0661547359589815,0.0386189737328667
RT30_MOUSE,SVDFYWLR,2,3,0.0367221052793617,0.990000000000001,0.0276130667818777,0.00275586596116556,0.00275586596116556,0.00796306757849923,0.00796306757849923,0.379734586887408,0.346080946067388,0.0675164698440108,0.0695414421440436
RT30_MOUSE,SVDFYWLR,2,6,0.0225281011650956,0.990000000000001,0.0366487121552196,0.0232207900730831,0.0232207900730831,0.0695911259652338,0.0695911259652338,0.343325080106223,0.333674584956186,0.0344077653786458,0.0673842852223561
RT30_MOUSE,SVDFYWLR,2,24,0.0125451985139183,0.990000000000001,0.00387701047163038,0.0921573579818342,0.0921573579818342,0.277042637233174,0.277042637233174,0.343180177279201,0.332646840580966,0.033256476308924,0.00158748126973583
RT30_MOUSE,SVDFYWLR,2,31,0.00387701047163038,0.990000000000001,0.0125451985139183,-0.0105333369037587,0.0105333369037587,-0.0316652245723129,0.0316652245723129,0.240489482599132,0.332646840375442,0.00158748126973583,0.033256476308924

