Protein,Peptide,charge,time,RSS,theta,min_rss_decoy,diff,abs_diff,perc_diff,abs_perc_diff,exp_RIA_decoy,theoRIA,min_kl,min_kl_decoy
SATT_MOUSE,ETVDSFLDLLR,2,2,0.0291515664634732,0.18,0.050542322174195,-1.46443713086586E-05,1.46443713086586E-05,-3.1759512053416E-05,3.1759512053416E-05,0.5742111595406,0.461101898669865,0.0861216909449679,0.0809781002319893
SATT_MOUSE,ETVDSFLDLLR,2,6,0.0410014516043007,0,0.00876123013694661,-0.106545718175957,0.106545718175957,-0.227824655730512,0.227824655730512,0.523388883926749,0.467665441364643,0.0844447083277523,0.0140264369571756
SATT_MOUSE,ETVDSFLDLLR,2,9,0.0226161520475247,0,0.0410014516043007,-0.0931548694294558,0.0931548694294558,-0.199200750466653,0.199200750466653,0.5742111595406,0.467643165054492,0.0352126847860186,0.0844447083277523
SATT_MOUSE,ETVDSFLDLLR,2,13,0.0253706546097296,0,0.00876123013694661,-0.0625447059895002,0.0625447059895002,-0.133753004308271,0.133753004308271,0.523388883926749,0.467613466426135,0.0678775775488864,0.0140264369571756
SATT_MOUSE,ETVDSFLDLLR,2,21,0.00876123013694661,0,0.0226161520475247,-0.0558348040668892,0.0558348040668892,-0.119418921729064,0.119418921729064,0.560798034483947,0.46755407985986,0.0140264369571756,0.0352126847860186

