Protein,Peptide,charge,time,RSS,theta,min_rss_decoy,diff,abs_diff,perc_diff,abs_perc_diff,exp_RIA_decoy,theoRIA,min_kl,min_kl_decoy
SEPT6_MOUSE,VNMEDLR,2,13,0.000353714846458532,0.71,0.00120104014742698,-0.00395863102807198,0.00395863102807198,-0.0100667912366613,0.0100667912366613,0.371366159051546,0.393236626747103,0.00205824894271498,0.00180834706965905
SEPT6_MOUSE,VNMEDLR,2,16,0.00011589366437939,0.820000000000001,0.000950401786521695,0.00291009700272132,0.00291009700272132,0.0077752648094764,0.0077752648094764,0.343537341558336,0.374276256054267,0.00025016837350104,0.00171300307654961
SEPT6_MOUSE,VNMEDLR,2,24,3.89169255826281E-05,0.920000000000001,0.00379939000667713,0.00129910695715535,0.00129910695715535,0.00376731335317934,0.00376731335317934,0.291274423572762,0.344836448515491,7.16480035228664E-05,0.00913514821471031
SEPT6_MOUSE,STLMDTLFNTK,2,13,0.00045375512798418,0.980000000000001,0.0148310154406222,-0.001989714375004,0.001989714375004,-0.00687804889695645,0.00687804889695645,0.397195257775175,0.289284709197758,0.00307283752892664,0.0291151026905648

