Protein,Peptide,charge,time,RSS,theta,min_rss_decoy,diff,abs_diff,perc_diff,abs_perc_diff,exp_RIA_decoy,theoRIA,min_kl,min_kl_decoy
PSMD3_MOUSE,HDADGQATLLNLLLR,3,0,0.000359017165657724,0.43,0.107454198920065,0,0,0,0,0.125671475418118,0.37845826590852,0.000434070454061128,0.363930971473499
PSMD3_MOUSE,HDADGQATLLNLLLR,3,1,0.0274458611967141,0.61,0.0155093612722183,0.0405549984008601,0.0405549984008601,0.152890407178369,0.152890407178369,0.125671475418118,0.265255349562557,0.112559241274986,0.0576230537113976
PSMD3_MOUSE,HDADGQATLLNLLLR,3,2,0.000765346042557033,0.5,0.00993037860281861,-0.0369265521510835,0.0369265521510835,-0.189877452221573,0.189877452221573,0.247057220621276,0.194475709037811,0.00104811033779052,0.0333649416519966
PSMD3_MOUSE,HDADGQATLLNLLLR,3,3,0.00478465902181668,0.71,0.00732602773101561,-0.0170930602642166,0.0170930602642166,-0.111097429578974,0.111097429578974,0.231402261188895,0.153856487310229,0.0224122471281131,0.0206441864144861
PSMD3_MOUSE,HDADGQATLLNLLLR,3,6,0.000866541802701021,0.860000000000001,0.0199608316876553,-0.0161804322858896,0.0161804322858896,-0.147778592869456,0.147778592869456,0.231402261188895,0.109491043132228,0.00239405562966687,0.059592323513124
PSMD3_MOUSE,HDADGQATLLNLLLR,3,9,0.00222329192153118,0.850000000000001,0.0345040464931867,-0.0305028786563617,0.0305028786563617,-0.301692606256743,0.301692606256743,0.224700351161697,0.101105821036938,0.0144258164913078,0.119080291327788
PSMD3_MOUSE,SVFPEQANNNEWAR,2,0,0.00220767017198232,0,0.0342202878356075,0,0,0,0,0.231402261188895,0.419752822879573,-0.0177143000181195,0.122344397553673
PSMD3_MOUSE,SVFPEQANNNEWAR,2,1,0.00337438209470402,0.04,0.0289141926651485,-0.0456466865477602,0.0456466865477602,-0.149347869702085,0.149347869702085,0.231402261188895,0.305640024453078,0.00709904512597149,0.100074623789585
PSMD3_MOUSE,SVFPEQANNNEWAR,2,2,0.00459631804710734,0.17,0.0421584736711082,-0.016155246016894,0.016155246016894,-0.0552346304909964,0.0552346304909964,0.170949547574446,0.292484006379429,-0.00774224915814687,0.140944534963449
PSMD3_MOUSE,SVFPEQANNNEWAR,2,3,0.0119223483782142,0.33,0.0195847433434501,0.0102632423026263,0.0102632423026263,0.0398850607759922,0.0398850607759922,0.351286711000838,0.257320462923902,0.0260328799038361,0.0379840517410467

