Protein,Peptide,charge,time,RSS,theta,min_rss_decoy,diff,abs_diff,perc_diff,abs_perc_diff,exp_RIA_decoy,theoRIA,min_kl,min_kl_decoy
GHDC_MOUSE,TLLLEALISPGLR,2,1,0.00533087421109712,0.24,0.00849769834390187,0.0296609959534307,0.0296609959534307,0.0732674045026078,0.0732674045026078,0.354579566507948,0.404832082626524,-0.0130634108552132,0.00376486023293768
GHDC_MOUSE,TLLLEALISPGLR,2,2,0.00913584325589747,0.22,0.0591987421125874,0.0233352622660317,0.0233352622660317,0.0617474110283929,0.0617474110283929,0.185788910521634,0.37791482877398,0.00279670346493505,0.105834844971122
GHDC_MOUSE,TLLLEALISPGLR,2,16,0.0137110875663345,0.830000000000001,0.0516882504414068,-0.0288750371850454,0.0288750371850454,-0.144475251080141,0.144475251080141,0.375171086673094,0.199861477790603,-0.00265572070952486,0.0456685183428393
GHDC_MOUSE,TLLLEALISPGLR,2,21,0.0232882262894365,0.77,0.0433458454206316,-0.00566517280274353,0.00566517280274353,-0.0314515614348669,0.0314515614348669,0.375171086673094,0.18012373771889,0.045705266848594,0.0314950965925828

