Protein,Peptide,charge,time,RSS,theta,min_rss_decoy,diff,abs_diff,perc_diff,abs_perc_diff,exp_RIA_decoy,theoRIA,min_kl,min_kl_decoy
ITM2B_MOUSE,IENVDNLGFFIYR,2,0,0.000271429630046477,0.990000000000001,0.0246702439482959,-5.55111512312578E-17,5.55111512312578E-17,-1.48777915246519E-16,1.48777915246519E-16,0.283762914727471,0.373114189288633,0.00135803620278637,0.0645169471813865
ITM2B_MOUSE,IENVDNLGFFIYR,2,1,0.00383564991963918,0.59,0.00673845665449254,0.0673183527833913,0.0673183527833913,0.191745783706072,0.191745783706072,0.252001761420405,0.351081267510862,-0.01324306312718,0.0182694277882556
ITM2B_MOUSE,IENVDNLGFFIYR,2,2,0.00793410300062246,0.55,0.00355256400688258,0.0462473715686693,0.0462473715686693,0.141762614132838,0.141762614132838,0.283762914727471,0.326231086041721,0.0360508222129313,-0.017287414264525
ITM2B_MOUSE,IENVDNLGFFIYR,2,7,0.00311960911771147,0.78,0.0456242204045367,0.0327609785812446,0.0327609785812446,0.135389181990117,0.135389181990117,0.373114189288633,0.241976338874962,0.0169865150819889,0.154505693894622
ITM2B_MOUSE,IENVDNLGFFIYR,2,13,0.00420734516848385,0.67,0.00407953590515678,-0.0583901156986361,0.0583901156986361,-0.301583695964995,0.301583695964995,0.209215360293718,0.193611645721769,0.00941877368949495,0.0145829060693889
ITM2B_MOUSE,IENVDNLGFFIYR,2,24,0.00525230861960055,0.8,0.00550327481407588,-0.0565235320994631,0.0565235320994631,-0.345145302820512,0.345145302820512,0.252001761420405,0.163767351424329,0.0201288391588552,0.0128641907914883

