Protein,Peptide,charge,time,RSS,theta,min_rss_decoy,diff,abs_diff,perc_diff,abs_perc_diff,exp_RIA_decoy,theoRIA,min_kl,min_kl_decoy
MPRD_MOUSE,SFESTVGQGSDTYSYIFR,2,0,0.00113357096791982,0.990000000000001,0.123791185484832,0,0,0,0,0.0961631247619991,0.294436770832204,0.00468683067456981,0.431443014963185
MPRD_MOUSE,SFESTVGQGSDTYSYIFR,2,1,0.00101150430932251,0.46,0.0461111862582032,0.0127290774689499,0.0127290774689499,0.0568673828450819,0.0568673828450819,0.0961631247619991,0.223837933664477,0.00138791429750633,0.154745392364399
MPRD_MOUSE,SFESTVGQGSDTYSYIFR,2,2,0.00229124636421073,0.5,0.0751207358685342,-0.00159676342444443,0.00159676342444443,-0.00932649742830685,0.00932649742830685,0.222139092981262,0.171207190772185,0.00638293471946869,0.236531827567908
MPRD_MOUSE,SFESTVGQGSDTYSYIFR,2,3,0.00143947466338454,0.62,0.0957320447192894,-0.0234678795371077,0.0234678795371077,-0.171734302013184,0.171734302013184,0.222139092981262,0.136652254453546,0.00553743757120351,0.326226651734763
MPRD_MOUSE,SFESTVGQGSDTYSYIFR,2,16,0.0027158683607054,0.990000000000001,0.0340704976643524,-0.0252901740964838,0.0252901740964838,-0.356838171107631,0.356838171107631,0.17280395419663,0.0708729506655152,0.0097007233241751,0.119022640102524
MPRD_MOUSE,SFESTVGQGSDTYSYIFR,2,21,0.00111700821341173,0.950000000000001,0.0149639136868076,-0.00881091940312292,0.00881091940312292,-0.124749944688237,0.124749944688237,0.160120133990654,0.0706286437652721,0.00307270435847405,0.05707996395442
MPRD_MOUSE,SFESTVGQGSDTYSYIFR,3,0,0.0345932671043693,0.08,0.12437355647079,0.0818609070187379,0.0818609070187379,0.269279299403743,0.269279299403743,0.0961631247619991,0.304,0.0485703379116441,0.435145477677833
MPRD_MOUSE,SFESTVGQGSDTYSYIFR,3,24,0.00900684990002362,0.990000000000001,0.0027158683607054,-0.00924463413339653,0.00924463413339653,-0.130953199514806,0.130953199514806,0.0961631247619991,0.0705949466500154,0.0233742116692122,0.0097007233241751

