Protein,Peptide,charge,time,RSS,theta,min_rss_decoy,diff,abs_diff,perc_diff,abs_perc_diff,exp_RIA_decoy,theoRIA,min_kl,min_kl_decoy
S620B_MOUSE,STEcAHPGVVEK,3,0,0.000374191275193299,0,0.0521569654235165,0,0,0,0,0.287945947884914,0.4731273097967,-0.00240352177375114,0.127046484248473
S620B_MOUSE,STEcAHPGVVEK,3,3,0.000618471763689213,0.33,0.0174188120784908,0.00873967626737182,0.00873967626737182,0.02307445642493,0.02307445642493,0.4731273097967,0.378759789891706,0.00286353171693707,0.0403002871330737
S620B_MOUSE,STEcAHPGVVEK,3,7,0.00130613509497363,0.59,0.0538004082643796,0.00465962101163825,0.00465962101163825,0.0159245807563069,0.0159245807563069,0.4731273097967,0.292605568896552,0.0142915644997334,0.130679885925778

