Protein,Peptide,charge,time,RSS,theta,min_rss_decoy,diff,abs_diff,perc_diff,abs_perc_diff,exp_RIA_decoy,theoRIA,min_kl,min_kl_decoy
CNIH4_MOUSE,FIMVPSGNMGVFDPTEIHNR,3,0,0.000743283960788149,0.990000000000001,0.0345456159147773,0,0,0,0,0.144021323207905,0.232291693532816,0.00381273600689873,0.123512251204194
CNIH4_MOUSE,FIMVPSGNMGVFDPTEIHNR,3,2,0.00203644604082785,0.36,0.00969253899405971,-0.00256737558260475,0.00256737558260475,-0.0169688402156026,0.0169688402156026,0.232291693532816,0.151299414101624,0.00383375509745179,0.0337227562243493
CNIH4_MOUSE,FIMVPSGNMGVFDPTEIHNR,3,6,0.0120196170522908,0.56,0.00767999433072717,-0.00225226801235506,0.00225226801235506,-0.0292405061516364,0.0292405061516364,0.153866789684229,0.0770256164744611,0.0416920117561518,0.0328498710846125
CNIH4_MOUSE,FIMVPSGNMGVFDPTEIHNR,3,7,0.00139327020203546,0.53,0.012139395273812,-0.0746832105041766,0.0746832105041766,-1.07708744285105,1.07708744285105,0.0792778844868162,0.0693381127037283,0.000881960837957867,0.0417383877875107

