Protein,Peptide,charge,time,RSS,theta,min_rss_decoy,diff,abs_diff,perc_diff,abs_perc_diff,exp_RIA_decoy,theoRIA,min_kl,min_kl_decoy
ORN_MOUSE,ESTVTLQQAEYEFLSFVR,2,0,0.00579748136585007,0,0.00122849203417204,-0.0470203483574382,0.0470203483574382,-0.166390701572732,0.166390701572732,0.28374530508896,0.28259,-0.0396783937459802,0.00449219024195965
ORN_MOUSE,ESTVTLQQAEYEFLSFVR,2,1,0.0065088463236394,0,0.126718293616962,-0.0661943552867644,0.0661943552867644,-0.251969684890204,0.251969684890204,0.164532008379623,0.262707616257918,-0.0380254200165377,0.314259191784072
ORN_MOUSE,ESTVTLQQAEYEFLSFVR,2,2,0.00174341664217914,0.02,0.00114113958947188,-0.0347932263353209,0.0347932263353209,-0.155605428140736,0.155605428140736,0.28374530508896,0.223599052751891,-0.0141692195225789,0.00599627190652883
ORN_MOUSE,ESTVTLQQAEYEFLSFVR,3,1,0.00112041187286985,0.03,0.120988307603921,-0.00913324794844211,0.00913324794844211,-0.0332587288538779,0.0332587288538779,0.164532008379623,0.274612057140518,0.00651024019970108,0.296850244057189
ORN_MOUSE,ESTVTLQQAEYEFLSFVR,3,6,0.00552256644585608,0.31,0.0340766553947415,0.0211584880336423,0.0211584880336423,0.0907630332393776,0.0907630332393776,0.328901971544682,0.233117903605525,0.0956345482651172,-0.0822422594734548
ORN_MOUSE,ESTVTLQQAEYEFLSFVR,3,21,0.0486613008484258,0.72,0.114441403824956,-0.0135260873396013,0.0135260873396013,-0.0895732249864324,0.0895732249864324,0.328901971544682,0.151005921040022,0.21396205722157,-0.0666737092798053

