Protein,Peptide,charge,time,RSS,theta,min_rss_decoy,diff,abs_diff,perc_diff,abs_perc_diff,exp_RIA_decoy,theoRIA,min_kl,min_kl_decoy
MIA40_MOUSE,GSDcIDQFR,2,1,0.00342501620396221,0,0.0379798903518496,-0.00406848884465327,0.00406848884465327,-0.00723194286148954,0.00723194286148954,0.382035384450889,0.562572039433301,-0.0432014267081632,0.0505408362996704
MIA40_MOUSE,GSDcIDQFR,2,9,0.00766056046056745,0.04,0.0254050541889384,-0.031802328924624,0.031802328924624,-0.0654925272399994,0.0654925272399994,0.424714508915449,0.485587138943094,-0.0436197013806703,-0.0170353918717413
MIA40_MOUSE,GSDcIDQFR,2,16,0.00910712484371944,0.49,0.0154860179942926,0.102106777293683,0.102106777293683,0.210902469071788,0.210902469071788,0.424714508915449,0.484142161744572,0.0209379773087364,-0.110285805766307
MIA40_MOUSE,GSDcIDQFR,2,21,0.0132707659287743,0.36,0.0110514009680922,0.0439629100451987,0.0439629100451987,0.0938020656994573,0.0938020656994573,0.382035384450889,0.468677418960647,-0.0899085498526772,0.0161563088327893
MIA40_MOUSE,GSDcIDQFR,2,24,0.0143730389702176,0.14,0.00879856141163659,-0.0238612272831303,0.0238612272831303,-0.0518883650029911,0.0518883650029911,0.517389467867718,0.459856988782646,-0.0503467873829758,-0.0574804730606954
MIA40_MOUSE,GSDcIDQFR,2,31,0.0493821583935269,0.31,0.0128984005038063,0.0254786022978725,0.0254786022978725,0.0578360760536423,0.0578360760536423,0.382035384450889,0.440531309113042,-0.0229369681264716,0.0165993784648449

