Protein,Peptide,charge,time,RSS,theta,min_rss_decoy,diff,abs_diff,perc_diff,abs_perc_diff,exp_RIA_decoy,theoRIA,min_kl,min_kl_decoy
RN181_MOUSE,AVVESLPR,2,7,0.00366250614118116,0.27,0.00227653844748196,0.0723773782694812,0.0723773782694812,0.124960813082957,0.124960813082957,0.553342729335134,0.579200602843648,0.0335889443449933,0.00558302213698628
RN181_MOUSE,AVVESLPR,2,9,0.0285940599916596,0.58,0.0288127110989682,0.177550495155364,0.177550495155364,0.310272244416058,0.310272244416058,0.553342729335134,0.572240986265205,0.1024875425823,0.0671973301656042
RN181_MOUSE,AVVESLPR,2,13,0.00135471217848653,0.27,0.00366250050685643,0.0481490807617408,0.0481490807617408,0.0861694009810861,0.0861694009810861,0.506823224574167,0.558772374108872,0.0091941672776194,0.0335889285757526
RN181_MOUSE,AVVESLPR,2,16,2.82839862071184E-05,0.15,4.58662946919784E-05,-0.0510044831082012,0.0510044831082012,-0.101534142564888,0.101534142564888,0.547209895539946,0.502338246226933,0.000366733881758413,0.000912586552799041
RN181_MOUSE,AVVESLPR,2,21,1.76847164423165E-05,0.16,4.45902136318657E-05,-0.0644672592286918,0.0644672592286918,-0.133543744387901,0.133543744387901,0.553342729335134,0.482742636311255,0.000732525309587211,0.000338032922668629
RN181_MOUSE,AVVESLPR,2,24,8.01017202895731E-05,0.14,0.00612777042488844,-0.0734363167665434,0.0734363167665434,-0.15277697771548,0.15277697771548,0.506823224574167,0.480676590574435,0.000159344199749319,0.048432073713388
RN181_MOUSE,AVVESLPR,2,31,0.00029965496631158,0.24,0.00149513719826866,-0.0186208115312932,0.0186208115312932,-0.0368742253377984,0.0368742253377984,0.510623293347131,0.504981768720867,0.00354481028206108,0.0111056678193395

