Protein,Peptide,charge,time,RSS,theta,min_rss_decoy,diff,abs_diff,perc_diff,abs_perc_diff,exp_RIA_decoy,theoRIA,min_kl,min_kl_decoy
OCAD2_MOUSE,VALAGLLGFGLGK,2,0,0.00980874178524687,0,0.00931344564461789,0,0,0,0,0.396974925995366,0.487936040076712,-0.0312515797179328,0.00733975142168731
OCAD2_MOUSE,VALAGLLGFGLGK,2,2,0.00190403277459812,0.26,0.0200240355440878,-0.00523571612548218,0.00523571612548218,-0.0133653103737592,0.0133653103737592,0.305809393935718,0.391739209869884,-0.0271558776384357,0.00564202506562948
OCAD2_MOUSE,VALAGLLGFGLGK,2,24,0.00665497213238479,0.59,0.0701977624763816,-0.115785149005132,0.115785149005132,-0.609317769147965,0.609317769147965,0.487936040076712,0.190024244930587,-0.0468534033141907,-0.052429987613451

