Protein,Peptide,charge,time,RSS,theta,min_rss_decoy,diff,abs_diff,perc_diff,abs_perc_diff,exp_RIA_decoy,theoRIA,min_kl,min_kl_decoy
ADRO_MOUSE,TDITEAALGALR,2,1,0.0022457895917482,0.29,0.0470953727604964,0.0346428153225312,0.0346428153225312,0.0759365942314538,0.0759365942314538,0.237417365486239,0.456207124814425,0.00433447633474197,0.114844084013959
ADRO_MOUSE,TDITEAALGALR,2,7,0.00177453200499946,0.64,0.0168920771818617,0.00821696720592929,0.00821696720592929,0.0284280222815142,0.0284280222815142,0.383408057361394,0.289044630842031,0.0223770457863037,0.0851220126685206
ADRO_MOUSE,TDITEAALGALR,2,9,0.000739109359283709,0.68,0.0801418498726222,-0.0119667700678653,0.0119667700678653,-0.0465205294597668,0.0465205294597668,0.51031060808997,0.25723632570035,0.00323076813807196,0.0852202432342037
ADRO_MOUSE,TDITEAALGALR,2,13,0.00155040056470618,0.75,0.0301714550312128,-0.0300111938621423,0.0300111938621423,-0.140030643190834,0.140030643190834,0.383408057361394,0.214318760367636,0.00636211231284311,0.129711922701704
ADRO_MOUSE,TDITEAALGALR,2,21,0.00320738203739214,0.65,0.0733946716354435,-0.0930695884526216,0.0930695884526216,-0.533172566966688,0.533172566966688,0.51031060808997,0.174558096606715,0.0292600019354777,0.0745863069116972
ADRO_MOUSE,TDITEAALGALR,2,31,0.00104178977042604,0.78,0.00513834079807653,-0.0781108049188298,0.0781108049188298,-0.490317565332019,0.490317565332019,0.280827663636102,0.159306560567409,0.00430846455509305,0.0409656137740495
ADRO_MOUSE,LAVTSLEGVGESTR,2,1,0.0088977514986189,0,0.0456047427048851,-0.0850546024328165,0.0850546024328165,-0.189409477403023,0.189409477403023,0.280827663636102,0.449051460354534,0.0116982812445559,0.111321865629062
ADRO_MOUSE,LAVTSLEGVGESTR,2,2,0.00412823192505485,0,0.00781971651708866,-0.065715135934756,0.065715135934756,-0.147808828587921,0.147808828587921,0.383408057361394,0.444595472155214,-0.00767684385229777,0.0182983292739042
ADRO_MOUSE,LAVTSLEGVGESTR,2,3,0.00444760501511007,0,0.0695298573844998,-0.0144531552764195,0.0144531552764195,-0.0303698205329858,0.0303698205329858,0.244329954229779,0.475905192153552,-0.00763549900553768,0.218033716763482
ADRO_MOUSE,LAVTSLEGVGESTR,2,13,0.000831433111566593,0.21,0.0326821006951279,0.016060648719475,0.016060648719475,0.040205023509961,0.040205023509961,0.244329954229779,0.399468706080869,0.0116233491286955,0.0981272069587639

