Protein,Peptide,charge,time,RSS,theta,min_rss_decoy,diff,abs_diff,perc_diff,abs_perc_diff,exp_RIA_decoy,theoRIA,min_kl,min_kl_decoy
MAP4_MOUSE,LATTVSAPDLK,2,0,0.00760173252662666,0,0.153292925082934,-0.0733181740625063,0.0733181740625063,-0.139595167858243,0.139595167858243,0.184242876960536,0.52522,-0.0261131204693885,0.364022826018495
MAP4_MOUSE,LATTVSAPDLK,2,3,0.00245716053672817,0.23,0.000517624846617926,0.000763676564821958,0.000763676564821958,0.00166275072920571,0.00166275072920571,0.438719742574312,0.459285057831106,-0.00264670475521894,0.00157994201868049
MAP4_MOUSE,DMSPSAETEAPLAK,2,0,0.0002809875967825,0.990000000000001,0.00219037028074563,0,0,0,0,0.388750494049114,0.438719742574312,0.000734062555573922,0.00968098280908189
MAP4_MOUSE,DMSPSAETEAPLAK,2,1,1.6470320720858E-05,0.03,0.00502433531993493,-0.0160121445226168,0.0160121445226168,-0.0398984617549703,0.0398984617549703,0.458521381266284,0.401322352248885,-0.000916318836096069,0.00276079806269271
MAP4_MOUSE,DMSPSAETEAPLAK,2,2,3.16127057992322E-05,0.08,0.0754726500242929,-0.030280722721142,0.030280722721142,-0.0809542566479088,0.0809542566479088,0.174647603516689,0.37404731974553,-0.000650407290152857,0.20601837271532
MAP4_MOUSE,DMSPSAETEAPLAK,2,3,9.56197939414032E-05,0.11,0.0685125379808486,-0.0426304077970407,0.0426304077970407,-0.123166523672925,0.123166523672925,0.174647603516689,0.346120086252074,-0.000390294908683365,0.184222138782362
MAP4_MOUSE,DMSPSAETEAPLAK,2,31,0.00345620879221717,0.7,0.0983060122318701,-0.0138553759745176,0.0138553759745176,-0.0861694385749066,0.0861694385749066,0.438719742574312,0.160792227542172,0.0185501681304432,0.392071377924475
MAP4_MOUSE,ATSPSTLVSTGPSSR,2,16,0.0221389760174171,0.8,0.122373653113681,-0.0234024520241939,0.0234024520241939,-0.195369638044744,0.195369638044744,0.458521381266284,0.119785511497105,0.0128835585310026,0.188168530003395
MAP4_MOUSE,ATSPSTLVSTGPSSR,2,21,0.0111599778748101,0.7,0.202814736988245,-0.0679406362968634,0.0679406362968634,-0.584173064157354,0.584173064157354,0.598538174062506,0.116302240663672,-0.0339694020194373,-0.0156679532903349

