Protein,Peptide,charge,time,RSS,theta,min_rss_decoy,diff,abs_diff,perc_diff,abs_perc_diff,exp_RIA_decoy,theoRIA,min_kl,min_kl_decoy
PLAK_MOUSE,HVAAGTQQPYTDGVR,3,0,0.00418740369935869,0,0.023453216994608,0,0,0,0,0.290646958030995,0.388994105499898,0.00351013112151333,0.0649014468151594
PLAK_MOUSE,HVAAGTQQPYTDGVR,3,1,0.00181269490830219,0.4,0.00830102463554389,0.0160471513249283,0.0160471513249283,0.0523229851353464,0.0523229851353464,0.263338677097761,0.306694109355924,-0.0295226327967975,0.0162082811727278
PLAK_MOUSE,HVAAGTQQPYTDGVR,3,2,0.000896583970124761,0.22,0.0132488605676615,-0.0964627272463761,0.0964627272463761,-0.40175404405916,0.40175404405916,0.263338677097761,0.24010393591003,-0.0229729703951121,0.0195247789998925
PLAK_MOUSE,HVAAGTQQPYTDGVR,3,13,0.00633507047512871,0.820000000000001,0.0131709629894211,-0.0317035151336495,0.0317035151336495,-0.344932304165804,0.344932304165804,0.19015320702297,0.0919122817746004,0.0494594971635268,-0.066540825838258
PLAK_MOUSE,TLVTQNSGVEALIHAILR,3,0,0.00984290659818389,0,0.055168583715051,-0.0410584995355354,0.0410584995355354,-0.12626779695401,0.12626779695401,0.154710715767263,0.32517,0.00278583062409223,0.199069313090126
PLAK_MOUSE,TLVTQNSGVEALIHAILR,3,2,0.00594610844338339,0.13,0.0467963681773062,0.0233005317304135,0.0233005317304135,0.0812887107303626,0.0812887107303626,0.12361579690825,0.286639208828174,0.00698667578012015,0.146317189854963
PLAK_MOUSE,LNTIPLFVQLLYSSVENIQR,3,1,0.00661868811015372,0.28,0.00408631001616177,0.008207155732222,0.008207155732222,0.0413749784393717,0.0413749784393717,0.154710715767263,0.198360362755192,-0.0468215188446055,0.0118636779868862
PLAK_MOUSE,LNTIPLFVQLLYSSVENIQR,3,3,0.000341121921853149,0.42,0.00826268105773088,-0.0193748546070268,0.0193748546070268,-0.143161276256906,0.143161276256906,0.12361579690825,0.135335861160236,-0.00206904662875372,0.0563967809589766

