Protein,Peptide,charge,time,RSS,theta,min_rss_decoy,diff,abs_diff,perc_diff,abs_perc_diff,exp_RIA_decoy,theoRIA,min_kl,min_kl_decoy
FNTA_MOUSE,DAIELNAANYTVWHFR,3,2,0.0203534181802877,0.970000000000001,0.0147465443553394,0.0897353710624086,0.0897353710624086,0.961482699286342,0.961482699286342,0.00146315463038137,0.0933301983790394,0.216263235606393,0.27753281546988
FNTA_MOUSE,DAIELNAANYTVWHFR,3,6,0.0150254710093667,0.990000000000001,0.0216674550813588,0.0723773400475568,0.0723773400475568,0.980184929194163,0.980184929194163,0.00359482731663079,0.0738404946779382,0.251862997520219,0.199846644888454
FNTA_MOUSE,DAIELNAANYTVWHFR,3,9,0.0126722337313719,0.990000000000001,0.0150260860528666,0.0712281287919102,0.0712281287919102,0.966246581244847,0.966246581244847,0.00146315463038137,0.0737163061422113,0.20686820890975,0.251858197271025

