Protein,Peptide,charge,time,RSS,theta,min_rss_decoy,diff,abs_diff,perc_diff,abs_perc_diff,exp_RIA_decoy,theoRIA,min_kl,min_kl_decoy
LSM3_MOUSE,GDGVVLVAPPLR,2,0,0.00115109181232126,0,0.000778866667251236,0,0,0,0,0.496200837605608,0.522995683867397,-0.00790952012878062,-0.00685540064060125
LSM3_MOUSE,GDGVVLVAPPLR,2,2,0.000741305096270295,0.02,0.00743717110846114,-0.0322403435209906,0.0322403435209906,-0.0694894154395623,0.0694894154395623,0.422605237875554,0.463960494084618,-0.00911541852006609,0.0142471360412243
LSM3_MOUSE,GDGVVLVAPPLR,2,3,0.000652241583714707,0.02,0.00742176812967353,-0.0466172207176319,0.0466172207176319,-0.104845122742284,0.104845122742284,0.422605237875554,0.444629368523132,0.00105115487128132,0.0141740442217443
LSM3_MOUSE,GDGVVLVAPPLR,2,6,0.000949623266421944,0.24,0.0137027675627841,-0.0159885730475969,0.0159885730475969,-0.0393209979585116,0.0393209979585116,0.323316578078177,0.406616664827957,-0.00258583832369163,0.0203758403246329
LSM3_MOUSE,GDGVVLVAPPLR,2,7,0.00209004895015549,0.32,0.0121757495596995,0.00982248568460237,0.00982248568460237,0.0248824105846016,0.0248824105846016,0.491246589240764,0.394756193384293,-0.000893626397145398,0.0301444832939855
LSM3_MOUSE,GDGVVLVAPPLR,2,13,0.00548857423520945,0.57,0.0558794981248407,0.0315088545565105,0.0315088545565105,0.0938556121482859,0.0938556121482859,0.522995683867397,0.335716254311234,0.0288183407981699,0.059111176324877
LSM3_MOUSE,GDGVVLVAPPLR,2,16,0.00112603562890197,0.55,0.00554141931519673,-0.0106123487675042,0.0106123487675042,-0.0339373368594923,0.0339373368594923,0.304207399754723,0.312704229310672,-0.0146114837125698,0.0276215948401516

