Protein,Peptide,charge,time,RSS,theta,min_rss_decoy,diff,abs_diff,perc_diff,abs_perc_diff,exp_RIA_decoy,theoRIA,min_kl,min_kl_decoy
FRIH_MOUSE,QNYHQDAEAAINR,3,0,0.00151649888304449,0,0.0786935013604701,-5.55111512312578E-17,5.55111512312578E-17,-1.26003969113863E-16,1.26003969113863E-16,0.213914112233857,0.440550814562796,0.00285511680084006,0.25562170072107
FRIH_MOUSE,QNYHQDAEAAINR,3,1,0.0207506160666807,0.59,0.0173899512733803,0.123475495157326,0.123475495157326,0.341326686346351,0.341326686346351,0.134898191467955,0.361751659323914,0.0845531286540386,0.0726418503713544
FRIH_MOUSE,QNYHQDAEAAINR,3,6,0.00222563144392878,0.69,0.122759800678248,-0.00193099222146342,0.00193099222146342,-0.0108079262014115,0.0108079262014115,0.440550814562796,0.178664452872674,0.0107342683404401,0.333721978159664
FRIH_MOUSE,QNYHQDAEAAINR,3,9,0.00365574173880806,0.79,0.0102856638429771,-0.00939685842008198,0.00939685842008198,-0.0716168298794162,0.0716168298794162,0.134898191467955,0.131210197880914,0.0203691304766694,0.0918747058438275
FRIH_MOUSE,QNYHQDAEAAINR,3,24,0.0100129657460661,0.75,0.0248372684484291,-0.0575669318166949,0.0575669318166949,-0.744419941900653,0.744419941900653,0.238276164166588,0.0773312596512596,0.0861687263540344,0.103042514186618
FRIH_MOUSE,QNYHQDAEAAINR,2,0,0.020462894945649,0,0.0786935013604701,0.0824313232545747,0.0824313232545747,0.193323772261485,0.193323772261485,0.213914112233857,0.42639,0.0688932166452501,0.25562170072107
FRIH_MOUSE,QNYHQDAEAAINR,2,1,0.0195258408661852,0.59,0.053540313967551,0.14413776397908,0.14413776397908,0.402561119085882,0.402561119085882,0.343958676745425,0.358051876212937,0.0957506538196674,0.184695594823354

