Protein,Peptide,charge,time,RSS,theta,min_rss_decoy,diff,abs_diff,perc_diff,abs_perc_diff,exp_RIA_decoy,theoRIA,min_kl,min_kl_decoy
KLD7A_MOUSE,LDLGNcYEMLTLAK,2,0,0.0052330523953399,0.11,0.0633465358755445,-0.0555736322523772,0.0555736322523772,-0.150929176970688,0.150929176970688,0.1994160800665,0.36821,0.00972215794551387,0.170971045112476
KLD7A_MOUSE,LDLGNcYEMLTLAK,2,2,0.00710262964626335,0.68,0.00985853655270852,0.00686196196979524,0.00686196196979524,0.029115859940053,0.029115859940053,0.1994160800665,0.235677805289743,0.0217518124360061,0.0228769698760633
KLD7A_MOUSE,LDLGNcYEMLTLAK,2,6,0.00307394546857472,0.870000000000001,0.0934186947695076,0.00311127337852291,0.00311127337852291,0.0195626698681743,0.0195626698681743,0.423783632252377,0.159041347601767,0.00606711114577093,0.292938855708269
KLD7A_MOUSE,LDLGNcYEMLTLAK,2,9,0.00665971176200863,0.870000000000001,0.0124199152250844,-0.0517992640776488,0.0517992640776488,-0.350903545308557,0.350903545308557,0.156879324215607,0.147616815988851,0.0191428175332293,0.045810843710255
KLD7A_MOUSE,LDLGNcYEMLTLAK,2,16,0.0124199152250844,0.870000000000001,0.00665971176200863,-0.0131514210343572,0.0131514210343572,-0.0915022117714497,0.0915022117714497,0.1994160800665,0.14372790318125,0.045810843710255,0.0191428175332293

