Protein,Peptide,charge,time,RSS,theta,min_rss_decoy,diff,abs_diff,perc_diff,abs_perc_diff,exp_RIA_decoy,theoRIA,min_kl,min_kl_decoy
PEPL1_MOUSE,ELGITPTIIR,2,2,0.00122432673596238,0,0.0412757131120781,-0.0219204789109475,0.0219204789109475,-0.0416582604782443,0.0416582604782443,0.349797871552724,0.526197653461678,-0.00501029525906373,0.0905391506271523
PEPL1_MOUSE,ELGITPTIIR,2,3,0.00249451696653242,0.33,0.0184984180323852,0.0592176542962406,0.0592176542962406,0.121062666233209,0.121062666233209,0.340788289524118,0.489148770126758,-0.0100501401799658,0.0128948598565732
PEPL1_MOUSE,ELGITPTIIR,2,24,0.00924659564752989,0.63,0.000568545810184854,0.0110080481537876,0.0110080481537876,0.0312909685940683,0.0312909685940683,0.349797871552724,0.351796337677905,-0.00173509251677088,-0.0038254345762697
PEPL1_MOUSE,ELGITPTIIR,2,31,0.000563563582136819,0.64,0.0553423828057411,-0.0237654237325142,0.0237654237325142,-0.0728928175444046,0.0728928175444046,0.548118132372626,0.32603244782021,-0.00385038661253974,0.0714967958604104

