Protein,Peptide,charge,time,RSS,theta,min_rss_decoy,diff,abs_diff,perc_diff,abs_perc_diff,exp_RIA_decoy,theoRIA,min_kl,min_kl_decoy
NOP56_MOUSE,LLLETYLPSK,2,9,0.0017489028407651,0.5,0.00471353217361732,0.017412875768793,0.017412875768793,0.0433289746229568,0.0433289746229568,0.350037933686233,0.401876017614485,-0.0227958969461633,-0.0213833397230505
NOP56_MOUSE,LLLETYLPSK,2,24,0.00366830413705894,0.63,0.00271221349696809,-0.0209070009861801,0.0209070009861801,-0.0635218355645513,0.0635218355645513,0.384463141845692,0.329130932700053,-0.0268119909154972,-0.0241937537205702

