Protein,Peptide,charge,time,RSS,theta,min_rss_decoy,diff,abs_diff,perc_diff,abs_perc_diff,exp_RIA_decoy,theoRIA,min_kl,min_kl_decoy
RAB4B_MOUSE,MGSGIQYGDISLR,2,0,0.00461413261162846,0.26,0.0443259969987586,-0.0454347916664246,0.0454347916664246,-0.104546334859119,0.104546334859119,0.357619136269985,0.43459,0.00681672756307746,0.101515687729285
RAB4B_MOUSE,MGSGIQYGDISLR,2,1,0.00673497312394084,0.06,0.0419763255579295,-0.024557699354926,0.024557699354926,-0.0597274775109355,0.0597274775109355,0.357619136269985,0.411162506409713,-0.0119550594499969,0.0806614723235334
RAB4B_MOUSE,MGSGIQYGDISLR,2,2,0.0382883014950089,0.23,0.0272429645359727,0.0300217547728046,0.0300217547728046,0.0774473371270076,0.0774473371270076,0.278889677121709,0.38764089104279,0.0144536507187836,0.125160443637007
RAB4B_MOUSE,MGSGIQYGDISLR,2,6,0.00127855319515447,0.53,0.0497640593886935,0.0422665267154938,0.0422665267154938,0.134170952777708,0.134170952777708,0.357619136269985,0.315019949105678,0.00439271878851458,-0.066318694848555
RAB4B_MOUSE,MGSGIQYGDISLR,2,9,0.0212251950000769,0.45,0.027046741427043,-0.00396212292342857,0.00396212292342857,-0.0144115162810165,0.0144115162810165,0.217606830360822,0.274927554198281,0.122250415601603,0.0652550119106474
RAB4B_MOUSE,MGSGIQYGDISLR,2,13,0.0179381743147459,0.64,0.0028990991632873,0.0217888201666932,0.0217888201666932,0.0925590512635267,0.0925590512635267,0.272753422390184,0.235404532233783,-0.085226460062461,0.0102267533865309
RAB4B_MOUSE,MGSGIQYGDISLR,2,24,0.0103553905342567,0.820000000000001,0.0795320183383757,-0.0407255594854564,0.0407255594854564,-0.230242350045939,0.230242350045939,0.435720205764638,0.176881270875366,0.0433808868898061,0.0383306621560286

