Protein,Peptide,charge,time,RSS,theta,min_rss_decoy,diff,abs_diff,perc_diff,abs_perc_diff,exp_RIA_decoy,theoRIA,min_kl,min_kl_decoy
RT07_MOUSE,AASAEEQATIER,2,0,0.0103200371214622,0,0.113185061601471,0,0,0,0,0.23416650529661,0.52037067760055,0.0413549237646687,0.26766256901344
RT07_MOUSE,AASAEEQATIER,2,1,0.0020808171096281,0.29,0.0185293109200479,0.0813846684927789,0.0813846684927789,0.177747770187986,0.177747770187986,0.295023107853869,0.45786604471441,-0.0195457948399104,0.0523554307452199
RT07_MOUSE,AASAEEQATIER,2,3,0.00797399072903154,0.35,0.0179290655373403,0.0312911986843802,0.0312911986843802,0.0811527993578782,0.0811527993578782,0.267156252689554,0.38558372516995,-0.0227535935513556,-0.00608039939060078
RT07_MOUSE,AASAEEQATIER,2,6,0.00653334199390057,0.49,0.0276331614091483,0.0071950553595676,0.0071950553595676,0.0238074882166702,0.0238074882166702,0.370378362004498,0.302218163213436,0.0775130840135932,0.0730417199193838
RT07_MOUSE,AASAEEQATIER,2,9,0.0129970554589827,0.61,0.0106005032533026,0.00740555985969343,0.00740555985969343,0.0306556962821916,0.0306556962821916,0.295023107853869,0.241572065156303,0.102982094286335,0.115825675458575
RT07_MOUSE,AASAEEQATIER,2,24,0.0202553802129795,0.64,0.0436597662493285,-0.114934876479818,0.114934876479818,-1.02010587332695,1.02010587332695,0.376481376221631,0.112669556646088,-0.043082391742216,0.0291497479474712
RT07_MOUSE,NcEPVIGLVPILK,2,1,0.0117925552529995,0.29,0.0428335655771304,-0.0188151167307814,0.0188151167307814,-0.0535184408032544,0.0535184408032544,0.227604433125906,0.351563245273716,0.0280408048592071,0.0822582141096644
RT07_MOUSE,NcEPVIGLVPILK,2,6,0.0033851434172092,0.62,0.0124037292555357,-0.0574763924071955,0.0574763924071955,-0.274114988105184,0.274114988105184,0.35429252648557,0.209679860282359,-0.018585796757423,-0.000789568676611802

