Protein,Peptide,charge,time,RSS,theta,min_rss_decoy,diff,abs_diff,perc_diff,abs_perc_diff,exp_RIA_decoy,theoRIA,min_kl,min_kl_decoy
DNJC5_MOUSE,EINNAHAILTDATK,2,2,0.0188313145526638,0.04,0.0133302311792731,0.0669326932648919,0.0669326932648919,0.157331188981484,0.157331188981484,0.390202114243202,0.425425458856535,-0.0618816168614072,-0.0700089088047192
DNJC5_MOUSE,EINNAHAILTDATK,2,3,0.0127034900659955,0,0.0190868669619048,-0.000240002784646365,0.000240002784646365,-0.000615451546686663,0.000615451546686663,0.358492765591643,0.389962111458556,-0.0579652313372743,-0.0483870458780905

