Protein,Peptide,charge,time,RSS,theta,min_rss_decoy,diff,abs_diff,perc_diff,abs_perc_diff,exp_RIA_decoy,theoRIA,min_kl,min_kl_decoy
CUTA_MOUSE,TQSSLVPALTEFVR,2,2,0.00275937317072667,0.17,0.0564214928002801,-0.0121244281159766,0.0121244281159766,-0.0365279473710898,0.0365279473710898,0.171249315988506,0.331921966290734,0.0695863616457668,0.154897105027137
CUTA_MOUSE,TQSSLVPALTEFVR,2,7,0.00272803198648262,0.61,0.01442022049687,0.0103661801579223,0.0103661801579223,0.0468626333998892,0.0468626333998892,0.149216065304381,0.221203534796379,0.00893437862805286,-0.0101721389495337
CUTA_MOUSE,TQSSLVPALTEFVR,2,13,0.00951092936108042,0.8,0.00745159603133562,0.0121084155064174,0.0121084155064174,0.0750562806435938,0.0750562806435938,0.210837354638457,0.161324480810799,-0.0385685363553741,0.0293754079682244
CUTA_MOUSE,TQSSLVPALTEFVR,2,21,0.00680739683679084,0.860000000000001,0.00623417517155269,-0.016454340449175,0.016454340449175,-0.12463993392976,0.12463993392976,0.171249315988506,0.132014996561597,0.110158872358637,0.119628470830518
CUTA_MOUSE,TQSSLVPALTEFVR,2,31,0.00560873078462424,0.79,0.0532426737354262,-0.049331912097086,0.049331912097086,-0.404633879351806,0.404633879351806,0.34404639440671,0.121917403891419,0.105929024812794,0.438726523865344

