Protein,Peptide,charge,time,RSS,theta,min_rss_decoy,diff,abs_diff,perc_diff,abs_perc_diff,exp_RIA_decoy,theoRIA,min_kl,min_kl_decoy
AFAD_MOUSE,ISETTMLQSGMR,2,7,0.00193790384864475,0.45,0.0155754443570511,0.00339772257059506,0.00339772257059506,0.0111754062933893,0.0111754062933893,0.209111516408236,0.304035708536607,0.00812725183740839,0.0395448049214021
AFAD_MOUSE,ISETTMLQSGMR,2,9,0.00184106983880601,0.55,0.00299180940122927,0.00448377515029974,0.00448377515029974,0.0160671162272492,0.0160671162272492,0.300637985966012,0.279065333621937,0.0153691182194402,0.0160453594096862
AFAD_MOUSE,ISETTMLQSGMR,2,21,0.00440337546207425,0.77,0.00703223523376527,-0.0126421111256305,0.0126421111256305,-0.0643464620226536,0.0643464620226536,0.274581558471637,0.196469405282606,0.0336729230223159,0.042609337262863

