Protein,Peptide,charge,time,RSS,theta,min_rss_decoy,diff,abs_diff,perc_diff,abs_perc_diff,exp_RIA_decoy,theoRIA,min_kl,min_kl_decoy
MEP50_MOUSE,IWDLAQQVSLNSYR,2,0,0.0109451083730636,0,0.0438391228334489,0,0,0,0,0.320438565133309,0.358663558266752,-0.0831217314014673,0.0515798485312919
MEP50_MOUSE,IWDLAQQVSLNSYR,2,2,0.0354914839258266,0.26,0.0231316487313056,-0.0150155833670751,0.0150155833670751,-0.0491632400425184,0.0491632400425184,0.358663558266752,0.305422981766234,0.00930751517367859,-0.155588108592877
MEP50_MOUSE,IWDLAQQVSLNSYR,2,3,0.0199396527820334,0.32,0.0361045012815589,0.00459943653415684,0.00459943653415684,0.0164517722393461,0.0164517722393461,0.320438565133309,0.27957088557042,0.0790814253611534,0.0030272573966056

