Protein,Peptide,charge,time,RSS,theta,min_rss_decoy,diff,abs_diff,perc_diff,abs_perc_diff,exp_RIA_decoy,theoRIA,min_kl,min_kl_decoy
EMC8_MOUSE,SDWTNPEINK,2,0,0.0386493995150204,0,NaN,0,0,0,0,NaN,0.455320393294408,0.0952844682285811,0
EMC8_MOUSE,SDWTNPEINK,2,1,0.0097043094177654,0.45,0.0520969610888516,0.0377917927833401,0.0377917927833401,0.0834493140813749,0.0834493140813749,0.215061837524307,0.452871221283949,0.0330935149201232,0.091639712918771
EMC8_MOUSE,SDWTNPEINK,2,2,0.00942545906219099,0.37,0.0565136345507106,-0.00798185206173535,0.00798185206173535,-0.0193492260989599,0.0193492260989599,0.215061837524307,0.412515313062799,0.0563199331505216,0.0990757332891105
EMC8_MOUSE,SDWTNPEINK,2,3,0.0109075130782465,0.51,0.0152324410900918,0.00520441709994907,0.00520441709994907,0.0137071443259346,0.0137071443259346,0.445120357943824,0.379686459571454,0.075316145977656,-0.103850090781625
EMC8_MOUSE,SDWTNPEINK,2,7,0.00093191003462915,0.68,0.0117124199909214,-0.0251747132825295,0.0251747132825295,-0.0841381038212291,0.0841381038212291,0.292197797845253,0.299207043410664,0.00384604518510242,0.038639828676633
EMC8_MOUSE,SDWTNPEINK,2,9,0.0094052233537627,0.840000000000001,NaN,-0.0141993643214517,0.0141993643214517,-0.0510771378869515,0.0510771378869515,NaN,0.277998433523802,0.0353827423316671,0
EMC8_MOUSE,IAEGFGDAALIMVDNAK,2,0,0.018420764475965,0,0.00496489428063485,-0.0937203579438244,0.0937203579438244,-0.266705628753058,0.266705628753058,0.358150421810574,0.3514,-0.105439192196665,-0.0226206401798504
EMC8_MOUSE,IAEGFGDAALIMVDNAK,2,1,0.00496489428063485,0,0.0166012664726227,-0.0187254282934811,0.0187254282934811,-0.0551680891246394,0.0551680891246394,0.292197797845253,0.339424993517093,-0.0226206401798504,0.0489129376759541
EMC8_MOUSE,IAEGFGDAALIMVDNAK,2,2,0.0054234950118024,0.1,0.0295841876860869,-0.0339413482252731,0.0339413482252731,-0.112524610390577,0.112524610390577,0.445120357943824,0.301634887758876,-0.0511874582320724,-0.132370827792339
EMC8_MOUSE,IAEGFGDAALIMVDNAK,2,3,100,NaN,100,NaN,NaN,NaN,NaN,NaN,0.299813225626619,0,0
EMC8_MOUSE,IAEGFGDAALIMVDNAK,2,7,100,NaN,100,NaN,NaN,NaN,NaN,0.358150421810574,0.245474937390684,0,0
EMC8_MOUSE,IAEGFGDAALIMVDNAK,2,9,0.0234504568975324,0.26,0.0543599435626457,0.00829049352666927,0.00829049352666927,0.0371184553465758,0.0371184553465758,0.445120357943824,0.223352331050976,-0.0662106094864508,-0.170740978243609

