Protein,Peptide,charge,time,RSS,theta,min_rss_decoy,diff,abs_diff,perc_diff,abs_perc_diff,exp_RIA_decoy,theoRIA,min_kl,min_kl_decoy
NPT1_MOUSE,DYIISSLMQQASSGR,3,0,0.0115382830312112,0.990000000000001,0.0111828202039969,-0.0928261074440601,0.0928261074440601,-0.244923766343166,0.244923766343166,0.465099096982856,0.379,0.00583697064011137,0.0230318855097368
NPT1_MOUSE,DYIISSLMQQASSGR,3,1,0.000768480011226516,0,0.0115650066011395,-0.0299317450514743,0.0299317450514743,-0.0804564019716936,0.0804564019716936,0.47182610744406,0.37202440474538,0.00272439248040721,0.00520430561806728
NPT1_MOUSE,DYIISSLMQQASSGR,2,2,0.0199624250058361,0,0.0115650066011395,-0.121921836735734,0.121921836735734,-0.321779769024884,0.321779769024884,0.47182610744406,0.378898390987114,0.0354652020477838,0.00520430561806728
NPT1_MOUSE,DYIISSLMQQASSGR,2,3,0.0112277809811625,0,0.000768480011226516,-0.0862514975485042,0.0862514975485042,-0.227668058811206,0.227668058811206,0.401956149796855,0.378847599434352,0.0229394728984582,0.00272439248040721

