Protein,Peptide,charge,time,RSS,theta,min_rss_decoy,diff,abs_diff,perc_diff,abs_perc_diff,exp_RIA_decoy,theoRIA,min_kl,min_kl_decoy
TPR_MOUSE,ASTALSNEQQAR,2,0,0.00277315434809969,0,0.108787734162047,0,0,0,0,0.282052542077768,0.521760647056099,-0.0435339935730217,0.237988844047293
TPR_MOUSE,ASTALSNEQQAR,2,1,0.00215143597913579,0.19,0.0656129349696648,0.00822527434722997,0.00822527434722997,0.0188537708400187,0.0188537708400187,0.282052542077768,0.436266803973832,5.16529729189946E-05,0.112209401304662
TPR_MOUSE,NIEELQQQNQR,2,0,0.0244590266894389,0,0.00605538716249252,-0.0637794534163995,0.0637794534163995,-0.136980420129292,0.136980420129292,0.521760647056099,0.46561,-0.0126948898251147,-0.0508038218852998
TPR_MOUSE,NIEELQQQNQR,2,1,0.0287718370545018,0.36,0.0108772979872204,0.144721739133486,0.144721739133486,0.311446516597398,0.311446516597398,0.428041529626602,0.464676056469001,-0.124453406816027,0.0283753830864668
TPR_MOUSE,NIEELQQQNQR,2,9,0.013752529325067,0,0.0895146367616119,-0.108753332926452,0.108753332926452,-0.23782104341713,0.23782104341713,0.282052542077768,0.457290622241962,-0.0441807639307117,0.195612396807498
TPR_MOUSE,SNASLTNNQNLIQSLR,2,16,0.00203812131333244,0.57,0.153455416633484,-0.0564450087091284,0.0564450087091284,-0.445237677861174,0.445237677861174,0.521760647056099,0.126775004712715,0.00401554640842184,-0.13440408504804
TPR_MOUSE,SNASLTNNQNLIQSLR,2,24,0.0185632973327949,0.830000000000001,0.122907671523595,-0.064127595214499,0.064127595214499,-0.651879887125793,0.651879887125793,0.319954317335514,0.0983733299354337,0.0549037234970137,-0.286905883251554
TPR_MOUSE,SNASLTNNQNLIQSLR,2,31,0.0240872165767617,0.42,0.0264355842854434,-0.194099766692341,0.194099766692341,-2.20686346555587,2.20686346555587,0.285796485173801,0.087952775385427,-0.0820162590752367,0.0822701555094302
TPR_MOUSE,TSTSNVEQYR,2,2,0.0428242818818623,0.77,0.0234703094968274,0.122836589119619,0.122836589119619,0.300603638929668,0.300603638929668,0.319954317335514,0.40863307429342,0.149026355346124,-0.147830631871404
TPR_MOUSE,TSTSNVEQYR,2,3,0.0308846620399017,0.78,0.102853929950082,0.0849379889295553,0.0849379889295553,0.230423138586618,0.230423138586618,0.566043955168414,0.368617446366509,0.0972112340324027,-0.0592331123917785

