Protein,Peptide,charge,time,RSS,theta,min_rss_decoy,diff,abs_diff,perc_diff,abs_perc_diff,exp_RIA_decoy,theoRIA,min_kl,min_kl_decoy
P33MX_MOUSE,DLNVLTPTGF,2,0,0.00122633006272702,0,0.0446776935224722,0,0,0,0,0.352757767950444,0.558535115297252,-0.00459745007885868,0.0657366297991678
P33MX_MOUSE,DLNVLTPTGF,2,1,0.00322413364721665,0.59,0.0225384943273255,-0.0195703014875488,0.0195703014875488,-0.0472135819673039,0.0472135819673039,0.558535115297252,0.414505756015324,0.0214968560052374,0.0286917489773922
P33MX_MOUSE,DLNVLTPTGF,2,9,0.00283597887343477,0.900000000000001,0.011649264037708,-0.0222789231770899,0.0222789231770899,-0.067414067585382,0.067414067585382,0.434076057502873,0.330478844773355,-0.02130504831908,0.0515895119124033

