Protein,Peptide,charge,time,RSS,theta,min_rss_decoy,diff,abs_diff,perc_diff,abs_perc_diff,exp_RIA_decoy,theoRIA,min_kl,min_kl_decoy
TOP2B_MOUSE,DLIQMLVQR,2,0,0.00331905437473202,0,0.0493948299563444,5.55111512312578E-17,5.55111512312578E-17,1.15201902939299E-16,1.15201902939299E-16,0.4453348468673,0.481859672582901,0.00880066286592874,0.0376264659660675
TOP2B_MOUSE,DLIQMLVQR,2,1,0.012161009200022,0.28,0.00510650108448154,-0.0133113464103047,0.0133113464103047,-0.0324123516001229,0.0324123516001229,0.481859672582901,0.410687461821014,0.0794659184035501,0.0175128604213125
TOP2B_MOUSE,LLFPAVDDNLLK,2,0,0.00389457738226056,0,0.0407938675453976,0,0,0,0,0.28076640589514,0.447679572627622,-0.0590588613538702,0.0883212371359428
TOP2B_MOUSE,LLFPAVDDNLLK,2,2,0.00217695087380314,0.73,0.0474413414058343,-0.00705946490973991,0.00705946490973991,-0.0257920565855013,0.0257920565855013,0.423998808231319,0.2737069409854,-0.0127894210974818,0.263673010854655
TOP2B_MOUSE,LLFPAVDDNLLK,2,31,0.00839477702838442,0.980000000000001,0.0985414997948085,0.00371516389451165,0.00371516389451165,0.0179849974222605,0.0179849974222605,0.481859672582901,0.206570165526591,0.00207000120552633,0.215310878146054
TOP2B_MOUSE,VSIDPESNIISIWNNGK,2,1,0.0213125080931458,0,0.0493129588061978,-0.0451389783103057,0.0451389783103057,-0.13464470184427,0.13464470184427,0.4453348468673,0.335245113190665,0.0120689740538482,-0.0466082239693544
TOP2B_MOUSE,VSIDPESNIISIWNNGK,2,2,0.0493129588061978,0,0.0277770787752897,-0.110194576442761,0.110194576442761,-0.328801359213476,0.328801359213476,0.481859672582901,0.335140270424539,-0.0466082239693544,0.0650018472156306

