Protein,Peptide,charge,time,RSS,theta,min_rss_decoy,diff,abs_diff,perc_diff,abs_perc_diff,exp_RIA_decoy,theoRIA,min_kl,min_kl_decoy
EMB_MOUSE,MGNTLTSQYR,2,0,0.0133649435235732,0,0.08436208547963,0.0949621906098702,0.0949621906098702,0.190000381372289,0.190000381372289,0.254262988555685,0.4998,0.0159285580885691,0.195516477926718
EMB_MOUSE,MGNTLTSQYR,2,6,0.00141960176471161,0.960000000000001,0.0392258847659932,-0.0064816354895938,0.0064816354895938,-0.0261586895437807,0.0261586895437807,0.40483780939013,0.247781353066091,0.00673261328974989,0.0927611807422134
EMB_MOUSE,MGNTLTSQYR,2,7,0.000295221874950514,0.960000000000001,0.00141954690425889,0.000985235580332394,0.000985235580332394,0.00405804232041263,0.00405804232041263,0.254262988555685,0.242785930392223,0.00165371073675331,0.00673300759325464

