Protein,Peptide,charge,time,RSS,theta,min_rss_decoy,diff,abs_diff,perc_diff,abs_perc_diff,exp_RIA_decoy,theoRIA,min_kl,min_kl_decoy
ATP8_MOUSE,VSSQTFPLAPSPK,2,0,0.0061230406043877,0,0.000516503964264089,-0.0664419382593617,0.0664419382593617,-0.148839467426886,0.148839467426886,0.451297231081669,0.4464,0.0253560964207763,-0.0113975929002828
ATP8_MOUSE,VSSQTFPLAPSPK,2,3,0.000516503964264089,0,0.0420125693731499,-0.0255295813862736,0.0255295813862736,-0.0599612990900977,0.0599612990900977,0.27672939132967,0.425767649695396,-0.0113975929002828,0.113767372313706
ATP8_MOUSE,VSSQTFPLAPSPK,2,9,0.000969401541100689,0.2,0.0127110406834623,0.00277640764992293,0.00277640764992293,0.00737098590801651,0.00737098590801651,0.29535568308459,0.376667067956727,0.00544447039285081,0.0579646120756943
ATP8_MOUSE,VSSQTFPLAPSPK,2,21,0.00398913999046026,0.45,0.00951118974776607,0.0121834961786561,0.0121834961786561,0.0396160782110538,0.0396160782110538,0.373890660306804,0.307539179263246,0.0444467786531376,0.0502216032569292
ATP8_MOUSE,VSSQTFPLAPSPK,2,31,0.000779728469062713,0.54,0.0745664684705535,-0.0112640997062936,0.0112640997062936,-0.0424315345987841,0.0424315345987841,0.512841938259362,0.265465291623377,0.00799855928519124,0.178048417621904

