Protein,Peptide,charge,time,RSS,theta,min_rss_decoy,diff,abs_diff,perc_diff,abs_perc_diff,exp_RIA_decoy,theoRIA,min_kl,min_kl_decoy
RT29_MOUSE,NATDAVGVVLK,2,3,0.00400326690277277,0.24,0.113386959133273,0.0051861303402308,0.0051861303402308,0.0108785280196591,0.0108785280196591,0.176115595051234,0.476730889588986,-0.0510230787163551,0.297419022023946
RT29_MOUSE,NATDAVGVVLK,2,16,0.017588631398263,0.75,0.0318865025134514,0.00652958157195527,0.00652958157195527,0.0196134720674289,0.0196134720674289,0.471544759248756,0.332913088998587,-0.11844480008315,-0.0914820056927101
RT29_MOUSE,FDQPLEASTWLK,2,3,0.00652612780810283,0.27,0.0201785889033289,-0.0216058435084515,0.0216058435084515,-0.0648857487467205,0.0648857487467205,0.326383507426632,0.332982880305339,0.046623347132038,-0.107483496384634
RT29_MOUSE,FDQPLEASTWLK,2,31,0.00314465110424043,0.880000000000001,0.0453812017099711,-0.0154601268687782,0.0154601268687782,-0.0962315633802159,0.0962315633802159,0.35458872381379,0.160655468182455,0.02607907465263,0.133617063773069

