Protein,Peptide,charge,time,RSS,theta,min_rss_decoy,diff,abs_diff,perc_diff,abs_perc_diff,exp_RIA_decoy,theoRIA,min_kl,min_kl_decoy
PRDX4_MOUSE,ENEcHFYAGGQVYPGEASR,3,0,0.0156615495013801,0,NaN,-0.0616782361030221,0.0616782361030221,-0.215967772341546,0.215967772341546,NaN,0.28559,0.00156932358769629,0
PRDX4_MOUSE,ENEcHFYAGGQVYPGEASR,3,2,0.0505870330428328,0,0.0156615495013801,0.0237837708104176,0.0237837708104176,0.0939762058597856,0.0939762058597856,0.347268236103022,0.253082901068633,-0.119470769760205,0.00156932358769629
PRDX4_MOUSE,ENEcHFYAGGQVYPGEASR,3,6,100,NaN,100,NaN,NaN,NaN,NaN,0.229299130258215,0.200068132343125,0,0

