proteinName,peptideSeq,charge,old_Rsquared,new_Rsquared,NDP,rateconstant,sigma,Abundance,MassToCharge,RMSE,selected_A1A0_count, selected_A2A0_count, selected_A2A1_count,improved_timePoints,new_k,I0_percentatediffI0_percentatediff,selected_io_t,i0,I0_asymptote,new_rmse,lowerci_old,upperci_old,sigma_old,lowerci_new,upperci_new,sigma_new,old_pearson,new_pearson
BGAL_MOUSE,SSDPDYLVAVDK,2,-2.3130286796134,0.66531391438637,6,1.05918,0.92650130791393,8486038.5,654.81952,0.112818502594088,2,1,3,0| 1| 2| 6| 7| 31,NaN,,0.414978928582084| 0.292495281508629| 0.233767353903712| NaN| 0.24163298218828| 0.250232063449522| NaN| NaN| NaN| NaN| NaN| 0.169821538615695,0.4728,0.18432308267295,0.0308033204374601,0,3.94207585768729,1.12149546017148,0.051783832370857,2.06657616762914,0.391894221769275,-0.349010064547768,0.939517024130665
BGAL_MOUSE,TLATSLYNLLAR,2,0.817434380347551,0.953973711451161,6,0.26117,0.0482799358221015,5010052.8,668.38513,0.0286005645503894,1,1,4,0| 1| 2| 6| 7| 31,NaN,,0.46704925287684| 0.413610858065565| 0.328740564221661| NaN| 0.228359777192762| 0.270846016860061| NaN| NaN| NaN| NaN| NaN| 0.185098277390586,0.46704925287684,0.190862156294799,0.0150889791255308,0.0689034474529995,0.453436552547,0.0747949549579847,0.159734729629438,0.362605270370562,0.0394600432473171,0.913997362643256,0.979060085692437
BGAL_MOUSE,GQVWINGFNLGR,2,0.837678910011971,0.974950182955845,6,0.87798,0.147489084945073,30051150,680.85968,0.0209462739458357,1,1,0,0| 2,NaN,,0.437607953155385| 0.273719196003526| 0.212578040013463| NaN| 0.162745539078511| 0.195554297366923| NaN| NaN| NaN| NaN| NaN| 0.194854832912002,0.437607953155385,0.178830812888625,0.0102866939201914,0.29063004980144,1.46532995019856,0.228489107895856,0.589533034331751,1.16642696566825,0.112210769471461,0.971118107148626,0.989502569368993
BGAL_MOUSE,AGATLDILVENMGR,2,-0.216489736373644,0.798438068148961,6,0.02689,0.0144765462709814,19660212.5,730.38232,0.0635211772267794,2,1,1,1| 2| 6| 7,NaN,,0.389023496313785| 0.410111923151335| 0.334207225638658| NaN| 0.35859122952848| 0.363494429237691| NaN| NaN| NaN| NaN| NaN| 0.246324688799469,0.389023496313785,0.109067128669911,0.0165919924196774,0,0.0758880549745468,0.0190610757113056,0.0107683371901081,0.0430116628098919,0.00627160069049928,0.220899378532893,0.909053165006598

