proteinName,peptideSeq,charge,old_Rsquared,new_Rsquared,NDP,rateconstant,sigma,Abundance,MassToCharge,RMSE,selected_A1A0_count, selected_A2A0_count, selected_A2A1_count,improved_timePoints,new_k,I0_percentatediffI0_percentatediff,selected_io_t,i0,I0_asymptote,new_rmse,lowerci_old,upperci_old,sigma_old,lowerci_new,upperci_new,sigma_new,old_pearson,new_pearson
CCHL_MOUSE,SWMGYELPFDR,2,0.5372432728729,0.688268323513225,9,0.0826,0.0226120296263942,4844710,700.81879,0.0508678842257165,4,2,0,0| 1| 3| 6| 13| 24,NaN,,0.391628189468532| 0.4522315988764| 0.387681573231848| 0.331729897600203| 0.292379691230616| NaN| 0.278954614257441| 0.262849676221376| NaN| 0.23643179965561| 0.283318856151183| NaN,0.391628189468532,0.160040938396497,0.0327243587705589,0.0187375968500037,0.146462403149996,0.027693967316681,0.0415159992706359,0.123684000729364,0.0178161001985027,0.79230374169112,0.87735523977985
CCHL_MOUSE,AYDYVEcPVTGAR,2,0.307296137851155,0.790481690809842,8,0.09407,0.0335164475663398,1576690,750.84302,0.0750895952937195,0,1,4,2| 3| 9| 21| 24,NaN,,0.405253187819842| NaN| 0.398957361746087| 0.324499372479616| 0.306618855769645| NaN| 0.232715103696633| 0.138567284418248| NaN| 0.238744633055416| 0.183689557103208| NaN,0.405253187819842,0.124840144102304,0.0338767210677662,0,0.221624445056353,0.0539427966207848,0.0450603855740893,0.143079614425911,0.0207261743193034,0.665742103672624,0.896959652994723
CCHL_MOUSE,YVIDYYDGGEVNK,2,0.0403340635801304,0.567671499368125,9,0.0197,0.00992001384977773,26129647.5,767.85663,0.0513787645860152,0,5,1,1| 2| 3| 6| 9| 21,NaN,0.0263311111085839|0.030677749670136|,0.378837352069238| 0.428932167895924| 0.411714333192636| 0.36111956021872| 0.361169528719977| NaN| 0.356256650223212| 0.327089843739914| NaN| 0.313157374216247| 0.322859329069246| NaN,0.378837352069238,0.170106030802724,0.0211401300023359,0,0.0542104187725455,0.0149654626576937,0.00720927205441831,0.0321907279455817,0.00541661125206988,0.794545973908185,0.855288799629688

