proteinName,peptideSeq,charge,old_Rsquared,new_Rsquared,NDP,rateconstant,sigma,Abundance,MassToCharge,RMSE,selected_A1A0_count, selected_A2A0_count, selected_A2A1_count,improved_timePoints,new_k,I0_percentatediffI0_percentatediff,selected_io_t,i0,I0_asymptote,new_rmse,lowerci_old,upperci_old,sigma_old,lowerci_new,upperci_new,sigma_new,old_pearson,new_pearson
DJC12_MOUSE,DLMLEGSGQTFTSSVPNK,2,0.795543665098282,0.941222510318467,9,0.34875,0.0936549852282082,5975449.11111111,955.96185,0.0358413751711113,2,1,5,0| 1| 2| 6| 7| 16| 21| 24,NaN,-0.0496014468376694|,0.324694253600681| 0.25546950898075| 0.199866222606648| NaN| 0.108732026067473| 0.12738389847042| NaN| NaN| 0.121223156833787| 0.110095613777736| 0.0818777727600956| 0.0837200367056312,0.324694253600681,0.0790365524861835,0.0167610726734821,0.0842433403824424,0.613256659617558,0.114703462838503,0.225054541237489,0.472445458762511,0.0536406057903105,0.938743524540822,0.986129315384476
DJC12_MOUSE,SQMSMPFEQWEALADSVK,2,0.850129758306283,0.959690382081998,9,0.45588,0.0922056618518959,7118547.5,1042.47681,0.0244205662042722,0,2,5,0| 6| 7| 16| 21| 24| 31,NaN,,0.261832906652976| 0.161306920476373| 0.138993971729601| NaN| 0.0607796654286748| 0.0355838695955158| NaN| NaN| 0.0355841307302418| 0.0663162783997373| 0.0355841307302418| 0.0355841307302418,0.261832906652976,0.0397950212853415,0.01298817379482,0.195466616186607,0.716293383813393,0.112928411466377,0.317378121739953,0.594381878260047,0.0600614179961827,0.969966299348361,0.986057567185074

