proteinName,peptideSeq,charge,old_Rsquared,new_Rsquared,NDP,rateconstant,sigma,Abundance,MassToCharge,RMSE,selected_A1A0_count, selected_A2A0_count, selected_A2A1_count,improved_timePoints,new_k,I0_percentatediffI0_percentatediff,selected_io_t,i0,I0_asymptote,new_rmse,lowerci_old,upperci_old,sigma_old,lowerci_new,upperci_new,sigma_new,old_pearson,new_pearson
GEM_MOUSE,IPIILVGNK,2,0.642484607797216,0.937940743880886,4,0.03349,0.00576772502787011,16744365,483.82095,0.0230663075560287,2,0,1,2| 16| 21,NaN,0.0281545421397989|0.0153162867249134|,NaN| NaN| 0.536876475405783| NaN| NaN| NaN| NaN| NaN| 0.443422566650875| 0.452384831641297| NaN| 0.394020186993937,NaN,NaN,0.00738718046729003,0,0.0824719474683268,0.0153912879508421,0.0217330070301031,0.0452469929698969,0.00369432563604623,0.837718587261346,0.97486197852818

