protien,peptide,charge,rsquared,rateconstant,mo,io_e,io_a1a0,io_a2a0,io_a2a1
CP4AA_MOUSE,ELSTSVTFPDGR,2,0.97159297638622,0.06288,0.47573,0.477907054249325,0.466149757796304,0.483787792215818,0.507684340955826
CP4AA_MOUSE,LDFLDILLFAR,2,0.902308322052212,0.64057,0.43622,0.494212164436852,0.48110936846309,0.475048637070309,0.46801131620049
CP4AA_MOUSE,TYLQAIGDLNNLFHSR,3,-0.275976031308827,0.0183,0.33549,0.472090404991635,0.535379094139795,0.439626386940585,0.316309493763641

