protien,peptide,charge,rsquared,rateconstant,mo,io_e,io_a1a0,io_a2a0,io_a2a1
PTN11_MOUSE,FDSLTDLVEHYK,3,0.556197623298533,0.72674,0.41922,0.418214661317784,0.437842652100878,0.383189630765688,0.317588973903837
PTN11_MOUSE,IQNTGDYYDLYGGEK,2,0.526626908632794,0.20154,0.36506,0.582990085549291,0.608586610823901,0.458956210844341,0.323801590957144

