protien,peptide,charge,rsquared,rateconstant,mo,io_e,io_a1a0,io_a2a0,io_a2a1
ABRAL_MOUSE,FGVLFQDDR,2,0.954410636927109,0.20995,0.52103,0.550968580604342,0.539103230498825,0.569102906804126,0.604913648296162
ABRAL_MOUSE,cANLFEALVGTLK,3,0.872263354523111,0.15213,0.42503,0.457306660992439,0.437149911722476,0.442360882884156,0.452176902443181

