protien,peptide,charge,rsquared,rateconstant,mo,io_e,io_a1a0,io_a2a0,io_a2a1
LMNB2_MOUSE,ISEKEEVTTR,3,0.96127981955453,0.35865,0.51767,0.501698604898933,0.493017869569827,0.504373469114184,0.519744942783051
LMNB2_MOUSE,ISEKEEVTTR,2,0.875154995154844,0.3063,0.51767,0.512156811684399,0.510257128414839,0.512517016995187,0.516635482020298
LMNB2_MOUSE,QVLEGEDIAYK,2,0.0268559757665273,0.01247,0.48038,0.514354041944975,0.513937672598212,0.479324108666467,0.433077857460853
LMNB2_MOUSE,SQTNWGPGESFR,2,0.484031200784385,0.0105,0.4565,0.482302828508363,0.432823849781998,0.484698059097459,0.557144062684196
LMNB2_MOUSE,TALVSADGEEVAVK,2,0.93326167691919,0.07452,0.45706,0.512441772970991,0.479668635665563,0.510210263671421,0.556338947674925
LMNB2_MOUSE,RLETEDTSGSPSR,3,0.890610182398237,0.02824,0.46392,0.452592169411311,0.467296554175842,0.455640406401649,0.439507612911492
LMNB2_MOUSE,cQSLQEELAFSK,2,0.496093226400439,0.05954,0.43689,0.372058989227245,0.344452594459231,0.383969890896548,0.451812165623317
LMNB2_MOUSE,NSSDKDQSLGNWR,3,0.795995420336167,0.02144,0.43662,0.482420905003044,0.455493838947483,0.485637205179099,0.528892190830295
LMNB2_MOUSE,NSSDKDQSLGNWR,2,-0.372188365730541,0.00878,0.43662,0.403087441749987,0.367942507111334,0.393404533862746,0.42651565290794
LMNB2_MOUSE,ATSSSSSSSGVGMSVGQGR,2,0.924418636016916,0.02409,0.38736,0.415776901707517,0.406398785463231,0.368306830398101,0.308556324046206
LMNB2_MOUSE,DAMQQQLAEYQELLDIK,3,0.0571965623168397,0.01021,0.29897,0.295255847120637,0.271425296657311,0.288392215094974,0.313663866806797
LMNB2_MOUSE,DAMQQQLAEYQELLDIK,2,0.449591464765077,0.01082,0.29897,0.373608990541335,0.435753806724577,0.329060997218808,0.193625421500953

