protien,peptide,charge,rsquared,rateconstant,mo,io_e,io_a1a0,io_a2a0,io_a2a1
TCP4_MOUSE,QAVPEKPVK,2,0.664254578205703,0.34539,0.5551,0.4142759588481,0.591213458625841,0.258599435707022,0.209855697986039
TCP4_MOUSE,EQISDIDDAVR,2,0.425370626633072,0.23344,0.50209,0.486033957144952,0.456279329807356,0.517994971909075,0.617688286344172
TCP4_MOUSE,GISLNMEQWSQLK,2,0.613226795869062,0.12378,0.39448,0.456709622059432,0.487224583257959,0.400200777650861,0.273119613337682
TCP4_MOUSE,EYWMDSEGEMKPGR,3,0.879858579694266,0.24421,0.34625,0.419216400543394,0.415798776345563,0.441324864829412,0.462092633595

