protien,peptide,charge,rsquared,rateconstant,mo,io_e,io_a1a0,io_a2a0,io_a2a1
SPA3K_MOUSE,LSVSQVVHK,2,0.631843373817671,0.2124,0.55935,0.565246649493122,0.564145806096684,0.563278814561613,0.561704223940448
SPA3K_MOUSE,TMEEILEGLK,2,0.946015923653444,0.92947,0.49422,0.480499029514648,0.449627836417736,0.512166044796953,0.585322281691348
SPA3K_MOUSE,DLQILAEFHEK,3,0.966455674220589,0.55193,0.45169,0.46079866432736,0.450747099513947,0.474021636540736,0.504288791449939
SPA3K_MOUSE,DEELScSVLELK,2,0.90470789138194,0.34124,0.44774,0.498874284580821,0.485965698881449,0.520889251495675,0.562902136206227
SPA3K_MOUSE,MQQVEASLQPETLR,2,0.959422252417141,0.47876,0.38404,0.41321125165383,0.402532442193353,0.407567045637042,0.414749243620392
SPA3K_MOUSE,AVLDVAETGTEAAAATGVIGGIR,3,0.929809772117804,0.428,0.29766,0.293894288423308,0.297842114537679,0.280312908521303,0.258716705181281
SPA3K_MOUSE,AVLDVAETGTEAAAATGVIGGIR,2,0.980006221965739,0.47721,0.29766,0.306629681203198,0.287935386126291,0.29766,0.308260467467802
SPA3K_MOUSE,ALYQTEAFTADFQQPTEAK,2,0.980639057745222,0.50408,0.2821,0.277988840082204,0.2895484033801,0.263326783966855,0.234377722936652
SPA3K_MOUSE,ALYQTEAFTADFQQPTEAK,3,0.947763323645441,0.84231,0.2821,0.2481044404396,0.323587354814368,0.214962204123273,0.115246087344276
SPA3K_MOUSE,ISFDPQDTFESEFYLDEK,2,0.943567613437261,0.46503,0.27102,0.299466836461215,0.299599135505209,0.28196276938266,0.261351691884222

