protien,peptide,charge,rsquared,rateconstant,mo,io_e,io_a1a0,io_a2a0,io_a2a1
IYD1_MOUSE,YPEQEMR,2,0.596022391187962,0.9695,0.56,0.44914794299359,0.440795572607697,0.440089452721352,0.43839859020638
IYD1_MOUSE,SQEFYELLNK,2,-1.14852160827361,0.05209,0.47106,0.504012857632803,0.490923201623183,0.534090879895823,0.563472871656059

