protien,peptide,charge,rsquared,rateconstant,mo,io_e,io_a1a0,io_a2a0,io_a2a1
SCRN2_MOUSE,AGcEMLQR,2,0.969902195439896,0.18147,0.56325,0.564584295003023,0.545883235048265,0.592096099575304,0.561000925961915
SCRN2_MOUSE,LQcTYIEVEQVGK,2,0.142336934542264,0.02914,0.40088,0.432469552964182,0.442630312988215,0.368113384755447,0.265206752877487
SCRN2_MOUSE,HQGNITAEVMMGILR,3,-0.410802636448762,0.0424,0.35673,0.344513687494879,0.403607345950997,0.324117460942611,0.211261081214788
SCRN2_MOUSE,EPVGQGEALLGMDLLR,2,0.975130011301558,0.23013,0.3628,0.353671737809326,0.368493482905885,0.349472649015386,0.32202345354547
SCRN2_MOUSE,SSTAQEAVHVIAGLLDR,3,0.98022861703356,0.15659,0.36727,0.38323499863904,0.384341256138607,0.361727752154762,0.335215435805955
SCRN2_MOUSE,TEAWVLETAGSLWAAQR,3,0.799683651431844,0.14583,0.32848,0.336021307855303,0.326688550906306,0.343798492965123,0.363927120964756
SCRN2_MOUSE,EDPEPFcYHNTFLLADR,3,0.950156488995945,0.21711,0.2836,0.25038078823647,0.221540297079269,0.229442613433451,0.238767485180392
SCRN2_MOUSE,NISNQLSIGTDISAEHPELR,3,0.97830660422066,0.15419,0.29171,0.3048309005837,0.290251504119605,0.289153563032682,0.287883568105133
SCRN2_MOUSE,GHQAALGLMEDEQEQAQQLR,3,0.766943370995895,0.07585,0.27544,0.350275430013305,0.312495679101898,0.297000131285095,0.273846745108935
SCRN2_MOUSE,GLLTGEQTPPAQGLGSLFQAFVER,3,0.543764631691541,0.08871,0.22791,0.250339904026395,0.264564506630801,0.239830702268587,0.213278183875893
SCRN2_MOUSE,IFEVGVSQSPQVLSPTFGAQDPVR,3,0.600550463815687,0.05901,0.22233,0.253291513931735,0.294191424874268,0.266441929852864,0.23578884048361
SCRN2_MOUSE,AQGWWTGQGLFDFAEVFSLTQQPVR,3,-0.0030862155186262,0.00022,0.17698,0.195528881331881,0.207181225413295,0.18746856175821,0.165468222257971

