protien,peptide,charge,rsquared,rateconstant,mo,io_e,io_a1a0,io_a2a0,io_a2a1
PPCT_MOUSE,LLDQPSGLYEYK,2,0.859158144886706,0.16519,0.42642,0.469414298668322,0.444070803352012,0.46741994219943,0.499110922924094

