protien,peptide,charge,rsquared,rateconstant,mo,io_e,io_a1a0,io_a2a0,io_a2a1
TNG2_MOUSE,LGALTNYLQPR,2,0.561288900510739,0.02837,0.47944,0.511176045202589,0.503943810147958,0.506008959536065,0.509045932753755

