protien,peptide,charge,rsquared,rateconstant,mo,io_e,io_a1a0,io_a2a0,io_a2a1
FGF1_MOUSE,NWFVGLK,2,0.462577948026913,0.86912,0.57871,0.548783248417809,0.5384410504731,0.520852026552088,0.498671370459277
FGF1_MOUSE,AILFLPLPVSSD,2,0.741238821253442,0.59942,0.45865,0.503676527595941,0.449170922472179,0.554115406663946,0.554115406663946
FGF1_MOUSE,LEENHYNTYTSK,3,0.980571199364066,0.68007,0.42377,0.447080942163698,0.460799007737154,0.428627914854071,0.386741688289829

