protien,peptide,charge,rsquared,rateconstant,mo,io_e,io_a1a0,io_a2a0,io_a2a1
RALY_MOUSE,VFIGNLNTAVVK,2,0.876670873364645,0.36558,0.46488,0.503452232610333,0.513495323146819,0.49297836714731,0.467490515113884
RALY_MOUSE,GYAFVQYANER,2,0.0910995631493947,0.06066,0.45694,0.574191744958207,0.630806297517497,0.521507018124885,0.366333383313293

