protien,peptide,charge,rsquared,rateconstant,mo,io_e,io_a1a0,io_a2a0,io_a2a1
PPBT_MOUSE,GFFLLVEGGR,2,0.976491565240659,0.52273,0.5115,0.525789274188878,0.520645148897817,0.524701694510835,0.530229561923113
PPBT_MOUSE,TELLALDPSR,2,0.957810903676256,0.18443,0.52941,0.505981878614695,0.510552710920066,0.496533304123075,0.477940487585969
PPBT_MOUSE,VNHATPSAAYAH,2,0.395030029510736,0.19734,0.48827,0.510304638887238,0.52498293245733,0.492684289878998,0.451581006949936
PPBT_MOUSE,LDGLDLISIWK,2,0.741064130508704,4.07575,0.46216,0.426317465460457,0.477085376095197,0.383616814734384,0.275457486836298
PPBT_MOUSE,DIAYQLMHNIK,2,-0.357826280255839,0.0701,0.43452,0.497435631239869,0.473886265655513,0.484080521742237,0.505556946107159
PPBT_MOUSE,ANEGTVGVSAATER,2,0.159030414108219,0.09613,0.47861,0.49356778921766,0.486451917345244,0.486571819076239,0.488179523480843
PPBT_MOUSE,LEMDKFPFVALSK,3,0.728172882122982,0.0946,0.37876,0.438116767458055,0.420018931520798,0.43572304818985,0.457596754449005
PPBT_MOUSE,QALHEAVEMDQAIGK,3,0.947936467140623,0.85491,0.37991,0.341516570056214,0.347468406350674,0.349404136627163,0.352075773926774
PPBT_MOUSE,NVIMFLGDGMGVSTVTAAR,2,0.732575481550319,0.38125,0.3031,0.308100333057222,0.28621699839818,0.298585610835227,0.317993801265555
PPBT_MOUSE,NVIMFLGDGMGVSTVTAAR,3,-0.210631712511325,0.34332,0.3031,0.28443723777059,0.282434622233371,0.290622974054936,0.304924168718594
PPBT_MOUSE,GNSIFGLAPMVSDTDKKPF,3,0.316037223351406,0.172,0.29122,0.295756517686309,0.27868850223863,0.310386667264728,0.356524582987706
PPBT_MOUSE,VDYLLGLFEPGDMQYELNR,2,0.794111622780457,0.05906,0.25023,0.350246471610211,0.463554619015433,0.298248051200515,0.119216692011487

