protien,peptide,charge,rsquared,rateconstant,mo,io_e,io_a1a0,io_a2a0,io_a2a1
HP1B3_MOUSE,TGASVVAIR,2,0.628180364748513,0.07488,0.60924,0.661567360584904,0.643367225487114,0.67246923230021,0.724873995472889
HP1B3_MOUSE,YPSLGLER,2,-0.270802021914187,5.67247,0.57707,0.547954008093809,0.573203532080083,0.48111475184147,0.364512325527056
HP1B3_MOUSE,GQLEQITGK,2,0.874453681063421,0.25171,0.57818,0.523157820555892,0.531214569412404,0.489553005052339,0.435644924720743
HP1B3_MOUSE,GASGSFVVVQK,2,-0.613690863752462,9.32585,0.53227,0.314842027111624,0.580392912974098,0.202840819135642,0.201224810605349
HP1B3_MOUSE,TIPAWATLSASQLAR,3,0.516580966993989,0.03317,0.39356,0.473815932691539,0.502085827690461,0.414884243589882,0.310050990042023

