protien,peptide,charge,rsquared,rateconstant,mo,io_e,io_a1a0,io_a2a0,io_a2a1
CISD3_MOUSE,DPAKPVVAQK,3,-1.3867513713653,0.1247,0.53935,0.378816433299698,0.327897013989539,0.396861511586552,0.478331263351148
CISD3_MOUSE,DPAKPVVAQK,2,0.262647254290693,0.07932,0.53935,0.504992020659988,0.465531590309616,0.51823071088575,0.58529624886883

