protien,peptide,charge,rsquared,rateconstant,mo,io_e,io_a1a0,io_a2a0,io_a2a1
RS25_MOUSE,AQVIYTR,2,0.950697436414749,0.09942,0.60662,0.627911820231349,0.622698026776472,0.626636769430269,0.6323497267099
RS25_MOUSE,AALQELLSK,2,0.979590056413155,0.13563,0.56843,0.596918454108965,0.591685389455501,0.596350227993251,0.6035311604272
RS25_MOUSE,LITPAVVSER,2,0.946684940295618,0.18038,0.53177,0.481117179567527,0.534553682356072,0.426840558202363,0.296923946053099
RS25_MOUSE,DKLNNLVLFDK,3,0.849478872992031,0.11401,0.45755,0.466725597059761,0.453606072909,0.474438519411502,0.500562413534183
RS25_MOUSE,DKLNNLVLFDK,2,-1.17170719149231,0.01857,0.45755,0.490154403368161,0.46798863222381,0.500016459704923,0.510482711981864

