protien,peptide,charge,rsquared,rateconstant,mo,io_e,io_a1a0,io_a2a0,io_a2a1
PTCD3_MOUSE,VAVLQALASTVNR,3,0.79694818939311,0.09014,0.46237,0.523209095940692,0.496910887819164,0.505035750090484,0.515611561782364
PTCD3_MOUSE,VAVLQALASTVNR,2,0.378215469708422,0.02381,0.46237,0.534640997186125,0.503434120796079,0.527763887620359,0.561531554879976
PTCD3_MOUSE,AYAQALNVYTELLNNR,2,-0.0160478528418087,2E-05,0.33963,0.366380301007773,0.289742227532477,0.376195591322208,0.466994148715711

