protien,peptide,charge,rsquared,rateconstant,mo,io_e,io_a1a0,io_a2a0,io_a2a1
ARF6_MOUSE,ILMLGLDAAGK,2,0.850231826504716,0.10402,0.50261,0.50638653697439,0.498262240585528,0.533322308882831,0.601212372145909
ARF6_MOUSE,FNVWDVGGQDK,2,0.373520147000033,0.14148,0.47442,0.512089246698197,0.500880166587479,0.533072345517589,0.55079963346576
ARF6_MOUSE,HYYTGTQGLIFVVDcADR,3,0.749677218255297,0.11333,0.28617,0.257212617210706,0.320275174906556,0.227881758994974,0.133730586721675
ARF6_MOUSE,LGQSVTTIPTVGFNVETVTYK,2,0.864148036242468,0.074,0.26501,0.311309217784275,0.268981068093979,0.28491015905175,0.304721639961185
ARF6_MOUSE,NWYVQPScATSGDGLYEGLTWLTSNYK,3,0.909163515891869,0.0662,0.15938,0.167975261068203,0.18620456279133,0.164561354321054,0.140763237875096

