protien,peptide,charge,rsquared,rateconstant,mo,io_e,io_a1a0,io_a2a0,io_a2a1
ARL8B_MOUSE,MNLSAIQDR,2,-0.130384583909157,0.64763,0.53928,0.421325640909783,0.395455799190958,0.427889911559658,0.484896963064112

