protien,peptide,charge,rsquared,rateconstant,mo,io_e,io_a1a0,io_a2a0,io_a2a1
PTH2_MOUSE,VAAQcSHAAVSAYK,3,0.789423342514088,0.21404,0.42929,0.455652483504153,0.440162724111375,0.471783415816509,0.544225646644185

