proteinName,peptideSeq,charge,old_Rsquared,new_Rsquared,NDP,rateconstant,sigma,Abundance,MassToCharge,RMSE,selected_A1A0_count, selected_A2A0_count, selected_A2A1_count,improved_timePoints,new_k,I0_percentatediffI0_percentatediff,selected_io_t,i0,I0_asymptote,new_rmse,lowerci_old,upperci_old,sigma_old,lowerci_new,upperci_new,sigma_new,old_pearson,new_pearson
KCC2D_MOUSE,FTDEYQLFEELGK,2,0.877220067519414,0.963909692426159,4,0.12893,0.0228477501809599,4378160.25,809.88538,0.0200451730553076,0,2,2,1| 2| 6| 21,NaN,,NaN| 0.336040404248002| 0.320599715411111| NaN| 0.24490954186869| NaN| NaN| NaN| NaN| 0.123299620331678| NaN| NaN,NaN,NaN,0.0092275922589987,0,0.437894997315959,0.0970841194808772,0.0619857765546555,0.195874223445344,0.0210354604695755,0.951927542808042,0.995612736029865
KCC2D_MOUSE,AGAYDFPSPEWDTVTPEAK,2,-0.0760057188670376,-2.45835338376499,4,0.0003,0.00458486982538351,3418467,1040.97852,0.0243147045936225,1,0,1,2| 6,NaN,,NaN| 0.271048491485341| 0.280544043783786| NaN| 0.266240861998118| NaN| NaN| NaN| NaN| 0.290221495711047| NaN| NaN,NaN,NaN,0.00987764722452271,0,0.0293955842053448,0.00914252163803834,0,0.0119396218437619,0.00365744484847389,-0.0624693651344952,-0.724610090267496

