proteinName,peptideSeq,charge,old_Rsquared,new_Rsquared,NDP,rateconstant,sigma,Abundance,MassToCharge,RMSE,selected_A1A0_count, selected_A2A0_count, selected_A2A1_count,improved_timePoints,new_k,I0_percentatediffI0_percentatediff,selected_io_t,i0,I0_asymptote,new_rmse,lowerci_old,upperci_old,sigma_old,lowerci_new,upperci_new,sigma_new,old_pearson,new_pearson
LCLT1_MOUSE,TTGFTFVVDR,2,0.206594172548492,0.413398638078012,8,0.24844,0.203027746953554,9449312,571.79565,0.0950865528415493,2,4,0,0| 3| 6| 13| 21| 31,NaN,,0.415910260667381| NaN| 0.446163954705935| 0.454607624871795| 0.369211726348099| 0.418216982527857| NaN| 0.320358236938894| NaN| 0.320358236938894| NaN| 0.320358236938894,0.50786,0.332391587792086,0.0338230441153556,0,0.90119633255172,0.276050764630041,0.024849819642536,0.472030180357464,0.0945563254977021,0.715555815931241,0.733421554412774
LCLT1_MOUSE,YPADSLPTSK,2,-0.474804484102706,-0.803682625577617,8,0.74682,0.922912525308633,8726807.66666667,539.77441,0.156754564839519,0,3,4,0| 3| 6| 7| 13| 21| 31,NaN,,0.332926421019178| NaN| 0.384321909168596| 0.221904277983967| 0.212467745960015| 0.212470883031264| NaN| 0.419597365045095| NaN| 0.479142204707117| NaN| 0.212471474062501,0.53397,0.228733033261186,0.111669704191755,0,16.0734403121634,6.48163035022231,0,11.9062209661655,4.71931257638028,-0.0683731043560457,0.111755581341557

