proteinName,peptideSeq,charge,old_Rsquared,new_Rsquared,NDP,rateconstant,sigma,Abundance,MassToCharge,RMSE,selected_A1A0_count, selected_A2A0_count, selected_A2A1_count,improved_timePoints,new_k,I0_percentatediffI0_percentatediff,selected_io_t,i0,I0_asymptote,new_rmse,lowerci_old,upperci_old,sigma_old,lowerci_new,upperci_new,sigma_new,old_pearson,new_pearson
MFN1_MOUSE,VLLGLSEPIFQVPR,2,-2.30507827844686,0.732492516526635,5,0.44639,0.0663053022959145,282954,784.46393,0.0156916456001319,2,1,0,6| 16| 24,NaN,,NaN| NaN| NaN| 0.180726118315761| 0.148395938173683| NaN| NaN| 0.141565254385251| 0.120780868464925| NaN| 0.117869863316723| NaN,NaN,NaN,0.00757385891373149,0.12753151525082,0.76524848474918,0.114844152387737,0.292487137389071,0.600292862610929,0.0554316245355739,0.964175016323945,0.92634126064401
MFN1_MOUSE,IFFVSAK,2,-0.000848444103091595,-1.04551322714748,3,1.25981,106560.711471147,7437391.33333333,406.23926,0.0220198865845239,2,1,0,13| 16| 24,NaN,,NaN| NaN| NaN| NaN| NaN| NaN| NaN| 0.376020054816829| 0.386511115384612| NaN| 0.38983824868847| NaN,NaN,NaN,0.00421094085516719,0.873199455842106,1.64642054415789,0.0898539966948357,0.993548284910735,1.52607171508926,0.061883152513867,-2,-2

