proteinName,peptideSeq,charge,old_Rsquared,new_Rsquared,NDP,rateconstant,sigma,Abundance,MassToCharge,RMSE,selected_A1A0_count, selected_A2A0_count, selected_A2A1_count,improved_timePoints,new_k,I0_percentatediffI0_percentatediff,selected_io_t,i0,I0_asymptote,new_rmse,lowerci_old,upperci_old,sigma_old,lowerci_new,upperci_new,sigma_new,old_pearson,new_pearson
MIME_MOUSE,LSLLEELTLAENQLLR,2,-2.83321853566006,-2.05153433060938,3,0.00215,0.0169106987000589,2023807,928.03033,0.0160722852711856,0,0,1,0,NaN,,0.339491662353645| NaN| 0.354083851220652| 0.35809029892126| NaN| NaN| NaN| NaN| NaN| NaN| NaN| NaN,0.339491662353645,0.0752095039622825,0.00698073810896817,0,0.189637059726249,0.0435747599219296,0,0.0966538267407547,0.0219640841770345,0.907935921983834,-0.992000764935214
MIME_MOUSE,LSLLEELTLAENQLLR,3,0.784079133629018,0.994540742451537,3,0.10604,0.0141660419927132,5382416,619.02264,0.0110288602197198,1,1,0,2| 3,NaN,0.0186720495322883|,0.368122257968028| NaN| 0.313722099564821| 0.294029947990763| NaN| NaN| NaN| NaN| NaN| NaN| NaN| NaN,0.368122257968028,0.0815522013922399,0.00115761395534229,0,0.519665929212017,0.0961327709187779,0.0907992569963261,0.121280743003674,0.00354217362193738,0.948477805668888,0.999361964171276

