proteinName,peptideSeq,charge,old_Rsquared,new_Rsquared,NDP,rateconstant,sigma,Abundance,MassToCharge,RMSE,selected_A1A0_count, selected_A2A0_count, selected_A2A1_count,improved_timePoints,new_k,I0_percentatediffI0_percentatediff,selected_io_t,i0,I0_asymptote,new_rmse,lowerci_old,upperci_old,sigma_old,lowerci_new,upperci_new,sigma_new,old_pearson,new_pearson
MOCS1_MOUSE,VAVASAMVLLGPVAFK,2,0.192195838903121,0.33037233540793,5,0.0157,0.00898112041419665,1063953.8,786.96271,0.0219266216302411,2,0,0,1| 6,NaN,0.0188969193433322|,NaN| 0.36940910645575| 0.339238029127802| 0.381974749097088| 0.351746700966949| 0.315113306530815| NaN| NaN| NaN| NaN| NaN| NaN,NaN,NaN,0.0123287212219713,0,0.0829869325525417,0.024234922717663,0,0.054535674107837,0.0139875533775722,0.710987551069001,0.618537881860847

