proteinName,peptideSeq,charge,old_Rsquared,new_Rsquared,NDP,rateconstant,sigma,Abundance,MassToCharge,RMSE,selected_A1A0_count, selected_A2A0_count, selected_A2A1_count,improved_timePoints,new_k,I0_percentatediffI0_percentatediff,selected_io_t,i0,I0_asymptote,new_rmse,lowerci_old,upperci_old,sigma_old,lowerci_new,upperci_new,sigma_new,old_pearson,new_pearson
PFD5_MOUSE,IQQLTALGAAQATVK,2,0.655727647112356,0.974343934546272,4,0.32741,0.128684142583493,708297.666666667,756.94086,0.0465960106534687,1,0,2,0| 7| 21,NaN,,0.444730409702162| NaN| NaN| NaN| 0.097456221917129| 0.110038934022543| NaN| NaN| NaN| 0.0770884191426685| NaN| NaN,0.444730409702162,0.0939908443351162,0.0140522145484942,0,0.727482248576696,0.12571217555134,0.080401356987633,0.574418643012367,0.0776159656250591,0.890593355757601,0.996699555115317

