proteinName,peptideSeq,charge,old_Rsquared,new_Rsquared,NDP,rateconstant,sigma,Abundance,MassToCharge,RMSE,selected_A1A0_count, selected_A2A0_count, selected_A2A1_count,improved_timePoints,new_k,I0_percentatediffI0_percentatediff,selected_io_t,i0,I0_asymptote,new_rmse,lowerci_old,upperci_old,sigma_old,lowerci_new,upperci_new,sigma_new,old_pearson,new_pearson
PHS2_MOUSE,AAGWSELSER,2,0.975524846012221,0.983223294270629,8,0.15518,0.00907177009496631,82302961.6666667,553.26727,0.0153339501960707,1,1,0,1| 3,NaN,-0.0155150332056781|,0.544761061190154| 0.474920291937291| 0.435787548776175| 0.386363643371812| 0.300679431351287| 0.289119763443083| NaN| NaN| NaN| 0.191150258716472| 0.194056595838467| NaN,0.544761061190154,0.152729913021139,0.0128372330095216,0.127907507066423,0.182452492933577,0.0115335419240607,0.132348091583565,0.178011908416435,0.00965561797260781,0.994458393421322,0.996980009018742
PHS2_MOUSE,NFNQAFGFMSR,2,0.910861756502337,0.951113788406882,8,0.06007,0.00648157922729261,17577454,659.80347,0.0209976089623475,3,1,0,2| 3| 7| 24,NaN,,0.477759273288877| 0.462810938682684| 0.43722250950482| 0.39616706106474| 0.363098002651295| 0.351287590406198| NaN| NaN| NaN| 0.249848042868068| 0.222965710514229| NaN,0.477759273288877,0.177687343901214,0.0158776869434785,0.0423929646946575,0.0777470353053425,0.00747562125265998,0.0467032193741517,0.0734367806258483,0.00565281381182937,0.985862496156741,0.992668613686548
PHS2_MOUSE,SSDAQWLTAEER,2,-0.0650885205688709,0.471813395005298,8,0.07126,0.0286317378869578,28584323.8,696.82312,0.0926453160584159,1,2,4,0| 1| 3| 6| 7| 21| 24,NaN,,0.458226999021929| 0.414456597964026| 0.397181959441042| 0.387265041255496| 0.35497550934555| 0.384995591778663| NaN| NaN| NaN| 0.173694792919678| 0.319120787122705| NaN,0.458226999021929,0.106409198787964,0.0477302334058692,0,0.155792419068396,0.0357487744755181,0.0255909957229684,0.116929004277032,0.0193134297162384,0.457343442582014,0.852190545903353

