proteinName,peptideSeq,charge,old_Rsquared,new_Rsquared,NDP,rateconstant,sigma,Abundance,MassToCharge,RMSE,selected_A1A0_count, selected_A2A0_count, selected_A2A1_count,improved_timePoints,new_k,I0_percentatediffI0_percentatediff,selected_io_t,i0,I0_asymptote,new_rmse,lowerci_old,upperci_old,sigma_old,lowerci_new,upperci_new,sigma_new,old_pearson,new_pearson
PSME2_MOUSE,DEAAYGALR,2,-2.56618460641446,0.85974717868019,7,1.4457,1.04077993607963,9746220,483.23798,0.107437133290815,1,1,2,0| 3| 7| 13,NaN,,0.491337106623297| 0.263265004735269| 0.250338728529465| 0.168465702903029| NaN| 0.169426085332705| NaN| 0.200557194136438| NaN| 0.195882544610448| NaN| NaN,0.5789,0.186933121547143,0.0299829939314471,0,3.38366736841616,0.79200538736754,0.440591793870122,2.45080820612988,0.41076600520512,0.194177315470238,0.979719355477537
PSME2_MOUSE,IEDGNDFGVAIQEK,2,0.626644386360715,0.920332836718674,7,0.02067,0.00464263248569237,28650291.2857143,767.8728,0.0268512023553706,1,2,1,2| 3| 13| 21,NaN,0.00571669930279755|,0.425436059106923| 0.420867472714665| 0.429899188347185| 0.400882728944552| NaN| 0.369020702075897| NaN| 0.334048334390044| NaN| 0.325027714294302| NaN| NaN,0.425436059106923,0.10855318490437,0.0087843291428987,0.00474702850135452,0.0365929714986455,0.00650737438377697,0.0154608246071849,0.0258791753928151,0.00212887742182357,0.840152573377533,0.959802113251469
PSME2_MOUSE,IISLSQLLQEDSLNVADLSSLR,3,0.971605367386777,0.993512858167231,7,0.13524,0.00882768219381729,4723683.5,805.44275,0.00966798015480946,5,1,0,1| 2| 3| 7| 13| 21,NaN,,0.273448956233538| 0.247018482527918| 0.219010337551926| 0.200313572428176| NaN| 0.132240628829497| NaN| 0.0739886713184808| NaN| 0.0619153195842318| NaN| NaN,0.273448956233538,0.0344239922919106,0.00477827361298953,0.10601307543319,0.16446692456681,0.0119444125274494,0.120794972164796,0.149685027835204,0.00590337074432046,0.992186911510944,0.998567735770137

