proteinName,peptideSeq,charge,old_Rsquared,new_Rsquared,NDP,rateconstant,sigma,Abundance,MassToCharge,RMSE,selected_A1A0_count, selected_A2A0_count, selected_A2A1_count,improved_timePoints,new_k,I0_percentatediffI0_percentatediff,selected_io_t,i0,I0_asymptote,new_rmse,lowerci_old,upperci_old,sigma_old,lowerci_new,upperci_new,sigma_new,old_pearson,new_pearson
PUR8_MOUSE,VLSQQAAAVVK,2,0.927976672843687,0.97447000596848,12,0.13613,0.0127123034087117,14831127.8333333,557.33496,0.0303419792435696,6,0,3,2| 3| 6| 7| 13| 16| 21| 24| 31,0.157039076709473,-0.0233586378747005|,0.55202919251509| 0.491905077899408| 0.431888117513635| 0.416053578674397| 0.297198423861131| 0.286914886152012| 0.27990606740721| 0.230463286831415| 0.215445585674015| 0.209653655220262| 0.175880181194287| 0.194700314406037,0.55202919251509,0.170055180350362,0.0193323850006986,0.11003355191635,0.16222644808365,0.0118567124270474,0.119502654187983,0.152757345812017,0.00755450155845802,0.975575966478086,0.991222688260511
PUR8_MOUSE,AFIITGQTYTR,2,0.78927671510293,0.964407829066957,12,0.14457,0.0338548238978963,14824267,635.84314,0.0496275115870206,3,4,4,1| 2| 3| 6| 7| 9| 13| 16| 21| 24| 31,0.153410706723787,0.018128635245869|,0.476729387917796| 0.427580525842058| 0.400359615864623| 0.384730168882314| 0.317966041818256| 0.320937599186104| 0.305016256651319| 0.228160544844777| 0.275368966189818| 0.23646567182846| 0.231235489711257| 0.206987127094011,0.476729387917796,0.22438495313874,0.0158782716470117,0.0718401386512436,0.217299861348756,0.0330442306978747,0.121300155141466,0.167839844858534,0.0105724678632608,0.90354682668742,0.983827508740084
PUR8_MOUSE,ADLPTLGFTHFQPAQLTTVGK,3,0.84154417959594,0.953451600956086,12,0.11056,0.0179386329853952,4188167.5,748.06708,0.0300741257234146,1,3,3,0| 1| 6| 9| 16| 21| 24,0.0993386678378705,-0.0386119069384013|,0.256010701692943| 0.249897142726081| 0.227283753730206| 0.201264817593734| 0.171011800060243| 0.155245110536337| 0.130532175115819| 0.107761130611592| 0.0882900990129167| 0.0717247999573645| 0.0459870525322727| 0.101721385959872,0.256010701692943,0.0516169046346314,0.014676809965818,0.0693217013875109,0.151798298612489,0.0187362910868829,0.0904348373397291,0.130685162660271,0.00914370666251267,0.938862690512361,0.978527582810461

