proteinName,peptideSeq,charge,old_Rsquared,new_Rsquared,NDP,rateconstant,sigma,Abundance,MassToCharge,RMSE,selected_A1A0_count, selected_A2A0_count, selected_A2A1_count,improved_timePoints,new_k,I0_percentatediffI0_percentatediff,selected_io_t,i0,I0_asymptote,new_rmse,lowerci_old,upperci_old,sigma_old,lowerci_new,upperci_new,sigma_new,old_pearson,new_pearson
RIT1_MOUSE,LDILDTAGQAEFTAmR,2,-0.137999579423886,0.699608017219152,4,0.02275,0.00307755052842637,7552181.25,884.43274,0.0184723268341191,0,2,1,9| 13| 24,NaN,,NaN| NaN| NaN| NaN| NaN| NaN| 0.325229644946806| 0.298386830403067| 0.273862430302345| NaN| 0.247668076321914| NaN,NaN,NaN,0.0091008926789697,0.00316172138472609,0.0423382786152739,0.00615510105685274,0.0130993034177972,0.0324006965822028,0.00303247742689159,0.466275368045241,0.985677276389157

