proteinName,peptideSeq,charge,old_Rsquared,new_Rsquared,NDP,rateconstant,sigma,Abundance,MassToCharge,RMSE,selected_A1A0_count, selected_A2A0_count, selected_A2A1_count,improved_timePoints,new_k,I0_percentatediffI0_percentatediff,selected_io_t,i0,I0_asymptote,new_rmse,lowerci_old,upperci_old,sigma_old,lowerci_new,upperci_new,sigma_new,old_pearson,new_pearson
RL21_MOUSE,HGVVPLATYMR,2,-0.210695546916903,-0.100091961353176,9,0.06398,0.0457303647963908,21707362.5,622.33441,0.13318430002901,3,3,2,0| 1| 2| 3| 7| 13| 24| 31,NaN,,0.471363148662749| 0.181193448192195| 0.431068077565854| 0.427225161165067| 0.337341738748006| 0.262616445975953| NaN| 0.297389509116348| NaN| NaN| 0.275690802713424| 0.266931520961909,0.471363148662749,0.20191456965967,0.0825526320663003,0,0.169297989095447,0.045671205654716,0.00734354360946272,0.120616456390537,0.0245604314095132,0.149023603925405,0.457298647617788
RL21_MOUSE,VYNVTQHAVGIIVNK,3,0.875112751557418,0.96703520566799,9,0.08471,0.0150786346568625,105584641.428571,552.31403,0.0306431666388968,2,1,4,0| 1| 2| 3| 6| 13| 31,NaN,,0.40812981940707| 0.354007525005478| 0.36145645238235| 0.328051077037462| 0.280471233144398| 0.256770756889376| NaN| 0.200647614761583| NaN| NaN| 0.165720294329713| 0.16046556251314,0.40812981940707,0.144807418018209,0.0133648019949352,0.042123913685836,0.127296086314164,0.0184674804635798,0.0661363774356282,0.103283622564372,0.00805446195067139,0.972560310275781,0.989271516014511
RL21_MOUSE,VYNVTQHAVGIIVNK,2,-0.019743208658995,0.874799491480418,9,0.05542,0.0151574194291408,4101891,827.96741,0.0498915028785915,1,2,2,1| 2| 13| 24| 31,NaN,-0.0305087763482428|,0.399782464993144| 0.406102557239944| 0.37176914477607| 0.342887143984176| 0.26026090584606| 0.318517602960326| NaN| 0.271054596643267| NaN| NaN| 0.211252935021225| 0.211730541640463,0.399782464993144,0.141845716171185,0.0218271427180137,0.0166065743427233,0.0942334256572767,0.016831464031762,0.0384394295157237,0.0724005704842763,0.00736363401335879,0.63096260464949,0.939915015071132

