proteinName,peptideSeq,charge,old_Rsquared,new_Rsquared,NDP,rateconstant,sigma,Abundance,MassToCharge,RMSE,selected_A1A0_count, selected_A2A0_count, selected_A2A1_count,improved_timePoints,new_k,I0_percentatediffI0_percentatediff,selected_io_t,i0,I0_asymptote,new_rmse,lowerci_old,upperci_old,sigma_old,lowerci_new,upperci_new,sigma_new,old_pearson,new_pearson
RM38_MOUSE,HQEAMTPAGLAFFQcR,3,0.974812294279979,0.995511838778863,3,0.22695,0.0136016257562048,3702532,621.95917,0.0075231431027014,0,1,0,6,NaN,,0.332951240802554| NaN| 0.241002963684952| NaN| 0.12945469286947| NaN| NaN| NaN| NaN| NaN| NaN| NaN,0.332951240802554,0.055602577792273,0.00278712271282045,0.086622738872352,0.367277261127648,0.0326141266659542,0.174962514001453,0.278937485998547,0.0120826590626522,0.994431138604781,0.999004183442841
RM38_MOUSE,WDDSVTHTFHQLLDMR,4,0.654084075339021,0.809873551105947,4,0.08277,0.0189284867226948,4477241,500.98755,0.0182423875954756,1,0,1,0| 2,NaN,,0.306679367799334| NaN| 0.282104088888899| 0.276997211855865| 0.195294246488247| NaN| NaN| NaN| NaN| NaN| NaN| NaN,0.306679367799334,0.0944740167874818,0.0105554797562412,0,0.300814827053153,0.0685148486906678,0.0130586852540596,0.15248131474594,0.0219049460901969,0.990128589526792,0.943889547579491
RM38_MOUSE,LAEYYGLYR,2,-3.10365742060759,0.900921022859689,4,0.27621,0.0604414519059634,11154615,574.29272,0.0315630139216275,1,0,0,0,NaN,,0.520630930415457| NaN| 0.368031463818679| 0.37323004154948| 0.319099728115635| NaN| NaN| NaN| NaN| NaN| NaN| NaN,0.520630930415457,0.256866021205603,0.0137038566723932,0,0.669451855285246,0.123565904212615,0.109181604335924,0.443238395664076,0.052484277708544,0.880215274129877,0.965984906083488

