proteinName,peptideSeq,charge,old_Rsquared,new_Rsquared,NDP,rateconstant,sigma,Abundance,MassToCharge,RMSE,selected_A1A0_count, selected_A2A0_count, selected_A2A1_count,improved_timePoints,new_k,I0_percentatediffI0_percentatediff,selected_io_t,i0,I0_asymptote,new_rmse,lowerci_old,upperci_old,sigma_old,lowerci_new,upperci_new,sigma_new,old_pearson,new_pearson
RS13_MOUSE,GLSQSALPYR,2,0.961756675594299,0.995660690234293,9,0.08892,0.00644878048659085,139057068,546.29584,0.0182264785827105,4,0,2,3| 6| 7| 16| 21| 31,NaN,-0.0292843434806191|,0.544613335108445| 0.513998085108538| 0.490984028447672| 0.456027762942339| 0.400110350029544| 0.372775280408961| NaN| NaN| 0.267639831643866| 0.263463236292959| NaN| 0.212100627786042,0.544613335108445,0.19323275861076,0.00650041185829541,0.0716815275468548,0.106158472453145,0.0074754733483113,0.0827719571817004,0.0950680428182996,0.0026661022522381,0.984300570073109,0.997884020612151
RS13_MOUSE,GLTPSQIGVILR,2,0.997942268651167,0.999062227795127,9,0.14286,0.00276416601151208,92675615,627.38245,0.00399481823072085,1,3,1,1| 6| 7| 21| 31,NaN,-0.00507510297650789|-0.0176856763523683|0.000922675765035581|0.018425151586437|0.0166567326174313|,0.485307341828328| 0.446769589152794| 0.414033457516933| 0.378470314985821| 0.315118816965767| 0.298683639209294| NaN| NaN| 0.212380007680392| 0.207687589760081| NaN| 0.195480407367105,0.485307341828328,0.189199122862971,0.00272800772257434,0.135343152728127,0.150376847271873,0.00325968507922881,0.13772684594323,0.14799315405677,0.00222599516566539,0.999043472871572,0.999531005233159

