proteinName,peptideSeq,charge,old_Rsquared,new_Rsquared,NDP,rateconstant,sigma,Abundance,MassToCharge,RMSE,selected_A1A0_count, selected_A2A0_count, selected_A2A1_count,improved_timePoints,new_k,I0_percentatediffI0_percentatediff,selected_io_t,i0,I0_asymptote,new_rmse,lowerci_old,upperci_old,sigma_old,lowerci_new,upperci_new,sigma_new,old_pearson,new_pearson
SIAS_MOUSE,VGSGDTNNFPYLEK,2,-0.606621815679838,0.50574605564576,8,0.15011,0.0338674824725473,6762871.33333333,770.86755,0.0459763195704731,1,1,2,2| 7| 9| 24,NaN,,NaN| NaN| 0.36947633525849| 0.28905637227187| 0.268086094589918| 0.220166501022315| 0.321155754513489| 0.269795786283321| NaN| 0.176223715056865| 0.139734342944572| NaN,NaN,NaN,0.0404438024538484,0.0452556005890669,0.254964399410933,0.0443429434365823,0.057873155993979,0.242346844006021,0.0390069770987729,0.567260346341297,0.778483137780276
SIAS_MOUSE,IPAGTTLTLDMLTVK,2,0.885243864430967,0.881608570345197,8,0.05285,0.00499345771326113,4865215.6,787.44714,0.0149877926391507,2,0,1,2| 3| 21,NaN,,NaN| NaN| 0.339171504298612| 0.337967443564076| 0.338378799954125| 0.310953690707162| 0.291401917358555| 0.297172391073613| NaN| 0.241989366769985| 0.220081726192674| NaN,NaN,NaN,0.0118933974693544,0.0373901555922469,0.0683098444077531,0.00653797084302291,0.0405820110584207,0.0651179889415793,0.00518813462070478,0.964440140798842,0.955653840532158

