proteinName,peptideSeq,charge,old_Rsquared,new_Rsquared,NDP,rateconstant,sigma,Abundance,MassToCharge,RMSE,selected_A1A0_count, selected_A2A0_count, selected_A2A1_count,improved_timePoints,new_k,I0_percentatediffI0_percentatediff,selected_io_t,i0,I0_asymptote,new_rmse,lowerci_old,upperci_old,sigma_old,lowerci_new,upperci_new,sigma_new,old_pearson,new_pearson
TOM1_MOUSE,TVFNSETPSR,2,0.881408977627687,0.985165697486129,5,0.21256,0.0397283621992502,16370570,569.2804,0.0242656009387446,0,4,0,1| 2| 3| 24,NaN,,0.482779782733132| 0.450594179624189| 0.385926121686558| 0.336649768583285| NaN| NaN| NaN| NaN| NaN| NaN| 0.209614487370798| NaN,0.482779782733132,0.206805034181182,0.00756180207304889,0.0407216140899911,0.384398385910009,0.0618915121328369,0.159010620939334,0.266109379060666,0.0192870296487464,0.972146417394893,0.993028334463185
TOM1_MOUSE,SELEMVSGNVR,2,-5.31044958036995,0.874109592756224,5,1.0195,0.855479218335124,1439446.75,610.8006,0.129786068558856,1,0,2,0| 3| 24,NaN,,0.617854680927659| 0.265118019288239| 0.218283829768563| 0.149354052422898| NaN| NaN| NaN| NaN| NaN| NaN| 0.189866429908397| NaN,0.49145,0.166347751590684,0.0387378755193071,0,4.35387910897486,1.20095265086272,0,2.10289331299638,0.390208800093508,-0.886759463482483,0.983421682506273
TOM1_MOUSE,VLNLIQSWADAFR,2,0.82111046466203,0.829311281927031,5,0.14839,0.0403202663244887,7393912,766.91461,0.0289268699681368,0,1,1,0| 24,NaN,,0.348894826430543| 0.312821907384824| 0.333186923345798| 0.297911346406166| NaN| NaN| NaN| NaN| NaN| NaN| 0.143282541648138| NaN,0.39732,0.128298959842996,0.0197434343833277,0,0.350514846863134,0.072799871493956,0.0160490134067461,0.280730986593254,0.0476656233357398,0.914609999613854,0.971914281826395

