proteinName,peptideSeq,charge,old_Rsquared,new_Rsquared,NDP,rateconstant,sigma,Abundance,MassToCharge,RMSE,selected_A1A0_count, selected_A2A0_count, selected_A2A1_count,improved_timePoints,new_k,I0_percentatediffI0_percentatediff,selected_io_t,i0,I0_asymptote,new_rmse,lowerci_old,upperci_old,sigma_old,lowerci_new,upperci_new,sigma_new,old_pearson,new_pearson
TSN_MOUSE,PLHISTFINELDSGFR,3,0.490437387756108,0.984140541754683,6,0.2714,0.0809757273291889,8821589,615.98798,0.0432049158341814,1,4,0,1| 2| 3| 9| 21,NaN,-0.00617297851722493|,0.356913175080853| 0.271749137672615| 0.259726008063989| 0.208880291092117| NaN| NaN| 0.121084845616891| NaN| NaN| 0.104911018727293| NaN| NaN,0.356913175080853,0.100064637636003,0.00781003619731677,0.104542911394722,0.438257088605278,0.064910241856037,0.219370189542429,0.323429810457571,0.0202404800944002,0.811912012837399,0.993216845536683
TSN_MOUSE,LSVNSVTAGDYSR,2,0.996797941875493,0.999842712109001,6,0.13528,0.00321219807915337,474632080,684.84131,0.00392264075560951,0,1,1,3| 21,NaN,0.0112769233883321|,0.466097377347163| 0.426088909500969| 0.390659757842832| 0.362451802305691| NaN| NaN| 0.247731012743634| NaN| NaN| 0.174782581564267| NaN| NaN,0.466097377347163,0.15776630530881,0.000901936941627581,0.122513444514353,0.148046555485647,0.00496640694841697,0.132344572381915,0.138215427618085,0.00114193120731933,0.999266203744103,0.999977443963967

