proteinName,peptideSeq,charge,old_Rsquared,new_Rsquared,NDP,rateconstant,sigma,Abundance,MassToCharge,RMSE,selected_A1A0_count, selected_A2A0_count, selected_A2A1_count,improved_timePoints,new_k,I0_percentatediffI0_percentatediff,selected_io_t,i0,I0_asymptote,new_rmse,lowerci_old,upperci_old,sigma_old,lowerci_new,upperci_new,sigma_new,old_pearson,new_pearson
XPO7_MOUSE,VLQLMNLTDSR,2,0.966913774376968,0.99999494400237,3,0.32846,0.0275340620800335,37442950,645.34772,0.00996284272664833,1,0,0,6,NaN,,0.493031767785492| NaN| 0.361847923345192| NaN| 0.259283385290618| NaN| NaN| NaN| NaN| NaN| NaN| NaN,0.493031767785492,0.221381752933148,0.000107554548885541,0.087044827495048,0.569875172504952,0.0561084492912432,0.325853786022192,0.331066213977808,0.000605722595223292,0.9966886886827,0.999998106209252

