Protein,Peptide,charge,time,RSS,theta,min_rss_decoy,diff,abs_diff,perc_diff,abs_perc_diff,exp_RIA_decoy,theoRIA,min_kl,min_kl_decoy
ENSA_MOUSE,YFDSGDYNMAK,2,0,0.00441885492469694,0.990000000000001,0.0168182456610007,5.55111512312578E-17,5.55111512312578E-17,1.13144354098626E-16,1.13144354098626E-16,0.339452247776473,0.490622370629908,0.0105480744842163,0.025594208704337
ENSA_MOUSE,YFDSGDYNMAK,2,1,0.00214765861139008,0.06,0.0498168840755844,-0.0284341397970687,0.0284341397970687,-0.0704241069060281,0.0704241069060281,0.247072865433867,0.403755774070524,0.0207714033971559,0.0995385992274954
ENSA_MOUSE,YFDSGDYNMAK,2,2,0.00195246920649585,0.17,0.0084795544748298,-0.00835081730159576,0.00835081730159576,-0.0213097053691762,0.0213097053691762,0.339452247776473,0.391878590385155,0.0237574692768054,0.0112198444325955
ENSA_MOUSE,YFDSGDYNMAK,2,3,0.00450437297827569,0.39,0.0106073595381147,0.0296109891960583,0.0296109891960583,0.0802328333728407,0.0802328333728407,0.268260371074961,0.369063236972531,0.00995408352514877,0.0230603971093439
ENSA_MOUSE,YFDSGDYNMAK,2,9,0.001444438687121,0.72,0.0707190466912515,0.0110017460046455,0.0110017460046455,0.0393957695361498,0.0393957695361498,0.490622370629908,0.279262117079607,0.016319736060759,0.166132384587845
ENSA_MOUSE,YFDSGDYNMAK,2,21,0.0036325566628801,0.81,0.0849336454728265,-0.0292082336883402,0.0292082336883402,-0.1340659723165,0.1340659723165,0.490622370629908,0.217864631745527,0.0454027519588762,0.199142195192654
ENSA_MOUSE,YFDSGDYNMAK,2,24,0.00274162233483468,0.850000000000001,0.0916740647650482,-0.0282896925880369,0.0282896925880369,-0.133156324336857,0.133156324336857,0.490622370629908,0.212454742415914,0.05668722972259,0.214792105065604
ENSA_MOUSE,YFDSGDYNMAK,2,31,0.00179551136764518,0.900000000000001,0.00394124287369594,-0.0236466086616869,0.0236466086616869,-0.115018549193903,0.115018549193903,0.268260371074961,0.205589522971833,-0.0272144536695158,0.0316693257401322

