Protein,Peptide,charge,time,RSS,theta,min_rss_decoy,diff,abs_diff,perc_diff,abs_perc_diff,exp_RIA_decoy,theoRIA,min_kl,min_kl_decoy
SPA3M_MOUSE,GNTLEEILEGLK,2,0,0.0109719753030597,0,0.0325445949859782,-0.0921910361022424,0.0921910361022424,-0.195514677967982,0.195514677967982,0.37614053738215,0.47153,0.0044442182353227,0.0761179148411519
SPA3M_MOUSE,GNTLEEILEGLK,2,2,0.00216973099809109,0.66,0.00561925307475122,0.148380856626237,0.148380856626237,0.336262754466751,0.336262754466751,0.282309809359127,0.441264620167466,-0.0194580968965066,0.0195551575487791
SPA3M_MOUSE,GNTLEEILEGLK,2,3,0.00248417548347594,0.63,0.00220093118636979,0.134213144366894,0.134213144366894,0.31408676336787,0.31408676336787,0.292883763541229,0.427312322645377,-0.00258553523369444,-0.0192255466767754
SPA3M_MOUSE,GNTLEEILEGLK,2,6,0.00621740889184854,0.16,0.0422247876357054,-0.0770978875540205,0.0770978875540205,-0.209992889827511,0.209992889827511,0.282309809359127,0.367145228666308,-0.013579191200859,0.110827656117952
SPA3M_MOUSE,GNTLEEILEGLK,2,7,0.0104511803253708,0.43,0.0149568132824615,0.00230961112026051,0.00230961112026051,0.00610281467559208,0.00610281467559208,0.444243116220329,0.378450148502411,0.00377261521233795,-0.0218055133949452
SPA3M_MOUSE,GNTLEEILEGLK,2,24,0.00491560183556302,0.71,0.0427096619913469,-0.0257081645572706,0.0257081645572706,-0.100187060675788,0.100187060675788,0.134098177943641,0.256601644801856,0.0188737941970494,0.143642750832305
SPA3M_MOUSE,MQQVEASLQPETLR,2,24,0.00249988718734176,0.81,0.0633274641027218,-0.0602257556064303,0.0602257556064303,-0.815267101050422,0.815267101050422,0.293099178278484,0.0738724223372108,0.0126540251722359,0.111709932858071

