Protein,Peptide,charge,time,RSS,theta,min_rss_decoy,diff,abs_diff,perc_diff,abs_perc_diff,exp_RIA_decoy,theoRIA,min_kl,min_kl_decoy
C1QT9_MOUSE,LGDEVWMQVTGGER,2,0,0.0154872249768462,0.39,0.00818926007915731,0,0,0,0,0.324478931500133,0.357054601837281,-0.048399155717193,0.0291817934128899
C1QT9_MOUSE,LGDEVWMQVTGGER,2,16,0.000257839432964608,0.26,0.0194175300724189,-0.00247021395796043,0.00247021395796043,-0.0076712642341334,0.0076712642341334,0.357054601837281,0.322008717542173,0.000424817127666664,-0.060003309370637
C1QT9_MOUSE,LGDEVWMQVTGGER,2,31,0.000552654513035127,0.12,0.00251999807096032,-0.108417422439927,0.108417422439927,-0.43414521770739,0.43414521770739,0.324478931500133,0.249726169995495,0.00332513178399038,0.00700071175461232

