Protein,Peptide,charge,time,RSS,theta,min_rss_decoy,diff,abs_diff,perc_diff,abs_perc_diff,exp_RIA_decoy,theoRIA,min_kl,min_kl_decoy
GNA11_MOUSE,IATVGYLPTQQDVLR,2,0,0.00438472433509131,0,0.0227838058322157,0,0,0,0,0.482936858031836,0.366596568188773,-0.00483369234940641,-0.0672890712123599
GNA11_MOUSE,IATVGYLPTQQDVLR,2,1,0.0227838058322157,0,0.00438472433509131,-0.108961734104751,0.108961734104751,-0.291360914492259,0.291360914492259,0.366596568188773,0.373975123927085,-0.0672890712123599,-0.00483369234940641
GNA11_MOUSE,IATVGYLPTQQDVLR,2,2,0.0109209748110653,0,0.0433429988931625,-0.000365382065042663,0.000365382065042663,-0.000988850437002169,0.000988850437002169,0.242197026394725,0.369501849188,-0.0792115514075179,0.079265154352181
GNA11_MOUSE,IATVGYLPTQQDVLR,2,3,0.0227370234588648,0.18,0.0167891358364321,0.0997243584948614,0.0997243584948614,0.266924039259137,0.266924039259137,0.369867231253042,0.37360575979463,0.0197111938429941,-0.131521332715318
GNA11_MOUSE,IATVGYLPTQQDVLR,2,24,100,NaN,100,NaN,NaN,NaN,NaN,0.0751657098377959,0.369758497255755,0,0
GNA11_MOUSE,VPTTGIIEYPFDLENIIFR,3,1,0.0103987969149276,0.09,NaN,-0.0118886728634974,0.0118886728634974,-0.0516206758513665,0.0516206758513665,NaN,0.230308353531227,-0.00486923138012171,0
GNA11_MOUSE,VPTTGIIEYPFDLENIIFR,3,31,0.00781073587816265,0.75,0.151873823315714,0.0152689312932148,0.0152689312932148,0.168839408242855,0.168839408242855,0.369867231253042,0.0904346411310108,0.0340172914214369,-0.265596611309093

