Protein,Peptide,charge,time,RSS,theta,min_rss_decoy,diff,abs_diff,perc_diff,abs_perc_diff,exp_RIA_decoy,theoRIA,min_kl,min_kl_decoy
STA5A_MOUSE,QVSLETWLQR,2,0,0.0198753838340622,0,0.0562302779409323,-0.0760157791644991,0.0760157791644991,-0.158879254184343,0.158879254184343,0.298357507951007,0.47845,0.032682173807946,0.176203009824719
STA5A_MOUSE,QVSLETWLQR,2,3,0.0041787567800035,0.23,0.00292681703593368,-0.0127997173988885,0.0127997173988885,-0.0306491494210084,0.0306491494210084,0.364711326893616,0.417620640072801,0.00645638641984942,0.00917974218185726
STA5A_MOUSE,QVSLETWLQR,2,6,0.000451182942767371,0.38,0.0467274138228706,0.00515819108735394,0.00515819108735394,0.0139459750982219,0.0139459750982219,0.554465779164499,0.36986951798097,0.00135737566346429,0.0636978556723746
STA5A_MOUSE,QVSLETWLQR,2,13,0.00498826754316012,0.68,0.010394272227629,-0.00372685461892019,0.00372685461892019,-0.0126492426255443,0.0126492426255443,0.364711326893616,0.294630653332087,0.0146471954416298,0.0249904745300229
STA5A_MOUSE,QVSLETWLQR,2,24,0.00524977276852326,0.42,0.00823319149954703,-0.141468677676547,0.141468677676547,-0.598633790760689,0.598633790760689,0.43042035747169,0.236319231991201,0.0106057095561091,0.000398392457624968

