Protein,Peptide,charge,time,RSS,theta,min_rss_decoy,diff,abs_diff,perc_diff,abs_perc_diff,exp_RIA_decoy,theoRIA,min_kl,min_kl_decoy
KT3K_MOUSE,VVDAPGGGSMLVMEHLDMR,3,1,0.00802059124962253,0,0.0739399385901413,0.0315924446606629,0.0315924446606629,0.111509461187718,0.111509461187718,0.501353875683364,0.283316270423721,-0.0659272345037817,-0.115218809956503
KT3K_MOUSE,VVDAPGGGSMLVMEHLDMR,3,2,0.00686714102083443,0,0.0739399385901413,0.02999149723669,0.02999149723669,0.105863848096001,0.105863848096001,0.501353875683364,0.283302541671191,-0.0120030562681887,-0.115218809956503
KT3K_MOUSE,VVDAPGGGSMLVMEHLDMR,3,9,0.0739399385901413,0,0.00802059124962253,-0.218147412219033,0.218147412219033,-0.770276954666001,0.770276954666001,0.251723825763058,0.283206463464331,-0.115218809956503,-0.0659272345037817

