Protein,Peptide,charge,time,RSS,theta,min_rss_decoy,diff,abs_diff,perc_diff,abs_perc_diff,exp_RIA_decoy,theoRIA,min_kl,min_kl_decoy
NAR1_MOUSE,FRPAGPGATVR,3,1,0.0704923148517696,0.990000000000001,0.0615230628053514,0.0137619661917175,0.0137619661917175,0.0866922678192334,0.0866922678192334,0.0846248590076941,0.158745024647565,0.173323094161515,0.184997402826596
NAR1_MOUSE,FRPAGPGATVR,3,6,0.0792038962770374,0.990000000000001,0.054420516041412,0.0609646386363041,0.0609646386363041,0.384089277227318,0.384089277227318,0.144983058455847,0.158725177324393,0.237479193102837,0.148229917308929
NAR1_MOUSE,FRPAGPGATVR,3,13,0.0403631504929655,0.990000000000001,0.0544191500847953,0.0741003183166991,0.0741003183166991,0.466846656376746,0.466846656376746,0.144983058455847,0.158725177324393,0.115648909623433,0.148229127359955

