Protein,Peptide,charge,time,RSS,theta,min_rss_decoy,diff,abs_diff,perc_diff,abs_perc_diff,exp_RIA_decoy,theoRIA,min_kl,min_kl_decoy
RM09_MOUSE,WELNPEIVAR,2,0,0.00889810644860325,0,0.00774577948016787,5.55111512312578E-17,5.55111512312578E-17,1.20420883785073E-16,1.20420883785073E-16,0.438968314146301,0.460976115491182,-0.0378498230367116,-0.0379297904319833
RM09_MOUSE,WELNPEIVAR,2,1,0.0119101738405293,0,0.00889810644860325,-0.0996982875108692,0.0996982875108692,-0.208673163991928,0.208673163991928,0.460976115491182,0.477772443775884,-0.0365868728082114,-0.0378498230367116
RM09_MOUSE,WELNPEIVAR,2,3,0.00696326877087683,0.08,0.00282607919594023,-0.0102848856500358,0.0102848856500358,-0.0239917966647628,0.0239917966647628,0.451463655799516,0.428683428496265,-0.0579877626740253,0.0426326743916003
RM09_MOUSE,WELNPEIVAR,2,9,0.00282997516206365,0.08,0.00697046224728066,-0.0305945340813323,0.0305945340813323,-0.0726937009691545,0.0726937009691545,0.438968314146301,0.420869121718183,0.0427329794118442,-0.0580752535506378

