Protein,Peptide,charge,time,RSS,theta,min_rss_decoy,diff,abs_diff,perc_diff,abs_perc_diff,exp_RIA_decoy,theoRIA,min_kl,min_kl_decoy
ARPC5_MOUSE,ALAAGGVGSIVR,2,1,0.0135206624212735,0.59,0.0614587550310526,0.147166359448101,0.147166359448101,0.313946115501615,0.313946115501615,0.161470010177259,0.468763116284979,-0.0202907878004178,0.111015164134493
ARPC5_MOUSE,ALAAGGVGSIVR,2,2,0.0472593349409084,0.820000000000001,0.10178852912671,0.223062407433055,0.223062407433055,0.544005180598381,0.544005180598381,0.477315987081428,0.410037285284115,0.128893684517517,-0.106362559307324
ARPC5_MOUSE,ALAAGGVGSIVR,2,3,0.00629436515559505,0.39,0.0692453169972014,-0.0227195241813891,0.0227195241813891,-0.0626837227464109,0.0626837227464109,0.198040337710301,0.362446950914222,-0.0311260015501523,0.13733211165074
ARPC5_MOUSE,ALAAGGVGSIVR,2,6,0.0428533505653377,0.880000000000001,0.0315731370618951,0.105829941650962,0.105829941650962,0.39592203787217,0.39592203787217,0.292543137476087,0.267299951828222,0.0872148816940628,-0.0309730271771156
ARPC5_MOUSE,ALAAGGVGSIVR,2,7,0.0162823520826089,0.6,0.00623968485480763,-0.0457678988298962,0.0457678988298962,-0.185463902622399,0.185463902622399,0.295101896526005,0.24677523864619,-0.040891410495441,0.0212275664096589
ARPC5_MOUSE,ALAAGGVGSIVR,2,9,0.00776395052444384,0.44,0.0356456714028223,-0.148221068086503,0.148221068086503,-0.68410745096342,0.68410745096342,0.224306283058936,0.216663431859666,-0.0348035543408289,0.0503492615795861
ARPC5_MOUSE,ALAAGGVGSIVR,2,16,0.0308844603675725,0.830000000000001,0.0265634501227557,-0.0257607432038964,0.0257607432038964,-0.149528696522087,0.149528696522087,0.292543137476087,0.172279594506405,0.117415257176791,-0.0376664645794496
ARPC5_MOUSE,ALAAGGVGSIVR,2,24,0.00829006157521907,0.81,0.030959465714964,-0.0627892607977286,0.0627892607977286,-0.38874701823183,0.38874701823183,0.198040337710301,0.161517022261208,-0.00723360770900037,0.11451379485729
ARPC5_MOUSE,QGNMTAALQAALK,2,2,0.00767964347595779,0,0.0754233132942652,-0.0940256334004187,0.0940256334004187,-0.245311765603866,0.245311765603866,0.224306283058936,0.383290353681009,-0.0634361308554459,0.149590052718998
ARPC5_MOUSE,QGNMTAALQAALK,2,3,0.00634269754465719,0.4,0.0541353405515088,0.0357578714215982,0.0357578714215982,0.10807561053256,0.10807561053256,0.477315987081428,0.330859767947603,0.0147264887965862,-0.141073346979165

