Protein,Peptide,charge,time,RSS,theta,min_rss_decoy,diff,abs_diff,perc_diff,abs_perc_diff,exp_RIA_decoy,theoRIA,min_kl,min_kl_decoy
PRELP_MOUSE,DFPNLAFIR,2,2,0.00247847362361059,0.05,0.0689155553416692,-2.6228806901285E-05,2.6228806901285E-05,-5.29325821491631E-05,5.29325821491631E-05,0.264055314254539,0.49551345950539,-0.0423491466509125,0.165315420889767
PRELP_MOUSE,DFPNLAFIR,2,7,100,NaN,100,NaN,NaN,NaN,NaN,0.495539688312291,0.511565224667104,0,0
PRELP_MOUSE,DFPNLAFIR,2,9,0.00231892181760463,0,0.0768693678486969,-0.000124545033822088,0.000124545033822088,-0.000238199060612081,0.000238199060612081,0.264055314254539,0.522861146060166,-0.0362775683243279,0.185602530967078
PRELP_MOUSE,LENLLLLDLQHNR,3,2,0.00268009439322318,0.05,0.0185223891989007,-0.0641646203896514,0.0641646203896514,-0.215708191137476,0.215708191137476,0.495539688312291,0.297460286748025,0.00111026868018661,-0.0751938753047794
PRELP_MOUSE,LENLLLLDLQHNR,3,6,0.0136582074376235,0.4,0.00762567018319069,-0.00585815409361373,0.00585815409361373,-0.0247294615252591,0.0247294615252591,0.264055314254539,0.236889674594415,0.053988324430744,-0.0104356437198512
PRELP_MOUSE,LENLLLLDLQHNR,3,9,0.00757812364679147,0.38,0.0143560313036494,-0.0655908020685698,0.0655908020685698,-0.33049133744933,0.33049133744933,0.361624907137676,0.198464512185969,-0.00904535575095405,0.0152460272463311

