Protein,Peptide,charge,time,RSS,theta,min_rss_decoy,diff,abs_diff,perc_diff,abs_perc_diff,exp_RIA_decoy,theoRIA,min_kl,min_kl_decoy
TIM9_MOUSE,FQEYHIQQNEALAAK,2,0,0.134652212222791,0,0.0547919418231851,-0.292564117988693,0.292564117988693,-0.836208071537122,0.836208071537122,0.222510257132452,0.34987,0.0790287589905169,-0.0352064064793654
TIM9_MOUSE,FQEYHIQQNEALAAK,2,1,0.0158840272928645,0,0.134652212222791,-0.0060712888572978,0.0060712888572978,-0.0183950503216053,0.0183950503216053,0.642434117988693,0.330050135832843,-0.0933458796542972,0.0790287589905169
TIM9_MOUSE,FQEYHIQQNEALAAK,2,9,0.0547919418231851,0,NaN,0.075133939360534,0.075133939360534,0.252428705971106,0.252428705971106,NaN,0.297644196492986,-0.0352064064793654,0
TIM9_MOUSE,FQEYHIQQNEALAAK,2,13,100,NaN,100,NaN,NaN,NaN,NaN,NaN,0.277514638445001,0,0
TIM9_MOUSE,FQEYHIQQNEALAAK,2,21,0.0156557831883872,0.07,0.0992236391259332,-0.0196735916118562,0.0196735916118562,-0.0812484088778039,0.0812484088778039,0.455901561497481,0.24214125400837,-0.0249884779549628,0.371633608430809
TIM9_MOUSE,FQEYHIQQNEALAAK,3,0,100,NaN,100,NaN,NaN,NaN,NaN,0.261814845620226,0.34987,0,0
TIM9_MOUSE,FQEYHIQQNEALAAK,3,6,0.0921581766363888,0.26,0.0222089763195317,-0.106454804048545,0.106454804048545,-0.304638122344292,0.304638122344292,0.261814845620226,0.349446757448936,0.287705089057255,-0.0725892613991259
TIM9_MOUSE,FQEYHIQQNEALAAK,3,13,0.0476591968675131,0.51,0.0943819828588434,-0.000864981710544166,0.000864981710544166,-0.00262572291343945,0.00262572291343945,0.336121424690141,0.329426119609521,0.14584542827141,-0.251933792880127

