Protein,Peptide,charge,time,RSS,theta,min_rss_decoy,diff,abs_diff,perc_diff,abs_perc_diff,exp_RIA_decoy,theoRIA,min_kl,min_kl_decoy
CLUS_MOUSE,VSTVTTHSSDSEVPSR,3,0,0.000346784988247927,0.940000000000001,0.147805494785235,0,0,0,0,0.127256968267538,0.382849320304884,0.000551167352880743,0.454243950908122
CLUS_MOUSE,VSTVTTHSSDSEVPSR,3,1,0.000159639774241106,0.13,0.0571407568279935,0.0151230115153504,0.0151230115153504,0.0407164972397945,0.0407164972397945,0.151487958951661,0.371422213121268,-0.00026881596245185,0.186398546591792
CLUS_MOUSE,VSTVTTHSSDSEVPSR,3,13,0.000587907447717157,0.69,0.0501398573837694,-0.00289955872124198,0.00289955872124198,-0.0154644930565187,0.0154644930565187,0.356299201605917,0.187497819077861,0.00415560459212283,0.190937603753821
CLUS_MOUSE,QQSQVLDAMQDSFAR,2,1,0.0414788657047589,0.42,0.036732462964717,-0.00219742526796743,0.00219742526796743,-0.00991478090815543,0.00991478090815543,0.127256968267538,0.221631248166052,0.122891884524127,0.105529092816714
CLUS_MOUSE,QQSQVLDAMQDSFAR,2,2,0.00912841893142378,0.54,NaN,-0.00612016155739262,0.00612016155739262,-0.0421012195761172,0.0421012195761172,NaN,0.145367797394268,0.0207139457457329,0
CLUS_MOUSE,QQSQVLDAMQDSFAR,2,7,0.00835911332518983,0.78,NaN,-0.0626233281758703,0.0626233281758703,-0.968896817308359,0.968896817308359,NaN,0.0646336400916672,0.0381178202336009,0
CLUS_MOUSE,QQSQVLDAMQDSFAR,2,13,100,NaN,100,NaN,NaN,NaN,NaN,0.116937422393927,0.0613712810371428,0,0
CLUS_MOUSE,QQSQVLDAMQDSFAR,2,24,0.0503696724010892,0.57,0.00439317412420277,-0.0556353136645007,0.0556353136645007,-0.907559541060203,0.907559541060203,0.190397377799103,0.0613021087294262,-0.126592565860982,0.0250550547493405

