Protein,Peptide,charge,time,RSS,theta,min_rss_decoy,diff,abs_diff,perc_diff,abs_perc_diff,exp_RIA_decoy,theoRIA,min_kl,min_kl_decoy
RAB3A_MOUSE,MSESLDTADPAVTGAK,2,1,0.038333075963178,0,NaN,-0.0337096249043354,0.0337096249043354,-0.111039330037738,0.111039330037738,NaN,0.30358274759834,-0.058820428732269,0
RAB3A_MOUSE,MSESLDTADPAVTGAK,2,31,100,NaN,100,NaN,NaN,NaN,NaN,0.337292372502676,0.0884095483763237,0,0

