Protein,Peptide,charge,time,RSS,theta,min_rss_decoy,diff,abs_diff,perc_diff,abs_perc_diff,exp_RIA_decoy,theoRIA,min_kl,min_kl_decoy
APOH_MOUSE,ATFGcHETYK,3,0,0.00551889088455267,0,0.0778663096839759,0.0492447963813333,0.0492447963813333,0.100797863844711,0.100797863844711,0.251325177816264,0.48855,-0.00768823520182471,0.159609703130454
APOH_MOUSE,ATFGcHETYK,3,1,0.00233814336975178,0.76,0.0393175060831541,-0.0124347778892923,0.0124347778892923,-0.0401115735944264,0.0401115735944264,0.488121932516489,0.310004738657775,0.0196800568749044,0.0242097946497875
APOH_MOUSE,ATFGcHETYK,3,13,0.00449155530830372,0.920000000000001,0.00837983588215498,-0.0213764877661316,0.0213764877661316,-0.0929619897441954,0.0929619897441954,0.322439516547067,0.229948690050132,0.0410417547985228,0.0540715773170619
APOH_MOUSE,IcPKPDDLPFATVVPLK,3,0,0.040314984499223,0,0.00826136606844127,-0.176591932516489,0.176591932516489,-0.566853697931144,0.566853697931144,0.251325177816264,0.31153,0.0270152086472426,0.0360879601171262
APOH_MOUSE,IcPKPDDLPFATVVPLK,3,3,0.0257155834325219,0,0.00225163419281041,-0.142074059867457,0.142074059867457,-0.456117426719909,0.456117426719909,0.322439516547067,0.311485708601748,0.0337930290284672,0.0123924023203832

