Protein,Peptide,charge,time,RSS,theta,min_rss_decoy,diff,abs_diff,perc_diff,abs_perc_diff,exp_RIA_decoy,theoRIA,min_kl,min_kl_decoy
PANK4_MOUSE,AIGAFLK,2,2,0.000404528290068018,0,0.00276316739963131,-2.24535651550672E-05,2.24535651550672E-05,-3.45396115170912E-05,3.45396115170912E-05,0.599608535023275,0.650081577899524,-0.0140721989866367,0.00514409110130569
PANK4_MOUSE,AIGAFLK,2,6,0.000507722934232693,0.15,0.0148398799460788,-6.21236217326349E-05,6.21236217326349E-05,-0.00010361770256853,0.00010361770256853,0.498838810244066,0.599546411401543,0.00768996868022324,0.0219281989118262
PANK4_MOUSE,AIGAFLK,2,16,0.000868455672414623,0.52,0.0312916136367474,0.140214615254312,0.140214615254312,0.219409848472313,0.219409848472313,0.650104031464679,0.639053425498378,0.00955564851513075,-0.000762547355877774

