Protein,Peptide,charge,time,RSS,theta,min_rss_decoy,diff,abs_diff,perc_diff,abs_perc_diff,exp_RIA_decoy,theoRIA,min_kl,min_kl_decoy
EIF3C_MOUSE,FEELTNLIR,2,0,0.00639274049905287,0,0.0763566481280908,0,0,0,0,0.286518721125014,0.463954022705025,0.00669456687928691,0.169586589155469
EIF3C_MOUSE,FEELTNLIR,2,1,0.00123451477155825,0.44,0.0395960164134575,0.0161608930858436,0.0161608930858436,0.0373866413177659,0.0373866413177659,0.242106476317242,0.432263838532189,-0.0196243915553498,0.0840827390201551
EIF3C_MOUSE,FEELTNLIR,2,2,0.000416119420121072,0.44,0.0223332718437001,-0.0216384764037956,0.0216384764037956,-0.057471229386129,0.057471229386129,0.280666604693134,0.37650971860049,0.00186051080228857,0.0184960272746748
EIF3C_MOUSE,FEELTNLIR,2,3,0.00341505853645068,0.74,0.00469791432401715,0.00415199772651881,0.00415199772651881,0.0122797711146148,0.0122797711146148,0.286518721125014,0.338116866166771,0.030816809963983,0.0183172400140683
EIF3C_MOUSE,FEELTNLIR,2,6,0.00161945666747158,0.73,0.00493387367235169,-0.0400269993080515,0.0400269993080515,-0.14247650213761,0.14247650213761,0.286518721125014,0.280937549052066,0.0107817607560751,0.0187266742912562
EIF3C_MOUSE,FEELTNLIR,2,7,0.0396724558440409,0.910000000000001,0.00620677015623203,0.0322726377375402,0.0322726377375402,0.118516551212403,0.118516551212403,0.333964868440252,0.272304900939126,0.0770126379724542,0.0483519572854935
EIF3C_MOUSE,FEELTNLIR,2,9,0.000815173481235113,0.990000000000001,0.028286583935079,0.02016043259416,0.02016043259416,0.0768699058445477,0.0768699058445477,0.398148195004285,0.262266908911402,0.00578869155333745,0.0737999513703885
EIF3C_MOUSE,FEELTNLIR,2,21,0.00195878279550448,0.910000000000001,0.0396725203001287,-0.0332012245418934,0.0332012245418934,-0.131065658668386,0.131065658668386,0.240032263201586,0.253317496583121,0.0161680920702763,0.0770129131995609
EIF3C_MOUSE,FEELTNLIR,2,31,0.00397508830154329,0.890000000000001,0.0038170378081692,-0.0274495471002766,0.0274495471002766,-0.108403230656018,0.108403230656018,0.320964548360117,0.253217057592857,-0.0440214589545722,0.0186563910577223

