Protein,Peptide,charge,time,RSS,theta,min_rss_decoy,diff,abs_diff,perc_diff,abs_perc_diff,exp_RIA_decoy,theoRIA,min_kl,min_kl_decoy
CMYA5_MOUSE,LAQSPEEDKVR,3,0,0.516114808604033,0,0.588984923325969,0.422290971695954,0.422290971695954,0.859730392915071,0.859730392915071,0.0247885648162507,0.49119,0.976342653650073,1.38905871876037
CMYA5_MOUSE,LAQSPEEDKVR,3,21,0.523554363312767,0.6,0.469400262435283,0.10658641898305,0.10658641898305,0.811314421517876,0.811314421517876,0.0688990283040462,0.131374983799301,1.31398891116856,1.31884012855608

