Protein,Peptide,charge,time,RSS,theta,min_rss_decoy,diff,abs_diff,perc_diff,abs_perc_diff,exp_RIA_decoy,theoRIA,min_kl,min_kl_decoy
OX2G_MOUSE,THGVVIQPAYK,3,0,0.00590472371043286,0,0.0102509854398586,0,0,0,0,0.473181240720229,0.499463900315704,0.0121905332197691,-0.032419030778572
OX2G_MOUSE,THGVVIQPAYK,3,1,0.0102509854398586,0,0.0268434274553539,-0.0221209285898786,0.0221209285898786,-0.0490420637661553,0.0490420637661553,0.375186551569968,0.45106031213035,-0.032419030778572,0.0355691610840737
OX2G_MOUSE,THGVVIQPAYK,3,3,0.00683930109302621,0.1,0.0242699223487296,-0.0122499627788084,0.0122499627788084,-0.0291469231199596,0.0291469231199596,0.354477778033455,0.420283222636963,0.0151031776043542,0.0275677258813248
OX2G_MOUSE,THGVVIQPAYK,3,6,0.0205245969679712,0.25,0.0191990993912706,-0.00313180791081685,0.00313180791081685,-0.00841759973281238,0.00841759973281238,0.354477778033455,0.372054743659152,0.0302266359591073,0.0268011895653055
OX2G_MOUSE,THGVVIQPAYK,3,9,0.0184063709395656,0.34,0.021432883536576,-0.0197602174994972,0.0197602174994972,-0.059035496876754,0.059035496876754,0.375186551569968,0.334717560533958,0.0323581039912878,0.037187898789612
OX2G_MOUSE,THGVVIQPAYK,3,13,0.0152704783208166,0.61,0.0608066393051121,0.0114309640348227,0.0114309640348227,0.038396541581307,0.038396541581307,0.499463900315704,0.297708167560273,0.0635519297656601,0.139402471597919
OX2G_MOUSE,THGVVIQPAYK,3,16,0.0162483659380216,0.65,0.0628216806120993,0.00558771623812504,0.00558771623812504,0.0201605826788464,0.0201605826788464,0.473181240720229,0.277160453501573,0.0311860427849519,-0.0599518601004009
OX2G_MOUSE,THGVVIQPAYK,3,21,0.00458143286399084,0.81,0.0892428069811882,0.00477713201889213,0.00477713201889213,0.0189045086066625,0.0189045086066625,0.473181240720229,0.252698026607713,0.017221312005944,-0.0469886285881523

