Protein,Peptide,charge,time,RSS,theta,min_rss_decoy,diff,abs_diff,perc_diff,abs_perc_diff,exp_RIA_decoy,theoRIA,min_kl,min_kl_decoy
RS15A_MOUSE,MNVLADALK,2,0,100,NaN,100,NaN,NaN,NaN,NaN,0.370587623934841,0.54777,0,0
RS15A_MOUSE,MNVLADALK,2,3,0.0553022774556395,0.990000000000001,0.0140194526756239,0.0259105499836113,0.0259105499836113,0.0958631862089246,0.0958631862089246,0.370587623934841,0.270286759790581,0.0988687147611959,0.0194419034344704
RS15A_MOUSE,MNVLADALK,2,7,0.258709346557907,0.990000000000001,0.0142556032236366,0.219152593197412,0.219152593197412,0.810908173825644,0.810908173825644,0.370587623934841,0.270255745682659,0.888360252220796,0.019945224533111
RS15A_MOUSE,MNVLADALK,2,9,0.219539196039056,0.990000000000001,0.0149389024594026,0.202668929917929,0.202668929917929,0.749915342339543,0.749915342339543,0.380915715804083,0.270255745516092,0.701542467190086,0.0155561459580578
RS15A_MOUSE,MNVLADALK,2,16,0.0181638173426204,0.990000000000001,0.0142557501059578,-0.000793105503348546,0.000793105503348546,-0.00293464807504882,0.00293464807504882,0.370587623934841,0.270255745515705,0.0135096815562056,0.0199457975589042
RS15A_MOUSE,WQNNLLPSR,2,3,0.000961052722934006,0.04,0.0212910069281054,-0.0254983364517231,0.0254983364517231,-0.0523137544081263,0.0523137544081263,0.380915715804083,0.487411709218909,0.00059744947302125,0.0515687056666861
RS15A_MOUSE,WQNNLLPSR,2,6,0.00375282731193255,0.22,0.00459660222682752,-0.0444906766479876,0.0444906766479876,-0.104899975999923,0.104899975999923,0.512910045670632,0.424124755262291,0.00342210148494355,0.00418413886478594
RS15A_MOUSE,WQNNLLPSR,2,16,0.00111288726347726,0.45,0.0194051861054475,0.0198464729604168,0.0198464729604168,0.0491847555545604,0.0491847555545604,0.512910045670632,0.403508622471472,0.00633191009562041,0.0351369025248029
RS15A_MOUSE,WQNNLLPSR,2,21,0.000196049266743273,0.48,0.310147300706428,-0.00244918137934685,0.00244918137934685,-0.00647132878754941,0.00647132878754941,0.0675868155981636,0.378466534424736,-0.00827344792307544,0.953965627533522
RS15A_MOUSE,WQNNLLPSR,2,24,0.00196204037040574,0.52,0.344256889976205,-0.0159552435617338,0.0159552435617338,-0.0436854830932193,0.0436854830932193,0.0511031524852464,0.365229875738979,0.0243522537266014,1.13586743351813
RS15A_MOUSE,WQNNLLPSR,2,31,0.000976901999735157,0.5,0.000229133988920961,-0.0317836080352257,0.0317836080352257,-0.0938111903745642,0.0938111903745642,0.380915715804083,0.338804015899615,-0.00749017179606689,-0.00860560825296745

