Protein,Peptide,charge,time,RSS,theta,min_rss_decoy,diff,abs_diff,perc_diff,abs_perc_diff,exp_RIA_decoy,theoRIA,min_kl,min_kl_decoy
GPAT1_MOUSE,GMFATSVTENVLSSSR,2,0,0.0299624656040982,0,0.0106757129291537,0.0641024613716714,0.0641024613716714,0.17148407311648,0.17148407311648,0.306098523772643,0.37381,-0.0667824538132634,-0.0104796401555308
GPAT1_MOUSE,GMFATSVTENVLSSSR,2,6,0.0133774691079182,0,0.0106757129291537,-0.0637803552366826,0.0637803552366826,-0.180098505795332,0.180098505795332,0.306098523772643,0.354141501369057,-0.0994239640792444,-0.0104796401555308
GPAT1_MOUSE,GMFATSVTENVLSSSR,2,9,0.0058282566499252,0.19,0.0307608375743661,0.0387360557225336,0.0387360557225336,0.112332283436428,0.112332283436428,0.309707538628329,0.344834579495177,-0.0629489009722828,-0.137802376887983

