Protein,Peptide,charge,time,RSS,theta,min_rss_decoy,diff,abs_diff,perc_diff,abs_perc_diff,exp_RIA_decoy,theoRIA,min_kl,min_kl_decoy
U5S1_MOUSE,AFIPAIDSFGFETDLR,2,0,0.00157809131187627,0,0.0152469246803613,0,0,0,0,0.239879444949723,0.338837369656753,0.0028521412050416,0.0467629932151838
U5S1_MOUSE,AFIPAIDSFGFETDLR,2,1,0.000619124809110616,0.16,0.00653624120492372,-0.0135412941065298,0.0135412941065298,-0.0479061875303206,0.0479061875303206,0.239879444949723,0.282662737416941,0.00118984916408538,0.018560921025898
U5S1_MOUSE,AFIPAIDSFGFETDLR,2,2,0.00340058489720484,0.31,0.00987362510384174,-0.000687705829409274,0.000687705829409274,-0.00287512366413022,0.00287512366413022,0.338837369656753,0.239191739120313,0.0205410008440044,0.0772789670160883

