Protein,Peptide,charge,time,RSS,theta,min_rss_decoy,diff,abs_diff,perc_diff,abs_perc_diff,exp_RIA_decoy,theoRIA,min_kl,min_kl_decoy
KANK2_MOUSE,TQDDIETILQLFR,2,0,0.469001178974147,0,0.109046249699715,0.358167463923836,0.358167463923836,0.899534027987632,0.899534027987632,0.168876226041681,0.39817,1.35657017897842,0.112949269015187
KANK2_MOUSE,TQDDIETILQLFR,2,1,0.166694659984943,0.990000000000001,0.0708772688987741,0.250390552945391,0.250390552945391,0.941013150724365,0.941013150724365,0.168876226041681,0.266086135727909,0.915476709029146,-0.220353429162994
KANK2_MOUSE,TQDDIETILQLFR,2,16,0.119094237988246,0.990000000000001,0.140405362932584,0.121613576980884,0.121613576980884,0.860822150392935,0.860822150392935,0.0156955827825183,0.141276077672226,0.605354453197606,0.773703352074201
KANK2_MOUSE,TQDDIETILQLFR,2,24,0.132305101359051,0.990000000000001,0.207277630289446,0.129839275359802,0.129839275359802,0.919062491592045,0.919062491592045,0.0400025360761645,0.141273609300373,0.810681107820086,0.475939412712789
KANK2_MOUSE,TQDDIETILQLFR,2,31,0.109667339735438,0.990000000000001,0.0996910008861775,0.110000221883845,0.110000221883845,0.778632529994634,0.778632529994634,0.386970484466556,0.141273601662395,0.503510615663053,0.341201120455196
KANK2_MOUSE,ALTTSGGPENTLVFR,2,3,0.0121514569952202,0,0.00158090786285137,-0.0107217179997621,0.0107217179997621,-0.0268489275157959,0.0268489275157959,0.417511261718174,0.39933505699452,-0.0665323318051329,-0.0126055754621159
KANK2_MOUSE,ALTTSGGPENTLVFR,2,6,0.0763643010350314,0.55,0.0491271289555836,0.217062063674215,0.217062063674215,0.562426868383551,0.562426868383551,0.417511261718174,0.385938289715896,-0.141556695413843,0.0305907690441959
KANK2_MOUSE,ALTTSGGPENTLVFR,2,7,0.0467667432744113,0.57,0.0522798367298425,0.206454116715351,0.206454116715351,0.53958943806902,0.53958943806902,0.417511261718174,0.382613339234678,-0.00876475583045952,0.0350503445416563
KANK2_MOUSE,ALTTSGGPENTLVFR,2,16,0.00158090786285137,0,0.421039624044079,-0.0536509863820969,0.0536509863820969,-0.147449419512868,0.147449419512868,0.0114343339405712,0.363860275336077,-0.0126055754621159,2.1795944233113
KANK2_MOUSE,ALTTSGGPENTLVFR,2,24,0.00159160135343647,0.03,0.365962604396627,-0.0710111968416471,0.0710111968416471,-0.224747933113294,0.224747933113294,0.0312733797785503,0.315959287624909,0.00762205685019504,1.49732353864923

