Protein,Peptide,charge,time,RSS,theta,min_rss_decoy,diff,abs_diff,perc_diff,abs_perc_diff,exp_RIA_decoy,theoRIA,min_kl,min_kl_decoy
AHSA1_MOUSE,ETFLTSPEELYR,2,1,0.00415632231752873,0.56,0.0190814921578921,0.0837485019740326,0.0837485019740326,0.227982935548523,0.227982935548523,0.177884734784014,0.367345484751019,0.0304633946390647,0.0749778331051425
AHSA1_MOUSE,ETFLTSPEELYR,2,2,0.00291779039896053,0.35,0.0343851371162822,0.00875114023038837,0.00875114023038837,0.0268318963780199,0.0268318963780199,0.180520557152105,0.32614691511544,0.0274895653247284,0.0725603167575384
AHSA1_MOUSE,ETFLTSPEELYR,2,3,0.00229156035832285,0.26,0.00974502990132044,-0.062428960209549,0.062428960209549,-0.213287577583325,0.213287577583325,0.283596982776987,0.292698528985636,-0.0433449847329016,0.0482906299493248
AHSA1_MOUSE,ETFLTSPEELYR,2,9,0.0063475269868182,0.840000000000001,0.0295702445032891,0.0117991077022649,0.0117991077022649,0.0622040736185442,0.0622040736185442,0.317395774885052,0.189683842486279,0.0329113454434084,0.0990717992228017
AHSA1_MOUSE,ETFLTSPEELYR,2,21,0.021869362037968,0.69,0.0215589265914581,-0.0287883115114372,0.0287883115114372,-0.189731005363314,0.189731005363314,0.295830897065676,0.151732245640668,0.0672481049024469,0.0751668846236721
AHSA1_MOUSE,ADATNVNNWHWTER,3,1,0.00746126270826982,0.2,0.0340084486952581,0.030896104465551,0.030896104465551,0.0945624460811455,0.0945624460811455,0.177884734784014,0.326727001531227,0.0152397403527103,0.117842224811374
AHSA1_MOUSE,ADATNVNNWHWTER,3,3,0.00455503738153974,0.23,0.00497763884118332,-0.0771843054529762,0.0771843054529762,-0.300316244260771,0.300316244260771,0.283596982776987,0.257010091621802,-0.0029016422024681,0.0303427814290683
AHSA1_MOUSE,EAVGIYISTLK,2,6,0.00142050131573205,0.57,0.0156291971094589,0.010188151689428,0.010188151689428,0.028637206003889,0.028637206003889,0.255860297412049,0.35576626043911,-0.00165252788700553,-0.0139854290340874
AHSA1_MOUSE,EAVGIYISTLK,2,21,0.00525401152746984,0.910000000000001,0.0137008388932739,-0.00491361885725683,0.00491361885725683,-0.019580330313812,0.019580330313812,0.355127489195185,0.250946678554792,-0.0539228094880057,-0.0403645405466601

