Protein,Peptide,charge,time,RSS,theta,min_rss_decoy,diff,abs_diff,perc_diff,abs_perc_diff,exp_RIA_decoy,theoRIA,min_kl,min_kl_decoy
NUDC2_MOUSE,AQDIQcGLQSR,2,0,0.00449005752964765,0,0.00617311463002734,0,0,0,0,0.43323521885071,0.501463051445843,-0.0555330622304913,-0.00390859366818442
NUDC2_MOUSE,AQDIQcGLQSR,2,1,0.00202815826830165,0.17,0.0121011864562617,0.0456467356863839,0.0456467356863839,0.095319389786796,0.095319389786796,0.501463051445843,0.478881954537094,-0.0313852260832835,-0.0899532792857423
NUDC2_MOUSE,AQDIQcGLQSR,2,9,0.0236049077261509,0.29,0.0272960134552997,0.0088127437410831,0.0088127437410831,0.0235160336775396,0.0235160336775396,0.501463051445843,0.37475468278055,-0.117432017358333,-0.120554285078317

