Protein,Peptide,charge,time,RSS,theta,min_rss_decoy,diff,abs_diff,perc_diff,abs_perc_diff,exp_RIA_decoy,theoRIA,min_kl,min_kl_decoy
GNPAT_MOUSE,NQLLNIFAR,2,0,0.0746553836458899,0,0.114772890953237,0.2282210245216,0.2282210245216,0.434830950788988,0.434830950788988,0.249719822558272,0.52485,0.121697064077642,0.246924098628833
GNPAT_MOUSE,NQLLNIFAR,2,3,0.00154783389222373,0.17,0.0772417709992609,-0.0534046517007725,0.0534046517007725,-0.124809387321514,0.124809387321514,0.267872160549788,0.427889703225606,0.00321637031998569,0.0908015533814524
GNPAT_MOUSE,FGLLNIVMEPFFK,2,0,0.00315001253600374,0,0.000782961365158979,-0.0409169560581279,0.0409169560581279,-0.11370874849413,0.11370874849413,0.340375134196004,0.35984,0.015176818778418,0.00201337496626386
GNPAT_MOUSE,FGLLNIVMEPFFK,2,1,0.00036205864848023,0.11,0.034278554649075,-0.0198846791484654,0.0198846791484654,-0.0620445284260211,0.0620445284260211,0.203418591337699,0.320490455047538,0.00396981791171517,0.0778750496644098
GNPAT_MOUSE,NVFSDEFIFLPGNTLR,2,0,0.0310589777281827,0,0.0324066036124171,0.0565078394502121,0.0565078394502121,0.174202600191788,0.174202600191788,0.481294354926378,0.32438,0.00821454081710559,0.0425080211744324
GNPAT_MOUSE,NVFSDEFIFLPGNTLR,2,1,0.00690235116686012,0.37,0.0186953910424072,0.0117166315097306,0.0117166315097306,0.0448163648466673,0.0448163648466673,0.2966289754784,0.261436454068003,-0.0736808911380003,-0.0419231431324832
GNPAT_MOUSE,NVFSDEFIFLPGNTLR,2,2,0.0285474223934737,0,0.0310589777281827,-0.142315671999485,0.142315671999485,-0.657251601136631,0.657251601136631,0.267872160549788,0.216531495325943,-0.0855736122443617,0.00821454081710559
GNPAT_MOUSE,NVFSDEFIFLPGNTLR,2,3,0.0076407812001999,0.49,0.0266297231507502,-0.0189230305904116,0.0189230305904116,-0.10256631928576,0.10256631928576,0.340375134196004,0.184495560747288,-0.0270938543878534,0.145743634063034
GNPAT_MOUSE,NVFSDEFIFLPGNTLR,2,16,100,NaN,100,NaN,NaN,NaN,NaN,0.267872160549788,0.105734822749406,0,0

