Protein,Peptide,charge,time,RSS,theta,min_rss_decoy,diff,abs_diff,perc_diff,abs_perc_diff,exp_RIA_decoy,theoRIA,min_kl,min_kl_decoy
PRPS1_MOUSE,LNVDFALIHK,3,0,0.00825967565496222,0,0.0109081767150281,0,0,0,0,0.431476150903717,0.452039730845796,-0.0349737332358288,0.0228739629593369
PRPS1_MOUSE,LNVDFALIHK,3,1,0.0023604179218588,0,0.0109081767150281,-0.0191103344727032,0.0191103344727032,-0.0380867225248938,0.0380867225248938,0.431476150903717,0.501758439839828,-0.0423270754413009,0.0228739629593369
PRPS1_MOUSE,LNVDFALIHK,3,6,0.00419584540264225,0.25,0.0112470227176209,-0.0188355044770068,0.0188355044770068,-0.0469131443482152,0.0469131443482152,0.520868774312532,0.401497378585399,-0.0113179961046167,-0.0648807408975342
PRPS1_MOUSE,LNVDFALIHK,3,7,0.00189492405868179,0,0.0260914353916491,-0.107939560190951,0.107939560190951,-0.258106891265264,0.258106891265264,0.358853725297463,0.418197126244175,-0.00405433819445108,0.042729184847618
PRPS1_MOUSE,LNVDFALIHK,3,9,0.00471184238831351,0.29,0.0445061712850721,-0.0611251858485009,0.0611251858485009,-0.165046649303013,0.165046649303013,0.251626023843706,0.370350965055216,0.0176020355206883,0.0580479649953541
PRPS1_MOUSE,LNVDFALIHK,3,13,0.0132986641468619,0.950000000000001,0.0860694943651149,0.0616337768939215,0.0616337768939215,0.181917730230718,0.181917730230718,0.520868774312532,0.33880027425449,0.0640619797390598,-0.0563368277416954
PRPS1_MOUSE,LNVDFALIHK,3,31,0.00713862447393675,0.990000000000001,0.0658977019184542,0.0227737027571149,0.0227737027571149,0.0829946262674109,0.0829946262674109,0.452039730845796,0.274399726600821,-0.0413940083853307,-0.0763475171948481
PRPS1_MOUSE,VYAILTHGIFSGPAISR,3,0,0.00910905658350709,0,0.00144097348780146,-0.0743329003271195,0.0743329003271195,-0.220965815478952,0.220965815478952,0.358853725297463,0.3364,-0.0160243226207441,-0.0308199679040836
PRPS1_MOUSE,VYAILTHGIFSGPAISR,3,1,0.00144097348780146,0,0.0139711922429569,-0.0147731455717436,0.0147731455717436,-0.042935133344404,0.042935133344404,0.431476150903717,0.344080579725719,-0.0308199679040836,0.0444837977622274

