Protein,Peptide,charge,time,RSS,theta,min_rss_decoy,diff,abs_diff,perc_diff,abs_perc_diff,exp_RIA_decoy,theoRIA,min_kl,min_kl_decoy
MYL9_MOUSE,GNFNYVEFTR,2,2,0.00206505553994456,0.36,0.0540377810954675,0.047209649646318,0.047209649646318,0.10980791433374,0.10980791433374,0.199157281063131,0.429929390178864,0.0198296221981043,0.17308337300841
MYL9_MOUSE,GNFNYVEFTR,2,3,0.000598618324327259,0.23,0.0703704185431976,-0.00703086294534239,0.00703086294534239,-0.0171310998422862,0.0171310998422862,0.199157281063131,0.410415151979179,0.0109333282071088,0.215979797541216
MYL9_MOUSE,GNFNYVEFTR,2,7,0.00420781257343984,0.55,0.0346067972374633,0.0206847071805813,0.0206847071805813,0.0590975752200183,0.0590975752200183,0.195090430817916,0.350009405691736,0.016856937504929,0.112416676196105
MYL9_MOUSE,LNGTDPEDVIR,2,21,0.00620475165828503,0.17,0.00275874940141584,-0.0469523204260331,0.0469523204260331,-0.115029267590874,0.115029267590874,0.417446014924521,0.408177165771664,0.0641572997227511,0.0137806057088073
MYL9_MOUSE,EAFNMIDQNR,2,21,0.0021188879821637,0.870000000000001,0.078597845047003,0.00358601216195281,0.00358601216195281,0.0176874514806842,0.0176874514806842,0.258597131314432,0.202743293225084,0.013370350392128,0.23907601344087
MYL9_MOUSE,EAFNMIDQNR,2,24,0.000456916592092175,0.890000000000001,0.0757365639175085,-0.00261902468563679,0.00261902468563679,-0.013607344271371,0.013607344271371,0.417446014924521,0.192471406132279,0.00381039560858128,0.361491280099865
MYL9_MOUSE,ATSNVFAMFDQSQIQEFK,3,21,0.0205353289789399,0.8,0.161020905771723,-0.0300422573314465,0.0300422573314465,-0.607156415995643,0.607156415995643,0.382719740532546,0.0494802600120462,0.088740289226354,0.603946368942553
MYL9_MOUSE,AMFDQSQIQEFK,2,24,0.0673880003621169,0.56,0.036118097022305,-0.00125678687224112,0.00125678687224112,-0.00488375375017596,0.00488375375017596,0.382719740532546,0.257340344442191,0.203162272478412,0.125113173037443

