Protein,Peptide,charge,time,RSS,theta,min_rss_decoy,diff,abs_diff,perc_diff,abs_perc_diff,exp_RIA_decoy,theoRIA,min_kl,min_kl_decoy
ACTY_MOUSE,LYSTWIGGSILASLDTFK,2,0,0.000576666576025426,0,0.0306095022228038,0,0,0,0,0.171085043025433,0.305865191159846,-0.00744118209258688,0.0994027043549498
ACTY_MOUSE,LYSTWIGGSILASLDTFK,2,1,0.00089719324183888,0.01,0.00064835471362562,-0.0169934459560223,0.0169934459560223,-0.0622911040430353,0.0622911040430353,0.305865191159846,0.272806947590494,-0.00763820155142212,-0.00754538667905979
ACTY_MOUSE,LYSTWIGGSILASLDTFK,2,13,0.001228891200388,0.6,0.0293445691454567,-0.00882761364301754,0.00882761364301754,-0.0544049888909076,0.0544049888909076,0.289800393546516,0.162257429382416,0.00755578011341374,0.0486233903995608
ACTY_MOUSE,LYSTWIGGSILASLDTFK,3,1,0.00300745811796462,0,0.0080305502039226,-0.0618987149355063,0.0618987149355063,-0.217210252395228,0.217210252395228,0.276113427332628,0.284971424013991,0.0114666260379466,-0.0305722548506695
ACTY_MOUSE,TLFSNIVLSGGSTLFK,3,13,0.00787499373712748,0.43,0.00796701283981813,-0.0028030335779991,0.0028030335779991,-0.0102558616212583,0.0102558616212583,0.346870138949497,0.273310393754629,-0.0583339668798815,0.0385993917773004

