Protein,Peptide,charge,time,RSS,theta,min_rss_decoy,diff,abs_diff,perc_diff,abs_perc_diff,exp_RIA_decoy,theoRIA,min_kl,min_kl_decoy
COXM1_MOUSE,DSGILMVLK,2,0,0.00420856868072153,0,0.0360988145198358,0,0,0,0,0.408399070599041,0.526149155501065,0.0215848267389502,0.0396891784197036
COXM1_MOUSE,DSGILMVLK,2,13,0.0118726487371289,0.67,0.0169482754928632,0.101296110898597,0.101296110898597,0.198738608046006,0.198738608046006,0.494536469547576,0.509695181497638,0.0182793048874856,0.0852007991483762
COXM1_MOUSE,DSGILMVLK,2,21,0.00732982583051251,0.25,0.0214486264327348,-0.0470254582362679,0.0470254582362679,-0.105082237191154,0.105082237191154,0.408399070599041,0.447511011311308,0.0413812929914605,0.0218944298026253

