Protein,Peptide,charge,time,RSS,theta,min_rss_decoy,diff,abs_diff,perc_diff,abs_perc_diff,exp_RIA_decoy,theoRIA,min_kl,min_kl_decoy
IDE_MOUSE,LLMTEVAWTK,2,1,0.00716289664238409,0.56,0.00414268965812284,0.0103045248891017,0.0103045248891017,0.026608820921747,0.026608820921747,0.348978928434806,0.387259733131579,0.0285378142808331,0.0161805477376953
IDE_MOUSE,LLMTEVAWTK,2,3,0.00244973166263843,0.66,0.023990240180566,-0.0346675708387561,0.0346675708387561,-0.110296907830198,0.110296907830198,0.273431358896592,0.31431135759605,0.00789055686974518,0.0735280958150991
IDE_MOUSE,LLMTEVAWTK,2,9,0.0156469441289177,0.990000000000001,0.00764816180656704,0.00703925557363883,0.00703925557363883,0.0250980145885692,0.0250980145885692,0.348978928434806,0.280470614470231,0.0451810586439967,0.0127589534367456

