Protein,Peptide,charge,time,RSS,theta,min_rss_decoy,diff,abs_diff,perc_diff,abs_perc_diff,exp_RIA_decoy,theoRIA,min_kl,min_kl_decoy
RAB10_MOUSE,AFLTLAEDILR,2,0,0.000457589288389478,0,0.0635869272993856,0,0,0,0,0.258157352375498,0.47007019949104,0.00839917745805363,0.154743215597716
RAB10_MOUSE,AFLTLAEDILR,2,1,0.000407321345805138,0.03,0.00501203306539122,-0.0297356693284624,0.0297356693284624,-0.0677265702815194,0.0677265702815194,0.404315563864809,0.439054704894401,0.00261317866955802,0.0142225853779543
RAB10_MOUSE,AFLTLAEDILR,2,2,0.000142887424122605,0.17,0.00276658921601413,-0.0510863569306084,0.0510863569306084,-0.136708558541877,0.136708558541877,0.468790374222863,0.373688066610398,0.00789587433757219,0.0145619284377561
RAB10_MOUSE,AFLTLAEDILR,2,3,8.52999328467504E-05,0.23,0.00527218048363099,-0.0140228703667736,0.0140228703667736,-0.0359291132024335,0.0359291132024335,0.468790374222863,0.390292693498035,0.00641461399346728,0.0244328331947367
RAB10_MOUSE,AFLTLAEDILR,2,6,0.000620281188154304,0.5,0.0082438813080646,0.0087336921963666,0.0087336921963666,0.0262829484530199,0.0262829484530199,0.404315563864809,0.332294993918885,0.0150771845673969,0.0427649411057223
RAB10_MOUSE,AFLTLAEDILR,2,9,0.000781949507723535,0.62,0.00238099679450346,0.00149777590084066,0.00149777590084066,0.0051546078410502,0.0051546078410502,0.323561301722518,0.29057029109231,0.0125008545633746,0.0240528132011776
RAB10_MOUSE,AFLTLAEDILR,2,13,0.00122428081787811,0.74,0.0023054017319569,-0.00560606199973307,0.00560606199973307,-0.022197716714858,0.022197716714858,0.289072515191469,0.252551290375764,0.0110796934737059,0.0218674155762587
RAB10_MOUSE,AFLTLAEDILR,2,16,0.000300145045855499,0.880000000000001,0.0594263800146039,0.0140460597725734,0.0140460597725734,0.0602315385399896,0.0602315385399896,0.424774423541006,0.233201078920603,0.00375677197186255,0.227861813923357
RAB10_MOUSE,AFLTLAEDILR,2,31,0.000654721626732476,0.900000000000001,0.00429848936691339,-0.0205038143617681,0.0205038143617681,-0.106156134998045,0.106156134998045,0.258157352375498,0.193147709853469,0.0129027043872852,0.024640727423544

