Protein,Peptide,charge,time,RSS,theta,min_rss_decoy,diff,abs_diff,perc_diff,abs_perc_diff,exp_RIA_decoy,theoRIA,min_kl,min_kl_decoy
LACTB_MOUSE,WAGGGFLSTVGDLLK,2,0,0.000295366858703024,0,0.00116924747222316,0,0,0,0,0.390703218364607,0.400339736706016,-0.00320185576875531,0.000283190750317838
LACTB_MOUSE,WAGGGFLSTVGDLLK,2,1,0.00116924747222316,0,0.00594005128902647,-0.00648252739838862,0.00648252739838862,-0.0168718852232728,0.0168718852232728,0.348888922743133,0.384220690966219,0.000283190750317838,0.0337807328319724
LACTB_MOUSE,WAGGGFLSTVGDLLK,2,2,0.00126382340619122,0.02,0.0397369860132189,-0.0125825016732623,0.0125825016732623,-0.0338403913329159,0.0338403913329159,0.340829302974881,0.371819035704341,-0.0209682120720568,-0.0393829297264534
LACTB_MOUSE,WAGGGFLSTVGDLLK,2,6,0.00028295626303671,0.17,0.0159259273557277,-0.0339306288295421,0.0339306288295421,-0.102565309841632,0.102565309841632,0.410760216308453,0.330819737023496,-0.0103450876727415,-0.0974853545039918
LACTB_MOUSE,WAGGGFLSTVGDLLK,2,7,0.0013913770734907,0.22,0.00229768339652074,0.00765141800718611,0.00765141800718611,0.0214601747198764,0.0214601747198764,0.37513101043785,0.356540340750319,0.00659067171129309,0.0161748346289345
LACTB_MOUSE,WAGGGFLSTVGDLLK,2,9,0.000553701504023521,0.08,0.000621485083310252,-0.0502954440379728,0.0502954440379728,-0.154833550387947,0.154833550387947,0.400339736706016,0.324835566399877,0.00365781883433641,-0.00606009216963317
LACTB_MOUSE,WAGGGFLSTVGDLLK,2,13,0.000385102273529484,0.22,0.00398022270503048,-0.0141155571503351,0.0141155571503351,-0.04331054825988,0.04331054825988,0.400339736706016,0.325914995710428,0.00141270365488382,-0.00214916134060982
LACTB_MOUSE,WAGGGFLSTVGDLLK,2,24,0.00140156532210822,0.35,0.00201502325111689,-0.0427732195468101,0.0427732195468101,-0.152013084184142,0.152013084184142,0.340030552860763,0.281378539067048,0.00637427579975412,0.00690504448465079
LACTB_MOUSE,LLISHLSGIR,2,13,0.0477770042925914,0.48,0.000784267965744347,0.0869113842943653,0.0869113842943653,0.203187087132672,0.203187087132672,0.400339736706016,0.427740687269246,-0.05508789087726,-0.00589325026468291
LACTB_MOUSE,LLISHLSGIR,2,16,100,NaN,100,NaN,NaN,NaN,NaN,0.340829302974881,0.411296731457377,0,0
LACTB_MOUSE,LLISHLSGIR,2,21,0.0141124382422952,0.43,0.0015712470713475,-0.0238462986034651,0.0238462986034651,-0.0616320517620855,0.0616320517620855,0.364750365853038,0.386913917704988,-0.0803832672006795,-0.00358833773460205

