Protein,Peptide,charge,time,RSS,theta,min_rss_decoy,diff,abs_diff,perc_diff,abs_perc_diff,exp_RIA_decoy,theoRIA,min_kl,min_kl_decoy
KTN1_MOUSE,QMQSSFTASER,2,0,0.00606266985268988,0,0.191339765863354,-0.0544414383281208,0.0544414383281208,-0.113906137311687,0.113906137311687,0.142570509431819,0.47795,-0.0609237895268726,0.509393057785822
KTN1_MOUSE,QMQSSFTASER,2,1,0.013478530978036,0,0.0304169538417157,-0.0876642515837992,0.0876642515837992,-0.19726812726419,0.19726812726419,0.333034400772118,0.444391361136589,-0.04345602278265,0.0569718771465553
KTN1_MOUSE,QMQSSFTASER,2,3,0.0129375376694696,0.49,0.031688080567734,0.103083189588862,0.103083189588862,0.266629697569134,0.266629697569134,0.364661464522947,0.386615559064396,0.00144122772842366,-0.181238909669805
KTN1_MOUSE,QSDQVSFVSLIEDLKR,3,0,0.00200009600918622,0.14,0.0514495549533898,-5.55111512312578E-17,5.55111512312578E-17,-1.66682934563393E-16,1.66682934563393E-16,0.532055612720388,0.333034400772118,0.00277329251341172,-0.0578054481451547
KTN1_MOUSE,QSDQVSFVSLIEDLKR,3,1,0.022030670709978,0.1,0.00180678373784371,0.0855364349133445,0.0855364349133445,0.260165163845871,0.260165163845871,0.333034400772118,0.328777433722904,0.0380525061961444,0.00886198357174616
KTN1_MOUSE,QSDQVSFVSLIEDLKR,3,2,0.0126870854172645,0,0.0471175658440039,-0.0290389194419861,0.0290389194419861,-0.086522552991728,0.086522552991728,0.532391438328121,0.335622545080961,-0.100349602207473,-0.0591311946828205
KTN1_MOUSE,QSDQVSFVSLIEDLKR,3,6,0.0351729415187154,0.73,0.0206750220027042,0.12653560809033,0.12653560809033,0.470207103634185,0.470207103634185,0.22148563231219,0.269106117522149,0.145402638565843,-0.0591946986667736
KTN1_MOUSE,QSDQVSFVSLIEDLKR,3,13,0.00551262290877448,0.4,0.0497108458095428,-0.0127086834527758,0.0127086834527758,-0.060872062371855,0.060872062371855,0.364661464522947,0.208776948859414,-0.0418769668536661,-0.215018482434729
KTN1_MOUSE,QSDQVSFVSLIEDLKR,3,16,0.00319631118914072,0.46,0.0590678807235223,-0.0177064903448307,0.0177064903448307,-0.0935805480379621,0.0935805480379621,0.364661464522947,0.189211227291038,0.0276945132212599,-0.227388953045198
KTN1_MOUSE,QSDQVSFVSLIEDLKR,3,21,0.00512113614210334,0.38,0.0153116977926388,-0.0611905334856953,0.0611905334856953,-0.375487459721894,0.375487459721894,0.283532369475534,0.162962921667254,-0.0431560688237132,-3.27085723367607E-05

