Protein,Peptide,charge,time,RSS,theta,min_rss_decoy,diff,abs_diff,perc_diff,abs_perc_diff,exp_RIA_decoy,theoRIA,min_kl,min_kl_decoy
ACY1_MOUSE,VISSILAFR,2,0,0.0216405579320312,0,0.0183789213822977,0.105975514135621,0.105975514135621,0.194807930396362,0.194807930396362,0.489330977467221,0.544,0.000681309893078505,0.0121934884485314
ACY1_MOUSE,VISSILAFR,2,7,0.00818455769206261,0.12,0.0242353590546309,-0.0615556374416674,0.0615556374416674,-0.132375314061036,0.132375314061036,0.389503399692875,0.465008433621431,-0.0282910157313879,0.029294822841067
ACY1_MOUSE,VISSILAFR,2,13,0.011182244096802,0.26,0.0397902829201874,-0.0521297968629416,0.0521297968629416,-0.119235260963591,0.119235260963591,0.362246085322454,0.43720118060428,-0.0432706999962602,-0.0192502715494434
ACY1_MOUSE,VISSILAFR,2,16,0.00528289961205984,0.54,0.0302622068600512,0.0293234817179129,0.0293234817179129,0.0700133707252479,0.0700133707252479,0.362246085322454,0.418826881410788,-0.00251643947498544,-0.0696648589481651
ACY1_MOUSE,VISSILAFR,2,21,0.0302367937942373,0.56,0.0550492915027962,0.0300043455450318,0.0300043455450318,0.0764928300490973,0.0764928300490973,0.348588577717091,0.392250430867486,-0.0723391986335545,0.0645370899744146
ACY1_MOUSE,VISSILAFR,2,31,0.046480407630536,0.840000000000001,0.0352548029062971,0.00281768403238392,0.00281768403238392,0.00801830911707744,0.00801830911707744,0.438024485864379,0.351406261749475,0.0404003170079768,-0.10103018161826

