Protein,Peptide,charge,time,RSS,theta,min_rss_decoy,diff,abs_diff,perc_diff,abs_perc_diff,exp_RIA_decoy,theoRIA,min_kl,min_kl_decoy
LRC59_MOUSE,LVNLQHLDLLNNR,3,0,0.000195251133124469,0,0.00317363793710002,0,0,0,0,0.35591348813776,0.408929801698306,-0.00373427263802888,0.0120694318391619
LRC59_MOUSE,LVNLQHLDLLNNR,3,1,9.30261417239312E-05,0.1,0.000931266686387759,-0.0194430367107961,0.0194430367107961,-0.0540314613156304,0.0540314613156304,0.35591348813776,0.359846582664451,5.1010678018118E-05,0.00290865123329331
LRC59_MOUSE,LVNLQHLDLLNNR,3,2,0.000240349701949915,0.18,0.000898076031340029,0.00918682471375393,0.00918682471375393,0.0251624673832865,0.0251624673832865,0.379289619375248,0.365100312851514,5.3698895197957E-05,0.0055858053343938
LRC59_MOUSE,LVNLQHLDLLNNR,3,6,3.52604493849886E-05,0.38,0.00858007631912828,-0.00736425770461285,0.00736425770461285,-0.0242893585673435,0.0242893585673435,0.379289619375248,0.303188644697845,-0.000176330322563727,0.0395686105630643
LRC59_MOUSE,LVNLQHLDLLNNR,3,9,0.000152533516025156,0.53,0.0194721327211241,-0.00420784397723967,0.00420784397723967,-0.0156545802954867,0.0156545802954867,0.379289619375248,0.268793151768675,0.00106630479317296,0.0808014064410554

