Protein,Peptide,charge,time,RSS,theta,min_rss_decoy,diff,abs_diff,perc_diff,abs_perc_diff,exp_RIA_decoy,theoRIA,min_kl,min_kl_decoy
CPNE2_MOUSE,DIVQFVPFR,2,0,0.00160768501978768,0,0.00121897487300665,0,0,0,0,0.524588914637184,0.529497101396958,-0.00199384449642312,0.00682427156417948
CPNE2_MOUSE,DIVQFVPFR,2,1,0.00381558039473047,0,0.00133112078218498,-0.000285160655776662,0.000285160655776662,-0.000526277064550521,0.000526277064550521,0.507702480317582,0.541845113505392,0.0112537761002801,0.00470878216020757
CPNE2_MOUSE,DIVQFVPFR,2,2,0.00372913686639805,0,0.00121897487300665,-0.000551219329406161,0.000551219329406161,-0.00105253412074104,0.00105253412074104,0.524588914637184,0.52370685048963,0.044704281798467,0.00682427156417948
CPNE2_MOUSE,DIVQFVPFR,2,3,0.00133112078218498,0,0.00121897487300665,-0.000800282417448117,0.000800282417448117,-0.0015787708571068,0.0015787708571068,0.524588914637184,0.506902197900134,0.00470878216020757,0.00682427156417948
CPNE2_MOUSE,DIVQFVPFR,2,6,0.00158052218205715,0.18,0.00854508828399964,-0.00144483547326973,0.00144483547326973,-0.00315735603334451,0.00315735603334451,0.537383647623853,0.457609296516129,0.0214120745894822,0.0135779763920595
CPNE2_MOUSE,DIVQFVPFR,2,7,0.00257105110055496,0,0.00121897487300665,-0.00197219257966164,0.00197219257966164,-0.0036835083767471,0.0036835083767471,0.524588914637184,0.535411455044192,0.00294149576309028,0.00682427156417948
CPNE2_MOUSE,DIVQFVPFR,2,9,0.00121897487300665,0,0.00133112078218498,-0.00247261078393213,0.00247261078393213,-0.00473574712316796,0.00473574712316796,0.507702480317582,0.522116303853252,0.00682427156417948,0.00470878216020757

