Protein,Peptide,charge,time,RSS,theta,min_rss_decoy,diff,abs_diff,perc_diff,abs_perc_diff,exp_RIA_decoy,theoRIA,min_kl,min_kl_decoy
CUL5_MOUSE,YVEQLLTLFNR,2,0,0.00835582901153506,0,0.0157015143400597,0,0,0,0,0.362037439930859,0.453735881572354,-0.0518196989633707,0.00488532137039212
CUL5_MOUSE,YVEQLLTLFNR,2,1,0.00792541662287125,0,0.00835582901153506,-0.0522070446686256,0.0522070446686256,-0.12293044784027,0.12293044784027,0.453735881572354,0.424687663518974,-0.0563298621103134,-0.0518196989633707
CUL5_MOUSE,YVEQLLTLFNR,2,6,0.0142023118233268,0.14,0.0105203694606445,0.0336981287449998,0.0336981287449998,0.0851531462227532,0.0851531462227532,0.453735881572354,0.395735568675859,-0.00469520042573537,-0.0754557558287768
CUL5_MOUSE,YVEQLLTLFNR,2,7,0.00452891779791885,0,0.0477035826054807,-0.0410917306743442,0.0410917306743442,-0.103901238958249,0.103901238958249,0.306580132037258,0.395488360738955,-0.0616239788495789,0.0672828770642596
CUL5_MOUSE,YVEQLLTLFNR,2,21,0.0190877634854956,0.62,0.0381917926480133,0.0230623867383182,0.0230623867383182,0.0699618083977186,0.0699618083977186,0.436927201256302,0.329642518775576,-0.00137088649781943,-0.126139420144153
CUL5_MOUSE,QVLLYDPQVNSPK,2,0,0.00520546906088907,0,0.00544013732804917,0,0,0,0,0.436580091413299,0.436927201256302,-0.0712279206030616,-0.0711851958777044
CUL5_MOUSE,QVLLYDPQVNSPK,2,7,0.0109485636814401,0,0.00544013732804917,-0.0801159923018518,0.0801159923018518,-0.194587293068782,0.194587293068782,0.436580091413299,0.411722631207644,0.0179230154413839,-0.0711851958777044

