Protein,Peptide,charge,time,RSS,theta,min_rss_decoy,diff,abs_diff,perc_diff,abs_perc_diff,exp_RIA_decoy,theoRIA,min_kl,min_kl_decoy
COPG1_MOUSE,SIATLAITTLLK,2,0,0.00437096180341475,0,0.0358428328491998,-0.0527877873327207,0.0527877873327207,-0.110603615003501,0.110603615003501,0.346649039391895,0.47727,-0.0469014209295193,0.0558101576679935
COPG1_MOUSE,SIATLAITTLLK,2,1,0.00479779984859804,0.09,0.0291395739457981,-0.032096457228958,0.032096457228958,-0.0763964134363541,0.0763964134363541,0.346649039391895,0.42013041954774,-0.0551386678453589,0.0435941484666501
COPG1_MOUSE,SIATLAITTLLK,2,2,0.00902063197979136,0.28,0.0336529220725208,0.0119122864393552,0.0119122864393552,0.0287550441682663,0.0287550441682663,0.258548261943236,0.414267714897182,-0.0776887487373844,0.0634305366885823
COPG1_MOUSE,SIATLAITTLLK,2,9,0.00396376384290492,0.71,0.0242095597990661,0.00225128921725987,0.00225128921725987,0.00756395354029073,0.00756395354029073,0.402355428457827,0.297633929831533,-0.00268513210283611,-0.125369195430912
COPG1_MOUSE,SIATLAITTLLK,2,16,0.0101383403491098,0.57,0.0161001046917169,-0.0895648339524572,0.0895648339524572,-0.348387151203485,0.348387151203485,0.402355428457827,0.257084205439438,0.013403130659648,-0.114927112167054
COPG1_MOUSE,SIATLAITTLLK,2,21,0.0127189110800615,0.860000000000001,0.0363233375033371,-0.0308711626191061,0.0308711626191061,-0.125679533455927,0.125679533455927,0.402355428457827,0.245633968954316,-0.0135327255529479,-0.131136251820424
COPG1_MOUSE,SIATLAITTLLK,2,24,0.00202461339608566,0.910000000000001,0.0191671798120792,-0.0166144499544498,0.0166144499544498,-0.0686735343765006,0.0686735343765006,0.346649039391895,0.241933811988786,0.00187623609685549,0.0373668026102931

