proteinName,peptideSeq,charge,old_Rsquared,new_Rsquared,NDP,rateconstant,sigma,Abundance,MassToCharge,RMSE,selected_A1A0_count, selected_A2A0_count, selected_A2A1_count,improved_timePoints,new_k,I0_percentatediffI0_percentatediff,selected_io_t,i0,I0_asymptote,new_rmse,lowerci_old,upperci_old,sigma_old,lowerci_new,upperci_new,sigma_new,old_pearson,new_pearson
ACYP2_MOUSE,LEYSDFSIR,2,0.192801735354825,0.0958326748699755,12,0.0289,0.0116002781506317,50832996.375,565.27985,0.085619835444014,4,1,1,1| 2| 3| 6| 9| 21,0.0303702403379439,-0.0554930671723197|0.0656433463139593|,0.311373757579836| 0.51242684550424| 0.517813851643319| 0.52013100673126| 0.430211302094856| 0.472884152780569| 0.441256882548951| 0.407718722805619| 0.420989752041596| 0.380942577877177| 0.386840403224036| 0.351133224411876,0.51445,0.242139129803614,0.0612133752870979,0.00223265390104405,0.0555673460989559,0.0121160953733763,0.0098343447555009,0.0479656552444991,0.00866232794373594,0.45058406009336,0.506807163429715
ACYP2_MOUSE,GTVTGQVQGPEEK,2,0.972211436448091,0.995724075465928,12,0.07394,0.00376143628617908,44192314.5454545,665.33588,0.0153684629181713,0,6,3,1| 2| 3| 7| 9| 16| 21| 24| 31,0.0722102742954955,-0.015238959980093|0.0181872992399624|0.0157610896379299|-0.00860522768009414|,0.460162785199536| 0.432575055816374| 0.423420901932963| 0.397999193377567| 0.343351082002602| 0.335632737178882| 0.317539787962631| 0.262898180167932| 0.235185183553136| 0.194929114649325| 0.189749611414885| 0.173110839750557,0.460162785199536,0.135233543324806,0.00637580760618933,0.0648004919524824,0.0830795080475176,0.00415246236946686,0.0701483556933145,0.0777316443066855,0.0017227032593063,0.993830849885428,0.998134765269389
ACYP2_MOUSE,SVDYEVFGTVQGVcFR,2,-2.28018136466918,0.823922444044524,12,1.16757,0.581210234358879,40384786,931.94073,0.0502940865220552,2,3,6,0| 1| 2| 3| 6| 7| 9| 13| 16| 21| 31,0.999969059777554,,0.266814024571257| 0.182509287768076| 0.148148993854881| 0.0988937195890004| 0.0950797801816141| 0.092127666616829| 0.092128029452441| 0.110400263055265| 0.092128029452441| 0.0965929358422132| 0.10665689240644| 0.092128029452441,0.33132,0.102064679038042,0.0213798332749283,0.172883566066416,2.16225643393358,0.451927824217002,0.599591315921521,1.73554868407848,0.258056571538968,0.682190491538501,0.962912508322859

