proteinName,peptideSeq,charge,old_Rsquared,new_Rsquared,NDP,rateconstant,sigma,Abundance,MassToCharge,RMSE,selected_A1A0_count, selected_A2A0_count, selected_A2A1_count,improved_timePoints,new_k,I0_percentatediffI0_percentatediff,selected_io_t,i0,I0_asymptote,new_rmse,lowerci_old,upperci_old,sigma_old,lowerci_new,upperci_new,sigma_new,old_pearson,new_pearson
AL1L2_MOUSE,AMVEAVQLIADGK,2,-13.5217500800135,-26.3225364120799,4,0.07854,0.0429935667739487,39056486.6666667,672.86322,0.0634212080257849,1,0,2,1| 2| 9,NaN,,0.415591654895871| 0.389951495923049| 0.387193127230001| NaN| NaN| NaN| 0.386476644311779| NaN| NaN| NaN| NaN| NaN,0.415591654895871,0.111155249643447,0.036432012552964,0,0.428215711725113,0.109876390114072,0,0.302791447183365,0.0704651157290977,-0.848960574566164,0.60615381727512

