proteinName,peptideSeq,charge,old_Rsquared,new_Rsquared,NDP,rateconstant,sigma,Abundance,MassToCharge,RMSE,selected_A1A0_count, selected_A2A0_count, selected_A2A1_count,improved_timePoints,new_k,I0_percentatediffI0_percentatediff,selected_io_t,i0,I0_asymptote,new_rmse,lowerci_old,upperci_old,sigma_old,lowerci_new,upperci_new,sigma_new,old_pearson,new_pearson
ENSA_MOUSE,YFDSGDYNMAK,2,0.923734774937159,0.985979379521978,8,0.12716,0.0192271204156438,23997501.25,655.77155,0.0208410714375995,1,3,2,0| 2| 3| 21| 24| 31,NaN,0.0258122864402876|,0.452722659135137| 0.424590663926441| 0.388315658379935| 0.396596719664973| NaN| NaN| 0.268260371074961| NaN| NaN| 0.218694832284124| 0.219082975882453| 0.210691790694905,0.452722659135137,0.203282105577218,0.00930569477500055,0.0676324527363907,0.186687547263609,0.025174209914491,0.100580503490037,0.153739496509963,0.011240473618041,0.970909055238091,0.99443404036319

