protien,peptide,charge,rsquared,rateconstant,mo,io_e,io_a1a0,io_a2a0,io_a2a1
SPA3K_MOUSE,DLQILAEFHEK,2,0.954775073811793,0.5236,0.45169,0.455805220471048,0.446041803286765,0.459019630677431,0.475110966149014
SPA3K_MOUSE,LEEDVLPEMGIK,2,0.564710076606645,0.02543,0.43483,0.422142379735807,0.396410203695017,0.415174685521255,0.448423635716066
SPA3K_MOUSE,MQQVEASLQPETLR,2,0.89352093219142,0.36387,0.38404,0.39749892150494,0.395136975134145,0.404728124249128,0.420583383684693
SPA3K_MOUSE,AVLDVAETGTEAAAATGVIGGIR,3,-0.383993288584467,0.7539,0.29766,0.148449983118696,0.300631851553814,0.0547255195931849,0.0230148811290286
SPA3K_MOUSE,AVLDVAETGTEAAAATGVIGGIR,2,0.970386498603981,0.48575,0.29766,0.33532935204684,0.333700508303662,0.322434625790158,0.306723769602005
SPA3K_MOUSE,ALYQTEAFTADFQQPTEAK,2,0.989942489118158,0.42115,0.2821,0.283594523114621,0.245390707693982,0.274911672119297,0.311395381173046
SPA3K_MOUSE,ISFDPQDTFESEFYLDEK,2,0.960332347045107,0.63614,0.27102,0.266041369085917,0.230162390711985,0.261351691884222,0.301159617446172

