protien,peptide,charge,rsquared,rateconstant,mo,io_e,io_a1a0,io_a2a0,io_a2a1
BACH_MOUSE,ATLWYVPLSLK,2,0.745120062504052,0.03846,0.44399,0.493069633284335,0.477253035481783,0.486804399146774,0.49793540845669
BACH_MOUSE,VLEVPPIVYLR,2,0.569060953343175,0.03538,0.44697,0.505578832486331,0.46640693488134,0.514243716268373,0.524120409698879

