protien,peptide,charge,rsquared,rateconstant,mo,io_e,io_a1a0,io_a2a0,io_a2a1
PSDE_MOUSE,AVAVVVDPIQSVK,2,0.808359775339004,0.02866,0.45712,0.499410612729825,0.462164960969926,0.490853995966573,0.529376384808395

