protien,peptide,charge,rsquared,rateconstant,mo,io_e,io_a1a0,io_a2a0,io_a2a1
RM24_MOUSE,NWVVLEGLNTHYR,3,-0.0960680229682893,0.006,0.38482,0.384206242006458,0.37599815558458,0.408133257211578,0.44688848920809

