protien,peptide,charge,rsquared,rateconstant,mo,io_e,io_a1a0,io_a2a0,io_a2a1
ADDA_MOUSE,GLLYSEVTASSLVK,2,0.949616094499853,0.25003,0.42312,0.416767120569487,0.399816909104368,0.359712350228776,0.312667565657348

