protien,peptide,charge,rsquared,rateconstant,mo,io_e,io_a1a0,io_a2a0,io_a2a1
PARVB_MOUSE,DAFDTLFDHAPDK,3,0.850728225509975,0.04612,0.41702,0.423620794985004,0.439441603718287,0.361429837632694,0.271396690766617
PARVB_MOUSE,VLLDWINDVLAEER,2,0.967809119688136,0.07124,0.37067,0.390218257811374,0.372688179023034,0.397512044597274,0.427275780707036

