protien,peptide,charge,rsquared,rateconstant,mo,io_e,io_a1a0,io_a2a0,io_a2a1
spK1C10_HUMAN,VTMQNLNDR,2,0.285667848349299,3.6081,0.53001,0.510672691184402,0.520889375875971,0.48498594002292,0.414829495228791
spK1C10_HUMAN,LENEIQTYR,2,-0.364657501740351,0.01526,0.51486,0.501235121464839,0.501561867454715,0.497531497084197,0.491879167293884
spK1C10_HUMAN,QSVEADINGLR,2,-0.747112100960768,10.05766,0.51527,0.0590097738518351,0.000484609305925078,0.143277827284677,0.288715801701625
spK1C10_HUMAN,SLLEGEGSSGGGGR,2,0.683131058084798,0.00836,0.50981,0.513510781851498,0.510810182272697,0.550462056644403,0.625291054022349
spK1C10_HUMAN,SQYEQLAEQNR,2,-0.120655332235056,0.00154,0.46948,0.451307685011743,0.522792368185506,0.374953824632616,0.20606569791663
spK1C10_HUMAN,ALEESNYELEGK,2,-0.330120552158555,2E-05,0.45829,0.579135148258255,0.619644760790067,0.47394309181604,0.269348893562173
spK1C10_HUMAN,NQILNLTTDNANILLQIDNAR,3,-0.422661596202395,0.0003,0.26259,0.323948482710712,0.231541947386633,0.383279718131147,0.383279718131147

