protien,peptide,charge,rsquared,rateconstant,mo,io_e,io_a1a0,io_a2a0,io_a2a1
CO9_MOUSE,DNIIDDVISFIR,2,0.138465344190623,0.38316,0.43755,0.435215387926749,0.396184179551069,0.440711588170228,0.498764487530078

