protien,peptide,charge,rsquared,rateconstant,mo,io_e,io_a1a0,io_a2a0,io_a2a1
CAH2_MOUSE,GGPLSDSYR,2,-0.109677880154547,0.00395,0.58557,0.770973161977047,0.763119108577062,0.700447521452975,0.700447521452975
CAH2_MOUSE,IGPASQGLQK,2,0.817213087194025,0.01229,0.56445,0.591778514029857,0.557671988636823,0.623005356973587,0.709630836605183
CAH2_MOUSE,EPITVSSEQMSHFR,3,0.809474806256144,0.01679,0.37593,0.413218910722786,0.433798912014422,0.407447006632199,0.36444753783881
CAH2_MOUSE,AVQQPDGLAVLGIFLK,2,0.882453301596029,0.02028,0.36465,0.375381148623777,0.363960862812222,0.362540613673677,0.360443011076456
CAH2_MOUSE,SIVNNGHSFNVEFDDSQDNAVLK,3,0.546649912735439,0.01631,0.23509,0.290227813838885,0.285036917064112,0.274542411414577,0.261087004499997
CAH2_MOUSE,QSPVDIDTATAQHDPALQPLLISYDK,3,0.523553995932138,0.01494,0.19392,0.230065248082905,0.209957245038432,0.233770205219009,0.263325706906673
CAH2_MOUSE,TLNFNEEGDAEEAMVDNWRPAQPLK,3,0.36072112724867,0.01685,0.18566,0.226318943982086,0.239507137379606,0.192945847761049,0.14248547846515

