protien,peptide,charge,rsquared,rateconstant,mo,io_e,io_a1a0,io_a2a0,io_a2a1
CD81_MOUSE,ALTTLTTTILR,2,0.528392459202832,0.1042,0.49773,0.502719080705415,0.525324037511273,0.429556403961668,0.311871992027869
CD81_MOUSE,TFHETLNccGSNALTTLTTTILR,3,0.210207730566191,0.00952,0.22252,0.236860971529316,0.2700768024191,0.195906173244705,0.115601336297958

