protien,peptide,charge,rsquared,rateconstant,mo,io_e,io_a1a0,io_a2a0,io_a2a1
KS6B2_MOUSE,APEILVR,2,0.685476265896205,0.06007,0.62396,0.645557443000197,0.641212585167872,0.651472222485568,0.666181613701321

