protien,peptide,charge,rsquared,rateconstant,mo,io_e,io_a1a0,io_a2a0,io_a2a1
AL9A1_MOUSE,ANDTTFGLAAGVFTR,2,0.605065740741195,0.04874,0.40816,0.462787856964988,0.438355356594875,0.44876257062417,0.463522528856043
AL9A1_MOUSE,VAAELQAGTcYINNYNVSPVELPFGGYK,3,-0.00508330463131546,0.00154,0.16163,0.165630355472713,0.151744608476677,0.133784502087499,0.114122324009407

