protien,peptide,charge,rsquared,rateconstant,mo,io_e,io_a1a0,io_a2a0,io_a2a1
KCNU1_MOUSE,IPEmVELFSTR,2,0.234429018211073,0.08547,0.44157,0.621813120355509,0.751178997668809,0.496710863588334,0.158604265665255

