protien,peptide,charge,rsquared,rateconstant,mo,io_e,io_a1a0,io_a2a0,io_a2a1
NDUB3_MOUSE,IEGTPLETVQK,2,0.915838548644484,0.02482,0.49773,0.524758167351548,0.53888458029882,0.511139882916899,0.471005185706511
NDUB3_MOUSE,YMGGFAGNITFPSVILK,2,0.936370287216506,0.02449,0.31625,0.317920232078971,0.307634444262409,0.315523311502689,0.325843848138708
NDUB3_MOUSE,YmGGFAGNITFPSVILK,2,-1.91689717730647,1E-05,0.31625,0.351575860516359,0.289497448584986,0.320643864215686,0.363736090479321

