protien,peptide,charge,rsquared,rateconstant,mo,io_e,io_a1a0,io_a2a0,io_a2a1
DDB1_MOUSE,LPSFELLHK,3,0.688501470433372,0.08466,0.51314,0.539490707645043,0.528705242475914,0.55564772343998,0.589853933220074
DDB1_MOUSE,QGQGQLVTcSGAFK,2,0.157468968781375,0.07481,0.42814,0.437993722745046,0.358446900996104,0.451514749351147,0.565721943123076

