protien,peptide,charge,rsquared,rateconstant,mo,io_e,io_a1a0,io_a2a0,io_a2a1
HDGF_MOUSE,IDEMPEAAVK,2,0.860351971942732,0.03444,0.51287,0.534928144510156,0.512802129536424,0.533305955292015,0.638935405206141
HDGF_MOUSE,YQVFFFGTHETAFLGPK,3,0.96155661332462,0.12288,0.28751,0.299487653429555,0.300474421717431,0.273472145386236,0.24425230799125

