protien,peptide,charge,rsquared,rateconstant,mo,io_e,io_a1a0,io_a2a0,io_a2a1
KV2A7_MOUSE,FSGSGSGTDFTLK,2,-0.758558287636299,0.0916,0.47241,0.089134444525835,0.0102677516122985,0.187976195407731,0.255805764712375

