protien,peptide,charge,rsquared,rateconstant,mo,io_e,io_a1a0,io_a2a0,io_a2a1
PGS2_MOUSE,DLHTLILVNNK,2,0.81964131469898,0.0515,0.47256,0.474381851555903,0.478910103236662,0.453087147681803,0.42038804314104
PGS2_MOUSE,DLHTLILVNNK,3,0.839794716749495,0.19976,0.47256,0.527058978379355,0.532338723770978,0.511992010348244,0.484608920906737
PGS2_MOUSE,NSGIENGAFQGLK,2,0.166125838422697,0.07905,0.46799,0.503030670457208,0.491185168988981,0.490395464159422,0.489124116277921
PGS2_MOUSE,YWEIFPNTFR,2,0.859247460795932,0.15063,0.42119,0.43422062925765,0.407437234942174,0.446647647691394,0.484157497238498

