protien,peptide,charge,rsquared,rateconstant,mo,io_e,io_a1a0,io_a2a0,io_a2a1
SFPQ_MOUSE,GMGPGTPAGYGR,2,0.77012391850482,0.03703,0.50828,0.574826103070942,0.559534097327917,0.575666474775591,0.645404615242968
SFPQ_MOUSE,FATHAAALSVR,3,0.979208635475273,0.02968,0.51011,0.506593012155192,0.506118261829357,0.507463637717081,0.51011
SFPQ_MOUSE,FGQGGAGPVGGQGPR,2,0.551081272956686,0.32761,0.46529,0.329635520762014,0.465251848496708,0.24990427426023,0.0775399470101242
SFPQ_MOUSE,cSEGVFLLTTTPR,2,-0.367658342954353,0.03657,0.42153,0.328046147951971,0.267453365513711,0.332452043633814,0.434618974702996
SFPQ_MOUSE,MGGGGTMNMGDPYGSGGQK,2,0.012324749333392,0.00165,0.3311,0.473196488817017,0.356882884605284,0.459818688312611,0.459818688312611
SFPQ_MOUSE,NLSPYVSNELLEEAFSQFGPIER,3,-1.04095037407276,1E-05,0.21203,0.322935887380701,0.293076614295823,0.250005205120479,0.201682557021347

