protien,peptide,charge,rsquared,rateconstant,mo,io_e,io_a1a0,io_a2a0,io_a2a1
SODC_MOUSE,HVGDLGNVTAGK,2,0.97999707764034,0.08394,0.51789,0.527720881282591,0.523565147392476,0.532853189016879,0.546151705882501
SODC_MOUSE,VISLSGEHSIIGR,3,0.979078537625021,0.0404,0.45631,0.471110040887502,0.472262930021683,0.462280189534265,0.450413984795755
SODC_MOUSE,VISLSGEHSIIGR,2,0.981023459590729,0.03802,0.45631,0.464415671301364,0.445970989844898,0.46468923437623,0.488185363751723
SODC_MOUSE,GDGPVQGTIHFEQK,3,0.92995208722465,0.04896,0.41761,0.445890362207179,0.452829858399852,0.435512303098242,0.414115704222777
SODC_MOUSE,GDGPVQGTIHFEQK,2,0.927305533365953,0.06865,0.41761,0.432439572387071,0.442296355188454,0.423497098749383,0.398178361640556
SODC_MOUSE,ASGEPVVLSGQITGLTEGQHGFHVHQYGDNTQGcTSAGPHFNPH,5,0.690876489902474,0.02035,0.07673,0.0840442900272144,0.0866146074244521,0.07673,0.0645345874701913

