protien,peptide,charge,rsquared,rateconstant,mo,io_e,io_a1a0,io_a2a0,io_a2a1
DOPD_MOUSE,IPAGLENR,2,0.916184191656002,0.04921,0.60962,0.616146000003968,0.627469214309358,0.592475765393497,0.54063177147669
DOPD_MOUSE,THSASFFK,2,-0.962556348686605,0.18562,0.57257,0.49224311134239,0.475086997408915,0.497178555042399,0.523962022384332
DOPD_MOUSE,FFPLEAWQIGK,2,0.943305268546591,0.03849,0.42816,0.4512512417794,0.443402192741166,0.446418807411754,0.448965057432169
DOPD_MOUSE,PFVELETNLPASR,2,0.364102820019316,0.04308,0.42142,0.373916169127732,0.456946098860123,0.335571955652046,0.205754715383972
DOPD_MOUSE,LLVSSIGVVGTAEQNR,2,0.525878799063211,0.02453,0.39326,0.560445212552213,0.540520283270302,0.530079588843977,0.530079588843977
DOPD_MOUSE,LcAATATILDKPEDR,3,-0.688964185314659,0.05239,0.38539,0.286717721252088,0.380617907045819,0.183655286584429,0.0829608888981401
DOPD_MOUSE,LcAATATILDKPEDR,2,0.847720562593096,0.02404,0.38539,0.436035321842064,0.417408290456217,0.409200483502022,0.394748932562122
DOPD_MOUSE,STEPcAHLLVSSIGVVGTAEQNR,3,0.944187069762889,0.03337,0.25364,0.266046946541593,0.264988886178583,0.242909695807836,0.216421792725486

