proteinName,peptideSeq,charge,old_Rsquared,new_Rsquared,NDP,rateconstant,sigma,Abundance,MassToCharge,RMSE,selected_A1A0_count, selected_A2A0_count, selected_A2A1_count,improved_timePoints,new_k,I0_percentatediffI0_percentatediff,selected_io_t,i0,I0_asymptote,new_rmse,lowerci_old,upperci_old,sigma_old,lowerci_new,upperci_new,sigma_new,old_pearson,new_pearson
PALLD_MOUSE,GAPPLQVQWFR,2,0.378670791274651,0.49233909255093,9,0.10759,0.0452418001836086,4160468,649.85382,0.0948382273394296,0,0,4,2| 3| 6| 9,NaN,,0.423022633590651| 0.371716922340362| 0.506125717398685| 0.149544433418666| 0.30190597663161| 0.232485642399171| 0.251853337646317| NaN| 0.204491051879722| 0.170231421292166| NaN| NaN,0.423022633590651,0.136598620456372,0.0704657182511668,0,0.253872103956053,0.0634353172782928,0.00290323341932533,0.212276766580675,0.0453974756534727,0.616792691105448,0.706400021552577
PALLD_MOUSE,LQNTGVADGYPVR,2,0.877218613497496,0.964816107105618,9,0.0804,0.00768936875798089,7923107.33333333,695.35968,0.0236711958294667,3,1,0,2| 6| 9| 21,NaN,,0.472529115077032| 0.439882960049164| 0.40614346575129| 0.379386510885299| 0.333863611984892| 0.330318269845727| 0.28620662645243| NaN| 0.259186707366631| 0.206929768873562| NaN| NaN,0.472529115077032,0.152584803080426,0.0133077154825346,0.0599309078091856,0.100869092190814,0.00887643342833672,0.0688924759600848,0.0919075240399152,0.00499024432119809,0.962009514451545,0.989782738663637
PALLD_MOUSE,FLQAPGDLTVQEGK,2,-0.548572991811645,0.745470739094784,8,0.26594,0.143303011196269,2494263,751.89612,0.114887580128957,2,1,3,0| 2| 3| 6| 7| 16,NaN,0.0103101956390791|,0.442242266451153| 0.239062493277172| 0.299439359513629| 0.228169208802547| 0.146004042389415| 0.153338487597149| 0.125100575586803| NaN| 0.191973150476798| NaN| NaN| NaN,0.442242266451153,0.123987611636176,0.0399671232689465,0,0.70484986202403,0.185615055685116,0.111596314444431,0.420283685555569,0.0652719710077383,0.158780026359488,0.881104565718697
PALLD_MOUSE,NEAGIVScTAR,2,-0.27481951464066,0.941137065316763,3,0.14032,0.0296174682379791,6063222,589.28516,0.033838693192756,1,0,0,2,NaN,,NaN| NaN| 0.396739640501246| NaN| NaN| NaN| 0.256660506852325| NaN| NaN| 0.171368164733768| NaN| NaN,NaN,NaN,0.0112706812532875,0.0581444138182265,0.222495586181773,0.0190988191107319,0.0363527787382465,0.244287221261753,0.0241635167400131,0.957493625000656,0.998380836855559

