proteinName,peptideSeq,charge,old_Rsquared,new_Rsquared,NDP,rateconstant,sigma,Abundance,MassToCharge,RMSE,selected_A1A0_count, selected_A2A0_count, selected_A2A1_count,improved_timePoints,new_k,I0_percentatediffI0_percentatediff,selected_io_t,i0,I0_asymptote,new_rmse,lowerci_old,upperci_old,sigma_old,lowerci_new,upperci_new,sigma_new,old_pearson,new_pearson
SPSY_MOUSE,LILDLSMK,2,-0.0362669414076926,0.410185017472414,8,0.02933,0.0208089416650719,1240930.5,466.77789,0.0890175447838412,0,4,3,3| 6| 9| 16| 21| 24| 31,NaN,,NaN| 0.563742475528833| NaN| 0.499004420281056| 0.541116537345785| NaN| 0.475046157450495| NaN| 0.554722195586984| 0.409294765585669| 0.367123329837416| 0.404558413969238,NaN,NaN,0.0443780352243836,0,0.0950114016066207,0.0277766759682011,0,0.0638657176191391,0.0146051608852912,0.245984207814736,0.778822599757894

