proteinName,peptideSeq,charge,old_Rsquared,new_Rsquared,NDP,rateconstant,sigma,Abundance,MassToCharge,RMSE,selected_A1A0_count, selected_A2A0_count, selected_A2A1_count,improved_timePoints,new_k,I0_percentatediffI0_percentatediff,selected_io_t,i0,I0_asymptote,new_rmse,lowerci_old,upperci_old,sigma_old,lowerci_new,upperci_new,sigma_new,old_pearson,new_pearson
SYIC_MOUSE,LYLINSPVVR,2,0.247167372312759,0.569909818781887,8,0.0428,0.0267507256027961,4300069.28571429,587.35315,0.0783289587840495,0,3,3,0| 1| 2| 3| 6| 13,NaN,,0.524740037628695| 0.505782774180783| 0.452229871495491| 0.564296175626841| 0.405091898389865| 0.414650742809408| 0.414470949992013| 0.36040517723371| NaN| NaN| NaN| NaN,0.524740037628695,0.271378715265627,0.0349622598016258,0,0.144491338823539,0.0430052845734228,0.00583280903253298,0.079767190967467,0.0156334313799789,0.893169844589501,0.834297298217196
SYIC_MOUSE,FVDILTNWYVR,2,-0.459023976172287,-0.581491598797673,8,0.62757,0.383530104225333,9565260.4,713.37988,0.0547735882729415,2,2,1,2| 3| 7| 9| 13,NaN,,0.279797029596587| 0.381560325463905| 0.247947041926039| 0.250297701310455| 0.255300626728916| 0.247703935718093| 0.247704310905601| 0.249409783271363| NaN| NaN| NaN| NaN,0.41331,0.25806377250978,0.0445366260862349,0,1.84799723592655,0.516118886715139,0,1.62307311933776,0.420998439357164,0.237946283418769,0.515083926255436
SYIC_MOUSE,YLNNVIESHTDFIFATIK,3,0.864382636829284,0.954965386950337,8,0.02394,0.00256993676281565,83425533.3333333,709.03699,0.0075465294942456,2,2,1,1| 2| 3| 7| 13,NaN,0.026571009127275|0.00939455539744837|-0.0327091941307832|,0.287574005706464| 0.278808058609204| 0.275305461305554| 0.282092915376932| 0.259517562099491| 0.255535587705332| 0.244913706460513| 0.234502372500232| NaN| NaN| NaN| NaN,0.287574005706464,0.088588520439799,0.003094386905645,0.016125810614433,0.031754189385567,0.00330462202705451,0.0207358615504827,0.0271441384495173,0.00135503069807398,0.974021627553127,0.978106208020081
SYIC_MOUSE,LSVFHGETEIQNQTDLLSLSGR,3,-3.54674088339436,-0.426931075784665,8,4E-05,0.0282064570811381,29271680,815.4187,0.112645727434399,0,2,6,0| 1| 2| 3| 6| 7| 9| 13,NaN,,0.376972880900391| 0.277448134916338| 0.286558935234307| 0.281515952533786| 0.274483193642333| 0.229133807613873| 0.216014109453007| 0.2779550424967| NaN| NaN| NaN| NaN,0.24819,0.0343304122947596,0.043784710490916,0,0.087382085911886,0.0369369830639651,0,0.0339891872662731,0.0143571170987922,0.890940231518601,0.584435081736275

