proteinName,peptideSeq,charge,old_Rsquared,new_Rsquared,NDP,rateconstant,sigma,Abundance,MassToCharge,RMSE,selected_A1A0_count, selected_A2A0_count, selected_A2A1_count,improved_timePoints,new_k,I0_percentatediffI0_percentatediff,selected_io_t,i0,I0_asymptote,new_rmse,lowerci_old,upperci_old,sigma_old,lowerci_new,upperci_new,sigma_new,old_pearson,new_pearson
ABCE1_MOUSE,GSELQNYFTK,2,0.732617074746527,0.966982872946321,5,0.11918,0.0292133802852735,2880771.8,593.79059,0.0360251226246585,1,3,0,2| 7| 16| 21,NaN,0.0236255422250295|,0.516761723315154| NaN| 0.49065030736278| NaN| NaN| 0.358829151600477| NaN| NaN| 0.278453523950688| 0.289730497367519| NaN| NaN,0.516761723315154,0.243227201864802,0.0116842751403301,0,0.303960023632439,0.0665527379926751,0.0794224820312859,0.158937517968714,0.0143195764595972,0.895639180804363,0.987999206854102
ABCE1_MOUSE,EGINIFLDGYVPTENLR,2,0.796651202535141,0.943540017429554,8,0.09062,0.0143285516748103,3760887.75,975.50201,0.0259290316659506,0,5,0,0| 3| 6| 9| 21,NaN,,0.297213011159145| 0.292263667468747| 0.26832242361569| 0.258812035307796| 0.216652538402639| NaN| 0.187916870124911| NaN| 0.131309613596579| 0.151155670356686| NaN| NaN,0.297213011159145,0.0794933826593628,0.0115662626434898,0.0462585189980212,0.134981481001979,0.018760477899687,0.0708315039569002,0.1104084960431,0.00836855835962866,0.919310164567214,0.986021519265241
ABCE1_MOUSE,YDDPPDWQEILTYFR,2,0.671805477488898,0.977960983417613,4,0.09356,0.0179151474806598,4022324,979.45197,0.0159194516515755,0,2,0,1| 6,NaN,,0.328370880529876| 0.307905217627562| 0.289887566416794| NaN| 0.240427144248957| NaN| NaN| NaN| NaN| NaN| NaN| NaN,0.328370880529876,0.10115618896149,0.00279039039047713,0,0.205807303959565,0.0352707612955672,0.0745086058364093,0.112611394163591,0.0059863992469149,0.928600126387944,0.99896313566754

