proteinName,peptideSeq,charge,old_Rsquared,new_Rsquared,NDP,rateconstant,sigma,Abundance,MassToCharge,RMSE,selected_A1A0_count, selected_A2A0_count, selected_A2A1_count,improved_timePoints,new_k,I0_percentatediffI0_percentatediff,selected_io_t,i0,I0_asymptote,new_rmse,lowerci_old,upperci_old,sigma_old,lowerci_new,upperci_new,sigma_new,old_pearson,new_pearson
ADX_MOUSE,LGcQVcLTK,2,-0.0851816041659057,0.241190504019377,6,0.58522,0.651026768250512,33821801.6666667,539.77283,0.0717926422236442,0,2,2,3| 6| 21| 24,NaN,,0.486425535460127| NaN| NaN| 0.303332354744642| 0.303935956683827| 0.300498333485582| NaN| NaN| NaN| 0.377056930013462| 0.404467859151917| NaN,0.486425535460127,0.289742769570184,0.0421571081499843,0.276540037898689,0.893899962101311,0.120081748780283,0.403961111303572,0.766478888696428,0.0705127867337694,0.436181613042602,0.746625221233217

