proteinName,peptideSeq,charge,old_Rsquared,new_Rsquared,NDP,rateconstant,sigma,Abundance,MassToCharge,RMSE,selected_A1A0_count, selected_A2A0_count, selected_A2A1_count,improved_timePoints,new_k,I0_percentatediffI0_percentatediff,selected_io_t,i0,I0_asymptote,new_rmse,lowerci_old,upperci_old,sigma_old,lowerci_new,upperci_new,sigma_new,old_pearson,new_pearson
AOC3_MOUSE,EYQDIEEMIFHR,3,0.330221896783904,0.149968942405172,7,0.0343,0.0212032483355433,1420607.14285714,537.24866,0.0964850162197882,1,2,2,1| 6| 9| 21| 31,NaN,,0.368272253397895| 0.286079011130424| NaN| 0.268558821375773| 0.268999359619379| NaN| 0.284103365108173| NaN| NaN| 0.194292998978829| NaN| 0.220166705628476,0.368272253397895,0.10324928346875,0.0360364097643713,0,0.124247435616937,0.0367595733290029,0.00641404301940902,0.062185956980591,0.0113963880509389,0.636349865188551,0.821468302784749

