proteinName,peptideSeq,charge,old_Rsquared,new_Rsquared,NDP,rateconstant,sigma,Abundance,MassToCharge,RMSE,selected_A1A0_count, selected_A2A0_count, selected_A2A1_count,improved_timePoints,new_k,I0_percentatediffI0_percentatediff,selected_io_t,i0,I0_asymptote,new_rmse,lowerci_old,upperci_old,sigma_old,lowerci_new,upperci_new,sigma_new,old_pearson,new_pearson
APT_MOUSE,SFPDFPIPGVLFR,2,0.898882507720261,0.98793074467169,5,0.06133,0.00734222544279552,10363115.4,746.40338,0.0110293915806323,1,1,1,1| 3| 24,NaN,-0.0100339272540501|,0.386498243548032| 0.366780694616801| 0.355660194467722| 0.333122664166724| NaN| NaN| NaN| NaN| NaN| NaN| 0.198780663645241| NaN,0.386498243548032,0.150677977365596,0.00474807032840092,0.0251604631315516,0.0974995368684484,0.0130272832701362,0.045759285736971,0.076900714263029,0.00560814771172187,0.982238694861276,0.997817592243684

