proteinName,peptideSeq,charge,old_Rsquared,new_Rsquared,NDP,rateconstant,sigma,Abundance,MassToCharge,RMSE,selected_A1A0_count, selected_A2A0_count, selected_A2A1_count,improved_timePoints,new_k,I0_percentatediffI0_percentatediff,selected_io_t,i0,I0_asymptote,new_rmse,lowerci_old,upperci_old,sigma_old,lowerci_new,upperci_new,sigma_new,old_pearson,new_pearson
BCS1_MOUSE,LTFSGLLNALDGVASTEAR,2,0.168167499445023,0.774500241429199,6,0.01095,0.00688011649207228,8508096.83333333,968.0127,0.041859347042353,0,4,1,0| 3| 6| 9| 13,NaN,0.0263091881810294|,0.346302064820817| NaN| NaN| 0.346330301814055| 0.306388825823464| NaN| 0.300910259681175| 0.29234184017883| NaN| 0.254796325424206| NaN| NaN,0.346302064820817,0.0635446722421795,0.010675546814167,0,0.0403554807515371,0.0114392315209972,0.00396235993107997,0.01793764006892,0.00271831068531653,0.892649413709938,0.968602302336992
BCS1_MOUSE,TVMYTAVGSEWR,2,-14.2255074130808,-8.8934383431609,6,1.66726,2.84186418257659,4028883.57142857,700.33734,0.134968309835259,0,6,1,1| 3| 6| 7| 13| 16| 21,NaN,,NaN| 0.1781017877859| NaN| 0.159229646828294| 0.159934971868406| 0.159937471111452| NaN| 0.159937941974372| 0.159937941974372| 0.159937941974372| NaN| NaN,NaN,NaN,0.0153801464015002,0,5.99543652046807,1.68373418886512,0.489983674644792,2.84453632535521,0.457980488865942,-0.522453586824265,0.997306037018033

