proteinName,peptideSeq,charge,old_Rsquared,new_Rsquared,NDP,rateconstant,sigma,Abundance,MassToCharge,RMSE,selected_A1A0_count, selected_A2A0_count, selected_A2A1_count,improved_timePoints,new_k,I0_percentatediffI0_percentatediff,selected_io_t,i0,I0_asymptote,new_rmse,lowerci_old,upperci_old,sigma_old,lowerci_new,upperci_new,sigma_new,old_pearson,new_pearson
CAP1_MOUSE,LGLVFDDVVGIVEIINSR,3,0.610195861022366,0.96427477588006,4,0.50111,0.177059181224424,1859762.5,653.37012,0.0240857330345493,2,1,1,0| 1| 9| 13,NaN,,0.311910844111131| 0.192774204858115| NaN| NaN| NaN| NaN| 0.0882419888529398| 0.0843262108702527| NaN| NaN| NaN| NaN,0.311910844111131,0.0916649716301788,0.0101609748947104,0,1.75260598543665,0.393249678233676,0.0256816863814732,0.976538313618527,0.149390835871067,0.94806185866988,0.991151711818858
CAP1_MOUSE,LSDLLAPISEQIQEVITFR,3,0.98273814297217,0.992016309562066,7,0.11972,0.0050622404546309,3190406.57142857,724.73517,0.00661802666833652,0,2,2,2| 3| 6| 7,NaN,-0.0229450610053798|,0.282189753717239| 0.255118550670578| 0.229633048099627| 0.202727197823749| 0.152597788041658| 0.156173977101925| NaN| NaN| 0.0773682432058685| NaN| NaN| NaN,0.282189753717239,0.0471254520494484,0.00443814241473804,0.102332151087811,0.137107848912189,0.00710603812923915,0.108059462255803,0.131380537744197,0.00476540981211386,0.991478805173676,0.996788472283758
CAP1_MOUSE,NSLDcEIVSAK,2,0.598221011520188,0.714667275891202,6,0.0296,0.00920991650747028,8050304.83333333,618.30042,0.045688636537947,2,2,1,1| 2| 6| 9| 24,NaN,,NaN| 0.463244746679427| 0.473692996636001| NaN| 0.425099783579066| 0.497345540311539| 0.393818159023876| NaN| NaN| NaN| 0.301938531498311| NaN,NaN,NaN,0.0244686186993815,0,0.0821937449634554,0.0204598601967015,0.00995762474663291,0.0492423752533671,0.00764121763708373,0.867080039858277,0.877007999192126

