proteinName,peptideSeq,charge,old_Rsquared,new_Rsquared,NDP,rateconstant,sigma,Abundance,MassToCharge,RMSE,selected_A1A0_count, selected_A2A0_count, selected_A2A1_count,improved_timePoints,new_k,I0_percentatediffI0_percentatediff,selected_io_t,i0,I0_asymptote,new_rmse,lowerci_old,upperci_old,sigma_old,lowerci_new,upperci_new,sigma_new,old_pearson,new_pearson
CAVN3_MOUSE,LATMLEALR,2,-0.833402959628575,0.443796219438158,7,0.03443,0.0205741088637833,8707471,509.29169,0.121393044902369,2,0,2,1| 6| 21| 31,NaN,,0.527509883519041| 0.468461232911756| NaN| NaN| 0.328243165890878| 0.474185569832664| NaN| NaN| NaN| 0.366285224551289| 0.357754136662339| 0.313551220739482,0.527509883519041,0.225965757875097,0.0440206078699088,0,0.0943015340246856,0.0244682022361727,0.00812182949789561,0.0607381705021044,0.010751580810403,-0.0900893089285062,0.78407168896222
CAVN3_MOUSE,LEANHGLLVAR,3,-0.6312622290793,0.570413294220315,4,0.03966,0.0108511258802772,7768860.5,398.23141,0.0470328523961446,1,2,1,1| 3| 16| 21,NaN,,NaN| 0.445041521874604| NaN| 0.434391742565521| NaN| NaN| NaN| NaN| 0.392554750218511| 0.304647493130444| NaN| NaN,NaN,NaN,0.0209178180665361,0,0.0822148757529521,0.0133717498033234,0.00894284809882582,0.0703771519011742,0.00965205661221291,0.34238088462049,0.901391149989463

