proteinName,peptideSeq,charge,old_Rsquared,new_Rsquared,NDP,rateconstant,sigma,Abundance,MassToCharge,RMSE,selected_A1A0_count, selected_A2A0_count, selected_A2A1_count,improved_timePoints,new_k,I0_percentatediffI0_percentatediff,selected_io_t,i0,I0_asymptote,new_rmse,lowerci_old,upperci_old,sigma_old,lowerci_new,upperci_new,sigma_new,old_pearson,new_pearson
CTNA3_MOUSE,IYDTIHDIR,3,-17.5852469482184,0.90906412523928,6,1.46871,1.34280234798589,11641371.8333333,382.5365,0.0733273389385583,1,2,0,0| 3| 21,NaN,,0.592391557678484| 0.325651545342408| NaN| 0.262167879054885| NaN| 0.290980815300517| NaN| NaN| 0.286967331483293| 0.262952312213772| NaN| NaN,0.51159,0.277337447365431,0.0247841170690611,0,4.04424189862198,1.00192565892704,0.393068231839912,2.54435176816009,0.418442919658602,-0.601490219503158,0.992354466896652
CTNA3_MOUSE,VLLASVEEATWNLLDK,2,0.725496961235027,0.781292405102674,8,0.03429,0.00814115151333434,5413784.875,900.99072,0.0310732531580837,3,1,1,0| 1| 3| 6| 13,NaN,-0.00255844532638439|,0.339988979948862| 0.308287174996018| 0.328674478714179| 0.33208048346415| 0.29146745047131| 0.238324010495311| NaN| 0.241539601667045| NaN| NaN| 0.196066363463678| NaN,0.339988979948862,0.0999166293509247,0.0189518442297869,0.0090848329747854,0.0594951670252146,0.0106592694439883,0.0189171519490595,0.0496628480509405,0.00650118006885414,0.909652392410994,0.92816501251934
CTNA3_MOUSE,LLEPLIIQVTTLVNcPQNPSNR,3,-0.61773180459021,0.652852606747772,4,0.09222,0.034930342237445,629279,840.45984,0.0369948709637946,1,0,1,3| 7,NaN,,0.201552601164503| NaN| NaN| 0.191627737923911| 0.118426101093749| 0.128514190113678| NaN| NaN| NaN| NaN| NaN| NaN,0.23002,0.0384131469609484,0.0125525519478051,0,0.36412802798674,0.0854399420846979,0.0167829960332798,0.16765700396672,0.0237040932468313,0.0914719015631089,0.909706279558151
CTNA3_MOUSE,SNTLNTAIVNMSK,2,0.954022282817038,0.997960464858621,6,0.02885,0.000933672733446963,248908733.333333,696.86121,0.00554015276594158,2,2,1,6| 9| 16| 24| 31,NaN,-0.0230044765014002|-0.0121075817023376|-0.0221462712032422|0.00908084642853979|0.0287740314797655|,NaN| NaN| NaN| NaN| 0.399729199926774| 0.392891554177893| 0.382215603405465| NaN| 0.345734172470158| NaN| 0.31311724601724| 0.29144030182547,NaN,NaN,0.00130714605066112,0.0251318086931921,0.0325681913068079,0.00144643957897922,0.0279727283276059,0.0297272716723941,0.000341273582708019,0.993440781857258,0.999911801974771

