proteinName,peptideSeq,charge,old_Rsquared,new_Rsquared,NDP,rateconstant,sigma,Abundance,MassToCharge,RMSE,selected_A1A0_count, selected_A2A0_count, selected_A2A1_count,improved_timePoints,new_k,I0_percentatediffI0_percentatediff,selected_io_t,i0,I0_asymptote,new_rmse,lowerci_old,upperci_old,sigma_old,lowerci_new,upperci_new,sigma_new,old_pearson,new_pearson
CX7A2_MOUSE,GGASDALLYR,2,0.97427972029477,0.995211608589448,12,0.05899,0.00277414729445831,408437075,511.76691,0.015847531680572,4,3,1,1| 2| 6| 9| 13| 16| 24| 31,0.0612098689723585,-0.0152057460583394|-0.00469178620264827|-0.0275721059882224|0.00295876497434623|,0.576917149946083| 0.549700815704137| 0.531314917986751| 0.515619504259506| 0.459546961946001| 0.446819027345011| 0.424356831783983| 0.367243401967274| 0.351486224810199| 0.321835867531676| 0.304902917049005| 0.279598502442552,0.576917149946083,0.214565957703545,0.00676498543854718,0.0529665481614765,0.0650134518385235,0.00273670715794801,0.0564187122563474,0.0615612877436526,0.00116824401719182,0.993089642922986,0.998528371170532
CX7A2_MOUSE,LFQEDNGMPVHLK,2,0.943073899041476,0.984936575823951,10,0.06659,0.00496973286766724,53293959,764.38483,0.0157211809785288,2,3,3,0| 1| 2| 3| 9| 13| 16| 21,NaN,0.0375431094269683|0.0518719825145325|0.0417890424198993|0.0285205434614787|-0.0399594034357637|,0.403398738778496| 0.37887136940679| 0.355124013696014| 0.339505859696096| 0.308630574233612| 0.292022460956411| 0.278008807047556| 0.242975043986097| 0.222079110010377| 0.218595745006072| NaN| NaN,0.403398738778496,0.143128796320694,0.00690017087479245,0.0536084907355575,0.0795715092644425,0.00573855321789642,0.0608922962295459,0.0722877037704541,0.00251870376860714,0.985716477529963,0.992771001836245

