proteinName,peptideSeq,charge,old_Rsquared,new_Rsquared,NDP,rateconstant,sigma,Abundance,MassToCharge,RMSE,selected_A1A0_count, selected_A2A0_count, selected_A2A1_count,improved_timePoints,new_k,I0_percentatediffI0_percentatediff,selected_io_t,i0,I0_asymptote,new_rmse,lowerci_old,upperci_old,sigma_old,lowerci_new,upperci_new,sigma_new,old_pearson,new_pearson
DPYL3_MOUSE,GMYDGPVFDLTTTPK,2,0.12232939191418,0.767174571217521,5,0.06087,0.0349568626888842,2031515,821.39508,0.0542542559745941,2,0,2,0| 1| 7| 13,NaN,,0.387124120947815| 0.362504773333462| 0.396116439324577| NaN| NaN| 0.259167324862265| NaN| 0.224275093295997| NaN| NaN| NaN| NaN,0.387124120947815,0.173826966329315,0.0219354258514478,0,0.270506507026393,0.0755053671471539,0,0.161627242129295,0.0362900177436618,0.583081842473046,0.952737481810663

