proteinName,peptideSeq,charge,old_Rsquared,new_Rsquared,NDP,rateconstant,sigma,Abundance,MassToCharge,RMSE,selected_A1A0_count, selected_A2A0_count, selected_A2A1_count,improved_timePoints,new_k,I0_percentatediffI0_percentatediff,selected_io_t,i0,I0_asymptote,new_rmse,lowerci_old,upperci_old,sigma_old,lowerci_new,upperci_new,sigma_new,old_pearson,new_pearson
GARS_MOUSE,AEVSELPNVVR,2,-0.71843587293551,0.253403581240595,3,0.20117,0.101017753946777,2825861.66666667,606.83276,0.0727233440953588,0,1,2,1| 7| 13,NaN,,NaN| 0.46233499402517| NaN| NaN| NaN| 0.409142173913817| NaN| 0.203678441961603| NaN| NaN| NaN| NaN,NaN,NaN,0.0481836765417093,0,1.45854631887887,0.29223281492955,0,1.13595999633515,0.217258992312325,0.606503695642242,0.808254771222835
GARS_MOUSE,TFFSFPAVVAPFK,2,0.329036219097918,0.752544393047271,8,0.02486,0.0121982970628509,10618886.125,729.39502,0.0517506593738339,2,4,1,0| 1| 2| 3| 7| 13| 24,NaN,-0.0069810179553468|,0.435257516986261| 0.406218925131864| 0.36854109963727| 0.397939814582423| NaN| 0.363618785294818| 0.3752134466554| 0.324284617874019| NaN| NaN| 0.269550876080005| NaN,0.39012,0.167113004355777,0.0195603659758197,0,0.0694778408090547,0.0188688925059262,0.0105853970775167,0.0391346029224833,0.00603673201627578,0.95002822635371,0.94515080404861
GARS_MOUSE,LGDAVEQGVINNSVLGYFIGR,3,0.836715873553286,0.962313394614519,4,0.0985,0.023757273115126,2387952.25,741.05859,0.0171340259320353,1,1,0,1| 24,NaN,,0.26481092402413| 0.250548999631903| NaN| 0.209488634780926| NaN| NaN| NaN| NaN| NaN| NaN| 0.0924359038627632| NaN,0.26481092402413,0.0463559058938987,0.00758952931769893,0,0.468858642189291,0.116375456706866,0.0291018785089353,0.167898121491065,0.0218065333520515,0.961877668201331,0.998517563928235

