protien,peptide,charge,rsquared,rateconstant,mo,io_e,io_a1a0,io_a2a0,io_a2a1
PSMD6_MOUSE,AEYLcQIGDK,2,0.784965127643363,0.05368,0.49981,0.535627621699204,0.480348411857834,0.554448915621913,0.609881995010662
PSMD6_MOUSE,SLDWQMDVDLLSK,2,0.837882246982145,0.17098,0.39113,0.382510471133098,0.388735735355919,0.37728403743503,0.359325014041066
PSMD6_MOUSE,GAEILEVLHSLPAVR,3,-1.36351481196491,0.0197,0.38884,0.421217865860945,0.374847898877374,0.437804760272952,0.519227678744514

