protien,peptide,charge,rsquared,rateconstant,mo,io_e,io_a1a0,io_a2a0,io_a2a1
CAF17_MOUSE,VEGTTMLIR,2,0.115990080680949,0.30118,0.53818,0.471100545439958,0.704777272806971,0.30144066582801,0.276619315051522
CAF17_MOUSE,GcYIGQELTAR,2,-0.954259474888971,0.02663,0.48307,0.25532667370322,0.256200349324272,0.233547978015017,0.207837420225233
CAF17_MOUSE,GLLGSNPADGVAWTcFR,2,0.841866325582359,0.02907,0.34179,0.32472475760554,0.260613384392124,0.337711588518627,0.460702595410118
CAF17_MOUSE,TSESQLVAVTAVVPDWWPTAAK,2,0.556214671912483,0.01699,0.24605,0.301696480244313,0.287125915906696,0.258142938849424,0.226203114392948

