protien,peptide,charge,rsquared,rateconstant,mo,io_e,io_a1a0,io_a2a0,io_a2a1
RLA1_MOUSE,AAGVSVEPFWPGLFAK,2,0.975323408489997,0.13397,0.35148,0.341266653376136,0.351554512572122,0.310716441127677,0.267163320568175

