protien,peptide,charge,rsquared,rateconstant,mo,io_e,io_a1a0,io_a2a0,io_a2a1
CLIC1_MOUSE,GVTFNVTTVDTK,2,-0.476758208413719,0.20965,0.47839,0.485162074582807,0.448366421658395,0.469422622350532,0.498120356255583

