protien,peptide,charge,rsquared,rateconstant,mo,io_e,io_a1a0,io_a2a0,io_a2a1
MACD1_MOUSE,LIIcVFLEK,2,0.774074730645095,0.02804,0.49201,0.509016529499086,0.503278090032285,0.497449830076417,0.486623766808283
MACD1_MOUSE,AAGSLLTDEcR,2,0.952313986904215,0.03477,0.51753,0.525987957228408,0.518570403353414,0.539066639187559,0.63261158683016
MACD1_MOUSE,QREEHYFcK,3,0.855432776286503,0.03571,0.46696,0.484765087938881,0.479370678080324,0.495204380672563,0.529475352515283
MACD1_MOUSE,LIIcVFLEKDEGIYR,3,-4.62002417181749,0.91534,0.3224,0.0175441243348868,4.42102269934628E-07,0.104530220607781,0.134970148273119
MACD1_MOUSE,ISTGVFGYPNEEAAEVVLASLR,3,0.887225214705097,0.0345,0.2567,0.264974603043657,0.257936259400908,0.264913132712046,0.274614421945094
MACD1_MOUSE,ISTGVFGYPNEEAAEVVLASLR,2,0.150445511591985,0.02931,0.2567,0.311310715030174,0.293532037393756,0.293749380712163,0.293749380712163
MACD1_MOUSE,YVIHTVGPIAVGQPTASQAAELR,3,0.881516424165552,0.03084,0.24827,0.243171185328754,0.235947953754704,0.239558776023501,0.244499236023143
MACD1_MOUSE,LEVDAIVNAANSSLLGGGGVDGcIHR,3,0.875263560549644,0.02343,0.23071,0.24217018521636,0.230563599824687,0.249414257902103,0.275252559922092
MACD1_MOUSE,SVAFPcISTGVFGYPNEEAAEVVLASLR,3,0.417024709592752,0.03244,0.17169,0.16832010452776,0.157207106692329,0.159418171805605,0.163099334340782

