protien,peptide,charge,rsquared,rateconstant,mo,io_e,io_a1a0,io_a2a0,io_a2a1
HSPB6_MOUSE,ASAPLPGFSAPGR,2,0.891722713849939,0.14846,0.48526,0.499307452717624,0.51994183046525,0.496597750955848,0.466405242381037
HSPB6_MOUSE,VVDDHVEVHAR,3,0.992933228568107,0.18878,0.4848,0.489119068498403,0.473484433399397,0.498360734832832,0.531427720589303
HSPB6_MOUSE,VVDDHVEVHAR,2,0.883745893740804,0.10902,0.4848,0.524771485971746,0.472951146278589,0.552517174774274,0.60949425030772
HSPB6_MOUSE,HEERPDEHGFIAR,3,0.953975873723294,0.15095,0.40246,0.390838582952793,0.344221664168153,0.423252236653971,0.524820374197012
HSPB6_MOUSE,APSVALPTAQVSTDSGYFSVLLDVK,2,0.76641314924863,0.07069,0.22109,0.242628993547772,0.244072779397261,0.235811218546275,0.225894444964106
HSPB6_MOUSE,APSVALPTAQVSTDSGYFSVLLDVK,3,0.88098386092778,0.18185,0.22109,0.21905226420879,0.209397093108088,0.220141159254622,0.233794436041274

