protien,peptide,charge,rsquared,rateconstant,mo,io_e,io_a1a0,io_a2a0,io_a2a1
H2AZ_MOUSE,ATIAGGGVIPHIHK,3,0.592462893540471,0.02387,0.44278,0.468228833028195,0.443185427353397,0.460378914518423,0.4811375106859
H2AZ_MOUSE,VGATAAVYSAAILEYLTAEVLELAGNASK,3,0.837712706872125,0.03535,0.18383,0.174347238157961,0.166485116498212,0.16570465089556,0.164695010951557

