protien,peptide,charge,rsquared,rateconstant,mo,io_e,io_a1a0,io_a2a0,io_a2a1
GLUCM_MOUSE,LLQATHAIR,2,0.786345758951916,0.03249,0.55025,0.58043032313381,0.55965241160046,0.573831162139871,0.593620649680822
GLUCM_MOUSE,ETAMVVDQR,2,0.716177922656472,0.10226,0.54006,0.479318489355451,0.447750078338096,0.464499574350744,0.498547919105063
GLUCM_MOUSE,TPIPILTYQGR,2,0.853368620262232,0.19533,0.47038,0.539447345580679,0.555995996125665,0.486732040498212,0.396832395652159
GLUCM_MOUSE,TLPQLSAVSDIR,2,-0.501836087492732,3E-05,0.47558,0.428628947960578,0.493661423859626,0.365569988953457,0.222223723320213
GLUCM_MOUSE,RDLTGPSHAGAYK,3,0.808729752753067,0.03115,0.45527,0.469318210220293,0.446115466117817,0.481805261722933,0.527952739000718
GLUCM_MOUSE,ELESTIAVDPGNR,2,0.915787845913439,0.03452,0.45908,0.473355172055033,0.423301036152306,0.470792326001472,0.538289256405718
GLUCM_MOUSE,SLAPAFESFcQGNR,2,0.885747272944753,0.02811,0.398,0.44738849831721,0.436117878247227,0.42373245915892,0.404620847855964
GLUCM_MOUSE,AGEQSWIQALPSVAK,2,0.888687460541885,0.02757,0.39425,0.421838143089156,0.392900195140544,0.426712524964326,0.471804459159679
GLUCM_MOUSE,HLVDPIDDIFLAAQK,3,-0.0343629583010829,0.00967,0.36326,0.437444269417145,0.43691479457776,0.398129518160766,0.349773726763872
GLUCM_MOUSE,IPGISSTGVGDGGNELGMGK,2,0.0638176709631164,0.0433,0.34401,0.342513585901748,0.46571081109921,0.314864315529222,0.140938740634217
GLUCM_MOUSE,TSSMTEGLQPASVVVLPR,2,0.556719198730266,0.02478,0.33009,0.361038002388547,0.34681221714314,0.339189417068184,0.327852432112041
GLUCM_MOUSE,FGTcTGILTSLEEHSEQLK,3,-0.123996684992122,0.00812,0.29051,0.478053079617521,0.530684631477938,0.403448888981265,0.403448888981265

