protien,peptide,charge,rsquared,rateconstant,mo,io_e,io_a1a0,io_a2a0,io_a2a1
RAP1A_MOUSE,YDPTIEDSYR,2,0.734053211554148,0.03946,0.48536,0.577570025911488,0.562720262514712,0.567271361715821,0.57337680504513
RAP1A_MOUSE,INVNEIFYDLVR,2,0.987800617968987,0.09532,0.40842,0.411684702329662,0.42377267952989,0.411906036145631,0.396774041855004
RAP1A_MOUSE,SITAQSTFNDLQDLR,2,0.580844753466487,0.03945,0.38223,0.413722260942985,0.445319154811563,0.370220949949026,0.279779452253691

