protien,peptide,charge,rsquared,rateconstant,mo,io_e,io_a1a0,io_a2a0,io_a2a1
MCAT_MOUSE,EGITGLYR,2,0.738967435145647,0.01917,0.59025,0.624609464750337,0.626464277556287,0.61528539479496,0.597970668375282
MCAT_MOUSE,SVSDLSVPR,2,-0.424009631346403,0.03767,0.58484,0.588556576115134,0.593947802854285,0.573021291714589,0.542594117354892
MCAT_MOUSE,cLLQIQASSGENK,2,-0.773286530867159,0.001,0.44319,0.616402850341753,0.660099714791212,0.500477377867716,0.207033463897537
MCAT_MOUSE,DVPASGMYFMTYEWLK,2,0.985153032337098,0.02759,0.28362,0.294227319271484,0.300749417769752,0.288654657560633,0.27020324638575
MCAT_MOUSE,DVPASGmYFMTYEWLK,2,0.699121264415315,0.02298,0.28362,0.327776979633766,0.349135963138086,0.302943633841472,0.236621844364701

