protien,peptide,charge,rsquared,rateconstant,mo,io_e,io_a1a0,io_a2a0,io_a2a1
AP2A1_MOUSE,GLAVFISDIR,2,0.858760004957216,0.06406,0.52146,0.561669094737959,0.607629150818991,0.503150565163111,0.364762726775426
AP2A1_MOUSE,DFLTPPLLSVR,2,0.819263919904636,0.05396,0.46681,0.483188026187054,0.429649534369669,0.533969800398817,0.541964455331039
AP2A1_MOUSE,IAGDYVSEEVWYR,2,0.557364744243236,0.19328,0.38809,0.404611657999186,0.356712327514986,0.452311730720264,0.492789559159604

