protien,peptide,charge,rsquared,rateconstant,mo,io_e,io_a1a0,io_a2a0,io_a2a1
SYWC_MOUSE,HVTFNQVK,2,-1.87416588980099,9.5147,0.56139,0.323466269064827,0.243464795362503,0.360195055243109,0.502089163360874
SYWC_MOUSE,GIFGFTDSDcIGK,2,0.589993999062849,0.03715,0.43501,0.450482961258612,0.414541581610819,0.426945261064263,0.450041747196346
SYWC_MOUSE,DLTLEQAYSYTVENAK,2,0.0193123499605982,0.04092,0.34543,0.541031787588336,0.503002428323662,0.460998291473562,0.460998291473562

