protien,peptide,charge,rsquared,rateconstant,mo,io_e,io_a1a0,io_a2a0,io_a2a1
DNPEP_MOUSE,LTAFEEAIPK,2,0.704133476913703,0.0827,0.51128,0.433060717116059,0.448561205484856,0.358956233884024,0.259345543739009
DNPEP_MOUSE,GFFELFPSVSR,2,0.927727755829282,0.06527,0.45203,0.442845643556582,0.433240193653791,0.401642901587618,0.365635194666795

