protien,peptide,charge,rsquared,rateconstant,mo,io_e,io_a1a0,io_a2a0,io_a2a1
SYNPO_MOUSE,SMFTFVEKPK,3,0.508028026759918,0.14197,0.45867,0.434116124224218,0.358842206688771,0.44456020685968,0.516850401641442
SYNPO_MOUSE,AWAPPASSMADR,2,-0.112050275712899,0.04382,0.46556,0.544365063141598,0.538849837925951,0.596996441275217,0.640148973518495
SYNPO_MOUSE,VSAPPSAASTFSR,2,-3.56379600241318,0.04846,0.48166,0.317457282462743,0.529986425453567,0.219183787908238,0.0935933660737668
SYNPO_MOUSE,VTPNPDLLDLVQTADEK,2,-3.29689578114,2E-05,0.34368,0.437252250763141,0.452053907887206,0.351463379732811,0.233550540695583
SYNPO_MOUSE,RPLGNFTPPPTYAETLSTAPVASR,3,0.995740208000782,0.04042,0.22454,0.207674322496014,0.120663101563169,0.20792561125748,0.32917362493266

