protien,peptide,charge,rsquared,rateconstant,mo,io_e,io_a1a0,io_a2a0,io_a2a1
BCAM_MOUSE,AGAAGTSEATSSVR,2,0.267651967786606,0.03611,0.50965,0.468742415473368,0.403103889610528,0.491617310910702,0.634407279838676
BCAM_MOUSE,EGVScEASNIHGK,3,0.961057121125892,0.10308,0.46424,0.462010943428965,0.373139870774602,0.576585545688803,0.619557788361423
BCAM_MOUSE,VFATPEDTEVSPNK,2,0.938649585231477,0.05552,0.41439,0.422565552817595,0.38086939878193,0.425939247361793,0.488476310510351
BCAM_MOUSE,QQGTQEEQLNVNLK,2,0.867506560001681,0.13951,0.40533,0.44804200963053,0.425868672689715,0.441862408866077,0.463516018872293
BCAM_MOUSE,SGNSWTEGDEVMLTcSAR,2,0.279093664305412,0.02859,0.31744,0.351968491043568,0.278591872028519,0.318553104497053,0.408064368237966
BCAM_MOUSE,EGDAVQLLcQGDGSPSPEYSFFR,3,0.82098172184779,0.15044,0.22735,0.251649468424586,0.266391322725634,0.207762487217997,0.143931322791665
BCAM_MOUSE,GTLSVMDQFAQEIATcSSNNGNPVPR,3,0.422309179488401,0.04221,0.2006,0.243365507743121,0.323254811077823,0.210586939472437,0.094191391299515

