protien,peptide,charge,rsquared,rateconstant,mo,io_e,io_a1a0,io_a2a0,io_a2a1
DSG2_MOUSE,TAGTIAANEAVR,2,0.813797350578503,0.03581,0.52229,0.479657307924994,0.483349819865665,0.414957987404911,0.332978458480697
DSG2_MOUSE,SLLTAGATHHVR,3,0.764775358349454,0.03207,0.48495,0.570778101973982,0.592528576203889,0.512443770278268,0.402824760832619
DSG2_MOUSE,VTQEIVTESSVSSR,2,0.436394154071218,0.01674,0.43362,0.471499323340755,0.489513915496954,0.386493339073361,0.262224347111083
DSG2_MOUSE,ILDVNDNIPVVENK,2,-0.0167038218373454,0.0411,0.40251,0.355161483103455,0.373899579713882,0.263808512736236,0.15560935073041
DSG2_MOUSE,GITEPPFGIFVFDR,2,0.416744919400045,0.02365,0.37338,0.436839848360495,0.393586948104471,0.421274178585464,0.455739853186274
DSG2_MOUSE,DTGEIYTTSFTLDR,2,-0.0281328608685263,0.04097,0.39723,0.508201286543841,0.435721288479432,0.475158851967767,0.475158851967767
DSG2_MOUSE,VVPSLLVADHAESSAVR,3,0.70904400026942,0.03121,0.36535,0.362136001739316,0.314492223640693,0.385301778702468,0.478063824038207
DSG2_MOUSE,VYAPTSTLVDQHYANEEK,3,0.820794997920391,0.05867,0.30255,0.27842271547375,0.348848724903289,0.239109278182309,0.133983447722091

