protien,peptide,charge,rsquared,rateconstant,mo,io_e,io_a1a0,io_a2a0,io_a2a1
PGM1_MOUSE,LIFADGSR,2,0.975231706371848,0.03999,0.59847,0.606265648808232,0.586392386661823,0.638261531583472,0.694821164032405
PGM1_MOUSE,DLEALMLDR,2,0.93507715990755,0.04793,0.52383,0.554339015979934,0.532404778901457,0.555838970697148,0.626595326199621
PGM1_MOUSE,LSGTGSAGATIR,2,0.971250054523929,0.04136,0.54983,0.568908700543116,0.564811496786635,0.565888099155077,0.568607772026285
PGM1_MOUSE,FFGNLMDASK,2,0.97483224261158,0.04871,0.49128,0.497755740629605,0.487573603703966,0.464005656295604,0.421879667427257
PGM1_MOUSE,FYMTEAIQLIVR,2,0.886036494050946,0.03727,0.3913,0.438501572434461,0.406882566681959,0.440163418987058,0.477475089829479
PGM1_MOUSE,YDYEEVEAEGANK,2,0.919978736722318,0.04925,0.42399,0.471587504011119,0.472123233505923,0.42399,0.360706298973545
PGM1_MOUSE,TQAYPDQKPGTSGLR,2,0.899801435565262,0.0438,0.39841,0.41485660546215,0.365019829726279,0.412224535619239,0.472265286549678
PGM1_MOUSE,TQAYPDQKPGTSGLR,3,0.993475587179513,0.0457,0.39841,0.403751811911071,0.396155124364174,0.405888683528144,0.418656050786221
PGM1_MOUSE,FNISNGGPAPEAITDK,2,0.558260432395037,0.0832,0.39157,0.397713205623814,0.386297691926654,0.380446986270217,0.373202353408998
PGM1_MOUSE,SGEHDFGAAFDGDGDR,3,0.972166795769331,0.05465,0.40018,0.419389614567456,0.391806995995273,0.412199402590353,0.440541454110895
PGM1_MOUSE,ADNFEYSDPVDGSISK,2,0.965561604667918,0.05598,0.37151,0.396520891788571,0.396341450831674,0.377124121587288,0.353019898487374
PGM1_MOUSE,TVEIVDSVEAYATMLR,3,0.947286719425602,0.05555,0.34172,0.341546318082913,0.318976498008215,0.32526558833172,0.334849579890879
PGM1_MOUSE,TVEIVDSVEAYATMLR,2,0.810362678851641,0.04206,0.34172,0.333687382830726,0.330762794543549,0.334849579890879,0.340730244206515
PGM1_MOUSE,INQDPQVMLAPLISIALK,2,0.913459092515495,0.0437,0.29933,0.328921965644731,0.283170548358555,0.379461948718563,0.419855384000046
PGM1_MOUSE,FKPFTVEIVDSVEAYATMLR,3,-0.373997979382261,0.06083,0.2395,0.249891738454825,0.239252917394122,0.235696962341563,0.231952455327243
PGM1_MOUSE,VFQSNANYAENFIQSIVSTVEPALR,3,0.962838877024083,0.05712,0.1947,0.187436783345933,0.148435052964237,0.1947,0.254984102702628
PGM1_MOUSE,VFQSNANYAENFIQSIVSTVEPALR,2,0.436624719366239,0.03353,0.1947,0.222157366791648,0.167228074075244,0.207230605691283,0.258972166131268

