protien,peptide,charge,rsquared,rateconstant,mo,io_e,io_a1a0,io_a2a0,io_a2a1
PSB3_MOUSE,NcVAIAADR,2,-1.19114710044761,0.86103,0.5758,0.0743434259552483,0.576716867779932,0.186688898963897,0.186688898963897
PSB3_MOUSE,DAVSGMGVIVHVIEK,3,0.76700319534544,0.0934,0.38963,0.326229454984646,0.262705308752558,0.318735585765253,0.403500827222906
PSB3_MOUSE,FGPYYTEPVIAGLDPK,2,0.88333490198161,0.03686,0.3377,0.36372562648022,0.365648564810895,0.359455232879966,0.352351216403544
PSB3_MOUSE,LYIGLAGLATDVQTVAQR,3,0.97103515295198,0.1236,0.33154,0.331146005428394,0.329218024690162,0.322638770564945,0.315040821279108

