protien,peptide,charge,rsquared,rateconstant,mo,io_e,io_a1a0,io_a2a0,io_a2a1
ODB2_MOUSE,EDILSFLEK,2,0.9773166423355,0.02858,0.52372,0.533394999043083,0.516727865299645,0.552729429443086,0.605332861927401
ODB2_MOUSE,PLIDIETEALK,2,0.810484147294599,0.02414,0.48277,0.508557240225909,0.473425243574406,0.513604788350222,0.569569539751213
ODB2_MOUSE,SVFEIAMELNR,2,0.857492602165181,0.08976,0.45007,0.390128571602963,0.286654891463701,0.452145206995562,0.565831429942235
ODB2_MOUSE,SVFEIAMELNR,3,0.390380284721737,0.02055,0.45007,0.502957693258344,0.474806825113851,0.477772563774084,0.484393234355642
ODB2_MOUSE,ILKEDILSFLEK,3,0.494222666331374,0.01899,0.41711,0.484520466124482,0.500886385777747,0.454793320929758,0.396337196306537
ODB2_MOUSE,AQIMNVSWSADHR,2,0.513561747369788,0.02093,0.40495,0.457907250470141,0.422156077733094,0.41478393378404,0.403736721207345
ODB2_MOUSE,AQIMNVSWSADHR,3,0.931564239516188,0.03326,0.40495,0.447152897302005,0.445446296866653,0.439073590899888,0.426123083208275
ODB2_MOUSE,LYYNLDDIAYVGK,2,0.171359094045287,0.01023,0.39164,0.517594585677052,0.458278589117943,0.45924003233879,0.45924003233879
ODB2_MOUSE,TFPTPIAKPPVFTGK,3,0.393907602367406,0.02934,0.36954,0.338582030449842,0.309634278321168,0.347287512250761,0.391577737668583
ODB2_MOUSE,SYLENPAFMLLDLK,2,0.880903548522968,0.01997,0.35402,0.379683428557525,0.3703666836814,0.382573991185384,0.402254156023473
ODB2_MOUSE,SYLENPAFMLLDLK,3,0.164668717345253,0.01282,0.35402,0.438069207618293,0.434385740606301,0.407322774423753,0.366109248733592
ODB2_MOUSE,PVILPPEVAIGALGAIK,2,0.93090680791736,0.02713,0.3624,0.383005624199125,0.383891662668964,0.374554462734306,0.3624
ODB2_MOUSE,PVILPPEVAIGALGAIK,3,0.963278792541241,0.02751,0.3624,0.378153710068452,0.376841936213459,0.377032350469618,0.377032350469618
ODB2_MOUSE,AASLGLLQFPILNASVDENcQNITYK,3,0.505073690128744,0.0184,0.18588,0.19786596597537,0.18743388698237,0.198099582140551,0.212139392876392
ODB2_MOUSE,LGSSGQLGTTDLTGGTFTLSNIGSIGGTYAK,3,-2.5945771514397,0.00045,0.18429,0.203999023043866,0.166009144407175,0.177770000750451,0.191043626803817

