protien,peptide,charge,rsquared,rateconstant,mo,io_e,io_a1a0,io_a2a0,io_a2a1
HDHD5_MOUSE,LAFPELDMVDLQR,2,0.452431658233505,0.01355,0.38703,0.443616189851403,0.478492901065598,0.375583011664031,0.23714195425156
HDHD5_MOUSE,SPTFGLLFDIDGVLVR,2,0.420809427719891,0.01619,0.34711,0.396054930633267,0.37964318506719,0.347839774161578,0.311765383070852

