protien,peptide,charge,rsquared,rateconstant,mo,io_e,io_a1a0,io_a2a0,io_a2a1
PSMD7_MOUSE,VVVHPLVLLSVVDHFNR,4,0.88551935355699,0.09591,0.30706,0.308255232880188,0.273026101771039,0.30706,0.345969913150629

