protien,peptide,charge,rsquared,rateconstant,mo,io_e,io_a1a0,io_a2a0,io_a2a1
RS25_MOUSE,AALQELLSK,2,0.915377222410019,0.18285,0.56843,0.500208292624069,0.571770863755985,0.420981400033124,0.243478577744553

