protien,peptide,charge,rsquared,rateconstant,mo,io_e,io_a1a0,io_a2a0,io_a2a1
NUCG_MOUSE,FLVPIESIER,2,0.825097144848813,0.08076,0.48482,0.512272681790898,0.522298091276305,0.495599935665508,0.462068200829693

