protien,peptide,charge,rsquared,rateconstant,mo,io_e,io_a1a0,io_a2a0,io_a2a1
SEPT7_MOUSE,DVTNNVHYENYR,3,0.675763920345456,0.06537,0.4202,0.454958050873717,0.463872418836669,0.428257329175775,0.382021779658202

