protien,peptide,charge,rsquared,rateconstant,mo,io_e,io_a1a0,io_a2a0,io_a2a1
DDX1_MOUSE,DLGLAFEIPAHIK,3,-2.24222081365674,0.14438,0.42122,0.38429627064432,0.350895520608329,0.353368859158727,0.356047928347565
DDX1_MOUSE,EAQTSFLHLGYLPNQLFR,3,-0.120641162670988,0.24875,0.27656,0.21248794184649,0.212682810341153,0.205467336343868,0.197176169796278

