protien,peptide,charge,rsquared,rateconstant,mo,io_e,io_a1a0,io_a2a0,io_a2a1
TIDC1_MOUSE,SGVSDPGSLESGWDR,2,0.62554317164981,0.02753,0.42324,0.394801106825206,0.288747334483798,0.446126634057499,0.576195757241116
TIDC1_MOUSE,YIEQSQAEIYHNR,3,0.140321737551507,0.03659,0.38556,0.356157918823092,0.329227667394774,0.323534031224618,0.317154704420524

