protien,peptide,charge,rsquared,rateconstant,mo,io_e,io_a1a0,io_a2a0,io_a2a1
RT36_MOUSE,KPMSQEEMEFIQR,3,0.800619236162435,0.01737,0.35936,0.405035933785402,0.386311646368145,0.408335528641296,0.478703235532094
RT36_MOUSE,LSASEALGSAALPSHSSAISQH,3,0.902742599024573,0.0257,0.30376,0.333772521657267,0.338384643706531,0.322214546286499,0.30376
RT36_MOUSE,LSASEALGSAALPSHSSAISQHSK,3,0.175315789513308,0.02515,0.26921,0.24600662458618,0.212384814984935,0.213926059595589,0.216605382929631

