protien,peptide,charge,rsquared,rateconstant,mo,io_e,io_a1a0,io_a2a0,io_a2a1
LMOD2_MOUSE,GTPGSSPYASPR,2,0.302171435016261,0.06881,0.51322,0.600247269131294,0.592010002145474,0.568570932364507,0.531544685265012
LMOD2_MOUSE,LGYHFELPGPR,3,0.0824149068745623,0.06258,0.45483,0.46522962891242,0.443908746124285,0.490487454643342,0.547863284697561

