protien,peptide,charge,rsquared,rateconstant,mo,io_e,io_a1a0,io_a2a0,io_a2a1
TXLNB_MOUSE,SNEVFATFK,2,-0.323568035989448,0.20877,0.53686,0.510041364750635,0.563556088647404,0.450161675968044,0.308921483929144
TXLNB_MOUSE,ALLDMIEEK,2,0.560279387506517,1.36876,0.52168,0.466093264765044,0.437204137740179,0.491489562799688,0.617844134014695

