proteinName,peptideSeq,charge,old_Rsquared,new_Rsquared,NDP,rateconstant,sigma,Abundance,MassToCharge,RMSE,selected_A1A0_count, selected_A2A0_count, selected_A2A1_count,improved_timePoints,new_k,I0_percentatediffI0_percentatediff,selected_io_t,i0,I0_asymptote,new_rmse,lowerci_old,upperci_old,sigma_old,lowerci_new,upperci_new,sigma_new,old_pearson,new_pearson
LAMP1_MOUSE,ALQATVGNSYK,2,0.358314073213241,0.962805878233377,8,0.24874,0.0602968197544522,20275263.75,576.3064,0.0518171667085905,2,0,3,0| 1| 3| 6| 21,NaN,0.0315846582454359|0.00786206602494674|,0.540716037304184| 0.497047495771774| 0.39027898017491| 0.348935270320362| 0.28053019882216| 0.228485338746479| NaN| NaN| NaN| 0.218696406947138| 0.207928227749874| NaN,0.540716037304184,0.210800437492828,0.0189355776712578,0.062059846644425,0.435420153355575,0.0789470687685388,0.180521361890619,0.316958638109381,0.0288496737189793,0.858493112261475,0.988112501542424
LAMP1_MOUSE,EIYTMDSTTDIK,2,0.811342818160932,0.958604410179367,8,0.4156,0.0957627237867667,16071830,708.83179,0.023231530670229,2,4,0,1| 3| 13| 16| 21| 24,NaN,,NaN| 0.354396590816754| NaN| 0.26706394193475| NaN| NaN| 0.230998368922893| 0.219068113280781| 0.200438100051649| 0.200438100051649| 0.204592246765975| 0.223372466035859,NaN,NaN,0.0080853123871055,0.119116702289408,0.712083297710592,0.125382837288002,0.312414372088651,0.518785627911349,0.0436372196841183,0.916826434666905,0.980551271758814

