proteinName,peptideSeq,charge,old_Rsquared,new_Rsquared,NDP,rateconstant,sigma,Abundance,MassToCharge,RMSE,selected_A1A0_count, selected_A2A0_count, selected_A2A1_count,improved_timePoints,new_k,I0_percentatediffI0_percentatediff,selected_io_t,i0,I0_asymptote,new_rmse,lowerci_old,upperci_old,sigma_old,lowerci_new,upperci_new,sigma_new,old_pearson,new_pearson
METK2_MOUSE,TQVTVQYMQDR,2,-2.95878623699493,0.276780525439293,10,0.10049,0.0388316626715427,11007488.3,684.83246,0.0845670186762698,2,2,2,0| 1| 2| 13| 16| 21,NaN,,0.366629648911292| 0.361406042116428| 0.391781551294471| NaN| NaN| 0.319996671641718| 0.253546348145042| 0.240785054958588| 0.233171351835176| 0.267677382916201| 0.24942016021081| 0.263411637090703,0.44466,0.173352584478329,0.043801549869099,0.0032734327094613,0.197706567290539,0.0429751605682751,0.0479528407482806,0.153027159251719,0.0232243630645392,0.236529761198996,0.899144678318255
METK2_MOUSE,FVIGGPQGDAGLTGR,2,0.972552075082467,0.995916494871797,10,0.50289,0.0412497616659832,5562476.4,722.8808,0.0166827464006971,2,3,2,1| 3| 6| 13| 16| 21| 24,NaN,-0.0419073629931391|0.00422859231346999|,0.460510061425111| 0.335259743831687| 0.245979169664224| 0.200703513381368| 0.138310873146072| NaN| 0.120844262307231| 0.120552094151662| 0.124865583761253| 0.123411477176843| 0.10346442220629| NaN,0.460510061425111,0.12316924615306,0.00653296041642999,0.420141697328072,0.585638302671928,0.0365793783219128,0.470485779921471,0.535294220078529,0.0143244778104814,0.990787121436185,0.998409791319002

