proteinName,peptideSeq,charge,old_Rsquared,new_Rsquared,NDP,rateconstant,sigma,Abundance,MassToCharge,RMSE,selected_A1A0_count, selected_A2A0_count, selected_A2A1_count,improved_timePoints,new_k,I0_percentatediffI0_percentatediff,selected_io_t,i0,I0_asymptote,new_rmse,lowerci_old,upperci_old,sigma_old,lowerci_new,upperci_new,sigma_new,old_pearson,new_pearson
MGLL_MOUSE,ALIFVSHGAGEHcGR,3,0.897789913094388,0.908018684484159,4,0.11306,0.0104253291521439,8252316.25,537.60004,0.0112923914286499,1,0,0,6,NaN,,0.382018785152761| 0.319854462535316| 0.305202426891405| NaN| 0.221931106376189| NaN| NaN| NaN| NaN| NaN| NaN| NaN,0.382018785152761,0.0770226676911272,0.00999487150629549,0.0460119255611949,0.180108074438805,0.0210680929112596,0.0537158926871601,0.17240410731284,0.0186473239845805,0.987204234405715,0.982361318861036

