proteinName,peptideSeq,charge,old_Rsquared,new_Rsquared,NDP,rateconstant,sigma,Abundance,MassToCharge,RMSE,selected_A1A0_count, selected_A2A0_count, selected_A2A1_count,improved_timePoints,new_k,I0_percentatediffI0_percentatediff,selected_io_t,i0,I0_asymptote,new_rmse,lowerci_old,upperci_old,sigma_old,lowerci_new,upperci_new,sigma_new,old_pearson,new_pearson
MPPB_MOUSE,SPAIAALGPIER,2,0.794237922137731,0.914473107223054,9,0.12484,0.0160095695882034,14461124,597.84564,0.0416149731205285,2,1,3,1| 2| 3| 7| 16| 21,NaN,,0.537672200155223| 0.470983336709878| 0.405129997876492| 0.367511022597826| 0.274963842825531| 0.252053695160508| 0.24857587581683| NaN| 0.192304223877293| 0.202775031531273| NaN| NaN,0.537672200155223,0.124857915729974,0.0293544847012878,0.0830595123222679,0.166620487677732,0.0181181321583601,0.0953687641831173,0.154311235816883,0.0127802181132765,0.945849687845973,0.973831208376906
MPPB_MOUSE,DLVDYITTHYK,3,0.9106696179313,0.967696235916451,5,0.21621,0.0829316415063077,14735204,456.56622,0.0173881797026427,1,3,0,1| 13| 16| 24,NaN,,0.451021378373016| 0.409727100229516| NaN| NaN| NaN| NaN| NaN| 0.272270488530017| 0.265120505226854| NaN| 0.288915679554445| NaN,0.451021378373016,0.281610119245848,0.0089803212883805,0,0.663752997838419,0.161192813433365,0.0882465584773284,0.344173441522672,0.0460889506824604,0.967068442851262,0.991211993483187
MPPB_MOUSE,LcTDVTESEVAR,2,-0.519927764043773,-0.657024429046753,9,0.12602,0.0411846700505244,5967649.88888889,690.32721,0.0783348162377824,4,0,1,1| 3| 6| 7| 9,NaN,,0.397913911998259| 0.402720248242365| 0.365711810824749| 0.341694126160563| 0.29157780194017| 0.23919305502284| 0.223903449679525| NaN| 0.346546133334955| NaN| 0.319425823514353| NaN,0.46626,0.157821350405274,0.0669776666002478,0.00970350626535144,0.242336493734649,0.0504407134243345,0.0265673209534187,0.225472679046581,0.043127710628167,0.475887831790612,0.600198369476454

