proteinName,peptideSeq,charge,old_Rsquared,new_Rsquared,NDP,rateconstant,sigma,Abundance,MassToCharge,RMSE,selected_A1A0_count, selected_A2A0_count, selected_A2A1_count,improved_timePoints,new_k,I0_percentatediffI0_percentatediff,selected_io_t,i0,I0_asymptote,new_rmse,lowerci_old,upperci_old,sigma_old,lowerci_new,upperci_new,sigma_new,old_pearson,new_pearson
MYH14_MOUSE,VLGLLPEEITAMLR,2,0.658604447090156,0.893131260130632,5,0.08487,0.0142307218850253,3629003.8,777.94983,0.0177277314765766,3,2,0,0| 1| 2| 3| 6,NaN,0.0330892645819006|0.0393347918861097|,0.373138361583314| 0.356611409418229| 0.365145131991238| 0.324373128637803| 0.27608045766321| NaN| NaN| NaN| NaN| NaN| NaN| NaN,0.373138361583314,0.114947021344264,0.00750936763457989,0.0164352555674157,0.153304744432584,0.0246483333332461,0.0558814260472749,0.113858573952725,0.010440895769635,0.988278517140787,0.948504941590138
MYH14_MOUSE,ELQSTQAQLSEWR,2,-6.80036076154471,0.687033276048203,3,0.1384,0.0970851671686844,1925302.66666667,788.39172,0.0875963333689714,1,0,2,0| 1| 7,NaN,,0.451913467392185| 0.292471724879519| NaN| NaN| NaN| 0.0989467622347857| NaN| NaN| NaN| NaN| NaN| NaN,0.4092,0.0864817261488529,0.0403692858681443,0,1.42135597036199,0.29817790348068,0,0.575538651680393,0.101597474659753,-0.589301818684049,0.963987764097217

