proteinName,peptideSeq,charge,old_Rsquared,new_Rsquared,NDP,rateconstant,sigma,Abundance,MassToCharge,RMSE,selected_A1A0_count, selected_A2A0_count, selected_A2A1_count,improved_timePoints,new_k,I0_percentatediffI0_percentatediff,selected_io_t,i0,I0_asymptote,new_rmse,lowerci_old,upperci_old,sigma_old,lowerci_new,upperci_new,sigma_new,old_pearson,new_pearson
NRAP_MOUSE,LDSLAFLTAK,2,0.640940372674358,0.879698688453615,11,0.32367,0.107847839501348,4454120.72727273,539.81079,0.0509999359945381,6,2,1,0| 2| 6| 7| 9| 13| 16| 21| 24,NaN,-0.0273038937799616|,0.556963288605742| 0.375503808453456| 0.377249761751473| NaN| 0.275899438089533| 0.289878036591876| 0.312816834557223| 0.282667482409458| 0.245711156377754| 0.265720137509787| 0.265969106020705| 0.256617846311548,0.556963288605742,0.27479147999828,0.0287045279698251,0.0604345813369902,0.58690541866301,0.11814138894617,0.175512001557214,0.471827998442786,0.0664940599878893,0.85844916924415,0.942086947724121
NRAP_MOUSE,YSNQITNER,2,-0.705421716598714,-0.964485739078628,4,0.46837,0.350874390489761,1831839.75,562.77014,0.0820707313072941,3,0,1,3| 13| 16| 21,NaN,,NaN| NaN| NaN| 0.305718577027511| NaN| NaN| NaN| 0.293640886493377| 0.214266804910716| 0.287000233231248| NaN| NaN,NaN,NaN,0.028961361259365,0,1.85075142898534,0.434376984401612,0,0.944606251707468,0.149644709153287,-0.955484933018932,0.495514055349356
NRAP_MOUSE,AANQLASQVQYK,2,-1.94406614559336,0.630052709526397,6,0.31576,0.122706859357083,1874683.66666667,660.84894,0.0832055811168455,1,2,2,1| 2| 3| 13| 21,NaN,,NaN| 0.298591146971198| 0.265271058764457| 0.254580392327844| NaN| 0.161439766784558| NaN| 0.100950565550927| NaN| 0.171340790742992| NaN| NaN,NaN,NaN,0.0297064835775827,0,0.806913076999701,0.191066890132583,0.141296458532216,0.490223541467784,0.0678692812297839,0.263185590487102,0.93626378040875

