proteinName,peptideSeq,charge,old_Rsquared,new_Rsquared,NDP,rateconstant,sigma,Abundance,MassToCharge,RMSE,selected_A1A0_count, selected_A2A0_count, selected_A2A1_count,improved_timePoints,new_k,I0_percentatediffI0_percentatediff,selected_io_t,i0,I0_asymptote,new_rmse,lowerci_old,upperci_old,sigma_old,lowerci_new,upperci_new,sigma_new,old_pearson,new_pearson
PDLI1_MOUSE,HPEcYVcTDcGINLK,3,0.779490283187563,0.857721108993539,6,0.07043,0.0178839632908649,2298036.66666667,622.60413,0.034690615973965,1,1,1,1| 7| 16,NaN,,0.35391546197147| 0.318743211895065| 0.332856937479106| NaN| NaN| 0.222028583199683| NaN| NaN| 0.128401094990252| NaN| 0.145781529745734| NaN,0.35391546197147,0.119794569848677,0.0240588076977411,0.00421548671790541,0.136644513282095,0.0257585704476003,0.0245085830078947,0.116351416992105,0.0178642112735221,0.946253423135105,0.974189043401623
PDLI1_MOUSE,VTPPEGYDVVTVFR,2,-1.9950960453543,0.764687669542838,4,0.02863,0.0146521943823428,8822305.5,789.91174,0.0467566164104758,3,0,1,1| 2| 6| 31,NaN,0.0013582139134182|,NaN| 0.451954907547247| 0.385828896630371| NaN| 0.328308769895592| NaN| NaN| NaN| NaN| NaN| NaN| 0.210241686017384,NaN,NaN,0.0248697916726669,0,0.148013416898622,0.0375130969880339,0,0.109535826573445,0.0254225268298693,0.563072190951337,0.948811918714228
PDLI1_MOUSE,GcADNMTLTVSR,2,0.484901038349636,0.853156403073646,6,0.16764,0.0380040652590879,23672536.6666667,662.80286,0.0418640223049417,2,1,0,2| 3| 31,NaN,,NaN| NaN| 0.3715837209653| 0.398483865923185| 0.269208025841122| 0.20807431888572| NaN| NaN| NaN| NaN| 0.190201727303713| 0.192323210936808,NaN,NaN,0.0229516132697728,0.016295337135077,0.318984662864923,0.058875644734651,0.0846665067408532,0.250613493259147,0.0322780983421828,0.743030397839342,0.926277153369334

