proteinName,peptideSeq,charge,old_Rsquared,new_Rsquared,NDP,rateconstant,sigma,Abundance,MassToCharge,RMSE,selected_A1A0_count, selected_A2A0_count, selected_A2A1_count,improved_timePoints,new_k,I0_percentatediffI0_percentatediff,selected_io_t,i0,I0_asymptote,new_rmse,lowerci_old,upperci_old,sigma_old,lowerci_new,upperci_new,sigma_new,old_pearson,new_pearson
PSMD3_MOUSE,AIQLEYSEAR,2,0.694513193172868,0.694513193172868,5,0.05261,0.00718525711704707,18533228,590.30383,0.0295432780899041,0,0,0,,NaN,,0.489918174064659| NaN| 0.435779535804416| NaN| NaN| NaN| NaN| NaN| 0.294641615758358| 0.316034199784539| NaN| 0.28547073008233,0.489918174064659,0.137354090523464,0.0295432780899041,0.0162443072364223,0.0889756927635777,0.0130979332875873,0.0162443072364223,0.0889756927635777,0.0130979332875873,0.970186473256082,0.970186473256082
PSMD3_MOUSE,SVFPEQANNNEWAR,2,0.749458741077711,0.942938873067723,9,0.05492,0.00880771847073125,4196176,831.38696,0.0378425347823779,3,0,3,2| 3| 6| 7| 9| 13,NaN,-0.0111964662771816|,0.415593537158717| 0.410153717041806| 0.382559113695355| 0.318926897401454| 0.320216099894696| 0.330515387601938| 0.282678578692032| 0.254695300981637| NaN| NaN| 0.152936978220762| NaN,0.415593537158717,0.0799369797579312,0.0161488849249783,0.0309841903448892,0.0788558096551108,0.0103797774213101,0.044705656855984,0.065134343144016,0.0044294556928486,0.930421673700697,0.971492865313205

