proteinName,peptideSeq,charge,old_Rsquared,new_Rsquared,NDP,rateconstant,sigma,Abundance,MassToCharge,RMSE,selected_A1A0_count, selected_A2A0_count, selected_A2A1_count,improved_timePoints,new_k,I0_percentatediffI0_percentatediff,selected_io_t,i0,I0_asymptote,new_rmse,lowerci_old,upperci_old,sigma_old,lowerci_new,upperci_new,sigma_new,old_pearson,new_pearson
PUR9_MOUSE,TGLVEFAR,2,0.20432458690067,0.981007905852933,4,0.07046,0.0120189746304672,10679135.5,446.74799,0.0301931366621775,2,2,0,1| 6| 13| 16,NaN,-0.0324100329008489|-0.0535135777992554|,NaN| 0.555274760213845| NaN| NaN| 0.495896535013885| NaN| NaN| 0.407668179240944| 0.391572488924255| NaN| NaN| NaN,NaN,NaN,0.00530167870362572,0,0.152529537261526,0.0257881922886246,0.0570272890046302,0.0838927109953698,0.00422087592625565,0.915671116273541,0.994273551383241
PUR9_MOUSE,DVSELTGFPEMLGGR,2,0.567845720463717,0.885893632135913,6,0.01251,0.00333377881107165,6820072.33333333,804.39032,0.0271502495486505,2,1,1,1| 7| 9| 13,NaN,0.0275084301911701|,NaN| 0.395431587427226| NaN| NaN| NaN| 0.35203789304375| 0.35701569414735| 0.359246379317214| 0.33447914776518| NaN| NaN| 0.28042258376281,NaN,NaN,0.0082792968511343,0,0.0305856470203328,0.00703173374054089,0.00846150631970987,0.0165584936802901,0.00157493281308492,0.890073607557953,0.965249947473916

