proteinName,peptideSeq,charge,old_Rsquared,new_Rsquared,NDP,rateconstant,sigma,Abundance,MassToCharge,RMSE,selected_A1A0_count, selected_A2A0_count, selected_A2A1_count,improved_timePoints,new_k,I0_percentatediffI0_percentatediff,selected_io_t,i0,I0_asymptote,new_rmse,lowerci_old,upperci_old,sigma_old,lowerci_new,upperci_new,sigma_new,old_pearson,new_pearson
RL24_MOUSE,VFQFLNAK,2,-0.371588518045931,0.920628061213026,9,1.35531,0.663031174315226,47748260,483.77399,0.0455217267772995,2,2,3,0| 1| 2| 6| 9| 13| 21,NaN,0.0158296704200282|,0.540877971462133| 0.358730421780325| 0.330399814401528| NaN| 0.36492313756439| 0.316371035019493| 0.323402080272329| 0.310659420032904| 0.297089412416651| 0.298378526153639| NaN| NaN,0.540877971462133,0.30735525895432,0.0174351528848994,0.193180263228403,2.5174397367716,0.503958218927399,0.638099412690214,2.07252058730979,0.31101877762857,0.720522627245192,0.962807244355422
RL24_MOUSE,VELcSFSGYK,2,0.137191032297997,0.909102914053381,12,2.21419,1.64993839357182,23418392.6666667,595.28156,0.0460001645888498,2,5,1,0| 2| 3| 9| 13| 16| 21| 24,2.73369819429257,,0.585336831951295| 0.262696306214305| 0.223201918463153| 0.24038864394312| 0.231647926977644| 0.233892056834375| 0.22819720638273| 0.22819720638273| 0.231827205469922| 0.22819720638273| 0.24258514044968| 0.247784346209895,0.49184,0.242661310515971,0.0292585401163757,1.20093425894538,3.22744574105462,0.460364640361404,1.44041354386218,2.98796645613782,0.351559142985212,0.76278414373963,0.996897593859208
RL24_MOUSE,AITGASLADIMAK,2,0.815638656879128,0.971690037623709,7,0.14723,0.0237906691358808,33913241.4285714,631.34467,0.0290938928180826,1,2,0,0| 21| 24,NaN,,0.499508983996303| NaN| NaN| 0.316383571850143| NaN| NaN| 0.245286777327525| NaN| 0.173764358490688| 0.155907712579432| 0.141266958110109| 0.143854954359699,0.499508983996303,0.140042982353328,0.0156378026606528,0.0649034380139262,0.229556561986074,0.0336450869498936,0.10297993906391,0.19148006093609,0.0180840437377268,0.979356178039196,0.988187241089308
RL24_MOUSE,QINWTVLYR,2,0.730405653026831,0.973255654634046,5,0.05229,0.00974691565762745,42419502,596.82727,0.0226351422824396,2,0,2,1| 3| 13| 21,NaN,-0.0297651771081064|,NaN| 0.48403| NaN| 0.443152615379594| NaN| 0.416835225338672| NaN| 0.376002866937442| NaN| 0.351067652022225| NaN| NaN,NaN,NaN,0.00498857950056259,0.00541762856130371,0.0991623714386963,0.0168821531360994,0.0419597556222901,0.0626202443777099,0.00372067301407866,0.945729116601184,0.986587125736979

