proteinName,peptideSeq,charge,old_Rsquared,new_Rsquared,NDP,rateconstant,sigma,Abundance,MassToCharge,RMSE,selected_A1A0_count, selected_A2A0_count, selected_A2A1_count,improved_timePoints,new_k,I0_percentatediffI0_percentatediff,selected_io_t,i0,I0_asymptote,new_rmse,lowerci_old,upperci_old,sigma_old,lowerci_new,upperci_new,sigma_new,old_pearson,new_pearson
S27A1_MOUSE,PAIWEEFTQR,2,0.468760007969591,0.778090087816856,4,0.08519,0.00943917721538358,5445366,638.81964,0.0180486349745286,1,1,0,2| 3,NaN,,NaN| NaN| 0.429230301933869| 0.43039580491961| 0.337000105620168| NaN| 0.327139904508575| NaN| NaN| NaN| NaN| NaN,NaN,NaN,0.0133260386174552,0.0251106506973513,0.145269349302649,0.0188783544307672,0.0408309817114389,0.129549018288561,0.0139386541161394,0.761549446282103,0.951479790756596
S27A1_MOUSE,LLPQVDTTGTFK,2,0.811282333553683,0.930009883559957,10,0.08554,0.0175349576607717,24916419,660.36389,0.0347724395957181,3,1,1,0| 1| 2| 13| 21,NaN,0.0445758548579435|,0.500417157958933| 0.466037534117184| 0.416340875381693| 0.41809614718477| 0.376937362662004| 0.348952991295464| 0.321532956735129| 0.310857718787053| NaN| 0.301484494680958| NaN| 0.26277716288433,0.500417157958933,0.271280551234766,0.0176095262213161,0.0397366899658005,0.131343310034199,0.0202476250513504,0.0623441990021997,0.1087358009978,0.0102538415022522,0.953453999282136,0.971823577994012
S27A1_MOUSE,LLGQTDVAVYGVAVPGVEGK,2,0.879434129786977,0.984736020197664,5,0.14013,0.0191501765830415,6669564,986.54114,0.0168751325668145,1,1,2,1| 2| 3| 9,NaN,,0.304966426048477| 0.274584815050082| 0.259536071607182| 0.231033712060827| NaN| NaN| 0.134807073054112| NaN| NaN| NaN| NaN| NaN,0.304966426048477,0.0644526464861162,0.00464187533174437,0.046424596756521,0.233835403243479,0.0337501372062082,0.114354273614156,0.165905726385844,0.00928371547424583,0.97026585901195,0.996171987147078
S27A1_MOUSE,VNEDTMEPLR,2,-2.98226102510169,0.889676572240288,6,0.19769,0.0648884761699261,9910814.5,602.28735,0.0561732580187022,0,1,4,1| 2| 6| 21| 31,NaN,,NaN| 0.500163626311428| 0.353671166005098| NaN| 0.272790445598946| NaN| 0.272085605000057| NaN| NaN| 0.207877912609778| NaN| 0.209184365833239,NaN,NaN,0.0237121196161736,0.0207656552831537,0.374614344716846,0.0688265754951455,0.088609933475908,0.306770066524092,0.0424339988126069,0.603163625312566,0.949102729989376

