proteinName,peptideSeq,charge,old_Rsquared,new_Rsquared,NDP,rateconstant,sigma,Abundance,MassToCharge,RMSE,selected_A1A0_count, selected_A2A0_count, selected_A2A1_count,improved_timePoints,new_k,I0_percentatediffI0_percentatediff,selected_io_t,i0,I0_asymptote,new_rmse,lowerci_old,upperci_old,sigma_old,lowerci_new,upperci_new,sigma_new,old_pearson,new_pearson
SNAA_MOUSE,IEEAcEIYAR,2,0.302182019992546,0.403412941343224,4,0.02035,0.00772189951441409,1474251,627.29517,0.0543372483413135,1,2,0,0| 1| 21,NaN,,0.516701206414226| 0.370107246933042| NaN| NaN| NaN| NaN| NaN| NaN| NaN| 0.351478568249737| 0.295954398885033| NaN,0.516701206414226,0.144863015982004,0.0363731662370316,0,0.0557646117100008,0.0111281097357011,0.00142279047372502,0.039277209526275,0.00594737749276287,0.660777653868286,0.77458225222867
SNAA_MOUSE,LDQWLTTMLLR,2,0.340954265934211,0.864432186349488,10,0.06794,0.0311627786889191,15780905.4,695.38159,0.0722619758059142,0,3,3,0| 1| 2| 13| 16| 31,NaN,,0.458974039575687| 0.429168981037829| 0.427578378403563| 0.380073788803201| 0.299522417632618| NaN| NaN| 0.2999857443555| 0.264108781515012| 0.237639398114189| 0.261965846934292| 0.215732020724339,0.458974039575687,0.248813871543465,0.0282859438017874,0,0.160597801676888,0.0409599311716821,0.0360768168411617,0.0998031831588383,0.0140853092289826,0.702701817724564,0.96449736971766

