proteinName,peptideSeq,charge,old_Rsquared,new_Rsquared,NDP,rateconstant,sigma,Abundance,MassToCharge,RMSE,selected_A1A0_count, selected_A2A0_count, selected_A2A1_count,improved_timePoints,new_k,I0_percentatediffI0_percentatediff,selected_io_t,i0,I0_asymptote,new_rmse,lowerci_old,upperci_old,sigma_old,lowerci_new,upperci_new,sigma_new,old_pearson,new_pearson
UBXN1_MOUSE,LPDGTSLTQTFR,2,-3.52382846877483,0.519313109390665,11,0.28033,0.159454513339831,6437729.63636364,668.34882,0.102915259561897,3,2,4,0| 1| 3| 6| 7| 16| 21| 24| 31,NaN,-0.0270573469554215|,0.50973008548586| 0.240221211142472| 0.362632280668476| 0.31353211343211| 0.263363303491424| 0.248150488785346| NaN| 0.212503333803126| 0.191148847363497| 0.319789053260865| 0.20574983313831| 0.20574983313831,0.50973008548586,0.218349548846686,0.0595931048722337,0,0.651304798062109,0.166495368023366,0.0549652797490124,0.505694720250988,0.10114482771789,-0.10469985996109,0.760373119944811

