PeptideSeq,Charge,Abun,mz,NDP,t0,i0,m0,t1,i1,m1,t2,i2,m2,t3,i3,m3,t6,i6,m6,t7,i7,m7,t9,i9,m9,t13,i13,m13,t16,i16,m16,t21,i21,m21,t24,i24,m24,t31,i31,m31
QEALEWLIR,2,11511140,579.31927,6,58.685387,0,579.32184,58.705093,46.14,579.32184,58.64518,54.86,579.82361,,,0,,,0,58.5865955,0,579.32184,,,0,58.670696,0,579.32184,,,0,58.608978,0,579.32184,,,0,,,0
VGVDPLIIPTDYWK,2,6494861.66666667,808.44012,6,67.9921495,0,808.44788,67.938423,18.92,808.44788,68.056286,0,808.44788,,,0,,,0,68.050896,26.59,808.94653,,,0,67.992569,0,808.44788,,,0,67.9982375,29.37,808.9516,,,0,,,0

