PeptideSeq,Charge,Abun,mz,NDP,t0,i0,m0,t1,i1,m1,t2,i2,m2,t3,i3,m3,t6,i6,m6,t7,i7,m7,t9,i9,m9,t13,i13,m13,t16,i16,m16,t21,i21,m21,t24,i24,m24,t31,i31,m31
GVLEQGWQADSTTR,2,11133158.3636364,774.3761,12,39.8957635,76.96,774.38379,39.3916165,89.35,774.38031,39.5910015,40.65,774.37927,39.866869,47.07,774.88306,39.5162695,34.93,774.88153,39.531679,28.88,774.8819,39.6033935,0,774.38379,39.8616695,37.83,774.88269,39.315401,36.62,774.87933,39.4658225,34.04,774.38385,40.2542855,20.08,775.38342,40.0165385,37.59,774.88306
SANSELGGIWSVGQR,2,7815294.7,780.89191,12,49.824276,84.73,780.89618,50.371506,92.95,780.89624,50.3592395,83.46,781.39722,50.5397985,78,781.396,50.494553,55.23,781.39618,50.155376,61.28,781.39526,50.608086,82.44,781.39484,50.484243,77.66,781.40167,50.407183,22.48,781.90515,50.4641515,0,780.89618,50.531706,19.28,781.90051,50.6230485,0,780.89618

