PeptideSeq,Charge,Abun,mz,NDP,t0,i0,m0,t1,i1,m1,t2,i2,m2,t3,i3,m3,t6,i6,m6,t7,i7,m7,t9,i9,m9,t13,i13,m13,t16,i16,m16,t21,i21,m21,t24,i24,m24,t31,i31,m31
GDSVIVVLR,2,22299163.3333333,479.29001,3,,,0,,,0,,,0,43.11491,32.7,479.29129,43.085859,28.25,479.29144,,,0,,,0,,,0,,,0,,,0,42.365839,35.12,479.2905,,,0

