PeptideSeq,Charge,Abun,mz,NDP,t0,i0,m0,t1,i1,m1,t2,i2,m2,t3,i3,m3,t6,i6,m6,t7,i7,m7,t9,i9,m9,t13,i13,m13,t16,i16,m16,t21,i21,m21,t24,i24,m24,t31,i31,m31
TSTSQAIFR,2,160295502.857143,505.76691,10,27.6646225,84.6,505.77011,27.620269,64.1,505.77054,,,0,27.7584915,83.82,505.76855,27.817603,63.32,505.76782,27.6996915,0,505.77011,27.7557255,57.18,506.27136,27.6253995,63.41,506.27097,27.568217,34.82,506.27191,27.7218745,0,505.77011,27.697979,0,505.77011,,,0
IISAASEGGANVFTVSYFK,2,10809929.6,981.00439,10,59.1353075,89.17,981.01068,59.086195,101.13,981.00757,,,0,59.165882,72.04,981.008,59.2011735,27.75,982.01068,59.248894,45.57,982.01086,59.182381,29.9,982.0116,59.149332,48.37,981.51031,59.200157,60.54,981.51373,59.118061,38.43,982.01251,59.2635235,28.94,982.0119,,,0
VTMLFLGLHNVR,3,9993957,467.26746,10,49.9193975,0,467.26892,49.8259295,0,467.26892,,,0,49.9475155,0,467.26892,49.861431,0,467.26892,49.997478,0,467.26892,49.983303,22.1,467.26892,49.856056,17.58,467.26892,49.7701795,0,467.26892,49.85191,0,467.26892,49.936037,0,467.26892,,,0

