PeptideSeq,Charge,Abun,mz,NDP,t0,i0,m0,t1,i1,m1,t2,i2,m2,t3,i3,m3,t6,i6,m6,t7,i7,m7,t9,i9,m9,t13,i13,m13,t16,i16,m16,t21,i21,m21,t24,i24,m24,t31,i31,m31
ALTPLQEEMAGLLQQIEVER,3,2360652,756.73499,3,81.590004,31.39,756.73877,,,0,81.6429715,44.77,757.07324,,,0,,,0,,,0,82.0671845,20.91,757.07239,,,0,,,0,,,0,,,0,,,0

