PeptideSeq,Charge,Abun,mz,NDP,t0,i0,m0,t1,i1,m1,t2,i2,m2,t3,i3,m3,t6,i6,m6,t7,i7,m7,t9,i9,m9,t13,i13,m13,t16,i16,m16,t21,i21,m21,t24,i24,m24,t31,i31,m31
ALNPLEDWLR,2,4609225,613.83002,3,,,0,,,0,,,0,64.9378855,46.45,613.83209,64.8862725,43.31,613.8316,,,0,,,0,,,0,,,0,,,0,,,0,64.963871,28.27,613.83197

