PeptideSeq,Charge,Abun,mz,NDP,t0,i0,m0,t1,i1,m1,t2,i2,m2,t3,i3,m3,t6,i6,m6,t7,i7,m7,t9,i9,m9,t13,i13,m13,t16,i16,m16,t21,i21,m21,t24,i24,m24,t31,i31,m31
MLAMPLDLDALSPEER,2,1621016.6,900.94714,5,69.364433,43.94,901.45282,69.245041,51.74,900.9505,69.402855,51.94,900.9494,69.412563,47.6,901.4552,,,0,,,0,69.360001,32.32,901.44098,,,0,,,0,,,0,,,0,,,0

