PeptideSeq,Charge,Abun,mz,NDP,t0,i0,m0,t1,i1,m1,t2,i2,m2,t3,i3,m3,t6,i6,m6,t7,i7,m7,t9,i9,m9,t13,i13,m13,t16,i16,m16,t21,i21,m21,t24,i24,m24,t31,i31,m31
AENEALAMQK,2,11934098.5555556,552.7713,9,24.3875295,35.72,552.77405,23.895228,35.39,553.27612,24.46679,38.53,552.77332,24.8749775,29.73,552.77289,23.9687755,34.95,552.77246,24.4185015,28.67,552.77295,23.9684685,32.14,553.2757,23.907463,32.83,553.27539,,,0,24.052291,22.58,553.2782,,,0,,,0

