PeptideSeq,Charge,Abun,mz,NDP,t0,i0,m0,t1,i1,m1,t2,i2,m2,t3,i3,m3,t6,i6,m6,t7,i7,m7,t9,i9,m9,t13,i13,m13,t16,i16,m16,t21,i21,m21,t24,i24,m24,t31,i31,m31
GVNTFSPEGR,2,2865174.14285714,532.26196,9,27.7206515,47.31,532.26428,27.667072,46.89,532.26459,27.819296,46.51,532.26385,27.4574775,37.02,532.26471,27.4801225,44.4,532.26575,27.388313,0,532.26428,27.430972,48.25,532.76392,27.7279815,46.43,532.76459,1633.29834,0,532.26428,27.370855,0,532.26428,,,0,1643.641724,0,532.26428
LFQVEYAIEAIK,2,29137042,712.3952,11,61.752768,46.99,712.39807,61.7483655,54.46,712.40179,62.2396505,48.32,712.90009,61.833996,51.96,712.89905,61.760174,34.98,712.89972,61.831411,0,712.39807,62.1370885,0,712.39807,62.1023925,0,712.39807,62.14027,0,712.39807,61.703869,0,712.39807,,,0,61.925627,0,712.39807
PFGVALLFGGVDEK,2,23754402.5,724.89282,11,69.212505,64.66,724.89508,69.4368745,88.65,724.89563,69.555809,85.54,724.89679,69.51902,85.44,724.89307,69.500061,0,724.89508,69.086548,54.12,725.3985,69.5204045,53.9,725.39716,69.4674835,38.5,725.39716,69.1453245,0,724.89508,69.4826545,0,724.89508,,,0,69.5572165,51.24,725.39795
GPQLFHMDPSGTFVQcDAR,3,37321042,721.66309,11,49.396156,50.96,721.66705,49.388212,31.71,721.66589,49.5665185,52.75,721.66388,48.9750805,40.94,721.66461,49.378397,62.13,721.99731,49.5026815,48.36,721.99847,49.716944,26.34,722.33142,49.4873925,20.21,721.99786,49.447174,40.9,722.33307,49.3564095,34.7,722.33459,,,0,49.587496,0,721.66705
LNATNIELATVQPGQNFHMFTK,3,8174546.6,825.42139,11,54.9391405,51.93,825.76025,54.8410165,0,825.76025,55.10289,27.99,825.75867,55.1452635,44.86,825.75598,55.0138665,0,825.76025,55.0854265,20.87,825.75732,55.0646075,20.41,825.75739,55.02441,0,825.76025,54.885792,0,825.76025,54.936239,0,825.76025,,,0,55.132954,0,825.76025
SSLIILK,2,125014900,387.26019,8,39.387764,0,387.7644,2368.244873,0,387.7644,2376.606689,0,387.7644,39.588745,0,387.7644,39.654997,0,387.7644,39.6122245,0,387.7644,2376.175293,0,387.7644,39.594147,0,387.7644,39.129547,39.26,387.7644,39.238966,39.54,387.76465,,,0,38.908146,0,387.7644

