PeptideSeq,Charge,Abun,mz,NDP,t0,i0,m0,t1,i1,m1,t2,i2,m2,t3,i3,m3,t6,i6,m6,t7,i7,m7,t9,i9,m9,t13,i13,m13,t16,i16,m16,t21,i21,m21,t24,i24,m24,t31,i31,m31
DLVVELYSQWMK,2,2968161.83333333,755.88416,7,77.236801,37.22,756.39288,77.205315,0,756.39288,77.0043865,30.34,756.39258,77.7022705,43.97,755.88885,77.426792,27.51,756.38855,,,0,77.268684,34.26,755.88452,77.2062645,21.48,756.38867,,,0,,,0,,,0,,,0
VVATTQMQAADAR,2,1987667.33333333,681.3457,7,25.69561,0,681.3501,25.5775795,36.63,681.3501,25.7383155,17.02,681.34894,25.6053645,0,681.3501,25.640892,41.5,681.34772,,,0,26.053258,0,681.3501,25.9450275,0,681.3501,,,0,,,0,,,0,,,0

