PeptideSeq,Charge,Abun,mz,NDP,t0,i0,m0,t1,i1,m1,t2,i2,m2,t3,i3,m3,t6,i6,m6,t7,i7,m7,t9,i9,m9,t13,i13,m13,t16,i16,m16,t21,i21,m21,t24,i24,m24,t31,i31,m31
LEYSDFSIR,2,50832996.375,565.27985,12,48.621918,50.37,565.28339,48.455963,47.65,565.28265,49.161263,50.19,565.28217,48.1238935,47.47,565.28192,48.557549,44.19,565.28162,47.7568015,0,565.28339,47.799194,47.27,565.28143,49.1114065,0,565.28339,47.9445685,50.14,565.28345,47.6502935,0,565.28339,47.6841925,36.86,565.78522,47.7573265,0,565.28339
GTVTGQVQGPEEK,2,44192314.5454545,665.33588,12,22.353563,56.76,665.33954,22.252305,54.27,665.33826,22.4156355,27.75,665.33801,22.404645,60.03,665.33795,22.36737,63.25,665.33777,22.387211,59.57,665.33679,22.3982785,58.9,665.33612,22.2758065,30.03,665.83868,22.171823,31.62,665.84027,22.4884795,21.32,666.34363,22.34095,0,665.33954,22.350814,36.28,665.83875
SVDYEVFGTVQGVcFR,2,40384786,931.94073,12,60.7755485,66.1,931.94574,60.7792475,0,931.94574,60.5566065,45.11,932.44562,60.839033,72.54,931.94318,60.818771,0,931.94574,60.880461,0,931.94574,60.8306255,0,931.94574,61.2139095,0,931.94574,60.8344365,67.61,932.44751,60.74864,0,931.94574,60.941494,45.66,932.44794,60.935711,0,931.94574

