PeptideSeq,Charge,Abun,mz,NDP,t0,i0,m0,t1,i1,m1,t2,i2,m2,t3,i3,m3,t6,i6,m6,t7,i7,m7,t9,i9,m9,t13,i13,m13,t16,i16,m16,t21,i21,m21,t24,i24,m24,t31,i31,m31
TPVEPEVAIHR,3,35566851.8181818,416.56293,11,28.568052,74.6,416.56555,28.5228315,94.69,416.56442,28.6242565,74.13,416.56448,28.6441005,58.81,416.56439,28.717355,79.74,416.5636,28.544611,79.2,416.5639,28.6699745,61.53,416.56332,28.569993,57.29,416.89841,28.395958,80.03,416.89966,28.5820555,41.18,417.23495,,,0,28.5809395,56.87,416.89948

