PeptideSeq,Charge,Abun,mz,NDP,t0,i0,m0,t1,i1,m1,t2,i2,m2,t3,i3,m3,t6,i6,m6,t7,i7,m7,t9,i9,m9,t13,i13,m13,t16,i16,m16,t21,i21,m21,t24,i24,m24,t31,i31,m31
PGPTPSGTNVGSSGR,2,3178331.5,685.83661,8,20.8962405,26.81,685.83838,20.839133,29.98,685.83606,21.058678,36.93,685.83728,20.957837,44.81,685.83765,20.879784,30.1,685.8382,,,0,20.948985,21.92,685.83875,,,0,20.763671,24.2,686.34174,,,0,20.869951,23.23,686.3443,,,0

