PeptideSeq,Charge,Abun,mz,NDP,t0,i0,m0,t1,i1,m1,t2,i2,m2,t3,i3,m3,t6,i6,m6,t7,i7,m7,t9,i9,m9,t13,i13,m13,t16,i16,m16,t21,i21,m21,t24,i24,m24,t31,i31,m31
TLGTGSFGR,2,60673310,448.23526,12,28.7815335,38.07,448.23654,28.7615005,35.16,448.23636,28.9850565,0,448.23654,28.864092,44.56,448.73856,28.8774585,31.11,448.2352,28.77528,26.65,448.23459,29.0224515,21.74,448.23511,29.0157195,36.42,448.73843,28.560878,24.73,448.23679,28.858082,30.3,448.23627,28.8333875,0,448.23654,28.800695,26.35,448.23608
ILQAVNFPFLVK,2,11271108.5714286,694.91864,12,65.751343,37.69,694.92285,65.7076115,39.67,694.92169,65.857975,0,694.92285,65.7695615,0,694.92285,65.749016,0,694.92285,65.8370895,0,694.92285,65.754646,47.78,694.92041,65.738747,42.9,695.42249,65.7356335,46.64,695.42468,65.7196505,0,694.92285,65.859024,24,695.42365,65.790333,33.71,695.42316
WETPSQNTAQLDQFDR,2,1849109.5,968.44519,7,47.31596,78.96,968.95355,47.279699,88.19,968.44818,47.423298,0,968.95355,47.4262005,51.65,968.94739,47.346283,58.66,968.44843,47.483067,0,968.95355,2849.554199,0,968.95355,2839.676514,0,968.95355,47.709496,0,968.95355,2838.187256,0,968.95355,2841.520264,0,968.95355,2845.300781,0,968.95355
DNSNLYMVMEYVAGGEMFSHLR,3,3966413.5,855.052,12,80.9462965,50.58,855.38928,80.9162485,41.02,855.39026,81.040066,25.91,855.72479,80.5893405,0,855.38928,80.6135215,0,855.38928,80.68124,0,855.38928,80.6110535,0,855.38928,80.8874055,18.11,855.72522,80.561085,0,855.38928,80.63118,0,855.38928,80.6021575,0,855.38928,80.6256335,0,855.38928
DLKPENLLIDQQGYIQVTDFGFAK,3,16101776,918.14459,12,71.0205345,48.14,918.48444,71.1686175,63.64,918.14911,71.1092835,30.73,918.81616,71.747471,24.48,918.81708,71.7633935,31.92,918.81732,71.727154,0,918.48444,71.7493055,0,918.48444,71.693802,0,918.48444,71.6916125,0,918.48444,71.775562,0,918.48444,71.817501,0,918.48444,71.7676885,0,918.48444
NLLQVDLTK,2,30396112.5,522.30841,12,46.726034,0,522.81281,46.6422425,0,522.81281,47.0141525,0,522.81281,46.9626445,0,522.81281,46.9242785,28.28,522.81281,46.780508,0,522.81281,46.828571,28.31,522.81189,46.703123,28.24,522.81268,46.586079,0,522.81281,46.944031,0,522.81281,46.970686,28.2,522.81445,46.7799565,0,522.81281

