PeptideSeq,Charge,Abun,mz,NDP,t0,i0,m0,t1,i1,m1,t2,i2,m2,t3,i3,m3,t6,i6,m6,t7,i7,m7,t9,i9,m9,t13,i13,m13,t16,i16,m16,t21,i21,m21,t24,i24,m24,t31,i31,m31
AQFAcDNGLNVR,2,794345.666666667,682.82239,8,34.194092,49.68,683.32776,2046.540039,39.2,682.82733,34.1632575,43.9,682.8266,2058.928711,0,683.32776,34.2540305,0,683.32776,34.159901,0,683.32776,34.262072,0,683.32776,34.089149,0,683.32776,34.0488055,31.4,683.32922,34.147987,0,683.32776,2056.760254,0,683.32776,,,0
LHTANLGDSGFLVVR,3,4268824.375,533.62646,11,45.164097,46.83,533.9649,45.0858765,34.46,533.96338,45.260063,30.59,533.96313,45.1730995,0,533.9649,45.0759675,36.55,534.29559,45.2334745,0,533.9649,45.26688,0,533.9649,45.1049975,23.99,533.9621,45.050415,25.18,533.96387,45.096678,26.31,533.96381,45.138336,26.25,534.29828,,,0
VPLLGSSTAcIVVLDR,2,2862391.25,850.47418,9,59.846054,78.18,850.47937,59.865562,89.74,850.97748,3604.75,47.57,850.97815,59.9352135,22.05,851.47937,59.891678,60.37,850.9787,59.972866,52.78,850.97571,59.8855365,47.04,850.47437,3588.972656,0,850.47937,59.9238875,72.99,850.98102,59.851879,29.14,851.48151,60.00518,0,850.47937,,,0

