PeptideSeq,Charge,Abun,mz,NDP,t0,i0,m0,t1,i1,m1,t2,i2,m2,t3,i3,m3,t6,i6,m6,t7,i7,m7,t9,i9,m9,t13,i13,m13,t16,i16,m16,t21,i21,m21,t24,i24,m24,t31,i31,m31
ALFGVYDNIGILGNFEK,2,13121523.6,935.49091,5,72.9220885,42.13,935.49292,72.440498,32.7,935.99432,73.0445785,36.6,935.99017,73.0312805,26.62,935.49438,72.601498,24.42,935.49451,,,0,,,0,,,0,,,0,,,0,,,0,,,0

