PeptideSeq,Charge,Abun,mz,NDP,t0,i0,m0,t1,i1,m1,t2,i2,m2,t3,i3,m3,t6,i6,m6,t7,i7,m7,t9,i9,m9,t13,i13,m13,t16,i16,m16,t21,i21,m21,t24,i24,m24,t31,i31,m31
KLYDIDVAK,2,8761492.83333333,532.80292,12,31.422516,22.32,532.80682,31.411434,0,532.80682,31.4832665,0,532.80682,31.5605615,24.61,533.30884,31.9279835,22.82,532.80615,31.5020845,0,532.80682,31.5450965,31.49,533.30878,31.429086,0,532.80682,31.3237515,23.42,533.31097,31.4789485,31.92,533.31073,31.360442,0,532.80682,31.4856605,0,532.80682
FPLTTESAMK,2,63309593.3333333,562.78644,12,37.470625,33.72,562.78973,37.7983515,41.72,562.78912,37.498034,41.24,563.29224,37.3982255,36.97,562.79083,37.389231,37.5,562.7876,37.5605945,38.67,562.78784,37.402092,41.19,563.29303,37.5132465,35.65,563.29346,37.444397,23.84,563.29401,37.1543885,35.93,563.29199,37.0994855,44.16,562.79193,38.1082175,38.62,562.78955
VNTLIRPDGEK,2,0,621.34607,0,1449.51001,39.55,621.34351,1445.650024,36.2,621.34589,1460.340088,0,621.34351,1456.884033,0,621.34351,1450.579956,34.07,621.84839,1450.712402,0,621.34351,1449.838867,0,621.34351,1443.959961,19.4,621.33966,1440.572388,0,621.34351,1459.853394,0,621.34351,1450.626587,0,621.34351,1451.847656,0,621.34351
VNTLIRPDGEK,3,26528300,414.56647,12,24.163624,21.7,414.56778,24.0797225,35.12,414.56693,24.278423,0,414.56778,24.2001465,0,414.56778,24.141096,0,414.56778,24.515851,0,414.56778,24.1370975,0,414.56778,24.106739,0,414.56778,23.9364605,0,414.56778,24.548315,0,414.56778,24.077293,0,414.56778,24.0739155,0,414.56778
KIEDNNTLVFIVDVK,3,6744206.7,582.99274,12,53.3146175,32.61,583.32837,53.1876695,28.73,582.99426,53.3382665,42.4,582.99518,53.260128,45.54,583.32819,53.2062035,28.08,583.32947,53.332182,43.78,583.3288,53.3118875,25.3,582.99469,53.227169,37.95,583.32983,53.114885,0,583.32837,53.2099265,20.41,583.66553,53.114538,0,583.32837,53.431942,22.31,583.664

