PeptideSeq,Charge,Abun,mz,NDP,t0,i0,m0,t1,i1,m1,t2,i2,m2,t3,i3,m3,t6,i6,m6,t7,i7,m7,t9,i9,m9,t13,i13,m13,t16,i16,m16,t21,i21,m21,t24,i24,m24,t31,i31,m31
SYLLSMGIANPVTR,2,2880947.5,761.40833,2,56.6264745,32.37,761.409,,,0,3408.449951,26.3,761.40985,56.6883815,42.74,761.40924,,,0,,,0,,,0,,,0,,,0,,,0,,,0,,,0
GGIMSLTEVYcLVNR,2,1017171.5,856.42896,3,68.44389,37.43,856.4361,,,0,68.507133,0,856.4361,68.4604035,41.33,856.43091,,,0,,,0,,,0,,,0,,,0,,,0,,,0,,,0

