PeptideSeq,Charge,Abun,mz,NDP,t0,i0,m0,t1,i1,m1,t2,i2,m2,t3,i3,m3,t6,i6,m6,t7,i7,m7,t9,i9,m9,t13,i13,m13,t16,i16,m16,t21,i21,m21,t24,i24,m24,t31,i31,m31
DVAQIFNNILR,2,5736536.42857143,651.86188,8,71.5734635,25.04,651.86487,71.5260965,0,651.86487,71.6082725,30.82,652.3667,,,0,,,0,71.646675,31.52,652.3667,71.29623,24.14,652.36627,71.542057,28.96,652.36755,,,0,71.574028,31.71,652.36676,71.650387,25.39,652.36694,,,0
IILWSEQFYDFFR,2,1109415.75,882.44324,8,80.801174,21.9,882.94958,80.758568,39.4,882.94873,80.8682175,27.94,882.95129,,,0,,,0,81.79467,0,882.94958,80.8283805,0,882.94958,80.7554515,20.96,882.95154,,,0,80.7667045,0,882.94958,80.8031275,0,882.94958,,,0

