PeptideSeq,Charge,Abun,mz,NDP,t0,i0,m0,t1,i1,m1,t2,i2,m2,t3,i3,m3,t6,i6,m6,t7,i7,m7,t9,i9,m9,t13,i13,m13,t16,i16,m16,t21,i21,m21,t24,i24,m24,t31,i31,m31
LGEMWSEQSAK,2,2828301,633.29517,3,,,0,,,0,,,0,36.7916375,38.37,633.29681,36.433714,44.48,633.29529,,,0,36.454485,42.14,633.29694,,,0,,,0,2187.468506,0,633.29681,,,0,,,0

