PeptideSeq,Charge,Abun,mz,NDP,t0,i0,m0,t1,i1,m1,t2,i2,m2,t3,i3,m3,t6,i6,m6,t7,i7,m7,t9,i9,m9,t13,i13,m13,t16,i16,m16,t21,i21,m21,t24,i24,m24,t31,i31,m31
LGASSWLNSFLELSGR,2,1489940.5,868.9519,5,76.5193135,27.82,868.96033,76.460781,47.82,868.96014,76.5998265,32.13,868.95679,76.56699,30.35,869.45618,76.6427305,0,868.96033,,,0,,,0,,,0,,,0,,,0,,,0,,,0
LLSLMDPLLPLSVLSK,2,2523340.33333333,870.02295,5,83.9783325,0,870.52759,83.9224015,0,870.52759,84.061657,29.1,870.52759,84.0298425,17.05,870.52844,84.034519,32.21,870.52728,,,0,,,0,,,0,,,0,,,0,,,0,,,0

