PeptideSeq,Charge,Abun,mz,NDP,t0,i0,m0,t1,i1,m1,t2,i2,m2,t3,i3,m3,t6,i6,m6,t7,i7,m7,t9,i9,m9,t13,i13,m13,t16,i16,m16,t21,i21,m21,t24,i24,m24,t31,i31,m31
QLPVPDSITGFAR,2,7787848.75,700.88025,12,54.417406,45.59,700.88153,54.2923855,39.27,700.88147,54.498535,0,700.88153,54.4015485,36.63,701.38416,54.405699,0,700.88153,54.4970455,30.18,701.38123,54.4911175,0,700.88153,54.4455775,28.36,700.88293,54.326868,21.62,700.87976,54.384264,25.42,700.88037,54.409716,40.23,701.38531,54.576881,0,700.88153
HNELTGDNVGPLILK,3,9329008.2,540.62988,12,44.212242,35.14,540.6333,44.113676,38.43,540.63196,44.2295095,31.63,540.63208,44.180271,39.5,540.63141,44.1505355,34.96,540.63263,44.237644,34.28,540.96667,44.231836,31.5,540.96613,44.100937,18.25,540.96674,44.0429665,19.74,540.9679,44.1565205,0,540.6333,44.160837,0,540.6333,44.252554,29.26,540.96759

