PeptideSeq,Charge,Abun,mz,NDP,t0,i0,m0,t1,i1,m1,t2,i2,m2,t3,i3,m3,t6,i6,m6,t7,i7,m7,t9,i9,m9,t13,i13,m13,t16,i16,m16,t21,i21,m21,t24,i24,m24,t31,i31,m31
VTVPALLR,2,3608057.71428571,434.78436,7,,,0,44.126257,40.26,434.78711,,,0,44.2429255,41.25,434.78598,,,0,44.28116,37.9,434.78555,44.2846065,27.76,434.78558,,,0,44.070623,36.54,434.78665,44.166607,37.56,434.78729,44.176365,40.47,434.78555,,,0
LFLYEPAGTETFSVESISK,2,3753298.5,1059.53564,6,,,0,64.3912545,43.15,1060.04321,,,0,64.4611665,18.2,1060.04956,,,0,64.510422,0,1060.04321,64.440403,0,1060.04321,,,0,65.053261,0,1060.04321,3856.430908,0,1060.04321,65.2296105,0,1060.04321,,,0

