PeptideSeq,Charge,Abun,mz,NDP,t0,i0,m0,t1,i1,m1,t2,i2,m2,t3,i3,m3,t6,i6,m6,t7,i7,m7,t9,i9,m9,t13,i13,m13,t16,i16,m16,t21,i21,m21,t24,i24,m24,t31,i31,m31
AANNLIVLGR,2,5245412.5,520.81415,11,40.5749395,28.56,520.81738,40.447132,46.81,520.81598,40.604168,51.26,521.31628,40.567068,51.52,521.31726,40.582773,60.32,521.31805,40.5790195,46.36,521.3161,,,0,40.448095,41.89,520.81451,40.9102095,0,520.81738,40.515005,45.74,520.81641,40.464235,60.25,521.31952,40.5954745,43.25,521.31818
IAAVSNPDIAFPGER,2,16011688.5555556,778.90698,11,47.9068335,58.65,779.41412,48.218643,70.79,778.90845,48.3655055,43.89,779.4137,48.3757345,0,779.41412,48.304434,25.86,779.91223,48.449499,52.22,779.41132,,,0,48.3975315,45.25,779.41522,48.6083905,41.24,779.41345,48.3115255,28.84,779.41382,48.385624,0,779.41412,48.474243,33.24,779.40985
DGLQNYEALLGLTNLSGR,3,1923489.66666667,645.33746,11,77.133545,20.97,645.34131,77.4934695,0,645.34131,77.201111,24.31,645.67627,77.571823,0,645.34131,77.559471,0,645.34131,77.615963,0,645.34131,,,0,77.533928,21.04,646.00995,77.4841075,0,645.34131,77.4584315,0,645.34131,77.541233,0,645.34131,77.1624485,0,645.34131
DGLQNYEALLGLTNLSGR,2,4454425.66666667,967.5025,11,77.1069335,76.98,967.51056,77.1001205,47.17,968.00854,77.201111,40.45,968.00916,76.985973,0,967.51056,76.9848515,0,967.51056,77.100273,0,967.51056,,,0,76.992275,0,967.51056,76.893177,0,967.51056,76.934063,0,967.51056,77.1606445,0,967.51056,77.3605275,0,967.51056
ALPDIENYMFENHDQLR,3,2961724.5,702.33008,8,57.3165015,48.09,702.66858,57.2574485,0,702.66858,57.4769995,0,702.66858,57.381924,32.06,702.66711,3438.7229,0,702.66858,3441.283691,0,702.66858,,,0,57.348228,0,702.66858,3433.733398,0,702.66858,56.938553,0,702.66858,57.416882,0,702.66858,57.8697505,0,702.66858
LGSAGGSDYGLR,2,6534451,576.78583,11,30.9968855,0,577.28827,30.3734645,0,577.28827,30.641042,0,577.28827,30.677753,0,577.28827,30.7706545,48.71,577.28827,30.6338065,37.51,577.28619,,,0,30.5794155,0,577.28827,30.515422,0,577.28827,30.680872,0,577.28827,30.5351465,0,577.28827,30.639474,0,577.28827
NQNFQETLR,2,193872350,575.28601,11,28.5905475,0,575.28864,28.5513105,35.35,575.28864,28.677288,0,575.28864,28.6981165,0,575.28864,28.734589,28.05,575.78967,28.577554,0,575.28864,,,0,27.885766,0,575.28864,28.4670865,0,575.28864,28.6421235,0,575.28864,28.611098,0,575.28864,28.6559775,0,575.28864

