PeptideSeq,Charge,Abun,mz,NDP,t0,i0,m0,t1,i1,m1,t2,i2,m2,t3,i3,m3,t6,i6,m6,t7,i7,m7,t9,i9,m9,t13,i13,m13,t16,i16,m16,t21,i21,m21,t24,i24,m24,t31,i31,m31
LcDVLAQAGHR,3,10208767.3333333,413.88028,11,28.9411115,37.22,413.88214,28.913927,48.45,413.88177,29.01299,0,413.88214,28.9484395,52.77,413.88107,29.085208,54.68,413.88071,28.947582,43.14,413.88052,29.055372,44.07,413.88089,28.8651905,0,413.88214,29.2684745,35.36,413.88159,29.34052,46.6,413.8819,29.359653,35.46,413.88062,,,0
TGVWVTLGSEVFDVTK,2,15210299.0909091,869.45654,11,70.1917035,38.48,870.46661,70.1002005,44.22,869.45813,70.255623,53.37,869.96124,70.148476,57,869.95953,70.1732405,45.38,869.45892,70.232796,75.82,869.45624,70.2304,48.38,869.45819,70.128067,38.86,869.46222,70.144272,51.41,869.45905,70.158657,35.16,869.96228,70.2719385,53.86,869.96155,,,0
AVDDSYNVQPDTVAPIWNLR,2,2311307.88888889,1137.06348,11,64.158375,37.86,1137.0686,64.164288,46.67,1137.57605,64.3002895,19.43,1138.06665,64.2565385,37.49,1137.06836,64.221447,26.67,1137.07007,64.2786825,30.24,1137.57202,64.1965945,44.89,1137.56726,64.2028845,38.46,1137.57056,64.2107315,36.8,1137.57031,64.1539,0,1137.0686,64.269142,0,1137.0686,,,0

