PeptideSeq,Charge,Abun,mz,NDP,t0,i0,m0,t1,i1,m1,t2,i2,m2,t3,i3,m3,t6,i6,m6,t7,i7,m7,t9,i9,m9,t13,i13,m13,t16,i16,m16,t21,i21,m21,t24,i24,m24,t31,i31,m31
DALLQYLEQQALEVK,2,4878450.66666667,880.97504,3,76.598667,24.49,880.98108,76.564987,27.5,880.97955,76.665039,46.45,881.48248,,,0,,,0,,,0,,,0,,,0,,,0,,,0,,,0,,,0

