PeptideSeq,Charge,Abun,mz,NDP,t0,i0,m0,t1,i1,m1,t2,i2,m2,t3,i3,m3,t6,i6,m6,t7,i7,m7,t9,i9,m9,t13,i13,m13,t16,i16,m16,t21,i21,m21,t24,i24,m24,t31,i31,m31
ATFGcHETYK,3,2930210.33333333,405.18173,4,20.3023845,38.4,405.18369,20.229863,22.76,405.51794,,,0,20.389693,0,405.18369,,,0,,,0,,,0,20.237406,20.89,405.51736,,,0,,,0,,,0,,,0
IcPKPDDLPFATVVPLK,3,25600845,637.35339,4,55.5577695,27.14,637.35638,55.423239,0,637.35638,,,0,55.6218815,22.34,637.68994,,,0,,,0,,,0,55.572941,0,637.35638,,,0,,,0,,,0,,,0

