PeptideSeq,Charge,Abun,mz,NDP,t0,i0,m0,t1,i1,m1,t2,i2,m2,t3,i3,m3,t6,i6,m6,t7,i7,m7,t9,i9,m9,t13,i13,m13,t16,i16,m16,t21,i21,m21,t24,i24,m24,t31,i31,m31
VWGLTAVITELTLK,2,7555806,772.45831,11,78.8152465,36.5,772.46289,78.77684,29.5,772.46283,78.8798485,33.32,772.46283,78.870312,0,772.46289,78.878399,0,772.46289,79.010548,0,772.46289,78.8526765,27.52,772.96198,78.815464,19.97,772.9649,78.796959,0,772.46289,78.824024,0,772.46289,78.885403,26.1,772.96576,,,0
LLAPGFYQPSLAVPELPR,3,2904237.77777778,656.70331,11,67.0835725,26.79,656.70587,67.0551755,61.51,657.04053,67.16222,28.1,656.70569,67.095417,47.66,656.70532,67.0685765,41.58,656.70538,67.171333,0,656.70587,67.0841445,24.97,657.03809,67.1133615,43.8,657.04028,67.085777,39.78,657.03992,67.0816575,30.39,657.04077,67.118698,0,656.70587,,,0
LLAPGFYQPSLAVPELPR,2,5426117.25,984.55127,11,67.0580405,40.27,985.05701,67.0551265,80.41,984.55396,67.149529,60.01,984.55835,67.069912,53.74,985.05469,67.0814015,63.78,985.05237,67.1324805,42.91,984.55011,67.0711405,53.62,985.052,67.1135105,19.19,985.5639,67.098484,0,985.05701,67.0790445,0,985.05701,67.1441915,0,985.05701,,,0
GVPALLYTLR,2,18288185,551.83459,11,55.2975505,0,551.83655,55.2072085,24.8,551.83655,55.4128585,0,551.83655,55.3541105,0,551.83655,55.3152085,0,551.83655,55.407553,0,551.83655,55.37981,28.92,551.83618,55.3347455,0,551.83655,55.2164135,0,551.83655,55.250107,0,551.83655,55.3481235,0,551.83655,,,0

