PeptideSeq,Charge,Abun,mz,NDP,t0,i0,m0,t1,i1,m1,t2,i2,m2,t3,i3,m3,t6,i6,m6,t7,i7,m7,t9,i9,m9,t13,i13,m13,t16,i16,m16,t21,i21,m21,t24,i24,m24,t31,i31,m31
VYIASSSGSTAIK,2,8094711.45454545,642.3457,11,28.9040285,53.21,642.3479,28.848559,40.03,642.84998,28.953891,47.14,642.34595,28.982379,50.34,642.34515,29.0331635,49.36,642.84796,28.8848285,38.65,642.34467,,,0,28.911151,52.42,642.84863,29.090738,48.63,642.85132,28.9110145,35.86,642.85028,28.891882,37.27,642.84833,28.940611,49.1,642.84967
GDYDAFFEAR,2,7695228.5,595.75928,11,51.6124745,0,595.76093,51.519432,0,595.76093,51.6977275,0,595.76093,51.6100385,22.65,595.76093,51.585983,0,595.76093,51.654638,0,595.76093,,,0,51.562092,32.25,596.26404,51.475721,22.1,596.26526,51.4784585,0,595.76093,51.5922585,21.77,596.26495,51.7042695,0,595.76093

