PeptideSeq,Charge,Abun,mz,NDP,t0,i0,m0,t1,i1,m1,t2,i2,m2,t3,i3,m3,t6,i6,m6,t7,i7,m7,t9,i9,m9,t13,i13,m13,t16,i16,m16,t21,i21,m21,t24,i24,m24,t31,i31,m31
LHALVVGPGLGR,3,21838347.2727273,396.9119,12,36.6306555,23.53,396.91428,36.5408555,32.74,396.91357,36.606567,28.5,396.91342,36.5855195,22.38,396.91281,36.585245,0,396.91428,36.584465,32.84,396.91296,36.6232225,24.88,396.9129,36.505346,25.1,397.24765,36.468819,25.47,396.91391,36.5688115,28.28,396.91382,36.480087,19.41,396.91412,36.624987,26.29,397.24829
DMENLFQLVR,2,19241729.0909091,632.82135,12,69.353329,46,632.82477,69.0551645,42.54,632.82367,69.2253075,39.67,632.82434,69.399689,46.39,632.82257,69.3431815,45.84,632.82275,69.4002345,29.74,632.82361,69.194206,39.76,632.82312,69.3142315,45.82,633.3252,69.3622895,38.39,632.82465,69.3549005,45.29,632.82373,69.4296185,41.71,633.32654,69.2642975,0,632.82477
VGADLTHVFcAR,3,12216219.3636364,449.22757,12,42.595482,30.87,449.22937,42.191576,36.5,449.22946,42.603306,40.71,449.56509,42.3206345,42.08,449.22864,42.2648525,31.04,449.22778,42.3392885,26.14,449.5625,42.3321955,30.83,449.22787,42.1950265,25.85,449.22845,42.109592,38.39,449.56393,42.4690115,0,449.22937,42.2081815,25.03,449.22903,42.344297,30.14,449.22864
LSQALGNITVVQK,2,26063199.4166667,685.90375,12,41.2043385,56.4,685.90741,41.077549,51.43,685.90527,40.9323505,53.8,685.90668,40.9134615,53.77,685.90503,40.886398,51.58,685.90607,40.9129445,55.85,686.40613,40.914011,57.47,685.90552,40.774464,43.7,685.90308,40.996601,53.62,686.40912,41.1671925,49.92,685.90741,41.077234,51.5,686.40826,40.9203605,32.4,686.40967
DIPVVIDADGLWLVAQQPALIHSYHK,4,5312857.5,725.39325,12,70.9950865,0,725.89734,70.9572105,0,725.89734,71.0498195,0,725.89734,71.086319,0,725.89734,71.039989,0,725.89734,71.0898555,0,725.89734,71.0636595,18.15,725.89734,70.995728,17.15,725.64575,70.974079,0,725.89734,71.0552555,0,725.89734,71.1081165,0,725.89734,71.1048505,0,725.89734
IGIVGGcQEYTGAPYFAGISALK,2,1294989,1186.60144,5,65.48069,0,1187.10193,3901.48999,62.02,1187.10193,3904.491943,0,1187.10193,65.545029,65.31,1187.10291,3904.879883,46.71,1187.09473,65.1281775,0,1187.10193,3900.844482,0,1187.10193,3899.663574,0,1187.10193,65.5332375,16.2,1187.61365,3894.885498,0,1187.10193,65.6145175,22.77,1187.61487,3898.61792,0,1187.10193

