PeptideSeq,Charge,Abun,mz,NDP,t0,i0,m0,t1,i1,m1,t2,i2,m2,t3,i3,m3,t6,i6,m6,t7,i7,m7,t9,i9,m9,t13,i13,m13,t16,i16,m16,t21,i21,m21,t24,i24,m24,t31,i31,m31
QTYSTEPNNLK,2,27534651.6666667,647.81732,8,23.7136135,24.71,647.81909,,,0,23.7862615,24.94,647.81628,23.9992105,26.27,647.81781,23.9543265,0,647.81909,23.9759305,30.84,648.32092,23.6943195,22.13,647.81573,23.897316,37.85,648.32153,,,0,24.036619,0,647.81909,,,0,,,0

