PeptideSeq,Charge,Abun,mz,NDP,t0,i0,m0,t1,i1,m1,t2,i2,m2,t3,i3,m3,t6,i6,m6,t7,i7,m7,t9,i9,m9,t13,i13,m13,t16,i16,m16,t21,i21,m21,t24,i24,m24,t31,i31,m31
LEAVLSTIFYQLNK,2,11177069,819.95868,12,71.072632,45.72,819.96375,70.9957615,0,819.96375,71.139221,29.22,819.96198,71.1139565,0,819.96375,71.091274,0,819.96375,71.118412,33.91,819.96075,71.115452,0,819.96375,71.0346985,0,819.96375,70.999653,28.15,820.46533,71.0580555,0,819.96375,71.1335985,0,819.96375,71.08239,29.25,820.46417
LEAVLSTIFYQLNK,3,4804213,546.97491,12,71.072632,17.49,546.97876,70.9830205,0,546.97876,71.126518,0,546.97876,71.1139565,17.75,547.31122,71.0656285,28,546.97607,71.1320765,0,546.97876,71.1021995,20.54,547.31128,71.0084955,0,546.97876,71.012516,0,546.97876,71.043888,0,546.97876,71.1254465,0,546.97876,71.1177365,0,546.97876
ENALNNLDPNIELNVAR,2,1849230.25,954.99231,10,56.393898,57.31,955.49884,56.3472615,0,955.49884,56.5411035,43.26,955.49408,56.4632985,35.52,954.99396,56.41267,59.93,954.99438,56.5299815,56.91,955.49451,56.5277635,0,955.49884,56.452831,69.29,954.99274,56.393843,59.73,955.49811,56.40184,38.89,954.99561,3389.949951,29.79,955.49634,3392.045898,0,955.49884
LPTAVFEGPSFGYTEQSAR,2,8606861.125,1029.00232,12,55.967043,74.91,1029.50476,56.4001255,54.12,1029.0072,56.094059,0,1029.00659,56.0231495,25.68,1030.00745,56.5032425,77.34,1029.50696,56.0904865,34.66,1029.49988,56.596834,54.1,1029.50671,56.4906045,37.99,1029.00403,56.418724,24.84,1029.50623,56.436205,0,1029.00659,56.056345,0,1029.00659,56.150301,0,1029.00659
LPTAVFEGPSFGYTEQSAR,3,10018022.6666667,686.33734,12,56.461952,0,686.33972,56.899832,30.36,686.33972,57.0481835,56.28,686.34033,56.550789,0,686.33972,56.500185,0,686.33972,56.5679625,0,686.33972,57.0761585,0,686.33972,56.9760685,42.41,687.00922,56.8907525,0,686.33972,56.887342,0,686.33972,56.9855885,0,686.33972,57.100481,0,686.33972
LAAESSSSQPTQQR,2,405289,745.36566,5,1069.168213,0,745.36865,1063.626587,0,745.36865,17.893162,0,745.36865,17.784567,51.15,745.36865,17.797329,34.19,745.36591,18.1797305,0,745.36865,17.802439,26.24,745.36755,1065.114502,0,745.36865,1063.177246,0,745.36865,1071.451782,0,745.36865,1063.471191,0,745.36865,1068.414551,0,745.36865
cQQcHNYQLcQDcFWR,3,947231,768.30475,2,2471.767822,0,768.6416,2464.905518,0,768.6416,2474.438965,0,768.6416,2474.830078,33.73,768.6416,2470.150146,0,768.6416,2473.155029,0,768.6416,41.225975,0,768.6416,2464.36792,0,768.6416,2469.413574,0,768.6416,2479.005615,0,768.6416,41.112885,31.26,768.64355,2483.48877,0,768.6416

