PeptideSeq,Charge,Abun,mz,NDP,t0,i0,m0,t1,i1,m1,t2,i2,m2,t3,i3,m3,t6,i6,m6,t7,i7,m7,t9,i9,m9,t13,i13,m13,t16,i16,m16,t21,i21,m21,t24,i24,m24,t31,i31,m31
STESLQANVQR,2,34201998.5714286,616.81512,12,23.963826,70.09,616.81775,23.9171705,0,616.81775,24.1091165,0,616.81775,24.039631,78.07,616.81818,23.9979725,0,616.81775,24.023,36.88,617.31793,23.932131,57.96,617.32025,23.9365435,74.54,617.31946,23.7959785,0,616.81775,24.108029,32.09,617.82379,23.8739425,0,616.81775,23.9580915,32.7,617.3205
VDTWFNQPAR,2,54754091,617.3042,12,42.2610305,63.03,617.30725,42.0013065,62.7,617.30695,42.276531,62.73,617.30652,42.2923815,62.29,617.30603,42.234541,62.28,617.30591,42.1163825,58.55,617.80646,42.256945,62.24,617.30542,42.1060735,45.82,617.80774,42.0242175,0,617.30725,42.1654475,0,617.30725,41.9154815,46.24,617.80945,42.0727065,45.83,617.80957
LATQLTGPVMPIR,2,58008812.2222222,698.90265,12,48.622553,0,698.90594,48.5552805,66.88,698.90594,48.671017,62.55,698.90527,48.6360475,61.55,698.90515,48.541422,61.43,699.40601,48.693489,44.82,698.90576,48.7333755,60.97,699.40619,48.613239,57.23,699.40698,48.4328745,52.66,699.40863,48.577974,50.49,699.40839,48.633766,0,698.90594,48.264513,0,698.90594

