PeptideSeq,Charge,Abun,mz,NDP,t0,i0,m0,t1,i1,m1,t2,i2,m2,t3,i3,m3,t6,i6,m6,t7,i7,m7,t9,i9,m9,t13,i13,m13,t16,i16,m16,t21,i21,m21,t24,i24,m24,t31,i31,m31
ALTSDIFEEQR,2,489989300,654.82513,12,43.9484005,75.21,654.82843,43.831301,70.79,654.82751,43.990215,0,654.82843,43.927124,71.03,654.82813,43.899786,70.2,654.82861,43.962606,44.41,654.82416,43.9778765,36.24,655.32892,43.8605005,70.25,654.83051,43.779516,34.27,655.33038,43.8854045,49.02,655.33014,43.900442,33.34,655.83508,43.9906065,48.49,655.33356
LALLSLTTGGTAEMYTK,2,3372612.875,885.47131,11,59.6277905,99.9,885.47662,59.617039,58.72,885.47784,3588.166748,0,885.47662,59.719347,59.65,885.47675,59.708441,67.92,885.47668,59.7607045,60.84,885.47345,59.369831,45.74,885.47644,59.662529,0,885.47662,59.706669,25.79,885.97943,59.2938535,0,885.47662,59.7582685,0,885.47662,59.4590685,17.07,885.97668
GFAFDIPGFYDSGFLK,2,11898026.3636364,890.93268,12,78.0599935,58.56,890.93701,78.055687,70.87,890.93396,78.128929,0,890.93701,78.118889,31.4,891.43396,78.133171,27.33,890.93396,78.2511825,43.05,891.43561,77.760384,25.42,891.43439,78.079376,22.15,891.435,78.065094,32.74,891.43652,78.114624,44.98,891.4375,78.1353875,45.87,891.43738,78.1723175,30.35,891.4375
VAVEELSK,2,9556618.75,437.74765,12,26.478529,0,437.74936,26.4411995,39.39,437.74936,26.222775,36.37,437.74841,26.5481845,36.52,437.74866,26.207955,40.08,437.74884,26.010094,0,437.74936,26.5343915,32.52,437.74841,26.475253,38.81,437.74847,26.337188,27.69,437.7489,26.533745,0,437.74936,26.503769,0,437.74936,26.06134,29.48,437.74939
NDITGAPSNPDVFSYGIETHEAYK,3,5881444.4,875.74164,11,50.44771,0,875.74487,50.3496515,48.22,875.74487,50.490261,42.79,876.0788,50.4561825,38.93,876.07794,50.3864095,16.13,876.41321,50.529057,27.8,876.07843,50.51519,0,875.74487,50.3856295,0,875.74487,50.3023605,0,875.74487,50.3773705,0,875.74487,50.428572,0,875.74487,3021.598877,0,875.74487

