PeptideSeq,Charge,Abun,mz,NDP,t0,i0,m0,t1,i1,m1,t2,i2,m2,t3,i3,m3,t6,i6,m6,t7,i7,m7,t9,i9,m9,t13,i13,m13,t16,i16,m16,t21,i21,m21,t24,i24,m24,t31,i31,m31
LLFVLHGLER,3,5396450.18181818,399.57651,12,49.9048385,24.22,399.57822,49.8259295,35.29,399.57837,49.9806285,24.26,399.57767,49.9352585,23.8,399.91162,49.8353765,22.01,399.57721,50.018728,21.64,399.57706,49.99555,37.27,399.57709,49.87973,24.05,399.57703,49.7701795,22.77,399.57877,49.8638765,21.72,399.57831,49.936037,20.99,399.57852,49.9788605,0,399.57822
TEEEFQLLQIFR,2,11928935,776.90393,12,71.636913,84.66,777.41663,71.604164,0,777.41663,71.7373275,0,777.41663,71.708187,0,777.41663,71.6861305,80.46,777.41412,71.7539405,0,777.41663,71.722843,0,777.41663,71.695343,0,777.41663,71.7182005,0,777.41663,71.6486515,0,777.41663,71.910614,0,777.41663,71.8787345,0,777.41663
QFGPTFALDTVHVDPVIR,3,9728214.18181818,671.35822,12,59.151434,63.26,671.36194,59.086178,60.16,671.36182,59.300516,54.78,671.36047,59.178999,42.91,671.36078,59.1569765,37.52,671.3606,59.2447985,53.8,671.69525,59.170214,37.65,671.36053,59.150072,57.96,671.69434,59.199682,0,671.36194,59.0908645,38.43,671.69666,59.2350845,58.2,671.69641,59.2781335,51.02,671.69568
NLTEWFSR,2,20851500,526.7616,12,51.1475715,0,526.76318,51.049976,0,526.76318,51.2245845,18.48,526.76318,51.0333385,0,526.76318,51.091013,17.17,526.7627,51.21517,0,526.76318,51.205862,0,526.76318,50.9508095,0,526.76318,50.9722595,0,526.76318,51.042189,0,526.76318,51.1053675,0,526.76318,51.074966,0,526.76318
VQTVVLYGTVGTGK,2,1367306.5,711.40356,7,41.896107,0,711.40521,2507.110107,21.87,711.40521,2506.954834,0,711.40521,41.8789255,29.49,711.40643,2512.080078,24.1,711.40454,41.8764155,0,711.40521,41.875832,29.74,711.9054,41.738026,0,711.40521,41.721504,0,711.40521,41.8013115,0,711.40521,2500.520264,0,711.40521,2507.37793,0,711.40521

