PeptideSeq,Charge,Abun,mz,NDP,t0,i0,m0,t1,i1,m1,t2,i2,m2,t3,i3,m3,t6,i6,m6,t7,i7,m7,t9,i9,m9,t13,i13,m13,t16,i16,m16,t21,i21,m21,t24,i24,m24,t31,i31,m31
DREAAEGLGSHER,3,993014.25,476.22714,11,16.681688,23.93,476.22934,16.5861655,0,476.22934,16.6221365,0,476.22934,16.636124,23.79,476.22827,16.6606705,0,476.22934,16.5913765,24.58,476.56271,16.61242,0,476.22934,16.5463295,21.31,476.56232,16.5267575,0,476.22934,16.6726525,0,476.22934,16.6478975,0,476.22934,,,0
FADDELIIDFDNFVR,2,1308124.875,914.94122,11,80.591827,30.99,915.44501,80.5828395,33.56,914.94232,80.6975135,0,915.44501,80.6548155,42.3,915.44794,80.665924,28.8,914.94495,80.7818605,22.92,914.94257,80.684067,0,915.44501,80.6707265,32.5,915.44501,80.523495,21.26,914.94482,80.582123,42.01,915.44934,80.6601255,0,915.44501,,,0
QEDGEFWMSFSDFLR,2,4405526,947.40924,11,81.9884375,51.32,947.91248,81.9790535,53.94,947.41187,82.020859,37.26,947.91254,82.010277,36.47,947.41156,82.0667915,23.38,947.91193,82.153271,0,947.91248,82.0350875,47.3,947.91321,81.9483225,0,947.91248,81.9177815,0,947.91248,81.9781795,0,947.91248,82.061844,28.86,947.91437,,,0
NYPNTFWMNPQYLIK,2,3315800.4,964.9718,11,66.4395485,23.75,964.974,66.441879,0,964.974,66.5870895,0,964.974,66.4916495,0,964.974,66.476982,0,964.974,66.525894,0,964.974,66.492336,24.15,965.474,66.419575,0,964.974,66.4934425,17.73,965.47815,66.4347955,18.31,965.47498,66.5296665,17.43,965.47937,,,0

