PeptideSeq,Charge,Abun,mz,NDP,t0,i0,m0,t1,i1,m1,t2,i2,m2,t3,i3,m3,t6,i6,m6,t7,i7,m7,t9,i9,m9,t13,i13,m13,t16,i16,m16,t21,i21,m21,t24,i24,m24,t31,i31,m31
GLLDVTcK,2,14779523.3333333,453.24167,7,38.0988715,26.25,453.24332,37.753286,0,453.24332,37.8676685,0,453.24332,38.233671,38.19,453.24249,,,0,38.0255685,38.02,453.24219,37.839102,0,453.24332,,,0,,,0,37.7586365,0,453.24332,,,0,,,0
NDFTEEEEAQVR,2,2460732,733.8233,5,2039.97998,60.08,733.82874,33.905861,35.51,734.32874,34.013874,45.7,734.32861,34.109341,0,733.82874,,,0,33.98563,0,733.82874,34.076275,21.43,734.32465,,,0,,,0,2038.22998,22.25,734.32892,,,0,,,0
TDDIPVWDQEFLK,2,6958424.33333333,803.39337,7,64.0734825,26.94,803.40027,64.050133,23.51,803.9007,64.2224865,21.6,803.90308,63.8466605,0,803.40027,,,0,64.228367,0,803.40027,64.0979615,0,803.40027,,,0,,,0,63.74143,0,803.40027,,,0,,,0

