PeptideSeq,Charge,Abun,mz,NDP,t0,i0,m0,t1,i1,m1,t2,i2,m2,t3,i3,m3,t6,i6,m6,t7,i7,m7,t9,i9,m9,t13,i13,m13,t16,i16,m16,t21,i21,m21,t24,i24,m24,t31,i31,m31
LLDLVQQScNYK,2,1724252,740.87683,3,44.683771,34.48,740.88,,,0,,,0,44.635834,22.84,740.87885,44.0980055,20.72,741.38763,,,0,,,0,,,0,,,0,,,0,,,0,,,0

