PeptideSeq,Charge,Abun,mz,NDP,t0,i0,m0,t1,i1,m1,t2,i2,m2,t3,i3,m3,t6,i6,m6,t7,i7,m7,t9,i9,m9,t13,i13,m13,t16,i16,m16,t21,i21,m21,t24,i24,m24,t31,i31,m31
YLLPAILNPR,2,297436350,585.35565,5,57.3916895,35.62,585.35718,,,0,57.5018215,0,585.35718,57.4573155,34.8,585.85834,,,0,,,0,,,0,57.3727535,0,585.35718,57.3665885,0,585.35718,,,0,,,0,,,0
YTQDTMEDAVK,2,1008221.33333333,650.78992,5,29.488144,17.67,650.79395,,,0,29.568211,49.96,650.7912,29.5839,21.01,650.79114,,,0,,,0,,,0,29.527769,0,650.79395,29.308792,0,650.79395,,,0,,,0,,,0
ETLLLLLK,2,8245306.5,471.81531,5,59.1510675,0,471.81702,,,0,59.263674,0,471.81702,59.1791685,0,471.81702,,,0,,,0,,,0,59.130375,33.38,471.81702,59.161522,46.06,471.81796,,,0,,,0,,,0

