PeptideSeq,Charge,Abun,mz,NDP,t0,i0,m0,t1,i1,m1,t2,i2,m2,t3,i3,m3,t6,i6,m6,t7,i7,m7,t9,i9,m9,t13,i13,m13,t16,i16,m16,t21,i21,m21,t24,i24,m24,t31,i31,m31
SFLAMVVDIVR,2,7084575.75,625.35229,8,74.153965,53.42,625.35504,74.13414,58.36,625.35504,74.284874,57.17,625.35425,74.280506,41.7,625.35388,74.234482,53.44,625.35278,74.3166545,56.66,625.35468,74.233723,40.44,625.35309,73.950783,58.97,625.35455,,,0,,,0,,,0,,,0
VVPVADIITPNQFEAELLSGR,3,9928800.16666667,756.74597,8,75.292202,22.99,757.08221,75.3999325,23.65,757.08221,75.4085235,27.3,756.74701,75.2849085,28.88,756.74591,75.276184,29.1,757.41248,75.386795,0,757.08221,75.22374,22.92,756.74738,75.245895,0,757.08221,,,0,,,0,,,0,,,0
SQELHELYEGLK,3,3634570,482.58054,8,38.5731145,0,482.58328,38.399685,0,482.58328,38.545851,20.68,482.58328,38.1768475,0,482.58328,38.5532875,0,482.58328,38.573105,0,482.58328,38.584671,0,482.58328,38.440487,21.42,482.91574,,,0,,,0,,,0,,,0

