PeptideSeq,Charge,Abun,mz,NDP,t0,i0,m0,t1,i1,m1,t2,i2,m2,t3,i3,m3,t6,i6,m6,t7,i7,m7,t9,i9,m9,t13,i13,m13,t16,i16,m16,t21,i21,m21,t24,i24,m24,t31,i31,m31
YTYEDVLLLSQFIR,2,2429083.77777778,880.46686,9,78.2424355,59.85,880.47223,78.2249715,52.48,880.47418,78.316551,48.36,880.47504,78.3026735,35.27,880.4726,78.328117,44.82,880.47089,78.410084,41.04,880.47119,78.3301925,38.17,880.97034,78.2504005,61.81,880.97241,78.2502595,26,880.97504,,,0,,,0,,,0

