PeptideSeq,Charge,Abun,mz,NDP,t0,i0,m0,t1,i1,m1,t2,i2,m2,t3,i3,m3,t6,i6,m6,t7,i7,m7,t9,i9,m9,t13,i13,m13,t16,i16,m16,t21,i21,m21,t24,i24,m24,t31,i31,m31
APEILVR,2,310424408.333333,399.24762,12,31.4114505,36.48,399.24997,31.3671055,40.96,399.24951,31.424279,36.53,399.24875,31.505839,41.18,399.24905,31.532902,41.59,399.75101,31.436527,58.64,399.2489,31.5033075,37.7,399.24875,31.4148795,40.28,399.75104,31.2915925,41.21,399.24954,31.4501515,40.33,399.75244,31.356449,40.58,399.75278,31.461774,43.86,399.75162

