PeptideSeq,Charge,Abun,mz,NDP,t0,i0,m0,t1,i1,m1,t2,i2,m2,t3,i3,m3,t6,i6,m6,t7,i7,m7,t9,i9,m9,t13,i13,m13,t16,i16,m16,t21,i21,m21,t24,i24,m24,t31,i31,m31
LVLNcVGPYR,2,28771920,595.82117,12,40.70249,41.54,595.82434,41.0794505,41.13,595.82288,41.205587,40.85,595.82233,41.2087495,46.42,596.32385,40.724543,41.25,595.8208,41.480282,41.54,595.82202,41.1809405,33.65,595.82025,41.072153,0,595.82434,40.981701,41.47,596.32544,40.6610185,29.15,595.82172,40.6156025,38.63,595.82336,40.945528,40.52,596.32556
SIPFLGSDISVVK,2,5593076.75,681.38739,11,60.423229,40.85,681.38995,60.8075335,19.58,681.39246,60.9744645,54.77,681.38904,3618.202637,0,681.38995,60.4791335,20.01,681.38934,60.5509035,18.97,681.39288,60.837187,25.07,681.39032,60.4543955,50.58,681.38873,60.466242,0,681.38995,60.3633995,0,681.38995,60.527037,0,681.38995,60.5546935,39.91,681.38971
ELNSYSIPFLGSDISVVK,2,12646532,984.51984,12,70.5194625,28.97,984.52472,70.4714355,16.6,985.02527,70.5855635,0,984.52472,70.5704425,27.27,984.52319,70.530258,0,984.52472,70.738712,20.19,984.52521,70.691105,0,984.52472,70.6681135,0,984.52472,70.747486,26.34,985.02777,70.77578,0,984.52472,70.75919,0,984.52472,70.6926195,0,984.52472
GVYIIGSSGFDSIPADLGVLYTR,3,6099208.875,800.75305,12,76.912979,47.53,800.75812,76.9175685,50.42,800.75934,77.0055235,56.19,800.75665,76.9731715,43.23,800.75574,76.944519,32.14,801.42218,77.0735665,0,800.75812,76.9142835,51.9,801.08765,76.909283,0,800.75812,76.878849,0,800.75812,76.9221385,38.27,801.42731,76.9638825,0,800.75812,77.018417,26.37,801.42676
GVYIIGSSGFDSIPADLGVLYTR,2,3700643.77777778,1200.62598,12,76.9120865,70.32,1201.13513,76.9044265,73.92,1201.13269,76.9788665,74.52,1201.13318,76.960255,51.02,1201.13184,76.9316675,48.68,1201.13123,77.0734405,57.31,1200.62878,76.901321,48.42,1201.12915,76.909275,25.47,1201.13049,76.8650475,0,1201.13513,76.89185,0,1201.13513,76.9509315,69.59,1201.13232,77.330101,0,1201.13513

