PeptideSeq,Charge,Abun,mz,NDP,t0,i0,m0,t1,i1,m1,t2,i2,m2,t3,i3,m3,t6,i6,m6,t7,i7,m7,t9,i9,m9,t13,i13,m13,t16,i16,m16,t21,i21,m21,t24,i24,m24,t31,i31,m31
GIGMNEPLVDcEGYPR,2,1092423.33333333,903.91107,3,48.448444,37.3,903.91602,48.3814815,53.13,903.9151,,,0,,,0,48.4052775,21.19,904.41852,,,0,,,0,,,0,,,0,,,0,,,0,,,0

