PeptideSeq,Charge,Abun,mz,NDP,t0,i0,m0,t1,i1,m1,t2,i2,m2,t3,i3,m3,t6,i6,m6,t7,i7,m7,t9,i9,m9,t13,i13,m13,t16,i16,m16,t21,i21,m21,t24,i24,m24,t31,i31,m31
MQLLTLVQSMVR,2,2970903.45454545,709.89655,12,71.1495095,47.18,709.89899,71.3677065,47.2,709.89893,71.467838,34.63,709.89771,71.495022,32.6,709.89844,71.463589,50.04,709.89612,71.5119895,42.99,709.89777,71.4745675,46.62,709.89752,71.3871995,0,709.89899,71.1336365,34.32,709.90216,71.1239815,25.52,709.90015,71.241417,41.78,710.40216,71.197002,45.14,710.40295
ALLLVVPLGR,2,1012593,525.85535,10,60.398209,0,525.85638,60.401108,0,525.85638,60.585342,0,525.85638,3631.422607,0,525.85638,60.416023,0,525.85638,60.512024,0,525.85638,60.479839,38.85,525.85638,60.4545445,35.94,525.85791,60.466534,38.82,525.85852,60.4008255,0,525.85638,60.529526,0,525.85638,3634.044678,0,525.85638
ILDMFGK,2,734316.5,412.22275,8,46.701344,0,412.72491,2797.072266,0,412.72491,2805.566406,0,412.72491,46.695255,0,412.72491,46.628105,0,412.72491,2803.870117,38.35,412.72491,46.753155,0,412.72491,46.654633,0,412.72491,46.598446,39.19,412.22491,2811.906006,0,412.72491,46.6609975,0,412.72491,46.792568,34.81,412.22421

