PeptideSeq,Charge,Abun,mz,NDP,t0,i0,m0,t1,i1,m1,t2,i2,m2,t3,i3,m3,t6,i6,m6,t7,i7,m7,t9,i9,m9,t13,i13,m13,t16,i16,m16,t21,i21,m21,t24,i24,m24,t31,i31,m31
VVYENAYGR,2,507381640,535.76691,12,27.556099,18.28,535.76978,27.5120505,0,535.76978,27.6282855,0,535.76978,27.682085,16.29,535.76746,27.648489,0,535.76978,27.5735245,0,535.76978,27.6602375,19.28,535.76837,27.6036275,16.27,535.76953,27.428493,0,535.76978,27.610145,28.32,536.27094,27.5368215,0,535.76978,27.553099,0,535.76978
IEQIEAGTPGR,2,5202544.42857143,585.80927,12,27.2891385,47.75,585.81299,27.2223085,0,585.81299,27.355815,29.28,585.81146,27.341446,20.38,585.81158,27.372759,44.58,586.31433,27.2952345,42.17,585.8103,27.3132165,0,585.81299,27.288272,27.17,586.31311,27.134819,0,585.81299,26.9119945,0,585.81299,27.265463,0,585.81299,27.149333,29.36,586.31445
LELTPVAIQAGR,2,10187517.875,634.37207,12,47.21776,68.7,634.37555,47.143339,77.18,634.37408,47.078148,68.16,634.37463,46.986872,46.41,634.37427,47.04191,38,634.37408,47.308405,63.76,634.37476,47.087362,0,634.37555,47.0814055,50.19,634.87695,46.822834,0,634.37555,46.9811345,42.69,634.87732,46.9966295,0,634.37555,47.3098375,0,634.37555
VLVLDFVTPTPLGTR,2,10395881.9166667,814.47455,12,68.238209,64.95,814.47632,68.183235,56.84,814.47565,68.2761955,64.39,814.47943,68.2287485,52.68,814.47736,68.2278825,52.28,814.97919,68.271923,71.59,814.97845,68.251812,52.4,814.97992,68.2409665,41.28,814.97864,68.2658885,39.23,814.98071,68.2392995,63.71,814.98132,68.3038635,34.42,814.9812,68.263523,68.13,814.47858
VTAQSTNSEETIEGEFNTVLLAVGR,3,2305059.33333333,889.11536,12,74.101551,24.58,889.78998,74.121147,19.55,889.79083,74.259117,0,889.78998,74.3068885,22.31,889.45227,74.246273,0,889.78998,74.34314,0,889.78998,74.2322235,0,889.78998,74.1691815,0,889.78998,74.180229,0,889.78998,74.1346475,0,889.78998,74.292183,0,889.78998,74.319454,0,889.78998
FGEENIEVYHSFFWPLEWTVPSR,3,5577495.5,957.12555,12,80.1935765,0,957.46826,80.112278,31.53,957.46826,80.1452025,0,957.46826,80.242809,22.8,957.46838,80.374798,0,957.46826,80.3627775,0,957.46826,80.247021,0,957.46826,80.129726,0,957.46826,80.0633545,0,957.46826,80.11034,0,957.46826,80.145863,0,957.46826,80.2497825,0,957.46826

