PeptideSeq,Charge,Abun,mz,NDP,t0,i0,m0,t1,i1,m1,t2,i2,m2,t3,i3,m3,t6,i6,m6,t7,i7,m7,t9,i9,m9,t13,i13,m13,t16,i16,m16,t21,i21,m21,t24,i24,m24,t31,i31,m31
SSLVVVGQEYLER,2,4342052.33333333,739.89612,11,51.5374925,44.75,739.89911,51.4494345,0,739.89911,51.5363595,0,739.89911,51.530025,47.35,739.89795,51.4729695,0,739.89911,51.564352,0,739.89911,51.5830155,0,739.89911,51.491251,20.11,739.89813,51.3577095,0,739.89911,51.390608,0,739.89911,,,0,51.639141,0,739.89911
YGMTEIGMALSNPLTEAR,2,6574066,977.47406,11,64.395615,65.11,977.47858,64.6198045,88.06,977.9798,64.705994,95.72,977.98169,64.4357335,31.66,978.48053,64.644375,56.39,977.97742,64.729572,59.58,977.47601,64.605797,49.01,977.97675,64.3561745,45.14,978.48297,64.4142575,0,977.47858,64.3223435,23.23,978.48236,,,0,64.4398405,23.41,978.48322
VPGSVGTPLPGVEVR,2,9574434.75,732.41449,11,44.987589,0,732.41571,44.876831,21.65,732.41571,45.00663,0,732.41571,44.954092,0,732.41571,44.8440575,0,732.41571,45.018608,22.82,732.41559,45.0175855,0,732.41571,44.9134845,23.6,732.91992,44.8178295,21.54,732.41931,44.89732,0,732.41571,,,0,44.983805,0,732.41571

