PeptideSeq,Charge,Abun,mz,NDP,t0,i0,m0,t1,i1,m1,t2,i2,m2,t3,i3,m3,t6,i6,m6,t7,i7,m7,t9,i9,m9,t13,i13,m13,t16,i16,m16,t21,i21,m21,t24,i24,m24,t31,i31,m31
GYSFTTTAER,2,913113300,566.76709,3,,,0,,,0,31.067692,43.27,566.76953,,,0,,,0,,,0,31.162637,29.81,567.27087,,,0,30.89925,30.74,567.27344,,,0,,,0,,,0
QEYDESGPSIVHR,3,390253100,506.23907,3,,,0,,,0,27.5825855,72.11,506.5752,,,0,,,0,,,0,27.5928285,41.78,506.57474,,,0,27.364107,38.97,506.91119,,,0,,,0,,,0
TVLSGGTTMYPGIADR,2,50701780,819.91144,2,,,0,,,0,45.9416175,72.48,819.91492,,,0,,,0,,,0,,,0,,,0,46.073717,58.89,820.41663,,,0,,,0,,,0
VAPEEHPVLLTEAPLNPK,3,574882050,652.02631,2,,,0,,,0,43.0194395,53.87,652.02899,,,0,,,0,,,0,43.021532,46.06,652.36237,,,0,,,0,,,0,,,0,,,0
VAPEEHPVLLTEAPLNPK,2,15292980,977.53583,2,,,0,,,0,43.028391,62.07,977.5426,,,0,,,0,,,0,43.021267,52.17,978.04291,,,0,,,0,,,0,,,0,,,0
DLYANTVLSGGTTMYPGIADR,2,121887253.333333,1108.03857,3,,,0,,,0,64.185734,118.79,1108.04163,,,0,,,0,,,0,64.0718425,54.95,1109.0448,,,0,64.085533,99.49,1108.54639,,,0,,,0,,,0
DLYANTVLSGGTTMYPGIADR,3,127112125,739.0282,2,,,0,,,0,64.173294,37.54,739.69904,,,0,,,0,,,0,64.0718425,37.66,739.69861,,,0,,,0,,,0,,,0,,,0
DLYANTVLSGGTTmYPGIADR,2,3477812.5,1116.03613,2,,,0,,,0,58.7562965,60.09,1116.03882,,,0,,,0,,,0,59.1197375,25.03,1117.04285,,,0,,,0,,,0,,,0,,,0
KDLYANTVLSGGTTMYPGIADR,3,47644423.3333333,781.7265,3,,,0,,,0,51.227335,75.39,782.06427,,,0,,,0,,,0,51.106445,88.24,782.06317,,,0,51.040863,65.19,782.40027,,,0,,,0,,,0
LcYVALDFEQEMATAASSSSLEK,2,48105350,1275.59058,2,,,0,,,0,70.2657585,57.4,1275.59399,,,0,,,0,,,0,70.357658,36.72,1276.59729,,,0,,,0,,,0,,,0,,,0
LcYVALDFEQEMATAASSSSLEK,3,101656420,850.72943,2,,,0,,,0,70.2657585,58.73,851.06097,,,0,,,0,,,0,70.306591,51.29,851.39587,,,0,,,0,,,0,,,0,,,0
cPEALFQPSFLGMEScGIHETTFNSIMK,3,89900540,1077.82544,1,,,0,,,0,66.9064485,30.08,1078.49719,,,0,,,0,,,0,,,0,,,0,,,0,,,0,,,0,,,0
QEYDESGPSIVHR,2,35013880,758.85498,2,,,0,,,0,,,0,,,0,,,0,,,0,27.557497,97.85,758.85541,,,0,27.337452,95.34,759.36023,,,0,,,0,,,0
cPEALFQPSFLGMEScGIHETTFNSIMK,4,3426741,808.62091,1,,,0,,,0,,,0,,,0,,,0,,,0,66.827896,31.08,809.12433,,,0,,,0,,,0,,,0,,,0

