PeptideSeq,Charge,Abun,mz,NDP,t0,i0,m0,t1,i1,m1,t2,i2,m2,t3,i3,m3,t6,i6,m6,t7,i7,m7,t9,i9,m9,t13,i13,m13,t16,i16,m16,t21,i21,m21,t24,i24,m24,t31,i31,m31
ELLTTMGDR,2,44639995,518.26062,10,35.741579,31.88,518.26251,35.7051125,0,518.26251,35.7908115,0,518.26251,35.778442,0,518.26251,36.1336215,23.35,518.76343,36.1173745,0,518.26251,36.169296,0,518.26251,36.045353,0,518.26251,35.983572,0,518.26251,,,0,,,0,36.1110385,0,518.26251
LNGTDPEDVIR,2,27922890,614.81201,10,37.248051,65.96,614.8158,37.126011,0,614.8158,37.243122,0,614.8158,37.3622325,0,614.8158,37.482735,0,614.8158,37.5611625,0,614.8158,37.5657065,0,614.8158,37.6408345,0,614.8158,37.586958,0,614.8158,,,0,,,0,37.592579,0,614.8158
EAFNMIDQNR,2,20519168.7,619.2851,10,38.374199,42.46,619.28888,38.2902835,42.34,619.28748,38.393665,38.51,619.78955,38.336397,21.73,619.78845,38.399162,32.12,619.78772,38.325241,31.12,619.78827,38.405407,38.72,619.78851,38.2584915,38.63,619.78943,38.200739,37.33,619.79047,,,0,,,0,38.4218505,27.84,619.78986
GNFNYIEFTR,2,40253483,630.80402,10,49.116358,42.88,630.80701,49.04487,40.96,631.30841,49.197897,39.04,630.80591,49.1362155,38.26,630.80481,49.074724,37.74,630.80536,49.2504885,37.78,630.80432,49.247715,26.86,631.30829,49.0808735,29.81,631.30743,48.9407615,38.46,631.30859,,,0,,,0,49.203106,37.64,630.80603
AMFDQSQIQEFK,2,22828206.6666667,736.3479,10,49.3934875,48.7,736.35248,49.2661665,59.3,736.35095,49.4437905,48.8,736.85327,49.3484725,0,736.35248,49.3154485,0,736.35248,49.4740885,0,736.35248,49.448761,0,736.35248,48.792475,0,736.35248,49.164196,0,736.35248,,,0,,,0,49.396887,0,736.35248
DGFIDKEDLHDMLASLGK,4,3282551.25,501.74902,8,62.482763,42.56,501.75107,62.519077,27.28,502.25259,62.639475,0,501.75107,62.574646,0,501.75107,62.540119,28.43,502.00012,3750.236816,0,501.75107,62.514862,0,501.75107,62.515734,30.96,502.25281,3748.862793,0,501.75107,,,0,,,0,62.626034,0,501.75107
ATSNVFAMFDQSQIQEFK,3,10363054.75,697.66656,10,67.0302775,61.1,697.66901,67.042534,58.39,697.6687,67.1215705,69.72,698.00385,67.070648,38.96,698.00226,67.080925,0,697.66901,67.146099,0,697.66901,67.071636,0,697.66901,67.0252265,0,697.66901,66.997833,0,697.66901,,,0,,,0,66.8445055,0,697.66901
ATSNVFAMFDQSQIQEFK,2,7306128.6,1045.99622,10,67.017113,53.41,1046.4978,66.72459,0,1046.4978,66.868,68.16,1046.50256,67.0321465,39.98,1046.50208,67.0424765,43.15,1046.5022,67.1068,0,1046.4978,66.7636985,64.83,1046.50085,66.7535325,0,1046.4978,67.010677,0,1046.4978,,,0,,,0,66.818787,0,1046.4978

