PeptideSeq,Charge,Abun,mz,NDP,t0,i0,m0,t1,i1,m1,t2,i2,m2,t3,i3,m3,t6,i6,m6,t7,i7,m7,t9,i9,m9,t13,i13,m13,t16,i16,m16,t21,i21,m21,t24,i24,m24,t31,i31,m31
LLSEGADVNAR,2,264716066.666667,572.80145,9,28.3767155,42.34,572.80396,28.3330955,45.77,572.80389,28.466635,28.7,572.80328,28.4648915,0,572.80396,,,0,28.370023,0,572.80396,,,0,28.387206,0,572.80396,28.229503,0,572.80396,28.4113825,0,572.80396,,,0,28.4464155,0,572.80396
EVADVLVDGYNVHYGAR,3,6875277.55555556,626.3111,9,47.2632615,80.14,626.31476,46.9703715,22.91,626.98083,47.0761775,52.09,626.64893,47.331671,63.62,626.64777,,,0,47.7972295,31.46,626.31329,,,0,47.25848,58.66,626.31488,46.9952715,34.42,626.98499,47.678354,41.08,626.64996,,,0,47.8374845,36.72,626.64844
AHPDVLTIMLQLFDEGR,3,3072679,652.34003,9,82.9902115,20.47,652.34143,82.9736975,0,652.34143,83.0484925,18.85,652.34113,83.1639595,0,652.34143,,,0,83.149155,0,652.34143,,,0,82.9199675,0,652.34143,82.880348,0,652.34143,82.9989015,0,652.34143,,,0,83.0860175,0,652.34143
TANEQGVHSLEVLVTR,3,14554498.25,584.97949,9,43.123518,0,584.98132,43.2804105,28.75,584.98132,43.1862335,0,584.98132,43.396307,25.39,584.98175,,,0,42.954836,0,584.98132,,,0,42.814911,0,584.98132,42.7505935,0,584.98132,43.57254,16.77,585.31866,,,0,43.411728,22.04,585.31824

