PeptideSeq,Charge,Abun,mz,NDP,t0,i0,m0,t1,i1,m1,t2,i2,m2,t3,i3,m3,t6,i6,m6,t7,i7,m7,t9,i9,m9,t13,i13,m13,t16,i16,m16,t21,i21,m21,t24,i24,m24,t31,i31,m31
LLLDGAPLIAIHK,3,27550673.3333333,458.62201,9,54.217161,41.66,458.95953,54.1260985,30.81,458.62305,54.295071,27.65,458.62302,54.2141685,21.65,458.6235,54.215874,24.67,458.62357,54.3202285,20.72,458.62238,54.3153095,33.43,458.95764,54.2575095,26.75,458.95813,,,0,54.246481,27.09,458.95963,,,0,,,0
DGLALGPGPFVTALEYATDTK,2,12055368.5714286,1068.54663,9,83.8827855,38.38,1068.54993,84.035122,55.88,1068.5509,84.0873035,26.1,1068.55286,83.91362,24.25,1068.55176,84.1004445,20.27,1068.54907,84.3528825,0,1068.54993,84.0946655,20.77,1069.05078,83.9698145,0,1068.54993,,,0,83.8552395,30.87,1069.05334,,,0,,,0

