PeptideSeq,Charge,Abun,mz,NDP,t0,i0,m0,t1,i1,m1,t2,i2,m2,t3,i3,m3,t6,i6,m6,t7,i7,m7,t9,i9,m9,t13,i13,m13,t16,i16,m16,t21,i21,m21,t24,i24,m24,t31,i31,m31
VELEQTYQAK,2,4276517.75,604.81152,12,28.689829,43.2,604.81525,28.595325,26.05,604.81226,28.77816,58.94,604.81158,28.7642015,33.97,604.81464,28.8209335,49.73,604.8125,28.1822795,46.09,604.81287,28.306797,35.07,604.81012,28.217212,49.53,604.81152,28.566904,58.73,604.81299,28.2448005,36.79,604.81403,28.216562,49.3,604.81537,28.26816,33.39,604.81396
SQTNWGPGESFR,2,7490542.2,683.31274,12,37.3624935,48.97,683.31592,37.2824075,58.44,683.31598,37.4238415,43.5,683.31567,37.286375,46.68,683.31512,37.401226,43.18,683.31458,37.307316,53.24,683.31561,37.354593,49.46,683.31567,37.225197,38.64,683.31305,37.2156925,0,683.31592,37.2947045,0,683.31592,37.2355785,45.87,683.31689,37.406435,43.2,683.31366
ATSSSSSSSGVGMSVGQGR,2,1916723.16666667,864.89453,12,24.9086255,48.68,864.89905,24.8115465,74.9,864.89691,25.017087,62.13,864.89679,24.96556,93.91,865.39893,24.935197,63.97,864.89673,24.947636,53.51,864.89673,24.920592,67.78,864.89563,24.8395755,73.1,864.896,24.7003335,69.23,864.89923,25.0000715,77.98,864.89996,24.8545825,52.05,864.89856,24.8367215,37.52,864.89734
AGQTVTVWAAGAGATHSPPSTLVWK,3,4320986,831.7677,12,51.0725265,0,831.76868,50.994526,0,831.76868,51.116365,0,831.76868,51.083555,16.73,831.76868,51.0088045,0,831.76868,51.113207,0,831.76868,51.116327,0,831.76868,51.4142685,0,831.76868,50.892557,0,831.76868,50.992939,0,831.76868,51.090988,17.62,831.77258,51.586603,0,831.76868
TALVSADGEEVAVK,2,2274778.5,694.867,4,36.899559,0,695.37018,2207.25,0,695.37018,2213.040039,73.15,695.37018,2211.086426,0,695.37018,2214.601807,0,695.37018,2209.870117,45.45,694.8678,2211.280029,73.35,695.37048,36.725853,56.73,694.86786,2204.840088,44.44,694.86871,2208.889893,41.87,694.86938,37.1091575,35.97,695.37122,37.8182925,0,695.37018
DLESLFHR,2,3766626.5,508.76163,11,47.2178285,0,508.76407,2830.100098,27.74,508.76407,47.385931,0,508.76407,47.3640535,0,508.76407,47.290676,0,508.76407,47.408165,0,508.76407,47.4278375,27.37,508.76346,47.2654785,0,508.76407,47.1419835,0,508.76407,47.201862,0,508.76407,47.3555145,29.81,508.76364,47.3523925,0,508.76407

