PeptideSeq,Charge,Abun,mz,NDP,t0,i0,m0,t1,i1,m1,t2,i2,m2,t3,i3,m3,t6,i6,m6,t7,i7,m7,t9,i9,m9,t13,i13,m13,t16,i16,m16,t21,i21,m21,t24,i24,m24,t31,i31,m31
WAGGGFLSTVGDLLK,2,6494708.25,760.909,11,73.4789085,69.96,760.91388,73.436104,90.22,760.91339,73.6003495,24.27,760.91125,,,0,73.5600965,48.17,760.91229,73.6341205,59.16,760.9118,73.57098,22.14,760.91132,73.5092275,90.26,760.91284,73.829517,0,760.91388,73.8472255,0,760.91388,73.6046255,72.55,761.41528,73.6357155,0,760.91388
LLISHLSGIR,2,943543,554.84546,3,2261.931641,0,555.34949,2256.074951,0,555.34949,2263.849121,0,555.34949,,,0,37.771454,0,555.34949,2261.929688,0,555.34949,2265.488525,0,555.34949,37.588017,20.93,555.34949,2252.48999,21.48,554.84735,37.646713,27.04,554.84808,2253.356934,0,555.34949,2262.019775,0,555.34949

