PeptideSeq,Charge,Abun,mz,NDP,t0,i0,m0,t1,i1,m1,t2,i2,m2,t3,i3,m3,t6,i6,m6,t7,i7,m7,t9,i9,m9,t13,i13,m13,t16,i16,m16,t21,i21,m21,t24,i24,m24,t31,i31,m31
LSISGNYNLK,2,161557572.5,554.80347,12,38.1003625,32.08,554.80719,37.987944,29.29,554.80615,38.109905,31.89,555.30774,38.383112,41.56,555.30847,38.3875905,38.39,555.30804,38.3918135,34.41,555.30688,38.875597,31.15,555.3075,38.752266,43.34,555.30804,38.733248,28.66,555.30902,38.8449805,31.52,555.30853,38.818195,42.66,555.30811,38.920706,29.54,555.30841

