PeptideSeq,Charge,Abun,mz,NDP,t0,i0,m0,t1,i1,m1,t2,i2,m2,t3,i3,m3,t6,i6,m6,t7,i7,m7,t9,i9,m9,t13,i13,m13,t16,i16,m16,t21,i21,m21,t24,i24,m24,t31,i31,m31
GNPSGIQPDLLISLTAPK,2,42007912.5,911.00946,12,64.030777,81.82,911.01367,64.025547,63.89,911.01294,64.1607475,67.19,911.01361,64.103134,57.86,911.01172,64.067133,56.18,911.01147,64.110052,77.74,911.01141,64.0588515,57.32,911.01117,64.050257,63.04,911.51428,64.085533,60.19,911.51556,64.0304145,79,911.51581,64.126156,26.37,911.51721,64.1315385,18.59,911.51563
RPNKPLFTGLVTQcQK,3,6457183.4,629.68048,11,31.455933,33.13,630.01886,31.409043,27.01,629.68195,31.4804135,35.77,630.01709,31.5681915,23.64,629.68353,31.5729935,30.77,629.6792,31.577463,24.64,630.01624,31.568411,36.31,629.6814,1893.554443,0,630.01886,31.376932,41.58,629.68341,31.502716,0,630.01886,31.40147,31.36,630.01904,31.5267795,30.72,629.68146
YQLNLPSYPDTEcVYR,2,41502626.25,1009.46985,12,55.457367,66.99,1009.47675,55.347811,56.92,1009.47711,55.933115,60.1,1009.47949,55.436459,72.14,1009.47327,55.276146,0,1009.47675,55.853632,21.39,1009.47284,55.670267,19.67,1010.47778,55.6103305,0,1009.47675,55.498978,71.21,1009.47461,55.22571,0,1009.47675,55.2738935,25.05,1009.97943,55.2321625,0,1009.47675
YQLNLPSYPDTEcVYR,3,5635621,673.31567,12,55.4947415,34.63,673.98828,55.3355715,28.39,673.31763,55.622723,46.89,673.31854,55.5825865,44.43,673.31421,55.489975,41.22,673.65137,55.5647165,47.83,673.31787,55.554785,35.04,673.65155,55.4970305,19.4,673.31653,55.3955535,40.91,673.98846,55.4399125,32.89,673.65399,55.527674,23.98,673.65417,55.653368,28.18,673.98718
LFGYQPTIYYPK,2,84336566.6666667,745.38989,12,55.248209,0,745.39252,55.145315,36.46,745.39252,55.375103,0,745.39252,55.32016,0,745.39252,55.277401,0,745.39252,55.139032,0,745.39252,55.098427,0,745.39252,55.034359,17.5,745.39124,54.962898,0,745.39252,55.0060845,0,745.39252,55.056696,0,745.39252,55.1943935,20.04,745.89429

