PeptideSeq,Charge,Abun,mz,NDP,t0,i0,m0,t1,i1,m1,t2,i2,m2,t3,i3,m3,t6,i6,m6,t7,i7,m7,t9,i9,m9,t13,i13,m13,t16,i16,m16,t21,i21,m21,t24,i24,m24,t31,i31,m31
DFINFVSDK,2,10366485.25,542.7691,10,55.897415,30.32,542.77155,55.778786,0,542.77155,55.9960915,27.94,542.77063,55.5201035,0,542.77155,56.216406,29.6,542.77032,55.5643315,0,542.77155,55.9738425,0,542.77155,55.882141,21.66,542.77094,,,0,,,0,55.915283,0,542.77155,56.0495815,0,542.77155
VDVTEQTGLSGR,2,12453053.4444444,631.32275,10,31.19422,66.27,631.32654,30.965247,76.29,631.32654,30.853359,67.22,631.32507,30.9277455,53.99,631.32233,30.9136085,58.34,631.32532,30.8605815,45.94,631.32404,30.921117,64.98,631.32379,30.734503,0,631.32654,,,0,,,0,30.777003,64.09,631.3266,30.8568965,50.71,631.32458

