PeptideSeq,Charge,Abun,mz,NDP,t0,i0,m0,t1,i1,m1,t2,i2,m2,t3,i3,m3,t6,i6,m6,t7,i7,m7,t9,i9,m9,t13,i13,m13,t16,i16,m16,t21,i21,m21,t24,i24,m24,t31,i31,m31
FYIEGSEPGK,2,12002237.5,563.77441,6,,,0,33.955576,27.52,563.77698,,,0,,,0,34.091633,20.01,564.27563,34.046505,22.01,564.27704,,,0,33.9786455,25.22,564.27869,,,0,34.020727,48.72,564.28137,33.9609395,20.1,564.27942,,,0

