PeptideSeq,Charge,Abun,mz,NDP,t0,i0,m0,t1,i1,m1,t2,i2,m2,t3,i3,m3,t6,i6,m6,t7,i7,m7,t9,i9,m9,t13,i13,m13,t16,i16,m16,t21,i21,m21,t24,i24,m24,t31,i31,m31
GSPAVDVAVK,2,114530783.333333,471.76639,12,27.529133,47.18,471.76868,27.471012,46.57,471.76804,27.6131615,58.07,472.27029,27.594303,58.19,472.27011,27.6430245,57.67,472.2702,27.546875,57.39,472.27026,27.5900695,57.63,472.26987,27.5465315,42.29,472.27042,27.380582,29.38,472.27084,27.565857,42.87,472.27106,27.5252905,41.94,472.2713,27.5794885,42.15,472.27066
TSEGSWEPFASGK,2,46664378.3333333,691.81476,12,42.788368,79.48,691.81805,42.6690235,67.2,692.31873,42.8282755,68.62,692.31787,42.8018835,63.37,692.31763,42.7789495,29.61,692.81805,42.8338985,30.69,692.82019,42.8406295,56.86,692.31781,42.6969415,32.41,692.31885,42.6287785,31.87,692.8208,42.746153,32.16,692.82159,42.7239225,39.75,692.31696,42.8304295,53.2,692.31927
HYTIAALLSPYSY,2,17055935,749.88245,12,66.158058,25.86,749.8858,66.3805235,17.91,750.38745,66.561726,19.15,750.38965,66.502159,21.23,750.38739,66.463928,0,749.8858,66.549175,0,749.8858,66.113323,0,749.8858,66.433262,0,749.8858,66.077301,0,749.8858,66.0586245,0,749.8858,66.177231,0,749.8858,66.3751835,0,749.8858
TLGISPFHEFADVVFTANDSGHR,4,56581463.3333333,630.05939,12,60.662325,30.05,630.31329,60.7031975,0,630.31329,60.8362785,22.69,630.31262,60.8002965,0,630.31329,60.756172,0,630.31329,60.931984,0,630.31329,60.7619325,0,630.31329,60.7007465,0,630.31329,60.7708225,0,630.31329,60.606104,19.42,630.31329,60.902046,0,630.31329,60.821867,0,630.31329
TLGISPFHEFADVVFTANDSGHR,3,7608325.8,839.74341,12,60.282581,64.5,840.08209,60.715626,0,840.08209,60.394724,0,840.08209,60.700111,0,840.08209,61.1374205,21.86,840.41058,61.2146565,24.59,840.41034,60.6988355,0,840.08209,60.755047,0,840.08209,60.7331525,0,840.08209,60.609348,27.12,840.41394,60.7919385,24.32,840.4162,60.923306,0,840.08209
TAESGELHGLTTDEK,2,3911373.16666667,794.37848,12,26.451161,0,794.88556,26.440818,51.37,794.88556,26.594158,0,794.88556,26.5481845,32.01,794.88269,26.588515,24.65,794.88416,26.5329695,0,794.88556,26.5317465,0,794.88556,26.5039205,20.93,794.88397,26.337188,31.15,794.88446,26.5217075,0,794.88556,26.519599,18.9,794.88202,26.4955815,0,794.88556

