PeptideSeq,Charge,Abun,mz,NDP,t0,i0,m0,t1,i1,m1,t2,i2,m2,t3,i3,m3,t6,i6,m6,t7,i7,m7,t9,i9,m9,t13,i13,m13,t16,i16,m16,t21,i21,m21,t24,i24,m24,t31,i31,m31
AWFSEAFGK,2,19373720,521.75323,6,52.6667115,39.35,521.75592,,,0,52.72892,32.33,522.25793,52.734217,36.11,522.2572,,,0,,,0,52.7269765,0,521.75592,,,0,,,0,52.591711,35.04,522.25861,,,0,52.7925755,21.05,522.25787
EFGNTLEDK,2,4879736.5,526.74835,6,29.168497,31.77,526.75134,,,0,29.1891575,0,526.75134,29.2335295,0,526.75134,,,0,,,0,29.2469885,24.39,527.25171,,,0,,,0,29.1471955,0,526.75134,,,0,29.178291,0,526.75134

