PeptideSeq,Charge,Abun,mz,NDP,t0,i0,m0,t1,i1,m1,t2,i2,m2,t3,i3,m3,t6,i6,m6,t7,i7,m7,t9,i9,m9,t13,i13,m13,t16,i16,m16,t21,i21,m21,t24,i24,m24,t31,i31,m31
GLPDQMLYR,2,2465434.33333333,546.77893,8,43.6929625,63.29,546.78204,,,0,43.818394,0,546.78204,43.738743,0,546.78204,43.715223,0,546.78204,43.6989515,59.57,547.28357,,,0,43.1366275,0,546.78204,43.5432185,63.26,547.28302,43.6810645,0,546.78204,,,0,,,0
LTSSVTAYDYSGK,2,11710728.625,696.33807,8,33.9619175,44.36,696.84332,,,0,33.9223785,40.79,696.34253,34.0284975,52.36,696.33893,34.2279895,68.18,696.33838,34.184431,45.53,696.34003,,,0,33.8948975,37.65,696.8396,33.7602575,56.57,696.3421,33.901697,31.85,696.84143,,,0,,,0

