PeptideSeq,Charge,Abun,mz,NDP,t0,i0,m0,t1,i1,m1,t2,i2,m2,t3,i3,m3,t6,i6,m6,t7,i7,m7,t9,i9,m9,t13,i13,m13,t16,i16,m16,t21,i21,m21,t24,i24,m24,t31,i31,m31
HVVQPGYPAHR,3,3518621.33333333,420.89139,9,18.2160625,28.6,420.89374,18.120084,31.03,420.89279,18.250677,26.58,421.22757,18.230015,27.63,420.89307,18.220896,23.19,421.22659,18.255539,36.88,420.89218,,,0,18.2260715,28.46,421.22607,17.8191035,27.49,421.22684,,,0,18.154102,20.94,421.22668,,,0
VLGDLIFNQPDR,2,4109249.75,693.87244,9,55.2078745,0,693.87555,55.611183,62.12,693.87555,55.8724005,48.08,693.87543,55.1940305,0,693.87555,54.6581705,0,693.87555,55.7918055,46.72,694.37524,,,0,55.718128,46.53,694.375,55.09239,0,693.87555,,,0,55.241623,0,693.87555,,,0
YVILDIPLLFETK,2,2941544,782.45526,9,80.681461,0,782.45758,80.262638,0,782.45758,80.3593525,45.2,782.45758,80.7347835,0,782.45758,80.7459145,21.28,782.9588,80.467064,0,782.45758,,,0,80.6542395,0,782.45758,80.6277885,0,782.45758,,,0,80.7743455,0,782.45758,,,0

