PeptideSeq,Charge,Abun,mz,NDP,t0,i0,m0,t1,i1,m1,t2,i2,m2,t3,i3,m3,t6,i6,m6,t7,i7,m7,t9,i9,m9,t13,i13,m13,t16,i16,m16,t21,i21,m21,t24,i24,m24,t31,i31,m31
GSSSTASLPMSSPQQR,2,10545283.7777778,810.88593,9,30.0967125,43.17,810.89105,30.041381,63.78,810.88904,30.11218,60.89,810.89093,30.202357,42.06,810.88812,30.220892,50.23,811.38953,30.125265,56.4,810.88708,30.1555385,39.42,810.8855,30.1012695,22.26,811.38776,29.9662535,41.17,811.39288,,,0,,,0,,,0
NSITSSSDGEDGLHHFLR,3,1015649.66666667,657.97668,7,36.097437,45.22,658.31567,36.034451,57.77,658.3139,2168.678955,0,658.31567,36.07291,18.58,657.9787,36.054283,0,658.31567,2166.040283,0,658.31567,36.0812895,0,658.31567,35.9918135,0,658.31567,36.669659,0,658.31567,,,0,,,0,,,0
LYSLNDPTLNDK,2,4795440,696.85388,8,42.1471155,0,696.85608,41.955,0,696.85608,42.137638,37.26,696.85608,42.128502,30.03,696.85718,42.426401,37.47,696.85712,2536.236572,0,696.85608,42.485897,48.33,696.85449,42.41461,31,696.85736,42.3137245,0,696.85608,,,0,,,0,,,0

