PeptideSeq,Charge,Abun,mz,NDP,t0,i0,m0,t1,i1,m1,t2,i2,m2,t3,i3,m3,t6,i6,m6,t7,i7,m7,t9,i9,m9,t13,i13,m13,t16,i16,m16,t21,i21,m21,t24,i24,m24,t31,i31,m31
ETIPLQESTLYTEDR,2,6186445,897.94141,8,,,0,,,0,48.1833365,63.04,897.94434,48.1514585,72.69,897.94635,48.142143,47,897.94397,48.274431,54.21,897.94281,48.3322125,68.96,897.94342,48.165388,65.92,897.94342,,,0,48.1610375,34.47,897.94855,48.21138,53.14,897.94611,,,0
LQQGYNAIGFSQGGQFLR,2,2529891.66666667,992.50543,6,,,0,,,0,3222.610352,0,992.50726,53.6596945,38.79,992.50726,3212.365234,0,992.50726,53.3153495,46.35,992.51007,52.63599,0,992.50726,53.125889,0,992.50726,,,0,53.1381115,28.14,993.01263,53.662422,0,992.50726,,,0

