PeptideSeq,Charge,Abun,mz,NDP,t0,i0,m0,t1,i1,m1,t2,i2,m2,t3,i3,m3,t6,i6,m6,t7,i7,m7,t9,i9,m9,t13,i13,m13,t16,i16,m16,t21,i21,m21,t24,i24,m24,t31,i31,m31
LLLNNDNLLR,2,119860467.777778,599.35114,9,48.84758,57.01,599.3548,48.754171,72.92,599.354,48.9062195,72.74,599.35303,,,0,48.76951,72.67,599.35278,48.9205225,77.7,599.35266,48.9454995,66.48,599.35217,48.830059,62.8,599.85504,48.648647,71.48,599.85645,,,0,,,0,48.9266965,62.6,599.85577
IQVHYYEDGNVQLVSHK,4,21086315.7142857,508.00891,9,34.628033,38.66,508.01208,34.5817355,44.2,508.26202,34.625685,38.35,508.01175,,,0,34.677221,32.8,508.51236,34.5864795,37.27,508.01169,34.667261,29.73,508.51169,34.5782735,36.68,508.26154,34.4679415,0,508.01208,,,0,,,0,34.647562,0,508.01208
IEGYDDQVLITEHGDLGNSR,3,5335933,744.35736,9,44.897047,45.87,744.36481,44.7832755,19.22,744.36353,44.9452325,17.4,744.35748,,,0,44.7693935,37.24,744.69617,44.9512255,18.45,744.36072,44.9854965,34.13,744.35907,44.781759,22.55,744.35907,44.7286455,20.9,744.36121,,,0,,,0,44.7162055,0,744.36481

