PeptideSeq,Charge,Abun,mz,NDP,t0,i0,m0,t1,i1,m1,t2,i2,m2,t3,i3,m3,t6,i6,m6,t7,i7,m7,t9,i9,m9,t13,i13,m13,t16,i16,m16,t21,i21,m21,t24,i24,m24,t31,i31,m31
ESTLHLVLR,3,764670433.333333,356.5451,11,35.4172765,28.76,356.54663,35.3667775,25.65,356.54623,35.45179,36.73,356.54602,35.4435765,34.82,356.88052,35.4665355,24.84,356.88043,35.457779,0,356.54663,35.4938645,16.77,356.54529,35.3498555,0,356.54663,35.293175,19.9,356.88141,,,0,35.34733,26.62,356.88141,35.4650235,23.22,356.88123
ESTLHLVLR,2,302733770,534.31403,11,35.4172765,46.32,534.31696,35.3667775,28.49,534.31628,35.45179,31.41,534.81805,35.45569,31.99,534.81763,35.4665355,21.02,534.81763,35.46126,0,534.31696,35.495781,30.88,534.81732,35.3498555,28.11,534.81787,35.2841205,47.2,534.81891,,,0,35.34733,30.85,534.8205,35.473349,21.59,534.81866
TITLEVEPSDTIENVK,2,170515493,894.46729,11,50.565157,66.99,894.4718,50.484007,72.75,894.97363,50.5897425,62.34,894.97327,50.406586,67.36,894.97131,50.4921415,19.25,895.47388,50.6266845,29.11,895.47388,50.617735,26.15,895.47345,50.5186575,0,894.4718,50.4222375,25.04,895.47742,,,0,50.5680675,21.51,895.47626,50.6240655,37.01,894.97369
EcPSDEcGAGVFMGSHFDR,3,8805011,719.95227,12,42.9726505,46.99,719.95703,42.8390675,22.4,720.62439,42.979347,61.31,719.95526,42.9466765,54.6,720.2887,42.8894365,18.92,720.62311,42.969656,36.17,719.95251,42.992537,48.83,720.28809,42.851368,0,719.95703,42.7894385,27.59,720.62543,42.903456,17.46,720.62445,42.877089,26.65,720.29175,42.968584,20.7,720.62482
TLSDYNIQK,2,498629975,541.27985,12,29.8523085,0,541.28223,29.8182095,23.02,541.28223,29.9031945,20.35,541.28174,29.9604635,17.19,541.78412,29.988337,18.61,541.78375,29.8620425,0,541.28223,29.9384395,0,541.28223,29.869142,0,541.28223,29.416371,0,541.28223,29.8917535,0,541.28223,29.5157215,0,541.28223,29.910654,0,541.28223

