PeptideSeq,Charge,Abun,mz,NDP,t0,i0,m0,t1,i1,m1,t2,i2,m2,t3,i3,m3,t6,i6,m6,t7,i7,m7,t9,i9,m9,t13,i13,m13,t16,i16,m16,t21,i21,m21,t24,i24,m24,t31,i31,m31
VVTNQDGVFR,2,11822535.8333333,567.79877,12,30.010603,44.26,567.80396,29.958946,51.1,567.80127,29.7912055,47.69,567.7998,30.1080095,64.68,567.80017,29.871169,35.35,567.80054,30.1702805,34.79,567.79987,29.954243,47.33,567.79999,30.003981,50.84,567.79974,29.844801,68.54,567.8017,30.0417005,32.76,567.80151,29.9889545,32.61,567.80103,29.937307,63.45,567.8009
QVIINLVNHK,3,3775131.16666667,393.2399,11,33.8588865,25.23,393.24158,33.7369195,28,393.24097,33.8204515,29.94,393.24054,33.922834,24.34,393.2406,33.8957005,0,393.24158,33.8238945,0,393.24158,33.902649,23.08,393.2406,33.7607765,0,393.24158,2023.422607,0,393.24158,33.8272245,27.21,393.57632,33.7389925,0,393.24158,33.895096,0,393.24158
TQLGLLMDGFNSLLR,2,8425634,839.45325,12,76.651085,45.12,839.45801,76.8131065,39.19,839.95892,76.783306,43.85,839.45844,76.7759435,42.17,839.95721,76.358494,29.48,839.9588,76.387314,0,839.45801,76.357628,22.5,839.95844,76.3458135,37.74,839.95959,76.230713,0,839.45801,76.283432,0,839.45801,76.328308,0,839.45801,76.2726825,0,839.45801
FVWNGHLLR,3,413946,381.21368,10,43.2043475,0,381.55002,43.044411,27.54,381.55002,43.225544,20.75,381.21484,2592.129883,24.66,381.21423,43.133167,0,381.55002,43.18401,0,381.55002,43.2142465,0,381.55002,2576.584961,0,381.55002,43.018242,0,381.55002,43.100269,0,381.55002,43.102272,0,381.55002,43.193474,0,381.55002
ATDFDVLSYK,2,4203992.71428571,579.78748,12,48.535162,0,579.78992,48.4558885,37.13,579.78992,48.3444845,37.83,579.78668,48.586342,30.48,579.78998,48.6156635,37.22,580.29053,48.7554285,0,579.78992,48.73341,32.68,579.78955,48.5228135,0,579.78992,48.357851,23.38,580.28833,48.503542,33.1,579.79181,48.555992,0,579.78992,48.610771,0,579.78992

