PeptideSeq,Charge,Abun,mz,NDP,t0,i0,m0,t1,i1,m1,t2,i2,m2,t3,i3,m3,t6,i6,m6,t7,i7,m7,t9,i9,m9,t13,i13,m13,t16,i16,m16,t21,i21,m21,t24,i24,m24,t31,i31,m31
SYQFWDTQPVPK,2,7948892,748.36444,9,49.413988,25.8,748.36829,48.8743535,35.35,748.3689,49.488007,25.72,748.8667,48.9369925,19.67,748.36493,,,0,49.083664,29.96,748.86609,49.011984,19.45,748.367,48.8896445,27.18,748.86823,,,0,48.4909345,17.55,748.86945,48.964464,26.21,748.36945,,,0
FGIGDGNLQYYLYNWK,2,10972841.8,975.97284,9,70.0160675,0,976.47815,70.1867675,0,976.47815,70.4440685,30.59,976.47815,70.1738205,19.12,976.47437,,,0,70.091335,0,976.47815,70.435867,18.72,976.47699,70.333767,0,976.47815,,,0,70.0759315,31.48,976.48254,70.8141555,23.52,976.4798,,,0

