PeptideSeq,Charge,Abun,mz,NDP,t0,i0,m0,t1,i1,m1,t2,i2,m2,t3,i3,m3,t6,i6,m6,t7,i7,m7,t9,i9,m9,t13,i13,m13,t16,i16,m16,t21,i21,m21,t24,i24,m24,t31,i31,m31
ALRPTIFPVVPR,3,29763602.5,455.95035,4,,,0,56.940365,55.96,455.94882,,,0,57.041733,40.95,455.9483,57.0295485,68.27,455.94736,57.0666735,30.56,455.94836,,,0,,,0,,,0,,,0,,,0,,,0
LVILMEPFEDALR,2,3052204.75,773.4209,4,,,0,71.971699,44.53,773.42798,,,0,72.080437,22.94,773.92676,72.0013695,30.88,773.92584,72.14003,27.91,773.42694,,,0,,,0,,,0,,,0,,,0,,,0
ALRPTIFPVVPR,2,466107300,683.42188,3,,,0,56.924915,0,683.91913,,,0,57.030491,0,683.91913,57.013807,24.96,683.91913,3561.199951,22.44,683.91034,,,0,,,0,,,0,,,0,,,0,,,0

