PeptideSeq,Charge,Abun,mz,NDP,t0,i0,m0,t1,i1,m1,t2,i2,m2,t3,i3,m3,t6,i6,m6,t7,i7,m7,t9,i9,m9,t13,i13,m13,t16,i16,m16,t21,i21,m21,t24,i24,m24,t31,i31,m31
LSTMETGTGLIR,2,4347643.14285714,639.83972,10,39.8579405,89,639.84149,39.7215275,39.34,639.84186,39.869568,50.5,639.84662,39.827717,70.16,639.84003,39.8796465,0,639.84149,,,0,39.841438,0,639.84149,,,0,39.6423835,52.94,640.34497,39.7833555,88.11,640.34229,39.7324295,0,639.84149,39.840389,33.04,639.83887
IcEVINEAVWK,2,33000614.4444444,680.8501,10,47.5693185,91.47,680.85596,47.1678125,59.29,680.85504,47.6718045,34.97,680.85315,47.7087425,22.53,680.85236,47.2027375,22.01,680.85046,,,0,47.786865,46.67,681.35712,,,0,47.1059535,0,680.85596,47.5724485,22.81,681.3576,47.6827505,22.5,681.35645,47.3223935,23.26,681.35736

