PeptideSeq,Charge,Abun,mz,NDP,t0,i0,m0,t1,i1,m1,t2,i2,m2,t3,i3,m3,t6,i6,m6,t7,i7,m7,t9,i9,m9,t13,i13,m13,t16,i16,m16,t21,i21,m21,t24,i24,m24,t31,i31,m31
ADLAEEYSK,2,149837919,513.24292,12,27.1250015,48.53,513.24457,27.081893,36.45,513.24463,27.2443215,31.48,513.74182,27.218736,0,513.24457,27.238639,42.18,513.24304,27.1734615,49.87,513.7417,27.1910675,30.26,513.74438,27.1451445,45.19,513.24359,26.9928415,44.69,513.24353,27.175491,34.86,513.74481,27.1385875,0,513.24457,27.1706155,33.49,513.24432
GQVcLPVISAENWK,2,14260640.6666667,800.91125,12,55.3985425,20.81,801.41675,55.369507,40.47,801.41028,55.5827215,41.99,800.90912,55.5222815,0,801.41675,55.506628,46.14,801.4101,55.5200535,36.65,801.41217,55.540768,0,801.41675,55.47929,0,801.41675,55.4864295,0,801.41675,55.4284725,0,801.41675,55.484568,20.09,801.91473,55.641552,0,801.41675
IEINFPAEYPFKPPK,3,42262873.3333333,597.32227,12,54.919485,22.15,597.32599,54.8902205,0,597.32599,55.1624355,0,597.32599,55.1045115,0,597.32599,55.1013125,0,597.32599,55.2073195,20.87,597.65881,55.190197,0,597.32599,55.1409265,0,597.32599,55.153927,23.3,597.6604,55.0627365,0,597.32599,55.2852535,0,597.32599,55.2445355,0,597.32599
TDQVIQSLIALVNDPQPEHPLR,4,3985233,621.58679,11,70.5830155,18.49,621.84106,70.547451,16.31,621.8407,70.662754,0,621.84106,70.662998,0,621.84106,70.650616,0,621.84106,70.676712,0,621.84106,70.639984,0,621.84106,70.5560685,0,621.84106,70.5468025,0,621.84106,70.573174,0,621.84106,4237.956543,0,621.84106,70.666729,0,621.84106
TDQVIQSLIALVNDPQPEHPLR,3,21507179.4285714,828.44659,12,70.583584,86.44,828.78735,70.5095215,66.74,828.78711,70.6377485,39.65,829.11908,70.6466105,52.09,828.78271,70.6644745,0,828.78735,70.698036,0,828.78735,70.6403385,0,828.78735,70.5780295,0,828.78735,70.5963135,0,828.78735,70.5977175,23.24,829.12079,70.6427195,31.28,829.12036,70.6412125,32.17,829.11993

