PeptideSeq,Charge,Abun,mz,NDP,t0,i0,m0,t1,i1,m1,t2,i2,m2,t3,i3,m3,t6,i6,m6,t7,i7,m7,t9,i9,m9,t13,i13,m13,t16,i16,m16,t21,i21,m21,t24,i24,m24,t31,i31,m31
IYESHVGISSHEGK,3,1603992.66666667,514.9231,10,20.493729,20.53,514.9248,20.4464455,22.44,514.9248,20.6745395,0,514.9248,20.580528,25.35,515.25806,20.530531,0,514.9248,20.537383,0,514.9248,,,0,20.068927,0,514.9248,20.3750765,0,514.9248,20.6219635,0,514.9248,,,0,20.606927,0,514.9248
IYESHVGISSHEGK,4,2393674.33333333,386.44412,10,20.4808695,20.74,386.44565,20.4464455,33.49,386.44525,20.6745395,26.86,386.4447,20.5805015,0,386.44565,20.505712,0,386.44565,20.549567,20.47,386.44455,,,0,20.4293845,21.62,386.69577,20.3494045,0,386.44565,20.6251085,20.61,386.69659,,,0,20.5192435,0,386.44565
EFKDEDWNMGNIVYTLTNR,3,5041813,782.36707,9,67.1349145,46.51,782.36841,67.055717,0,782.36841,67.2521895,29.35,782.70337,67.1840175,42.91,782.36853,67.171028,0,782.36841,67.2353405,0,782.36841,,,0,67.3072395,34.25,782.7041,67.18763,25.83,783.03931,67.14872,21.2,783.04047,,,0,4030.608154,0,782.36841
LEAALADVPELAR,2,6374836.66666667,684.38007,10,52.7660675,0,684.38135,52.6366655,0,684.38135,52.788773,0,684.38135,52.7749155,29.94,684.38135,52.6977365,54.57,684.3819,52.815786,34.24,684.38202,,,0,52.708214,0,684.38135,52.5918145,0,684.38135,52.685125,0,684.38135,,,0,52.8548225,0,684.38135
GYESFGIHR,3,5342898,355.84192,10,29.547536,0,356.17828,29.578604,0,356.17828,29.6309715,0,356.17828,29.6528115,0,356.17828,29.726924,0,356.17828,29.61078,0,356.17828,,,0,29.6173265,0,356.17828,29.4331515,0,356.17828,29.612156,26.2,356.17828,,,0,29.640234,23.17,355.84286

