PeptideSeq,Charge,Abun,mz,NDP,t0,i0,m0,t1,i1,m1,t2,i2,m2,t3,i3,m3,t6,i6,m6,t7,i7,m7,t9,i9,m9,t13,i13,m13,t16,i16,m16,t21,i21,m21,t24,i24,m24,t31,i31,m31
LFTAESLIGLK,2,5335053.25,596.35278,5,59.465042,35.09,596.35553,,,0,59.6510255,36.82,596.35492,,,0,,,0,59.557564,0,596.35553,59.5081065,25.51,596.35419,,,0,,,0,59.4135475,21.09,596.35638,,,0,,,0
NTLEWcLPVIDAK,2,7386603,779.90033,5,63.3493635,0,780.40436,,,0,63.151638,41.17,780.40436,,,0,,,0,63.0381295,29.3,780.40472,63.0230105,0,780.40436,,,0,,,0,62.9344825,0,780.40436,,,0,,,0

