PeptideSeq,Charge,Abun,mz,NDP,t0,i0,m0,t1,i1,m1,t2,i2,m2,t3,i3,m3,t6,i6,m6,t7,i7,m7,t9,i9,m9,t13,i13,m13,t16,i16,m16,t21,i21,m21,t24,i24,m24,t31,i31,m31
QLQQVGTVSK,2,5449249.5,544.30896,10,21.977413,35.25,544.31183,22.1522065,24.49,544.31128,22.324614,27.92,544.3111,22.267537,29.27,544.31116,22.2405815,31.84,544.31061,22.6639045,24.17,544.31055,22.2505035,36.66,544.31189,22.302071,27.54,544.31073,22.047058,33.25,544.31146,22.347184,41.23,544.31128,,,0,,,0

