PeptideSeq,Charge,Abun,mz,NDP,t0,i0,m0,t1,i1,m1,t2,i2,m2,t3,i3,m3,t6,i6,m6,t7,i7,m7,t9,i9,m9,t13,i13,m13,t16,i16,m16,t21,i21,m21,t24,i24,m24,t31,i31,m31
QQVLQEVYR,2,4244134.85714286,581.81439,7,34.2220305,44.73,581.8175,34.13658,42.86,581.81702,,,0,34.380833,30.81,581.81403,,,0,34.193943,34.55,581.81543,34.274691,27.7,581.81586,,,0,34.08551,29.36,581.81604,34.1840055,38.25,582.31866,,,0,,,0
FAPDFLFTPVDASLPAPQGR,2,3992084,1073.552,7,72.2617115,40.1,1073.55859,72.2206995,27.02,1074.06299,,,0,72.293819,29.42,1074.0614,,,0,72.352718,0,1073.55859,72.300163,0,1073.55859,,,0,72.262039,0,1073.55859,72.2876015,0,1073.55859,,,0,,,0

