PeptideSeq,Charge,Abun,mz,NDP,t0,i0,m0,t1,i1,m1,t2,i2,m2,t3,i3,m3,t6,i6,m6,t7,i7,m7,t9,i9,m9,t13,i13,m13,t16,i16,m16,t21,i21,m21,t24,i24,m24,t31,i31,m31
ESTVTLQQAEYEFLSFVR,3,1530910,716.36005,3,,,0,,,0,80.973526,29.08,716.36267,80.9470595,0,716.36267,81.0255315,24.6,716.362,,,0,,,0,,,0,,,0,,,0,,,0,,,0

