PeptideSeq,Charge,Abun,mz,NDP,t0,i0,m0,t1,i1,m1,t2,i2,m2,t3,i3,m3,t6,i6,m6,t7,i7,m7,t9,i9,m9,t13,i13,m13,t16,i16,m16,t21,i21,m21,t24,i24,m24,t31,i31,m31
IQEYNVLLDTLSR,2,4044083.5,782.42249,10,61.14959,72.57,782.42822,61.1446575,59.6,782.42688,61.3568175,77.48,782.42523,,,0,61.209906,71.6,782.92883,61.236847,44.98,782.92871,61.198923,51.76,782.92676,61.201893,47.91,782.42773,61.212597,24.14,783.43231,,,0,61.295763,24.99,783.43561,61.428236,23.06,783.43121

