PeptideSeq,Charge,Abun,mz,NDP,t0,i0,m0,t1,i1,m1,t2,i2,m2,t3,i3,m3,t6,i6,m6,t7,i7,m7,t9,i9,m9,t13,i13,m13,t16,i16,m16,t21,i21,m21,t24,i24,m24,t31,i31,m31
LYNLLLLR,2,1744605.25,509.32639,9,59.038065,34.43,509.32932,58.930687,27.16,509.32904,59.1765595,36.11,509.32764,,,0,,,0,59.1160505,33.57,509.32697,59.082035,36.3,509.32846,59.0036565,36.25,509.32874,,,0,58.935371,0,509.32932,59.096556,36.08,509.3288,59.1778145,34.67,509.33038
SFLALDWDPDLK,2,2100670.5,710.36139,9,68.6236155,0,710.86853,69.055565,0,710.86853,69.1199685,0,710.86853,,,0,,,0,69.166458,0,710.86853,69.0316655,0,710.86853,68.9953535,0,710.86853,,,0,68.8847275,23.76,710.86853,68.676304,0,710.86853,68.869671,21.77,710.8681

