PeptideSeq,Charge,Abun,mz,NDP,t0,i0,m0,t1,i1,m1,t2,i2,m2,t3,i3,m3,t6,i6,m6,t7,i7,m7,t9,i9,m9,t13,i13,m13,t16,i16,m16,t21,i21,m21,t24,i24,m24,t31,i31,m31
ALVEDIISLEEVDEDMK,2,4900079.5,974.47699,7,,,0,72.3639755,34.97,974.98566,72.2029995,35.22,974.48389,72.043499,0,974.98566,71.9894375,0,974.98566,72.020046,0,974.98566,72.0021015,0,974.98566,,,0,,,0,72.4197005,0,974.98566,,,0,,,0
ESGMNLNPEVEGTLIR,2,2344940.5,879.93817,6,,,0,52.028765,0,880.43677,52.158432,0,880.43677,3131.039795,0,880.43677,52.0733015,29.36,880.43677,52.210789,46.3,879.93665,52.187092,48.59,879.93518,,,0,,,0,52.08136,38.91,880.4375,,,0,,,0

