PeptideSeq,Charge,Abun,mz,NDP,t0,i0,m0,t1,i1,m1,t2,i2,m2,t3,i3,m3,t6,i6,m6,t7,i7,m7,t9,i9,m9,t13,i13,m13,t16,i16,m16,t21,i21,m21,t24,i24,m24,t31,i31,m31
LLAEPVPGIK,2,72561239.0909091,518.82367,12,41.419649,25.45,518.82654,41.27845,30.25,518.82556,41.4152645,25.79,518.82507,41.4021055,22.38,518.8252,41.361168,34.77,518.82501,41.4141865,36.49,518.82501,41.385296,30.29,519.32678,41.3005735,30.58,519.32721,41.198332,33.34,519.32867,41.34129,0,518.82654,41.0421505,32.72,519.32831,41.4002265,21.94,519.32831
YFHVVIAGPQDSPFEGGTFK,3,45101796.6666667,732.6969,12,54.65934,35.23,732.7019,54.569231,40.38,732.7005,54.4548835,26.31,732.70038,54.742142,26.7,733.36572,54.7477475,36.94,733.36792,54.81649,24.84,733.36774,54.78331,0,732.7019,54.7661535,22,733.36896,54.274229,24.17,733.37048,54.6439245,0,732.7019,54.3293915,0,732.7019,54.842604,17.82,733.37067
WSPALQIR,2,85520694.2857143,485.77707,12,42.221546,0,485.7789,42.3550285,32.47,485.7789,42.4369735,36,485.77866,42.223114,0,485.7789,42.547636,21.94,485.7782,42.2192265,30.41,485.7782,41.9200285,24.64,485.77725,41.8244725,22.69,486.2785,41.995754,0,485.7789,42.847723,31.84,485.77957,41.8392585,0,485.7789,41.85648,0,485.7789
TNEAQAIETAR,2,38164402.5,602.30182,12,25.017396,0,602.30426,25.022461,0,602.30426,25.177414,47.83,602.30426,25.568455,50.22,602.30304,25.5534705,45.56,602.30194,25.162916,38.22,602.30096,25.18107,43.39,602.80273,25.5865115,0,602.30426,25.2868185,37.69,602.80701,25.5403795,0,602.30426,25.101702,37.66,602.30804,25.434273,38.75,602.80719

