Peptides, PeptideUnique, RateConstants, Correlations, RootMeanRSS, AbsoluteIsotopeError, Charge, m/z(Sequence), NEH, Aboundance, NDP, Rsquared,sigma,CI lower band, CI upper band
YDDMAAAMK, No, 0.00000, -2.000000, 0.080852, 0.204073,  2,   508.21478,  18, 9815582.000000, 39.000000, -24.925756, 0.002698, 0.000000, 5.423729
DSTLIMQLLR, No, 0.00001, -2.000000, 0.062331, 0.056456,  2,   595.33411,  16, 514149216.000000, 39.000000, -0.384961, 0.002429, 0.000000, 4.789113
DSTLImQLLR, No, 0.00001, 0.317956, 0.041551, 0.117082,  2,   603.33154,  16, 16972590.000000, 37.000000, -0.698151, 0.001626, 0.000000, 4.549482
YLIPNATQPESK, Yes, 0.00001, -0.153276, 0.017271, 0.029210,  2,   680.85895,  24, 48963516.000000, 38.000000, -10.223636, 0.000655, 0.000000, 4.259735
IEAELQDIcNDVLELLDK, Yes, 0.00003, 0.053535, 0.018580, 0.054700,  2,  1065.53540,  34, 2727292.000000, 39.000000, -0.080773, 0.000645, 0.000000, 4.000444
TAFDEAIAELDTLNEESYK, Yes, 0.00003, 0.005090, 0.011613, 0.040902,  3,   720.33905,  39, 37779240.000000, 31.000000, -4.639872, 0.000685, 0.000000, 4.183133
EKIEAELQDIcNDVLELLDK, Yes, 0.00096, 0.057397, 0.028599, 0.060059,  3,   796.40515,  38, 1053114.500000, 39.000000, -0.010210, 0.001277, 0.000000, 3.821681
DNLTLWTSENQGDEGDAGEGEN, Yes, 0.00002, -0.083970, 0.029901, 0.062714,  2,  1175.98071,  47, 2011937.125000, 35.000000, -0.833046, 0.001620, 0.000000, 4.479666
AVTEQGHELSNEER, Yes, 0.00001, -0.053459, 0.033448, 0.105483,  3,   533.58502,  37, 608861.812500, 39.000000, -1.562204, 0.000910, 0.000000, 4.327249
NLLSVAYK, No, 0.00002, -0.095879, 0.014771, 0.035272,  2,   454.26599,  11, 509428128.000000, 38.000000, -24.154587, 0.000800, 0.000000, 4.352307
IEAELQDIcNDVLELLDK, Yes, 0.00002, -0.003561, 0.022131, 0.053897,  3,   710.69269,  34, 3476528.500000, 39.000000, -0.240528, 0.000759, 0.000000, 4.093692


MeanRateConst/CorrCutOff, 0.000014, 0.900000


MedianRateConst/RMSSCutOff, 0.000016, 0.050000
StandDev/NumberPeptides, 0.000004, 5
TotalIonCurrent, 7.84539e+10
