Protein,Peptide,charge,time,RSS,theta
LYPL1_MOUSE,GGLSNVWFDR,2,1,0.00225494952439526,0
LYPL1_MOUSE,GGLSNVWFDR,2,2,0.00470064162220254,0.850000000000001
LYPL1_MOUSE,GGLSNVWFDR,2,3,0.000526910343338938,0.64
LYPL1_MOUSE,GGLSNVWFDR,2,7,0.00092947195324522,0.81
LYPL1_MOUSE,GGLSNVWFDR,2,16,0.00385043565057228,0.8
LYPL1_MOUSE,GGLSNVWFDR,2,24,0.00527151554507352,0.880000000000001
LYPL1_MOUSE,GGLSNVWFDR,2,31,0.00482020111251247,0.850000000000001

