Protein,Peptide,charge,time,RSS,theta
PSD13_MOUSE,VHMTWVQPR,2,16,0.00329106754661785,0.32
PSD13_MOUSE,VHMTWVQPR,2,24,0.00143324968188094,0.59
PSD13_MOUSE,VHMTWVQPR,2,31,0.00402522654718243,0.35
PSD13_MOUSE,QMTDPNVALTFLEK,2,3,0.0201954735690883,0.63
PSD13_MOUSE,QMTDPNVALTFLEK,2,7,0.000191979924783245,0.73
PSD13_MOUSE,QMTDPNVALTFLEK,2,9,0.00847148032554003,0.55
PSD13_MOUSE,QMTDPNVALTFLEK,2,24,0.00688381230152769,0.5
PSD13_MOUSE,QMTDPNVALTFLEK,2,31,0.0253490992947838,0
PSD13_MOUSE,IQLLcLMEMTFTR,2,6,0.0099181783388205,0.6
PSD13_MOUSE,IQLLcLMEMTFTR,2,9,0.00732178672178075,0.51
PSD13_MOUSE,IQLLcLMEMTFTR,2,24,0.00207900808059098,0.76
PSD13_MOUSE,IQLLcLMEMTFTR,2,31,0.00720263797536624,0.52
PSD13_MOUSE,VNPLSLVEIILHVVR,3,13,0.000806745090502957,0.75
PSD13_MOUSE,VNPLSLVEIILHVVR,3,16,0.00103918450257978,0.850000000000001
PSD13_MOUSE,VNPLSLVEIILHVVR,3,21,0.000253293509715892,0.850000000000001
PSD13_MOUSE,VNPLSLVEIILHVVR,3,24,0.000927701572231001,0.77
PSD13_MOUSE,VNPLSLVEIILHVVR,3,31,0.00031428152224706,0.860000000000001
PSD13_MOUSE,QWLIDTLYAFNSGAVDR,3,16,0.00146024385286469,0.870000000000001
PSD13_MOUSE,QWLIDTLYAFNSGAVDR,2,7,0.000289319204742826,0.81
PSD13_MOUSE,QWLIDTLYAFNSGAVDR,2,16,0.0004378239152593,0.940000000000001
PSD13_MOUSE,cAWGQQPDLAANEAQLLR,2,3,100,NaN
PSD13_MOUSE,cAWGQQPDLAANEAQLLR,2,6,100,NaN
PSD13_MOUSE,cAWGQQPDLAANEAQLLR,2,7,100,NaN
PSD13_MOUSE,cAWGQQPDLAANEAQLLR,2,9,100,NaN
PSD13_MOUSE,cAWGQQPDLAANEAQLLR,2,13,100,NaN
PSD13_MOUSE,cAWGQQPDLAANEAQLLR,2,16,0.00714275175406147,0
PSD13_MOUSE,cAWGQQPDLAANEAQLLR,2,21,100,NaN
PSD13_MOUSE,cAWGQQPDLAANEAQLLR,2,24,100,NaN
PSD13_MOUSE,cAWGQQPDLAANEAQLLR,2,31,100,NaN
PSD13_MOUSE,DVPAFLQQSQSSGPGQAAVWHR,3,7,0.0111576177048355,0.36
PSD13_MOUSE,DVPAFLQQSQSSGPGQAAVWHR,3,9,0.012048137861654,0.38
PSD13_MOUSE,DVPAFLQQSQSSGPGQAAVWHR,3,13,0.0168341047499337,0.48
PSD13_MOUSE,DVPAFLQQSQSSGPGQAAVWHR,3,16,0.0190961536172669,0.45
PSD13_MOUSE,DVPAFLQQSQSSGPGQAAVWHR,3,21,0.0154163463638416,0.36
PSD13_MOUSE,DVPAFLQQSQSSGPGQAAVWHR,3,31,0.00560057567152677,0.64
PSD13_MOUSE,ETIEDVEEMLNNLPGVTSVHSR,3,6,0.00234420385127778,0
PSD13_MOUSE,ETIEDVEEMLNNLPGVTSVHSR,3,9,0.00202486590841836,0
PSD13_MOUSE,ETIEDVEEMLNNLPGVTSVHSR,3,13,0.00159682975302979,0
PSD13_MOUSE,ETIEDVEEMLNNLPGVTSVHSR,3,21,0.000567100970755637,0
PSD13_MOUSE,ETIEDVEEMLNNLPGVTSVHSR,3,31,0.00113661667367778,0

