Protein,Peptide,charge,time,RSS,theta
H14_MOUSE,ALAAAGYDVEK,2,16,5.90330169006463E-05,0.63
H14_MOUSE,ALAAAGYDVEK,2,21,0.000314369292363216,0.68
H14_MOUSE,KALAAAGYDVEK,2,21,0.0128661164630505,0.47
H14_MOUSE,KALAAAGYDVEK,2,24,0.0408633132100098,0
H14_MOUSE,KTSGPPVSELITK,2,16,0.000600155504844242,0.6
H14_MOUSE,KTSGPPVSELITK,2,21,0.000424741392937809,0.57
H14_MOUSE,KTSGPPVSELITK,2,24,0.00132285481242453,0.45
H14_MOUSE,KTSGPPVSELITK,2,31,0.000292887245397368,0.45
H14_MOUSE,SETAPAAPAAPAPAEK,2,21,0.00216276537084543,0.73
H14_MOUSE,SETAPAAPAAPAPAEK,2,24,0.00842307592218939,0.66
H14_MOUSE,SGVSLAALK,2,0,4.38894915899711E-05,0
H14_MOUSE,SGVSLAALK,2,24,0.000245088022054217,0.66

