Protein,Peptide,charge,time,RSS,theta
RAB1A_MOUSE,TITSSYYR,2,2,0.000342766516570715,0.31
RAB1A_MOUSE,TITSSYYR,2,3,0.000534219189887438,0.38
RAB1A_MOUSE,TITSSYYR,2,9,0.000396491470643119,0.69
RAB1A_MOUSE,TITSSYYR,2,21,0.000397578584843984,0.69
RAB1A_MOUSE,EFADSLGIPFLETSAK,2,13,0.00729467693185204,0.850000000000001
RAB1A_MOUSE,EFADSLGIPFLETSAK,2,16,0.00739304581326744,0.860000000000001
RAB1A_MOUSE,NATNVEQSFMTMAAEIK,2,2,0.000527828626007673,0.55
RAB1A_MOUSE,NATNVEQSFMTMAAEIK,2,3,0.00382517547151079,0.71
RAB1A_MOUSE,NATNVEQSFMTMAAEIK,2,6,0.000408313485994448,0.850000000000001
RAB1A_MOUSE,NATNVEQSFMTMAAEIK,2,7,0.000117923622107018,0.910000000000001
RAB1A_MOUSE,NATNVEQSFMTMAAEIK,2,9,0.000464523111598594,0.900000000000001
RAB1A_MOUSE,NATNVEQSFMTMAAEIK,2,16,0.00145074764674196,0.830000000000001
RAB1A_MOUSE,NATNVEQSFMTMAAEIK,2,21,0.000426941869106962,0.860000000000001
RAB1A_MOUSE,NATNVEQSFMTMAAEIK,2,24,0.00144232655080346,0.79
RAB1A_MOUSE,NATNVEQSFMTMAAEIK,2,31,0.00142040999951891,0.79
RAB1A_MOUSE,NATNVEQSFMTMAAEIK,3,9,0.00364105422122068,0.62
RAB1A_MOUSE,NATNVEQSFMTMAAEIK,3,21,0.00184607488238403,0.46
RAB1A_MOUSE,NATNVEQSFMTMAAEIK,3,24,0.00439198655282998,0.72
RAB1A_MOUSE,NATNVEQSFMTMAAEIK,3,31,0.00338410368239238,0.63
RAB1A_MOUSE,FADDTYTESYISTIGVDFK,2,16,0.00304598829787938,0.79
RAB1A_MOUSE,GAHGIIVVYDVTDQESFNNVK,3,2,0.0378666341493259,0
RAB1A_MOUSE,GAHGIIVVYDVTDQESFNNVK,3,9,0.00608099460899321,0
RAB1A_MOUSE,GAHGIIVVYDVTDQESFNNVK,3,31,0.0044515599228161,0
RAB1A_MOUSE,QWLQEIDR,2,0,0.000182911493577967,0
RAB1A_MOUSE,QWLQEIDR,2,2,6.97534740501476E-05,0.43
RAB1A_MOUSE,QWLQEIDR,2,3,9.52597855843379E-06,0.6
RAB1A_MOUSE,QWLQEIDR,2,7,0.000118084368288011,0.910000000000001
RAB1A_MOUSE,QWLQEIDR,2,9,2.69499822896029E-05,0.850000000000001
RAB1A_MOUSE,QWLQEIDR,2,13,0.00014022187341355,0.970000000000001
RAB1A_MOUSE,QWLQEIDR,2,16,0.000479137164141325,0.950000000000001
RAB1A_MOUSE,QWLQEIDR,2,21,0.000108836654630972,0.950000000000001
RAB1A_MOUSE,QWLQEIDR,2,24,0.000106757142283974,0.970000000000001
RAB1A_MOUSE,QWLQEIDR,2,31,0.000437979542199669,0.970000000000001

