Protein,Peptide,charge,time,RSS,theta
HPT_MOUSE,IIGGSMDAK,2,21,0.0345835113173627,0.860000000000001
HPT_MOUSE,VGYVSGWGR,2,1,0.000148482957512777,0.09
HPT_MOUSE,VGYVSGWGR,2,2,0.000324802789911498,0.1
HPT_MOUSE,VGYVSGWGR,2,3,0.000579081572591375,0.13
HPT_MOUSE,VGYVSGWGR,2,6,6.35864843568573E-05,0.48
HPT_MOUSE,VGYVSGWGR,2,7,7.78925436457762E-05,0.52
HPT_MOUSE,VGYVSGWGR,2,9,2.4497684694568E-05,0.67
HPT_MOUSE,VGYVSGWGR,2,13,9.68610000317207E-06,0.8
HPT_MOUSE,VGYVSGWGR,2,24,2.57581923826309E-06,0.940000000000001
HPT_MOUSE,DITPTLTLYVGK,2,0,0.00486443613392041,0
HPT_MOUSE,DITPTLTLYVGK,2,9,0.00887450020241398,0.63
HPT_MOUSE,ScAVAEYGVYVR,2,0,0.00378413728588831,0
HPT_MOUSE,ScAVAEYGVYVR,2,21,0.0336572818566443,0
HPT_MOUSE,LPEcEAVcGKPK,2,0,0.0213168513708851,0
HPT_MOUSE,LPEcEAVcGKPK,2,3,0.00382527498195757,0.73
HPT_MOUSE,LPEcEAVcGKPK,2,6,0.0145517173423536,0.5
HPT_MOUSE,LPEcEAVcGKPK,2,7,0.00102576690331361,0.8
HPT_MOUSE,LPEcEAVcGKPK,2,9,0.00699721174880321,0.900000000000001
HPT_MOUSE,LPEcEAVcGKPK,2,13,0.00444208683499562,0.830000000000001
HPT_MOUSE,LPEcEAVcGKPK,2,21,0.00442178668578385,0.72
HPT_MOUSE,LPEcEAVcGKPK,2,24,0.00157048801187561,0.890000000000001
HPT_MOUSE,LPEcEAVcGKPK,3,0,0.000182139443239752,0
HPT_MOUSE,LPEcEAVcGKPK,3,7,0.00259233585869202,0.57
HPT_MOUSE,LPEcEAVcGKPK,3,9,0.00112112824647739,0.76
HPT_MOUSE,LPEcEAVcGKPK,3,13,0.00127796914351728,0.840000000000001
HPT_MOUSE,LPEcEAVcGKPK,3,16,0.0015483895259063,0.980000000000001
HPT_MOUSE,LPEcEAVcGKPK,3,21,0.0041891419460232,0.880000000000001
HPT_MOUSE,HGLTTGATLISDQWLLTTAK,2,0,0.0126769745811973,0
HPT_MOUSE,HGLTTGATLISDQWLLTTAK,2,1,0.00606190253323843,0
HPT_MOUSE,HGLTTGATLISDQWLLTTAK,2,6,100,NaN
HPT_MOUSE,HGLTTGATLISDQWLLTTAK,2,7,100,NaN
HPT_MOUSE,HGLTTGATLISDQWLLTTAK,2,9,100,NaN
HPT_MOUSE,HGLTTGATLISDQWLLTTAK,2,13,100,NaN
HPT_MOUSE,HGLTTGATLISDQWLLTTAK,2,16,100,NaN
HPT_MOUSE,HGLTTGATLISDQWLLTTAK,2,21,100,NaN
HPT_MOUSE,HGLTTGATLISDQWLLTTAK,2,24,100,NaN
HPT_MOUSE,QWVNTVAGEK,2,0,0.000776177352838015,0
HPT_MOUSE,QWVNTVAGEK,2,1,0.000876882681601877,0.860000000000001
HPT_MOUSE,QWVNTVAGEK,2,13,0.00109971716741791,0.820000000000001
HPT_MOUSE,QWVNTVAGEK,2,16,0.000438092778817678,0.960000000000001
HPT_MOUSE,QWVNTVAGEK,2,21,0.000100663097596813,0.970000000000001
HPT_MOUSE,QWVNTVAGEK,2,24,0.00146037799697256,0.900000000000001

