Protein,Peptide,charge,time,RSS,theta
MYL6_MOUSE,EAFQLFDR,2,3,0.000793205658223545,0.68
MYL6_MOUSE,EAFQLFDR,2,9,0.000155548343465217,0.990000000000001
MYL6_MOUSE,EAFQLFDR,2,21,0.000454286575451594,0.920000000000001
MYL6_MOUSE,EAFQLFDR,2,24,0.000426455903224232,0.940000000000001
MYL6_MOUSE,EAFQLFDR,2,31,0.00139550867585428,0.840000000000001
MYL6_MOUSE,EGNGTVMGAEIR,2,1,0.00178766108475025,0.18
MYL6_MOUSE,EGNGTVMGAEIR,2,7,0.000400847717608806,0.75
MYL6_MOUSE,EGNGTVMGAEIR,2,9,0.00109039816895889,0.69
MYL6_MOUSE,EGNGTVMGAEIR,2,16,0.000513466822334417,0.880000000000001
MYL6_MOUSE,EGNGTVMGAEIR,2,24,0.000117330392985485,0.850000000000001
MYL6_MOUSE,EGNGTVMGAEIR,2,31,0.00145273028833569,0.79
MYL6_MOUSE,ILYSQcGDVMR,2,2,0.000217503461906005,0.45
MYL6_MOUSE,ILYSQcGDVMR,2,7,4.98133652165226E-05,0.75
MYL6_MOUSE,ILYSQcGDVMR,2,24,9.7563271692071E-05,0.920000000000001
MYL6_MOUSE,ALGQNPTNAEVLK,2,21,0.000111469564217307,0.920000000000001
MYL6_MOUSE,VLDFEHFLPMLQTVAK,3,2,0.000335366964932994,0.59
MYL6_MOUSE,VLDFEHFLPMLQTVAK,3,7,0.000814856722826293,0.79
MYL6_MOUSE,VLDFEHFLPMLQTVAK,3,9,0.000909700889660308,0.860000000000001
MYL6_MOUSE,VLDFEHFLPMLQTVAK,3,16,0.0011220430393407,0.940000000000001
MYL6_MOUSE,VLDFEHFLPMLQTVAK,3,21,100,NaN
MYL6_MOUSE,VLDFEHFLPMLQTVAK,3,31,100,NaN

