Protein,Peptide,charge,time,RSS,theta
P5CR3_MOUSE,TDVLTPAGTTIHGLHALER,4,0,0.0042922821346449,0
P5CR3_MOUSE,TDVLTPAGTTIHGLHALER,4,6,0.00324690046818907,0.23
P5CR3_MOUSE,TDVLTPAGTTIHGLHALER,4,7,0.00371780351522713,0.26
P5CR3_MOUSE,TDVLTPAGTTIHGLHALER,4,13,0.00873843333606266,0.38
P5CR3_MOUSE,TDVLTPAGTTIHGLHALER,4,21,0.0131201881025185,0.55
P5CR3_MOUSE,TDVLTPAGTTIHGLHALER,4,31,0.00427640073390348,0.7
P5CR3_MOUSE,MGMPSGLAHR,2,0,0.00181274533575698,0
P5CR3_MOUSE,MGMPSGLAHR,2,1,0.00990425654766757,0
P5CR3_MOUSE,MGMPSGLAHR,2,2,0.00563432651466408,0
P5CR3_MOUSE,MGMPSGLAHR,2,3,0.0104401338618758,0
P5CR3_MOUSE,MGMPSGLAHR,2,6,0.00693030825547892,0
P5CR3_MOUSE,MGMPSGLAHR,2,7,0.00406336563699917,0.35
P5CR3_MOUSE,MGMPSGLAHR,2,9,0.00370960464396012,0.26
P5CR3_MOUSE,MGMPSGLAHR,2,13,0.00540035796316415,0.36
P5CR3_MOUSE,MGMPSGLAHR,2,24,0.00192153304129076,0.5
P5CR3_MOUSE,TDVLTPAGTTIHGLHALER,3,0,0.000544308498528615,0
P5CR3_MOUSE,TDVLTPAGTTIHGLHALER,3,1,0.00227686353689836,0
P5CR3_MOUSE,TDVLTPAGTTIHGLHALER,3,3,0.00472338988608388,0
P5CR3_MOUSE,TDVLTPAGTTIHGLHALER,3,7,0.00681649293544799,0
P5CR3_MOUSE,TDVLTPAGTTIHGLHALER,3,13,0.0128228354509851,0
P5CR3_MOUSE,TDVLTPAGTTIHGLHALER,3,16,0.00689383126721716,0.46
P5CR3_MOUSE,TDVLTPAGTTIHGLHALER,3,21,0.0187881149187831,0
P5CR3_MOUSE,TDVLTPAGTTIHGLHALER,3,24,0.0235371022863331,0
P5CR3_MOUSE,TDVLTPAGTTIHGLHALER,3,31,0.00739034710703072,0.39

