Protein,Peptide,charge,time,RSS,theta
VTNC_MOUSE,LIQDVWGIEGPIDAAFTR,3,2,0.031993612183153,0
VTNC_MOUSE,LIQDVWGIEGPIDAAFTR,3,7,0.00965092388539011,0
VTNC_MOUSE,LIQDVWGIEGPIDAAFTR,3,13,0.00284620990675263,0.55
VTNC_MOUSE,GQYcYELDETAVRPGYPK,3,3,0.0119982652102854,0.45
VTNC_MOUSE,GQYcYELDETAVRPGYPK,3,7,0.00343476586755251,0.62
VTNC_MOUSE,IYVTGSLSHSAQAK,2,0,0.0121574380618205,0
VTNC_MOUSE,IYVTGSLSHSAQAK,2,1,0.00506314925914198,0.830000000000001
VTNC_MOUSE,IYVTGSLSHSAQAK,2,3,0.00936235038595477,0.4
VTNC_MOUSE,IYVTGSLSHSAQAK,2,13,0.00837757325974265,0.890000000000001

