Protein,Peptide,charge,time,RSS,theta
FCL_MOUSE,ILVTGGSGLVGR,2,13,0.00019532363821804,0.68
FCL_MOUSE,ILVTGGSGLVGR,2,24,0.000107220061270024,0.900000000000001
FCL_MOUSE,DADLTDAAQTQALFQK,2,13,0.00590439896613588,0
FCL_MOUSE,DADLTDAAQTQALFQK,2,21,0.000234452023793095,0
FCL_MOUSE,DADLTDAAQTQALFQK,2,31,0.00675860581445917,0
FCL_MOUSE,ETcTWFTDNYEQAR,2,24,0.0106271644235059,0.52
FCL_MOUSE,ETcTWFTDNYEQAR,2,31,0.00424260810768346,0.830000000000001
FCL_MOUSE,VVADGAGLPGEEWVFVSSK,2,6,0.0276804315522182,0
FCL_MOUSE,VVADGAGLPGEEWVFVSSK,2,7,0.00728372348795866,0.37
FCL_MOUSE,VVADGAGLPGEEWVFVSSK,2,9,100,NaN
FCL_MOUSE,VVADGAGLPGEEWVFVSSK,2,13,100,NaN
FCL_MOUSE,VVADGAGLPGEEWVFVSSK,2,16,100,NaN
FCL_MOUSE,VVADGAGLPGEEWVFVSSK,2,21,0.00765573586083251,0.43
FCL_MOUSE,VVADGAGLPGEEWVFVSSK,2,24,100,NaN
FCL_MOUSE,VVADGAGLPGEEWVFVSSK,2,31,100,NaN
FCL_MOUSE,TTYPIDETMIHNGPPHSSNFGYSYAK,4,3,0.00324200719960096,0
FCL_MOUSE,TTYPIDETMIHNGPPHSSNFGYSYAK,4,6,0.00306010622921594,0.23
FCL_MOUSE,TTYPIDETMIHNGPPHSSNFGYSYAK,4,7,0.0090913547655772,0
FCL_MOUSE,TTYPIDETMIHNGPPHSSNFGYSYAK,4,9,0.00669589019769872,0.31
FCL_MOUSE,TTYPIDETMIHNGPPHSSNFGYSYAK,4,13,0.00218321985064255,0.47
FCL_MOUSE,TTYPIDETMIHNGPPHSSNFGYSYAK,4,16,0.00720934985390259,0.32
FCL_MOUSE,TTYPIDETMIHNGPPHSSNFGYSYAK,4,21,0.00312227462906267,0.49
FCL_MOUSE,TTYPIDETMIHNGPPHSSNFGYSYAK,4,24,0.00971788021373827,0.37
FCL_MOUSE,TTYPIDETMIHNGPPHSSNFGYSYAK,4,31,0.00864119158107042,0.35
FCL_MOUSE,MIDVQNR,2,0,0.0524259792361363,0
FCL_MOUSE,MIDVQNR,2,1,0.0695486159789525,0
FCL_MOUSE,MIDVQNR,2,3,0.0762605077044298,0
FCL_MOUSE,MIDVQNR,2,6,0.0940062563968522,0
FCL_MOUSE,MIDVQNR,2,9,0.0264628900955674,0.900000000000001
FCL_MOUSE,MIDVQNR,2,13,0.115055291028028,0
FCL_MOUSE,MIDVQNR,2,16,0.103735002010573,0
FCL_MOUSE,MIDVQNR,2,24,0.105421559350762,0
FCL_MOUSE,MIDVQNR,2,31,0.0265125068823023,0.79
FCL_MOUSE,SYLPDFR,2,0,0.000179805219835725,0
FCL_MOUSE,SYLPDFR,2,1,0.000550055604977461,0
FCL_MOUSE,SYLPDFR,2,9,0.000189925250221703,0.840000000000001
FCL_MOUSE,SYLPDFR,2,13,0.0013513532426454,0.59
FCL_MOUSE,SYLPDFR,2,21,0.00065309648974584,0.78

