Protein,Peptide,charge,time,RSS,theta
EEA1_MOUSE,TLQASLHQR,3,2,0.00808073169762511,0.32
EEA1_MOUSE,TLQASLHQR,3,3,0.0032147997420224,0.59
EEA1_MOUSE,TLQASLHQR,3,6,0.00297718469152692,0.52
EEA1_MOUSE,TLQASLHQR,3,9,0.00160995412177047,0.840000000000001
EEA1_MOUSE,KEEENVVLK,2,1,0.000367953335346422,0.11
EEA1_MOUSE,KEEENVVLK,2,6,9.74369077175615E-05,0.53
EEA1_MOUSE,KEEENVVLK,2,9,0.00013308408260458,0.59
EEA1_MOUSE,QQHQEQQALQQSATAK,3,9,0.00332605508851262,0.17
EEA1_MOUSE,LTLAQEDLISNR,2,0,0.00163123201826624,0
EEA1_MOUSE,LTLAQEDLISNR,2,2,0.00139329875752922,0.16
EEA1_MOUSE,LTLAQEDLISNR,2,9,0.00125743660500005,0.37
EEA1_MOUSE,EQALQSLQQQR,2,0,0.00934708658162298,0
EEA1_MOUSE,EQALQSLQQQR,2,1,0.000813275660248473,0.31
EEA1_MOUSE,EQALQSLQQQR,2,2,0.0135141374579774,0.46
EEA1_MOUSE,EQALQSLQQQR,2,3,0.0178008943862342,0.43

