Protein,Peptide,charge,time,RSS,theta
NCLN_MOUSE,NAVLNTEAR,2,7,0.00215238658522369,0.48
NCLN_MOUSE,NAVLNTEAR,2,9,0.00666738972109622,0.870000000000001
NCLN_MOUSE,NAVLNTEAR,2,13,0.00682041082165793,0.840000000000001
NCLN_MOUSE,NAVLNTEAR,2,16,0.00635484233887084,0.76
NCLN_MOUSE,NAVLNTEAR,2,21,0.000421691788936857,0.81
NCLN_MOUSE,NAVLNTEAR,2,24,0.00654620904386358,0.900000000000001
NCLN_MOUSE,NAVLNTEAR,2,31,0.00706702320199446,0.79
NCLN_MOUSE,QSAGAVVIILPR,2,1,0.00185200385889057,0
NCLN_MOUSE,QSAGAVVIILPR,2,9,0.00314647785932618,0.2
NCLN_MOUSE,QSAGAVVIILPR,2,16,0.00177474403859485,0.42
NCLN_MOUSE,QSAGAVVIILPR,2,21,0.00886254729672647,0.36
NCLN_MOUSE,QSAGAVVIILPR,2,31,0.00400416953780784,0.7
NCLN_MOUSE,LLDFSYEHYQK,3,2,0.000319453685289956,0
NCLN_MOUSE,LLDFSYEHYQK,3,21,0.00688667881874587,0.56
NCLN_MOUSE,DGTFLSTLEHFLSR,3,3,0.000128510767048982,0.17
NCLN_MOUSE,DGTFLSTLEHFLSR,3,9,0.00020139059234115,0.41
NCLN_MOUSE,DGTFLSTLEHFLSR,3,31,0.000424937923702419,0.980000000000001

