Protein,Peptide,charge,time,RSS,theta
GSTM6_MOUSE,PVTLGYWDIR,2,1,1.76947618535847E-05,0.1
GSTM6_MOUSE,PVTLGYWDIR,2,2,0.00134315149148739,0
GSTM6_MOUSE,PVTLGYWDIR,2,3,0.00316834574872952,0
GSTM6_MOUSE,PVTLGYWDIR,2,6,0.00474257966213986,0.51
GSTM6_MOUSE,PVTLGYWDIR,2,7,0.0052931476601506,0.53
GSTM6_MOUSE,PVTLGYWDIR,2,13,0.00320337253672309,0.930000000000001
GSTM6_MOUSE,PVTLGYWDIR,2,16,0.011978373360901,0.73
GSTM6_MOUSE,PVTLGYWDIR,2,21,0.0111488197085223,0.72
GSTM6_MOUSE,PVTLGYWDIR,2,24,0.0526440626497482,0
GSTM6_MOUSE,PVTLGYWDIR,2,31,0.00780697441835152,0.65
GSTM6_MOUSE,YAMGDAPDYDR,2,16,0.00161716050767162,0.930000000000001
GSTM6_MOUSE,MFEPTcLDAFPNLK,2,3,0.00535125140140743,0
GSTM6_MOUSE,MFEPTcLDAFPNLK,2,7,0.00216184488842562,0
GSTM6_MOUSE,MFEPTcLDAFPNLK,2,9,0.00130133982197774,0
GSTM6_MOUSE,MFEPTcLDAFPNLK,2,16,0.00056070364144171,0.15
GSTM6_MOUSE,MFEPTcLDAFPNLK,2,31,0.000299973447054374,0.960000000000001
GSTM6_MOUSE,ITFADFLVYDVLDQHR,3,31,0.0126011466704386,0.62
GSTM6_MOUSE,ITFADFLVYDVLDQHR,2,9,0.00398293047775011,0.81
GSTM6_MOUSE,ITFADFLVYDVLDQHR,2,24,100,NaN
GSTM6_MOUSE,FKLDLDFPNLPYLIDGSHK,4,3,0.00224007628859929,0.25
GSTM6_MOUSE,FKLDLDFPNLPYLIDGSHK,4,13,0.00277588717513138,0.74
GSTM6_MOUSE,FKLDLDFPNLPYLIDGSHK,4,24,0.00292194169698638,0.76
GSTM6_MOUSE,FKLDLDFPNLPYLIDGSHK,4,31,0.000843635741830736,0.870000000000001
GSTM6_MOUSE,QPWFAGDK,2,0,0.00226229577639079,0
GSTM6_MOUSE,QPWFAGDK,2,3,0.000685216663404819,0.71
GSTM6_MOUSE,QPWFAGDK,2,9,0.00246637732093572,0.64
GSTM6_MOUSE,QPWFAGDK,2,16,0.0015047505910453,0.900000000000001
GSTM6_MOUSE,QPWFAGDK,2,21,0.00345339863344814,0.69
GSTM6_MOUSE,QPWFAGDK,2,24,0.00150045642522218,0.900000000000001
GSTM6_MOUSE,QPWFAGDK,2,31,0.00150880194045604,0.940000000000001

