Protein,Peptide,charge,time,RSS,theta
RL32_MOUSE,SYcAEIAHNVSSK,2,13,0.0007061426654131,0.58
RL32_MOUSE,GQILMPNIGYGSNK,2,2,0.000360301045955461,0.1
RL32_MOUSE,GQILMPNIGYGSNK,2,16,0.0040313833639881,0.34
RL32_MOUSE,GQILMPNIGYGSNK,2,31,0.000938304074886328,0.77
RL32_MOUSE,AAQLAIR,2,0,0.0402680088482805,0
RL32_MOUSE,AAQLAIR,2,3,0.0256162014046615,0

