Protein,Peptide,charge,time,RSS,theta
EIF3B_MOUSE,GTYLATFHQR,2,9,0.00172661307074855,0.19
EIF3B_MOUSE,VDNAYWLWTFQGR,2,7,0.00149797652109067,0.55
EIF3B_MOUSE,VDNAYWLWTFQGR,2,16,0.0020289022745623,0
EIF3B_MOUSE,VDNAYWLWTFQGR,2,24,0.000396483744910453,0
EIF3B_MOUSE,MTLDTLSIYETPSMGLLDK,2,6,0.00401999499116989,0.34
EIF3B_MOUSE,MTLDTLSIYETPSMGLLDK,2,13,0.00762803421748677,0.52
EIF3B_MOUSE,MTLDTLSIYETPSMGLLDK,2,16,0.0151130096463904,0.900000000000001
EIF3B_MOUSE,MTLDTLSIYETPSMGLLDK,2,21,0.0131898445140486,0.960000000000001
EIF3B_MOUSE,YLVTFSPLMDTQDDPQAIIIWDILTGHK,3,2,0.0051900732082004,0
EIF3B_MOUSE,YLVTFSPLMDTQDDPQAIIIWDILTGHK,3,6,0.00642297199845547,0.31
EIF3B_MOUSE,YLVTFSPLMDTQDDPQAIIIWDILTGHK,3,7,0.00609279317472349,0.31
EIF3B_MOUSE,YLVTFSPLMDTQDDPQAIIIWDILTGHK,3,9,0.00726882249427345,0.37
EIF3B_MOUSE,YLVTFSPLMDTQDDPQAIIIWDILTGHK,3,13,0.00777757833840286,0.33
EIF3B_MOUSE,YLVTFSPLMDTQDDPQAIIIWDILTGHK,3,16,0.00242169424033439,0.52
EIF3B_MOUSE,YLVTFSPLMDTQDDPQAIIIWDILTGHK,3,21,0.00645874215126279,0.36
EIF3B_MOUSE,YLVTFSPLMDTQDDPQAIIIWDILTGHK,3,24,0.00708881116865306,0.37
EIF3B_MOUSE,YLVTFSPLMDTQDDPQAIIIWDILTGHK,3,31,0.0103181387576211,0.39
EIF3B_MOUSE,FcQLLWR,2,0,0.0164641546652644,0
EIF3B_MOUSE,FcQLLWR,2,1,0.000611417094583878,0
EIF3B_MOUSE,FcQLLWR,2,2,0.00221944345643384,0
EIF3B_MOUSE,FcQLLWR,2,3,0.00111059284079082,0.22
EIF3B_MOUSE,FcQLLWR,2,6,0.00223196457681771,0.32
EIF3B_MOUSE,FcQLLWR,2,9,0.000538624163078941,0.41
EIF3B_MOUSE,FcQLLWR,2,13,0.00222144283581075,0.34
EIF3B_MOUSE,FcQLLWR,2,16,0.000359548528030953,0.37
EIF3B_MOUSE,FcQLLWR,2,21,0.000329130877320042,0.34
EIF3B_MOUSE,FcQLLWR,2,31,0.000829026059512782,0.54

