Protein,Peptide,charge,time,RSS,theta
NDUA6_MOUSE,FFHETETPRPK,3,7,0.000167859954568947,0.66
NDUA6_MOUSE,FFHETETPRPK,3,9,0.00306456869276652,0.71
NDUA6_MOUSE,FFHETETPRPK,2,2,0.00226866942835407,0.65
NDUA6_MOUSE,FFHETETPRPK,2,6,0.00208061542043147,0.54
NDUA6_MOUSE,FFHETETPRPK,2,16,0.00198699339101325,0.56
NDUA6_MOUSE,FFHETETPRPK,2,21,0.0326124878061204,0
NDUA6_MOUSE,QAAAAAASTSVKPIFSR,3,6,0.00445947691432381,0.56
NDUA6_MOUSE,QAAAAAASTSVKPIFSR,3,7,0.00505152650798191,0.6
NDUA6_MOUSE,QAAAAAASTSVKPIFSR,3,9,0.00498955567649653,0.63
NDUA6_MOUSE,QAAAAAASTSVKPIFSR,3,13,0.00682615676173415,0.67
NDUA6_MOUSE,QAAAAAASTSVKPIFSR,3,16,0.00717094622626908,0.69
NDUA6_MOUSE,QAAAAAASTSVKPIFSR,3,21,0.00564540385076579,0.6
NDUA6_MOUSE,QAAAAAASTSVKPIFSR,3,24,0.00759024737946019,0.7
NDUA6_MOUSE,QAAAAAASTSVKPIFSR,2,7,0.0156981790563146,0.38
NDUA6_MOUSE,QAAAAAASTSVKPIFSR,2,13,0.0183470696235985,0.4
NDUA6_MOUSE,QAAAAAASTSVKPIFSR,2,21,0.0201504849334372,0.44
NDUA6_MOUSE,QAAAAAASTSVKPIFSR,2,31,0.0178274289510152,0.4
NDUA6_MOUSE,EVPNTVHLMQLDITVK,3,1,0.00155963202759098,0.29
NDUA6_MOUSE,EVPNTVHLMQLDITVK,3,2,0.00124699442843692,0.25
NDUA6_MOUSE,EVPNTVHLMQLDITVK,3,3,0.002261430668408,0.24
NDUA6_MOUSE,EVPNTVHLMQLDITVK,3,7,0.00172059522145858,0.62
NDUA6_MOUSE,EVPNTVHLMQLDITVK,3,9,0.0018014586575451,0.67
NDUA6_MOUSE,EVPNTVHLMQLDITVK,3,13,0.00267440418162954,0.73
NDUA6_MOUSE,EVPNTVHLMQLDITVK,3,16,0.0252697972631722,0
NDUA6_MOUSE,EVPNTVHLMQLDITVK,3,21,0.00252401026828682,0.75
NDUA6_MOUSE,EVPNTVHLMQLDITVK,3,24,0.00276629975814085,0.73
NDUA6_MOUSE,EVPNTVHLMQLDITVK,3,31,0.00752104650174326,0.43
NDUA6_MOUSE,EVPNTVHLMQLDITVK,2,1,0.00613069164585658,0
NDUA6_MOUSE,EVPNTVHLMQLDITVK,2,2,0.0116514578142219,0
NDUA6_MOUSE,EVPNTVHLMQLDITVK,2,3,0.00115872288333274,0.53
NDUA6_MOUSE,EVPNTVHLMQLDITVK,2,6,0.00151575742271089,0.54
NDUA6_MOUSE,EVPNTVHLMQLDITVK,2,9,0.00268164253678726,0.68
NDUA6_MOUSE,EVPNTVHLMQLDITVK,2,13,0.00270227971901531,0.7
NDUA6_MOUSE,EVPNTVHLMQLDITVK,2,16,0.00104737988072344,0.930000000000001
NDUA6_MOUSE,EVPNTVHLMQLDITVK,2,21,0.000771258091862056,0.76
NDUA6_MOUSE,EVPNTVHLMQLDITVK,2,24,0.0029820432643889,0.78
NDUA6_MOUSE,EVPNTVHLMQLDITVK,2,31,0.000308555367284983,0.930000000000001

