Protein,Peptide,charge,time,RSS,theta
FLOT1_MOUSE,VSAQcLSEIEMAK,2,1,0.0245431145346739,0
FLOT1_MOUSE,VSAQcLSEIEMAK,2,6,0.00490772461514784,0
FLOT1_MOUSE,VSAQcLSEIEMAK,2,7,0.00430818086270158,0.31
FLOT1_MOUSE,VSAQcLSEIEMAK,2,9,0.040724012992761,0
FLOT1_MOUSE,VSAQcLSEIEMAK,2,13,0.0617030190046599,0
FLOT1_MOUSE,VSAQcLSEIEMAK,2,21,100,NaN
FLOT1_MOUSE,VSAQcLSEIEMAK,2,24,100,NaN
FLOT1_MOUSE,VSAQcLSEIEMAK,2,31,100,NaN
FLOT1_MOUSE,VASSDLVNMGISVVSYTLK,3,9,0.00585598598060052,0.38
FLOT1_MOUSE,ATYDIEVNTR,2,0,0.0100918651457881,0
FLOT1_MOUSE,ATYDIEVNTR,2,1,0.0028660623534967,0
FLOT1_MOUSE,ATYDIEVNTR,2,2,0.00224402704671832,0.27
FLOT1_MOUSE,ATYDIEVNTR,2,7,0.00165644447196115,0.58
FLOT1_MOUSE,ATYDIEVNTR,2,9,0.00174592078597935,0.51
FLOT1_MOUSE,ATYDIEVNTR,2,13,0.00264675054498735,0.67
FLOT1_MOUSE,ATYDIEVNTR,2,21,0.00638502651171522,0.41
FLOT1_MOUSE,VTGEVLDILSR,2,0,0.00256918287072766,0
FLOT1_MOUSE,VTGEVLDILSR,2,1,0.000708336738666399,0.17
FLOT1_MOUSE,VTGEVLDILSR,2,2,0.0109261828059004,0
FLOT1_MOUSE,VTGEVLDILSR,2,3,0.00136282568158683,0.46
FLOT1_MOUSE,VTGEVLDILSR,2,7,0.000116446358645912,0.33
FLOT1_MOUSE,VTGEVLDILSR,2,13,4.48120884745559E-05,0.37
FLOT1_MOUSE,VTGEVLDILSR,2,21,0.000956088340497182,0.45
FLOT1_MOUSE,VTGEVLDILSR,2,24,0.000356340628676424,0.25
FLOT1_MOUSE,VTGEVLDILSR,2,31,0.000637840165191936,0.32

