Protein,Peptide,charge,time,RSS,theta
PRPS1_MOUSE,ENISEWR,2,1,0.00161717789942185,0
PRPS1_MOUSE,ENISEWR,2,3,0.00285120792992854,0
PRPS1_MOUSE,ENISEWR,2,6,0.00903826660672546,0.42
PRPS1_MOUSE,ENISEWR,2,13,0.00269502676265812,0.6
PRPS1_MOUSE,ENISEWR,2,21,0.000318086444315656,0.79
PRPS1_MOUSE,ENISEWR,2,24,0.00091391698450539,0.7
PRPS1_MOUSE,NcTIVSPDAGGAK,2,2,0.000690217936604671,0
PRPS1_MOUSE,NcTIVSPDAGGAK,2,6,0.00138093865568446,0.16
PRPS1_MOUSE,NcTIVSPDAGGAK,2,21,0.00171635749537488,0.16
PRPS1_MOUSE,NcTIVSPDAGGAK,2,24,0.00144591472767312,0.15
PRPS1_MOUSE,IFSGSSHQDLSQK,3,6,0.000103728318346589,0.79
PRPS1_MOUSE,IFSGSSHQDLSQK,3,7,0.000123760987754587,0.840000000000001
PRPS1_MOUSE,IFSGSSHQDLSQK,3,9,0.000415499442383313,0.8
PRPS1_MOUSE,IFSGSSHQDLSQK,3,13,0.000531726104141926,0.940000000000001
PRPS1_MOUSE,IFSGSSHQDLSQK,3,21,0.000127236574704713,0.890000000000001
PRPS1_MOUSE,IFSGSSHQDLSQK,3,24,0.000166505855673015,0.950000000000001
PRPS1_MOUSE,IFSGSSHQDLSQK,3,31,0.000522728463226029,0.900000000000001
PRPS1_MOUSE,IFSGSSHQDLSQK,2,21,0.00350199526565811,0.72
PRPS1_MOUSE,IFSGSSHQDLSQK,2,24,0.00424638245566821,0.63
PRPS1_MOUSE,IFSGSSHQDLSQK,2,31,0.00129049461259208,0.79
PRPS1_MOUSE,IQVIDISMILAEAIR,3,9,0.00100088324165413,0.73
PRPS1_MOUSE,IQVIDISMILAEAIR,3,21,0.00123544956384084,0.77
PRPS1_MOUSE,IQVIDISMILAEAIR,3,24,0.00416192099542425,0.65
PRPS1_MOUSE,IQVIDISMILAEAIR,3,31,0.00140227293042043,0.840000000000001
PRPS1_MOUSE,FSNQETcVEIGESVR,2,1,0.000120460031161454,0.15
PRPS1_MOUSE,FSNQETcVEIGESVR,2,7,0.000582277711682287,0.53
PRPS1_MOUSE,FSNQETcVEIGESVR,2,9,0.000741008976793731,0.61
PRPS1_MOUSE,FSNQETcVEIGESVR,2,13,0.000979202431942394,0.68
PRPS1_MOUSE,FSNQETcVEIGESVR,2,24,0.00124170441141093,0.78
PRPS1_MOUSE,FSNQETcVEIGESVR,2,31,0.00126546278688072,0.77
PRPS1_MOUSE,VAILVDDMADTcGTIcHAADK,3,3,0.055071293891776,0
PRPS1_MOUSE,VAILVDDMADTcGTIcHAADK,3,6,0.0312218621909561,0
PRPS1_MOUSE,VAILVDDMADTcGTIcHAADK,3,7,0.0538899275326797,0
PRPS1_MOUSE,VAILVDDMADTcGTIcHAADK,3,9,0.0291966172792878,0
PRPS1_MOUSE,VAILVDDMADTcGTIcHAADK,3,13,0.0454474202593846,0
PRPS1_MOUSE,VAILVDDMADTcGTIcHAADK,3,21,0.0333262564297261,0
PRPS1_MOUSE,VAILVDDMADTcGTIcHAADK,3,24,0.0284506216560502,0
PRPS1_MOUSE,VAILVDDMADTcGTIcHAADK,3,31,0.0306504636506204,0

