Protein,Peptide,charge,time,RSS,theta
ABRAL_MOUSE,cANLFEALVGTLK,3,3,0.0125861574373528,0
ABRAL_MOUSE,cANLFEALVGTLK,3,6,0.0305881597604035,0
ABRAL_MOUSE,cANLFEALVGTLK,3,7,0.00863276039841995,0
ABRAL_MOUSE,cANLFEALVGTLK,3,13,0.0685753136636415,0
ABRAL_MOUSE,cANLFEALVGTLK,3,16,0.0729846012753071,0
ABRAL_MOUSE,cANLFEALVGTLK,3,24,0.0187176350605537,0.73
ABRAL_MOUSE,cANLFEALVGTLK,2,1,0.000963620906351644,0
ABRAL_MOUSE,FGVLFQDDR,2,0,0.000508260809217713,0
ABRAL_MOUSE,FGVLFQDDR,2,1,0.000144884784392922,0.19
ABRAL_MOUSE,FGVLFQDDR,2,2,0.000202686839756732,0.42
ABRAL_MOUSE,FGVLFQDDR,2,6,0.000775977613268862,0.73
ABRAL_MOUSE,FGVLFQDDR,2,7,0.000555226764488852,0.65
ABRAL_MOUSE,FGVLFQDDR,2,13,0.00106990223573577,0.870000000000001
ABRAL_MOUSE,FGVLFQDDR,2,16,0.00521456701415396,0.870000000000001
ABRAL_MOUSE,FGVLFQDDR,2,21,0.00334285676617115,0.74
ABRAL_MOUSE,FGVLFQDDR,2,24,0.00413122802540926,0.8
ABRAL_MOUSE,FGVLFQDDR,2,31,0.00127529904292762,0.930000000000001

