Protein,Peptide,charge,time,RSS,theta
NU5M_MOUSE,STLLGFFPSIIHR,3,1,0.000837468359803887,0
NU5M_MOUSE,STLLGFFPSIIHR,3,2,0.0328068311332785,0
NU5M_MOUSE,STLLGFFPSIIHR,3,6,0.00560025903390446,0
NU5M_MOUSE,STLLGFFPSIIHR,3,7,0.00379241538672955,0
NU5M_MOUSE,STLLGFFPSIIHR,3,9,0.0286013422431499,0
NU5M_MOUSE,STLLGFFPSIIHR,3,13,0.0180934401108602,0
NU5M_MOUSE,STLLGFFPSIIHR,3,16,100,NaN
NU5M_MOUSE,STLLGFFPSIIHR,3,21,0.00763355509810257,0.44
NU5M_MOUSE,STLLGFFPSIIHR,3,24,100,NaN
NU5M_MOUSE,TSLTLLDLIWLEK,3,3,0.000275142702641715,0.12
NU5M_MOUSE,TSLTLLDLIWLEK,3,6,0.000183021145603534,0.54
NU5M_MOUSE,TSLTLLDLIWLEK,3,13,0.000432596070321368,0.78
NU5M_MOUSE,TSLTLLDLIWLEK,3,16,0.00183120339979664,0.75
NU5M_MOUSE,TSLTLLDLIWLEK,3,21,0.00193748211466455,0.78
NU5M_MOUSE,TSLTLLDLIWLEK,3,24,0.000604624539051231,0.920000000000001
NU5M_MOUSE,TSLTLLDLIWLEK,3,31,0.00062851108862092,0.900000000000001
NU5M_MOUSE,STSTLHTNMTTLTTNQK,3,1,0.0362652693897604,0
NU5M_MOUSE,STSTLHTNMTTLTTNQK,3,2,0.0199963382894355,0
NU5M_MOUSE,STSTLHTNMTTLTTNQK,3,13,0.00327998784259012,0
NU5M_MOUSE,STSTLHTNMTTLTTNQK,2,2,0.00380828869174495,0.45
NU5M_MOUSE,STSTLHTNMTTLTTNQK,2,3,0.0125775275731004,0
NU5M_MOUSE,ANPYSSFSTLLGFFPSIIHR,3,13,0.00306844988988184,0.63
NU5M_MOUSE,ANPYSSFSTLLGFFPSIIHR,3,21,0.00167760723903242,0.45
NU5M_MOUSE,ANPYSSFSTLLGFFPSIIHR,3,24,0.000506473969881713,0.52
NU5M_MOUSE,ANPYSSFSTLLGFFPSIIHR,3,31,0.00203529601662254,0.53
NU5M_MOUSE,SNNNDNLIPLMGLLIAATGK,3,0,0.000676115046954931,0
NU5M_MOUSE,SNNNDNLIPLMGLLIAATGK,3,3,0.00315393723362184,0
NU5M_MOUSE,SNNNDNLIPLMGLLIAATGK,3,7,0.0033078008561362,0.32
NU5M_MOUSE,SNNNDNLIPLMGLLIAATGK,3,9,0.00412160241755731,0.27
NU5M_MOUSE,SNNNDNLIPLMGLLIAATGK,3,13,0.00792224141226193,0.4
NU5M_MOUSE,SNNNDNLIPLMGLLIAATGK,3,16,0.00579683429831029,0.39
NU5M_MOUSE,SNNNDNLIPLMGLLIAATGK,3,21,0.00219994005194344,0.54
NU5M_MOUSE,SNNNDNLIPLMGLLIAATGK,3,24,0.0111696194384054,0.46
NU5M_MOUSE,SNNNDNLIPLMGLLIAATGK,3,31,0.00366364286201642,0.73

