Protein,Peptide,charge,time,RSS,theta
ELOB_MOUSE,ESSTVFELK,2,9,0.0122067930160215,0.5
ELOB_MOUSE,ESSTVFELK,2,24,0.0127553220545409,0
ELOB_MOUSE,ESSTVFELK,2,31,0.0159692818349802,0
ELOB_MOUSE,TLGEcGFTSQTAR,2,0,0.0015835350835554,0
ELOB_MOUSE,TLGEcGFTSQTAR,2,1,0.000653945828555806,0.33
ELOB_MOUSE,TLGEcGFTSQTAR,2,6,0.00092780305689521,0.72
ELOB_MOUSE,TLGEcGFTSQTAR,2,7,0.00312992296358199,0.58
ELOB_MOUSE,TLGEcGFTSQTAR,2,9,0.00341604162717022,0.61

