Protein,Peptide,charge,time,RSS,theta
NU4M_MOUSE,MIPLILLTTSPK,2,2,0.0027973422578557,0
NU4M_MOUSE,MIPLILLTTSPK,2,13,0.0027264878685732,0.41
NU4M_MOUSE,MPLYGVHLWLPK,3,1,0.00031363259331832,0
NU4M_MOUSE,MPLYGVHLWLPK,3,3,0.000451586775906448,0.18
NU4M_MOUSE,MPLYGVHLWLPK,3,6,0.00413111384674326,0.55
NU4M_MOUSE,MPLYGVHLWLPK,3,7,0.000278818990473241,0.33
NU4M_MOUSE,MPLYGVHLWLPK,3,21,0.000768872414842253,0.52
NU4M_MOUSE,MPLYGVHLWLPK,3,24,0.000264380053328666,0.6
NU4M_MOUSE,LTNHMINLQPSHTR,2,2,100,NaN
NU4M_MOUSE,LTNHMINLQPSHTR,2,7,0.0166912039464661,0
NU4M_MOUSE,LTNHMINLQPSHTR,2,16,0.00666663284215975,0.41
NU4M_MOUSE,LTNHMINLQPSHTR,2,24,0.00798628107182342,0.4
NU4M_MOUSE,LTNHMINLQPSHTR,2,31,0.0148247990921986,0.57
NU4M_MOUSE,AHVEAPIAGSMILAAILLK,3,1,0.00226683887940138,0
NU4M_MOUSE,AHVEAPIAGSMILAAILLK,3,9,0.00234695992540889,0.19
NU4M_MOUSE,AHVEAPIAGSMILAAILLK,3,13,0.0120203887664811,0
NU4M_MOUSE,AHVEAPIAGSMILAAILLK,3,21,0.00392281930990812,0.23
NU4M_MOUSE,AHVEAPIAGSMILAAILLK,3,24,0.00302366692055204,0.2
NU4M_MOUSE,AHVEAPIAGSMILAAILLK,3,31,0.00400122080193325,0.24
NU4M_MOUSE,IILPSLMLLPLTWLSSPK,2,1,0.0022212299532998,0
NU4M_MOUSE,IILPSLMLLPLTWLSSPK,2,2,0.00134071472466106,0
NU4M_MOUSE,IILPSLMLLPLTWLSSPK,2,7,0.00147572657115559,0.28
NU4M_MOUSE,IILPSLMLLPLTWLSSPK,2,13,0.00295608949162586,0.31
NU4M_MOUSE,IILPSLMLLPLTWLSSPK,2,16,0.00344019013805031,0.32
NU4M_MOUSE,IILPSLMLLPLTWLSSPK,2,21,0.00416426358544868,0.38
NU4M_MOUSE,IILPSLMLLPLTWLSSPK,2,24,0.013399300042585,0
NU4M_MOUSE,IILPSLMLLPLTWLSSPK,2,31,0.00483223681098345,0.38
NU4M_MOUSE,LTNHMINLQPSHTR,3,0,0.000435342428966426,0
NU4M_MOUSE,LTNHMINLQPSHTR,3,7,0.000611920354504049,0.3
NU4M_MOUSE,LTNHMINLQPSHTR,3,9,0.000838660876750821,0.37
NU4M_MOUSE,LTNHMINLQPSHTR,3,16,0.000729774009197541,0.73
NU4M_MOUSE,LTNHMINLQPSHTR,3,31,0.00335038739777318,0.68

