Protein,Peptide,charge,time,RSS,theta
CALU_MOUSE,HLVYESDQNK,2,6,0.000819072407582268,0.71
CALU_MOUSE,HLVYESDQNK,2,24,0.000419294995845755,0.930000000000001
CALU_MOUSE,HLVYESDQNK,2,31,0.00120516454385348,0.840000000000001
CALU_MOUSE,DWILPSDYDHAEAEAR,3,13,0.0131027526109901,0.44
CALU_MOUSE,VHHEPQLSDK,3,0,0.000580692377751327,0
CALU_MOUSE,VHHEPQLSDK,3,2,0.000647271342106467,0.27
CALU_MOUSE,VHHEPQLSDK,3,3,0.000357168546779991,0.44
CALU_MOUSE,VHHEPQLSDK,3,6,0.000891496923026031,0.64
CALU_MOUSE,VHHEPQLSDK,3,13,0.00147312067815112,0.8
CALU_MOUSE,VHHEPQLSDK,3,24,0.000394003192883398,0.860000000000001
CALU_MOUSE,VHHEPQLSDK,3,31,0.000532032470832487,0.950000000000001
CALU_MOUSE,DIVVQETMEDIDK,2,0,0.0083481612707437,0
CALU_MOUSE,DIVVQETMEDIDK,2,24,0.00134092999994363,0.980000000000001
CALU_MOUSE,DIVVQETMEDIDK,2,31,0.0294729631874434,0
CALU_MOUSE,EEIVDKYDLFVGSQATDFGEALVR,3,0,0.0125090531824179,0
CALU_MOUSE,EEIVDKYDLFVGSQATDFGEALVR,3,1,0.037398752452013,0
CALU_MOUSE,EEIVDKYDLFVGSQATDFGEALVR,3,6,0.0051100029363465,0
CALU_MOUSE,EEIVDKYDLFVGSQATDFGEALVR,3,7,0.00353234071596777,0
CALU_MOUSE,EEIVDKYDLFVGSQATDFGEALVR,3,13,0.00279293858346283,0
CALU_MOUSE,EEIVDKYDLFVGSQATDFGEALVR,3,24,0.00153347846923078,0
CALU_MOUSE,EEIVDKYDLFVGSQATDFGEALVR,3,31,0.00218417454769644,0

