Protein,Peptide,charge,time,RSS,theta
LSR_MOUSE,TWEQEPLQEQPR,2,3,0.000191500939856798,0.3
LSR_MOUSE,TWEQEPLQEQPR,2,13,0.00261242558044203,0.49
LSR_MOUSE,TWEQEPLQEQPR,2,16,0.00291556730131432,0.52
LSR_MOUSE,TWEQEPLQEQPR,2,24,0.0032102548998093,0.53
LSR_MOUSE,QGNAVTLGDYYQGR,2,0,0.0377891870675616,0
LSR_MOUSE,QGNAVTLGDYYQGR,2,3,0.00698703662346737,0.830000000000001
LSR_MOUSE,IQANQQDDSMR,2,0,0.00558201857344285,0
LSR_MOUSE,IQANQQDDSMR,2,1,0.0176454654832757,0
LSR_MOUSE,IQANQQDDSMR,2,2,0.011643421154005,0.39
LSR_MOUSE,IQANQQDDSMR,2,13,0.00411278646348921,0.57
LSR_MOUSE,IQANQQDDSMR,2,24,100,NaN

