Protein,Peptide,charge,time,RSS,theta
HINT2_MOUSE,DVAPQAPVHFLVIPR,3,3,0.000584901271664538,0.29
HINT2_MOUSE,DVAPQAPVHFLVIPR,3,7,0.000517058837590954,0.54
HINT2_MOUSE,DVAPQAPVHFLVIPR,3,21,0.00108796579948535,0.74
HINT2_MOUSE,SLPADILYEDQQcLVFR,2,21,0.00128984521058523,0.8
HINT2_MOUSE,SLPADILYEDQQcLVFR,2,31,0.00136048097689189,0.880000000000001
HINT2_MOUSE,SLPADILYEDQQcLVFR,3,16,0.00565489352502419,0.980000000000001
HINT2_MOUSE,ISQAEEDDQQLLGHLLLVAK,3,3,0.000118740054798973,0.43
HINT2_MOUSE,ISQAEEDDQQLLGHLLLVAK,3,7,0.00010970233851493,0.69
HINT2_MOUSE,ISQAEEDDQQLLGHLLLVAK,3,9,0.0250612510026731,0.52
HINT2_MOUSE,ISQAEEDDQQLLGHLLLVAK,3,13,0.00826385609859487,0.8
HINT2_MOUSE,ISQAEEDDQQLLGHLLLVAK,3,16,0.00063553502062662,0.920000000000001
HINT2_MOUSE,ISQAEEDDQQLLGHLLLVAK,3,21,0.000219519504283045,0.940000000000001
HINT2_MOUSE,ISQAEEDDQQLLGHLLLVAK,3,24,0.000586885658941388,0.860000000000001
HINT2_MOUSE,ISQAEEDDQQLLGHLLLVAK,3,31,0.000704976028698351,0.970000000000001

