Protein,Peptide,charge,time,RSS,theta
COIA1_MOUSE,DGNSLSPLNPLVWLWPPK,2,2,0.000376645820364631,0.55
COIA1_MOUSE,DGNSLSPLNPLVWLWPPK,2,3,0.00147847493306685,0.49
COIA1_MOUSE,DGNSLSPLNPLVWLWPPK,2,6,0.000705122028959866,0.7
COIA1_MOUSE,DGNSLSPLNPLVWLWPPK,2,7,0.000607443498086753,0.7
COIA1_MOUSE,DGNSLSPLNPLVWLWPPK,2,9,0.000221067295643632,0.78
COIA1_MOUSE,DGNSLSPLNPLVWLWPPK,2,13,0.00198365158291285,0.55
COIA1_MOUSE,DGNSLSPLNPLVWLWPPK,2,16,0.000248529442341326,0.820000000000001
COIA1_MOUSE,DGNSLSPLNPLVWLWPPK,2,21,0.000660552719232515,0.68
COIA1_MOUSE,DGNSLSPLNPLVWLWPPK,2,24,0.000520125845581881,0.6
COIA1_MOUSE,DGNSLSPLNPLVWLWPPK,2,31,0.000620318178202277,0.68

