Protein,Peptide,charge,time,RSS,theta
RAB5C_MOUSE,GVDLQESNPASR,2,6,0.00660121048010947,0.73
RAB5C_MOUSE,GVDLQESNPASR,2,13,0.00204033924415802,0.820000000000001
RAB5C_MOUSE,GVDLQESNPASR,2,21,0.000640487395261301,0.880000000000001
RAB5C_MOUSE,GVDLQESNPASR,2,24,0.00803995674877383,0.8
RAB5C_MOUSE,TAMNVNEIFMAIAK,2,1,0.00131855372388364,0.56
RAB5C_MOUSE,TAMNVNEIFMAIAK,2,6,100,NaN
RAB5C_MOUSE,TAMNVNEIFMAIAK,2,16,0.0848038932041395,0
RAB5C_MOUSE,GAQAAIVVYDITNTDTFAR,2,1,0.0449338559806419,0
RAB5C_MOUSE,GAQAAIVVYDITNTDTFAR,2,2,0.0118002135354423,0
RAB5C_MOUSE,GAQAAIVVYDITNTDTFAR,2,3,100,NaN
RAB5C_MOUSE,GAQAAIVVYDITNTDTFAR,2,9,100,NaN
RAB5C_MOUSE,GAQAAIVVYDITNTDTFAR,2,13,0.00670756498462906,0
RAB5C_MOUSE,GAQAAIVVYDITNTDTFAR,2,16,100,NaN
RAB5C_MOUSE,GAQAAIVVYDITNTDTFAR,2,21,0.0203846706279202,0
RAB5C_MOUSE,TAmNVNEIFMAIAK,2,0,0.000188146754844204,0
RAB5C_MOUSE,TAmNVNEIFMAIAK,2,1,0.00111527472172684,0.48
RAB5C_MOUSE,TAmNVNEIFMAIAK,2,3,0.00175782656130888,0.58
RAB5C_MOUSE,TAmNVNEIFMAIAK,2,7,0.00197050328266034,0.59
RAB5C_MOUSE,TAmNVNEIFMAIAK,2,9,0.00115424768687692,0.860000000000001
RAB5C_MOUSE,TAmNVNEIFMAIAK,2,13,0.00122776657264282,0.890000000000001
RAB5C_MOUSE,TAmNVNEIFMAIAK,2,21,0.00140680809050432,0.930000000000001
RAB5C_MOUSE,TAmNVNEIFMAIAK,2,24,0.000346975461502785,0.900000000000001

