Protein,Peptide,charge,time,RSS,theta
LEG1_MOUSE,DSNNLcLHFNPR,3,9,0.01170704374433,0.53
LEG1_MOUSE,DSNNLcLHFNPR,3,24,0.000256557752107533,0.79
LEG1_MOUSE,DSNNLcLHFNPR,3,31,0.000300286182752496,0.860000000000001
LEG1_MOUSE,FNAHGDANTIVcNTK,2,6,0.00435422484338353,0.29
LEG1_MOUSE,FNAHGDANTIVcNTK,2,21,0.00335438122558128,0.73
LEG1_MOUSE,FNAHGDANTIVcNTK,3,16,0.000932735469060949,0.78
LEG1_MOUSE,FNAHGDANTIVcNTK,3,21,0.000839997371383486,0.73
LEG1_MOUSE,FNAHGDANTIVcNTK,3,31,0.00109941965792764,0.8
LEG1_MOUSE,EPAFPFQPGSITEVcITFDQADLTIK,3,7,0.00452217152400124,0
LEG1_MOUSE,EPAFPFQPGSITEVcITFDQADLTIK,3,9,0.00460318592314405,0
LEG1_MOUSE,EPAFPFQPGSITEVcITFDQADLTIK,3,13,0.00345845680497475,0
LEG1_MOUSE,EPAFPFQPGSITEVcITFDQADLTIK,3,16,0.00428982874703187,0
LEG1_MOUSE,EPAFPFQPGSITEVcITFDQADLTIK,3,21,0.00572442304659547,0
LEG1_MOUSE,EPAFPFQPGSITEVcITFDQADLTIK,3,24,0.00529257924403301,0
LEG1_MOUSE,DSNNLcLHFNPR,2,0,0.00240098770724302,0
LEG1_MOUSE,DSNNLcLHFNPR,2,1,0.00500426096278618,0
LEG1_MOUSE,DSNNLcLHFNPR,2,3,0.00695897846072769,0.39
LEG1_MOUSE,DSNNLcLHFNPR,2,6,0.000736928276983203,0.69
LEG1_MOUSE,DSNNLcLHFNPR,2,7,0.00143144329152235,0.46
LEG1_MOUSE,DSNNLcLHFNPR,2,13,0.00129687366981135,0.48
LEG1_MOUSE,DSNNLcLHFNPR,2,16,0.00660568071314157,0
LEG1_MOUSE,DSNNLcLHFNPR,2,21,0.00394851558420455,0.820000000000001
LEG1_MOUSE,DSNNLcLHFNPR,2,24,100,NaN
LEG1_MOUSE,DSNNLcLHFNPR,2,31,0.0316818101733756,0

