Protein,Peptide,charge,time,RSS,theta
PSME2_MOUSE,TKVEAFQTTISK,2,3,0.000876891040028123,0.48
PSME2_MOUSE,TKVEAFQTTISK,2,6,0.00149925462473828,0.49
PSME2_MOUSE,TKVEAFQTTISK,2,16,0.0011579521023609,0.910000000000001
PSME2_MOUSE,TKVEAFQTTISK,2,21,0.00332212670467348,0.75
PSME2_MOUSE,TKVEAFQTTISK,2,31,0.00110309086906202,0.870000000000001
PSME2_MOUSE,IEDGNDFGVAIQEK,2,6,0.000927868915681085,0.67
PSME2_MOUSE,IEDGNDFGVAIQEK,2,21,0.00149756923467878,0.8
PSME2_MOUSE,AFYAELYHIISSNLEK,2,9,0.00737354448433247,0.890000000000001
PSME2_MOUSE,AFYAELYHIISSNLEK,2,13,0.00501283099887131,0.8
PSME2_MOUSE,AFYAELYHIISSNLEK,2,16,0.00805834783525031,0.910000000000001
PSME2_MOUSE,AFYAELYHIISSNLEK,2,21,0.0212017331333497,0.66
PSME2_MOUSE,AFYAELYHIISSNLEK,2,24,0.0809110382828455,0
PSME2_MOUSE,AFYAELYHIISSNLEK,2,31,0.0287782500632707,0.970000000000001
PSME2_MOUSE,QNLFQEADDFLcTFLPR,2,31,0.00128646799728275,0.890000000000001
PSME2_MOUSE,IISLSQLLQEDSLNVADLSSLR,3,7,0.00971038279678699,0.33
PSME2_MOUSE,IISLSQLLQEDSLNVADLSSLR,3,9,0.00418280831511518,0.65
PSME2_MOUSE,IISLSQLLQEDSLNVADLSSLR,3,16,0.00570697538813517,0.69
PSME2_MOUSE,IISLSQLLQEDSLNVADLSSLR,3,24,0.00538747369805129,0.69
PSME2_MOUSE,IISLSQLLQEDSLNVADLSSLR,3,31,0.00576105963333087,0.73
PSME2_MOUSE,IISLSQLLQEDSLNVADLSSLR,2,3,0.00313342141088258,0.2
PSME2_MOUSE,IISLSQLLQEDSLNVADLSSLR,2,6,0.00311779418600239,0.55
PSME2_MOUSE,IISLSQLLQEDSLNVADLSSLR,2,7,0.0103612200067245,0.35
PSME2_MOUSE,IISLSQLLQEDSLNVADLSSLR,2,9,0.0125945744173199,0.37
PSME2_MOUSE,IISLSQLLQEDSLNVADLSSLR,2,13,0.00471159712764704,0.65
PSME2_MOUSE,IISLSQLLQEDSLNVADLSSLR,2,16,0.00580809523166497,0.7
PSME2_MOUSE,IISLSQLLQEDSLNVADLSSLR,2,24,0.00531467223298093,0.71
PSME2_MOUSE,VEAFQTTISK,2,0,0.000467930798574167,0
PSME2_MOUSE,VEAFQTTISK,2,1,0.000291679526201755,0.09
PSME2_MOUSE,VEAFQTTISK,2,2,0.00316698421662728,0.28

