Protein,Peptide,charge,time,RSS,theta
SEC63_MOUSE,AYAALTDEESR,2,1,0.000746141823612063,0.27
SEC63_MOUSE,AYAALTDEESR,2,2,0.000109335700908783,0.74
SEC63_MOUSE,AYAALTDEESR,2,6,0.00155358749168334,0.72
SEC63_MOUSE,AYAALTDEESR,2,9,0.000440555161200598,0.71
SEC63_MOUSE,AYAALTDEESR,2,21,0.000648956167049352,0.49
SEC63_MOUSE,AYAALTDEESR,2,31,0.00814886649896909,0.76
SEC63_MOUSE,LSQMAVQGLQQFK,2,3,0.00189550745372316,0.44
SEC63_MOUSE,LSQMAVQGLQQFK,2,13,0.00438374420373435,0.69
SEC63_MOUSE,LSQMAVQGLQQFK,2,16,0.00051690310094986,0.970000000000001
SEC63_MOUSE,QEWWWLYIADR,2,6,0.00872522660263887,0.48
SEC63_MOUSE,QEWWWLYIADR,2,9,0.00166383728483074,0.21
SEC63_MOUSE,QEWWWLYIADR,2,13,0.002728615037519,0.72
SEC63_MOUSE,LIMVLAGASEFDPQYNK,2,6,0.0100361784070592,0
SEC63_MOUSE,LIMVLAGASEFDPQYNK,2,7,0.0150457591642797,0
SEC63_MOUSE,LIMVLAGASEFDPQYNK,2,13,0.00179201349440015,0.25
SEC63_MOUSE,LIMVLAGASEFDPQYNK,2,16,0.00448939855723169,0
SEC63_MOUSE,LIMVLAGASEFDPQYNK,2,21,0.00482131259574751,0.38
SEC63_MOUSE,LIMVLAGASEFDPQYNK,2,31,0.00368109275551685,0.25
SEC63_MOUSE,DSTSRPTDNILIPQLIR,3,2,0.00285154334048796,0.29
SEC63_MOUSE,DSTSRPTDNILIPQLIR,3,3,0.00328758908033688,0.29
SEC63_MOUSE,DSTSRPTDNILIPQLIR,3,6,0.00840294414388027,0.37
SEC63_MOUSE,DSTSRPTDNILIPQLIR,3,7,0.00918962183714339,0.4
SEC63_MOUSE,DSTSRPTDNILIPQLIR,3,9,0.010600948348781,0.41
SEC63_MOUSE,DSTSRPTDNILIPQLIR,3,13,0.00337058601500794,0.6
SEC63_MOUSE,DSTSRPTDNILIPQLIR,3,16,0.00385780958166339,0.72
SEC63_MOUSE,DSTSRPTDNILIPQLIR,3,21,0.00321351771425222,0.61
SEC63_MOUSE,DSTSRPTDNILIPQLIR,3,24,0.00395171546238643,0.73
SEC63_MOUSE,TIQDLVSLK,2,0,0.000318841837751257,0
SEC63_MOUSE,TIQDLVSLK,2,2,0.000269076017238647,0.27
SEC63_MOUSE,TIQDLVSLK,2,6,0.000448491116234318,0.7
SEC63_MOUSE,TIQDLVSLK,2,7,0.000262375808604532,0.56
SEC63_MOUSE,TIQDLVSLK,2,9,0.000192393855589498,0.43
SEC63_MOUSE,TIQDLVSLK,2,21,0.000382563506424415,0.66
SEC63_MOUSE,ITHPVYSLYFPEEK,3,0,0.00136822675735296,0
SEC63_MOUSE,ITHPVYSLYFPEEK,3,6,0.0105420612645009,0
SEC63_MOUSE,ITHPVYSLYFPEEK,3,7,0.00580890282518774,0.5
SEC63_MOUSE,ITHPVYSLYFPEEK,3,9,0.00155082057880994,0
SEC63_MOUSE,ITHPVYSLYFPEEK,3,13,0.00110535468940229,0.17
SEC63_MOUSE,ITHPVYSLYFPEEK,3,16,0.00221194196802804,0
SEC63_MOUSE,ITHPVYSLYFPEEK,3,21,0.0135387820287909,0
SEC63_MOUSE,ITHPVYSLYFPEEK,3,24,0.00104926886156426,0
SEC63_MOUSE,ITHPVYSLYFPEEK,3,31,0.005649354707604,0

