Protein,Peptide,charge,time,RSS,theta
MY18A_MOUSE,ALLADAQIMLDHLK,3,3,0.00768109983170805,0.39
MY18A_MOUSE,ALLADAQIMLDHLK,3,9,0.00457236664723971,0.75
MY18A_MOUSE,LEDLASLVYLNESSVLHTLR,3,1,0.00480525725045056,0.33
MY18A_MOUSE,LEDLASLVYLNESSVLHTLR,3,9,0.00383014558838377,0.69
MY18A_MOUSE,LEDLASLVYLNESSVLHTLR,3,13,0.00180358860778389,0.940000000000001
MY18A_MOUSE,LEDLASLVYLNESSVLHTLR,3,24,0.00477526248271792,0.73

