Protein,Peptide,charge,time,RSS,theta
NHRF3_MOUSE,IMFLLVDK,2,1,0.000141075395840594,0.16
NHRF3_MOUSE,IMFLLVDK,2,3,0.00038205870936982,0.56
NHRF3_MOUSE,IMFLLVDK,2,7,0.000623942423966787,0.71
NHRF3_MOUSE,IMFLLVDK,2,9,0.00200878748124401,0.44
NHRF3_MOUSE,IMFLLVDK,2,13,0.0026271331068233,0.51
NHRF3_MOUSE,IMFLLVDK,2,16,0.00106926158373595,0.880000000000001
NHRF3_MOUSE,IMFLLVDK,2,24,0.000973537722993646,0.830000000000001
NHRF3_MOUSE,EAESIYSLAR,2,16,0.00242224457672451,0.900000000000001
NHRF3_MOUSE,EAESIYSLAR,2,24,0.000759696080855209,0.930000000000001
NHRF3_MOUSE,NNDLVVAVNGK,2,0,0.00440497262649123,0
NHRF3_MOUSE,NNDLVVAVNGK,2,6,0.000264066157865855,0.48
NHRF3_MOUSE,NNDLVVAVNGK,2,7,0.00429459716815482,0.32
NHRF3_MOUSE,NNDLVVAVNGK,2,9,0.00273642366459374,0.74
NHRF3_MOUSE,NNDLVVAVNGK,2,13,0.000589499844150618,0.67
NHRF3_MOUSE,NNDLVVAVNGK,2,16,0.000295968391187604,0.840000000000001
NHRF3_MOUSE,NNDLVVAVNGK,2,21,0.00012310570701889,0.57
NHRF3_MOUSE,NNDLVVAVNGK,2,24,0.000663884962404579,0.72
NHRF3_MOUSE,NNDLVVAVNGK,2,31,0.00825923865097318,0.52
NHRF3_MOUSE,INGVFVDKEEHAQVVELVR,3,0,0.00867566148153307,0
NHRF3_MOUSE,INGVFVDKEEHAQVVELVR,3,1,0.00295195556229002,0.27
NHRF3_MOUSE,INGVFVDKEEHAQVVELVR,3,2,0.0108170533461148,0
NHRF3_MOUSE,INGVFVDKEEHAQVVELVR,3,7,0.0415397604487492,0
NHRF3_MOUSE,INGVFVDKEEHAQVVELVR,3,9,0.00104867975452317,0.34
NHRF3_MOUSE,INGVFVDKEEHAQVVELVR,3,16,0.0122626932179144,0
NHRF3_MOUSE,INGVFVDKEEHAQVVELVR,3,24,0.00203974048244643,0
NHRF3_MOUSE,SVTLLVLDGDSYEK,2,0,0.0313779321150995,0
NHRF3_MOUSE,SVTLLVLDGDSYEK,2,1,0.00738927354748161,0
NHRF3_MOUSE,SVTLLVLDGDSYEK,2,3,0.00183541776706686,0
NHRF3_MOUSE,SVTLLVLDGDSYEK,2,6,0.00175782769629529,0.22
NHRF3_MOUSE,SVTLLVLDGDSYEK,2,7,0.000164186858455916,0.38
NHRF3_MOUSE,SVTLLVLDGDSYEK,2,9,0.000960409668493913,0.41
NHRF3_MOUSE,SVTLLVLDGDSYEK,2,13,0.000489632899174792,0.64
NHRF3_MOUSE,SVTLLVLDGDSYEK,2,16,0.000163775210789476,0.7
NHRF3_MOUSE,SVTLLVLDGDSYEK,2,21,0.000345414298436391,0.54
NHRF3_MOUSE,SVTLLVLDGDSYEK,2,24,0.000390738509239361,0.57

