Protein,Peptide,charge,time,RSS,theta
SRSF3_MOUSE,AFGYYGPLR,2,9,0.000211353957016713,0.8
SRSF3_MOUSE,AFGYYGPLR,2,13,0.000879407429190434,0.78
SRSF3_MOUSE,NPPGFAFVEFEDPR,2,7,0.000159357859658376,0.54
SRSF3_MOUSE,NPPGFAFVEFEDPR,2,13,0.000823804571377119,0.65
SRSF3_MOUSE,NPPGFAFVEFEDPR,2,16,0.00113363884468497,0.72
SRSF3_MOUSE,NPPGFAFVEFEDPR,2,31,0.00013529818642114,0.890000000000001

