Protein,Peptide,charge,time,RSS,theta
MGST3_MOUSE,IASGLGLAWIIGR,2,2,0.00587270514505043,0.830000000000001
MGST3_MOUSE,IASGLGLAWIIGR,2,3,0.00486518424316806,0.75
MGST3_MOUSE,IASGLGLAWIIGR,2,16,0.00807302226653171,0.900000000000001
MGST3_MOUSE,VEYPVMYSTDPENGHMFNcIQR,3,16,0.00321004359764765,0.61
MGST3_MOUSE,VEYPVMYSTDPENGHMFNcIQR,3,24,100,NaN
MGST3_MOUSE,VLYAYGYYTGDPSK,2,0,0.00125610199077181,0
MGST3_MOUSE,VLYAYGYYTGDPSK,2,1,0.000427435047409565,0
MGST3_MOUSE,VLYAYGYYTGDPSK,2,24,0.00162658753068562,0.23

