Protein,Peptide,charge,time,RSS,theta
ACOT2_MOUSE,ADAGGELNLAR,2,3,0.000984395551113817,0.3
ACOT2_MOUSE,ADAGGELNLAR,2,6,0.00853942420120225,0.3
ACOT2_MOUSE,ADAGGELNLAR,2,7,0.000244361184336487,0.55
ACOT2_MOUSE,ADAGGELNLAR,2,9,0.00208978634298836,0.42
ACOT2_MOUSE,ADAGGELNLAR,2,21,0.00279727342540157,0.47
ACOT2_MOUSE,ADAGGELNLAR,2,24,0.0070626541066418,0.81
ACOT2_MOUSE,GLLWAMEPERPLWR,3,6,0.0427253180516451,0
ACOT2_MOUSE,GLLWAMEPERPLWR,3,9,0.0118571907992032,0.54
ACOT2_MOUSE,GLLWAMEPERPLWR,3,16,0.00302831998541059,0.36
ACOT2_MOUSE,GLLWAMEPERPLWR,3,21,0.00750797298408891,0
ACOT2_MOUSE,GLLWAMEPERPLWR,3,24,0.00499164251419046,0.37
ACOT2_MOUSE,GLLWAMEPERPLWR,3,31,0.00838231564363987,0.44
ACOT2_MOUSE,DGLLDVVEALQSPLVDK,2,2,0.00178803743906597,0
ACOT2_MOUSE,DGLLDVVEALQSPLVDK,2,6,0.00681698465636736,0
ACOT2_MOUSE,DGLLDVVEALQSPLVDK,2,7,0.00532998134011001,0
ACOT2_MOUSE,DGLLDVVEALQSPLVDK,2,9,0.00404040972499834,0
ACOT2_MOUSE,DGLLDVVEALQSPLVDK,2,16,0.00281756141929144,0.65
ACOT2_MOUSE,DGLLDVVEALQSPLVDK,2,21,0.00296071538530293,0.64
ACOT2_MOUSE,DGLLDVVEALQSPLVDK,2,24,0.00313870793036017,0.6
ACOT2_MOUSE,DGLLDVVEALQSPLVDK,2,31,0.00408706987795428,0.7
ACOT2_MOUSE,DGLLDVVEALQSPLVDKK,3,2,0.00116790036323476,0
ACOT2_MOUSE,DGLLDVVEALQSPLVDKK,3,7,0.00391457146327994,0.27
ACOT2_MOUSE,DGLLDVVEALQSPLVDKK,3,9,0.00162048368714383,0.47
ACOT2_MOUSE,DGLLDVVEALQSPLVDKK,3,16,0.00334233901208775,0.65
ACOT2_MOUSE,DGLLDVVEALQSPLVDKK,3,24,0.00124681113245872,0.830000000000001
ACOT2_MOUSE,AHAVAQVDAWQQLQTFFHK,4,6,0.00246081900568699,0.17
ACOT2_MOUSE,AHAVAQVDAWQQLQTFFHK,4,7,0.00381328301294027,0.21
ACOT2_MOUSE,AHAVAQVDAWQQLQTFFHK,4,31,0.00385713813334587,0.57
ACOT2_MOUSE,NATLSVEPEGR,2,0,0.0127396500724683,0
ACOT2_MOUSE,NATLSVEPEGR,2,2,0.00120489345373465,0.35
ACOT2_MOUSE,NATLSVEPEGR,2,3,0.00593649774529878,0
ACOT2_MOUSE,NATLSVEPEGR,2,6,0.000493826325697435,0.44
ACOT2_MOUSE,NATLSVEPEGR,2,7,0.000464367584813498,0.22
ACOT2_MOUSE,NATLSVEPEGR,2,9,0.000173113803308473,0.52
ACOT2_MOUSE,NATLSVEPEGR,2,16,0.000180226300314221,0.55
ACOT2_MOUSE,NATLSVEPEGR,2,24,0.00159565161189713,0.39

