Protein,Peptide,charge,time,RSS,theta
PRS7_MOUSE,FDDGAGGDNEVQR,2,2,0.00410319710637017,0.23
PRS7_MOUSE,FDDGAGGDNEVQR,2,7,0.0056534387089127,0.72
PRS7_MOUSE,FDDGAGGDNEVQR,2,13,0.00770268816455091,0.78
PRS7_MOUSE,FDDGAGGDNEVQR,2,16,0.00258782367458103,0.990000000000001
PRS7_MOUSE,FDDGAGGDNEVQR,2,21,0.00633238069504499,0.75
PRS7_MOUSE,FDDGAGGDNEVQR,2,24,0.00695619522748395,0.73
PRS7_MOUSE,FDDGAGGDNEVQR,2,31,0.00639553806316103,0.73
PRS7_MOUSE,EVVETPLLHPER,3,21,0.00450604797386463,0.7
PRS7_MOUSE,QTLQSEQPLQVAR,2,3,0.00213509604344729,0.920000000000001
PRS7_MOUSE,QTLQSEQPLQVAR,2,7,0.00837645163066557,0.79
PRS7_MOUSE,QTLQSEQPLQVAR,2,9,0.00239879277660336,0.880000000000001
PRS7_MOUSE,QTLQSEQPLQVAR,2,21,0.0071600863078641,0.73
PRS7_MOUSE,QTLQSEQPLQVAR,2,24,0.00236637674169475,0.880000000000001
PRS7_MOUSE,QTLQSEQPLQVAR,2,31,0.000718926937966374,0.980000000000001
PRS7_MOUSE,AcLIFFDEIDAIGGAR,2,6,0.00499777642731955,0.7
PRS7_MOUSE,AcLIFFDEIDAIGGAR,2,7,0.0052217635075517,0.72
PRS7_MOUSE,AcLIFFDEIDAIGGAR,2,9,0.00179910761821594,0.880000000000001
PRS7_MOUSE,AcLIFFDEIDAIGGAR,2,16,0.00181929085335865,0.940000000000001
PRS7_MOUSE,AcLIFFDEIDAIGGAR,2,21,0.00594157693496465,0.78
PRS7_MOUSE,AcLIFFDEIDAIGGAR,2,24,0.00641289931272612,0.840000000000001
PRS7_MOUSE,AcLIFFDEIDAIGGAR,2,31,100,NaN
PRS7_MOUSE,ESDTGLAPPALWDLAADK,2,3,0.0026087838356896,0
PRS7_MOUSE,ESDTGLAPPALWDLAADK,2,6,0.000816387692591844,0.13
PRS7_MOUSE,ESDTGLAPPALWDLAADK,2,7,0.00160349725321247,0
PRS7_MOUSE,ESDTGLAPPALWDLAADK,2,13,0.00124421494445225,0.14
PRS7_MOUSE,ESDTGLAPPALWDLAADK,2,16,0.000566658858893183,0.24
PRS7_MOUSE,ESDTGLAPPALWDLAADK,2,21,0.000759735327908445,0.11
PRS7_MOUSE,ESDTGLAPPALWDLAADK,2,31,0.00125945811528032,0.13
PRS7_MOUSE,FVVDLSDQVAPTDIEEGMR,2,6,0.0054984018126761,0
PRS7_MOUSE,FVVDLSDQVAPTDIEEGMR,2,9,0.0205709903073172,0
PRS7_MOUSE,FVVDLSDQVAPTDIEEGMR,2,13,0.00569466829994175,0
PRS7_MOUSE,FVVDLSDQVAPTDIEEGMR,2,16,0.00602798367524968,0
PRS7_MOUSE,FVVDLSDQVAPTDIEEGMR,2,21,0.00338083803336912,0
PRS7_MOUSE,IDPTVTMMQVEEKPDVTYSDVGGcK,3,1,0.00584645156327355,0
PRS7_MOUSE,IDPTVTMMQVEEKPDVTYSDVGGcK,3,3,0.0175378201956991,0
PRS7_MOUSE,IDPTVTMMQVEEKPDVTYSDVGGcK,3,6,0.0111843468433885,0.51
PRS7_MOUSE,IDPTVTMMQVEEKPDVTYSDVGGcK,3,7,100,NaN
PRS7_MOUSE,IDPTVTMMQVEEKPDVTYSDVGGcK,3,9,100,NaN
PRS7_MOUSE,IDPTVTMMQVEEKPDVTYSDVGGcK,3,13,100,NaN
PRS7_MOUSE,IDPTVTMMQVEEKPDVTYSDVGGcK,3,16,100,NaN
PRS7_MOUSE,IDPTVTMMQVEEKPDVTYSDVGGcK,3,21,0.00180127346838506,0.45
PRS7_MOUSE,IDPTVTMMQVEEKPDVTYSDVGGcK,3,24,100,NaN

