Protein,Peptide,charge,time,RSS,theta
RAB35_MOUSE,WLHEINQNcDDVcR,3,1,0.0142025948830345,0
RAB35_MOUSE,WLHEINQNcDDVcR,3,3,0.0641745169726286,0
RAB35_MOUSE,WLHEINQNcDDVcR,3,6,100,NaN
RAB35_MOUSE,WLHEINQNcDDVcR,3,7,0.0106849872127042,0
RAB35_MOUSE,WLHEINQNcDDVcR,3,9,0.0129837584887823,0
RAB35_MOUSE,LLIIGDSGVGK,2,0,0.000311271742900158,0
RAB35_MOUSE,LLIIGDSGVGK,2,2,0.000161610790536104,0.39
RAB35_MOUSE,ENVNVEEMFNcITELVLR,3,0,0.000846816433575185,0
RAB35_MOUSE,ENVNVEEMFNcITELVLR,3,6,0.00297560958397503,0.62
RAB35_MOUSE,ENVNVEEMFNcITELVLR,3,7,0.00272732099489905,0.63
RAB35_MOUSE,ENVNVEEMFNcITELVLR,3,13,0.00332531574521648,0.66
RAB35_MOUSE,ENVNVEEMFNcITELVLR,3,24,0.00115638413104772,0.860000000000001
RAB35_MOUSE,FAGQMGIQLFETSAK,2,0,0.000116916453311571,0
RAB35_MOUSE,FAGQMGIQLFETSAK,2,1,9.20229818661673E-05,0.13
RAB35_MOUSE,FAGQMGIQLFETSAK,2,9,0.000727352660843592,0.67
RAB35_MOUSE,FAGQMGIQLFETSAK,2,13,0.000973342824379806,0.71
RAB35_MOUSE,FAGQMGIQLFETSAK,2,24,0.000971891702618577,0.73

