Protein,Peptide,charge,time,RSS,theta
IF2P_MOUSE,HFEATDILVSK,2,1,0.000752744158024871,0.15
IF2P_MOUSE,HFEATDILVSK,2,2,0.00771760131230026,0
IF2P_MOUSE,HFEATDILVSK,2,3,0.00233642440576664,0.23
IF2P_MOUSE,HFEATDILVSK,2,7,0.0018406450601561,0.53
IF2P_MOUSE,HFEATDILVSK,2,9,0.00274013341132928,0.71
IF2P_MOUSE,HFEATDILVSK,2,13,0.00336218392453563,0.7
IF2P_MOUSE,HFEATDILVSK,2,21,0.0003295443295562,0.910000000000001
IF2P_MOUSE,HFEATDILVSK,2,24,0.00362850595604557,0.73
IF2P_MOUSE,HFEATDILVSK,2,31,0.00117047738202787,0.910000000000001
IF2P_MOUSE,HLQAQGVEVPSK,2,6,0.00305745157638558,0.64
IF2P_MOUSE,HLQAQGVEVPSK,2,7,0.0219535087062413,0
IF2P_MOUSE,HLQAQGVEVPSK,2,9,0.0108139031303587,0.4
IF2P_MOUSE,HLQAQGVEVPSK,2,13,0.00381685712338544,0.62
IF2P_MOUSE,HLQAQGVEVPSK,2,21,0.00414154325852983,0.63
IF2P_MOUSE,HLQAQGVEVPSK,2,24,0.0130800830651438,0.44
IF2P_MOUSE,HLQAQGVEVPSK,2,31,0.00894200006724984,0.46

