Protein,Peptide,charge,time,RSS,theta
RU17_MOUSE,RQQEVETELK,2,2,0.000316875623723958,0.4
RU17_MOUSE,RQQEVETELK,2,13,0.000497175327459245,0.850000000000001
RU17_MOUSE,RQQEVETELK,2,21,0.000428237085697742,0.81

