Protein,Peptide,charge,time,RSS,theta
SPEE_MOUSE,VLIIGGGDGGVLR,2,2,0.00194798470340445,0.22
SPEE_MOUSE,VLIIGGGDGGVLR,2,6,0.00123474195572899,0.16
SPEE_MOUSE,VLIIGGGDGGVLR,2,9,0.000250205954143641,0.22
SPEE_MOUSE,VLIIGGGDGGVLR,2,21,0.00123685357432626,0.870000000000001
SPEE_MOUSE,LTLHVGDGFEFMK,3,1,0.000300943530024643,0
SPEE_MOUSE,LTLHVGDGFEFMK,3,2,0.00278586874466816,0
SPEE_MOUSE,LTLHVGDGFEFMK,3,7,0.00115582849039902,0.52
SPEE_MOUSE,LTLHVGDGFEFMK,3,9,0.00148042480951359,0.58
SPEE_MOUSE,LTLHVGDGFEFMK,3,13,0.000869591637020759,0.910000000000001
SPEE_MOUSE,LTLHVGDGFEFMK,3,16,0.00256782112309921,0.77
SPEE_MOUSE,LTLHVGDGFEFMK,3,24,0.00230743978976766,0.71
SPEE_MOUSE,LTLHVGDGFEFMK,3,31,0.000891706427587152,0.960000000000001
SPEE_MOUSE,YQDILVFR,2,0,0.00774023834215026,0
SPEE_MOUSE,AAFVLPEFTR,2,0,0.031815613983764,0
SPEE_MOUSE,AAFVLPEFTR,2,1,0.0360653315165273,0
SPEE_MOUSE,AAFVLPEFTR,2,3,0.00199870518957044,0.54
SPEE_MOUSE,AAFVLPEFTR,2,6,0.0423493778466848,0
SPEE_MOUSE,AAFVLPEFTR,2,9,0.0105909434797563,0.55
SPEE_MOUSE,AAFVLPEFTR,2,13,0.016747218633762,0.66
SPEE_MOUSE,AAFVLPEFTR,2,16,0.0167024094575065,0.66
SPEE_MOUSE,AAFVLPEFTR,2,21,0.00721390811448136,0.37
SPEE_MOUSE,AAFVLPEFTR,2,31,0.0070400805824824,0.940000000000001

