Protein,Peptide,charge,time,RSS,theta
PSA3_MOUSE,VFQVEYAMK,2,1,2.71391374881829E-05,0
PSA3_MOUSE,VFQVEYAMK,2,2,0.000437645241954897,0.16
PSA3_MOUSE,VFQVEYAMK,2,6,0.000107184469003153,0.61
PSA3_MOUSE,VFQVEYAMK,2,7,0.000147027042622492,0.72
PSA3_MOUSE,VFQVEYAMK,2,9,3.19488970218164E-05,0.71
PSA3_MOUSE,VFQVEYAMK,2,16,0.000215827903072151,0.850000000000001
PSA3_MOUSE,VFQVEYAMK,2,21,0.000811403449417484,0.820000000000001
PSA3_MOUSE,VFQVEYAMK,2,31,8.51107186578967E-05,0.950000000000001
PSA3_MOUSE,SNFGYNIPLK,2,7,0.00021265440875503,0.48
PSA3_MOUSE,SNFGYNIPLK,2,9,0.000232078026421372,0.51
PSA3_MOUSE,SNFGYNIPLK,2,13,0.00032900201502178,0.6
PSA3_MOUSE,AVENSSTAIGIR,2,31,0.00260905717928673,0.930000000000001
PSA3_MOUSE,cKDGVVFGVEK,2,1,0.00101627708177318,0
PSA3_MOUSE,cKDGVVFGVEK,2,16,0.000258009295354778,0.930000000000001
PSA3_MOUSE,cKDGVVFGVEK,2,24,0.00187629131047547,0.65
PSA3_MOUSE,HVGMAVAGLLADAR,3,13,0.00166897797982277,0.8
PSA3_MOUSE,MIDPSGVSYGYWGcAIGK,2,2,0.00361006159458783,0.32
PSA3_MOUSE,MIDPSGVSYGYWGcAIGK,2,3,0.00151335458332978,0.52
PSA3_MOUSE,MIDPSGVSYGYWGcAIGK,2,6,0.000901619332213689,0.74
PSA3_MOUSE,MIDPSGVSYGYWGcAIGK,2,13,0.00102089847005301,0.870000000000001
PSA3_MOUSE,MIDPSGVSYGYWGcAIGK,2,16,0.00457293316557262,0.79
PSA3_MOUSE,MIDPSGVSYGYWGcAIGK,2,21,0.00382080938720431,0.8
PSA3_MOUSE,MIDPSGVSYGYWGcAIGK,2,24,0.000361249048381888,0.980000000000001
PSA3_MOUSE,MIDPSGVSYGYWGcAIGK,2,31,0.00357702488719386,0.75
PSA3_MOUSE,MLGSYSANDGAQLYMIDPSGVSYGYWGcAIGK,3,3,0.00552229503232634,0
PSA3_MOUSE,MLGSYSANDGAQLYMIDPSGVSYGYWGcAIGK,3,6,0.0162322467855656,0
PSA3_MOUSE,MLGSYSANDGAQLYMIDPSGVSYGYWGcAIGK,3,7,0.015736026888284,0
PSA3_MOUSE,MLGSYSANDGAQLYMIDPSGVSYGYWGcAIGK,3,9,0.00548942250098804,0.26
PSA3_MOUSE,MLGSYSANDGAQLYMIDPSGVSYGYWGcAIGK,3,13,0.00937044416005107,0.3
PSA3_MOUSE,MLGSYSANDGAQLYMIDPSGVSYGYWGcAIGK,3,16,100,NaN
PSA3_MOUSE,MLGSYSANDGAQLYMIDPSGVSYGYWGcAIGK,3,21,0.020293518368361,0
PSA3_MOUSE,MLGSYSANDGAQLYMIDPSGVSYGYWGcAIGK,3,24,100,NaN
PSA3_MOUSE,MLGSYSANDGAQLYMIDPSGVSYGYWGcAIGK,3,31,100,NaN

