Protein,Peptide,charge,time,RSS,theta
MCTS1_MOUSE,NQLLEQFPGIEPWLNQIMPK,3,3,0.000981397720351609,0.36
MCTS1_MOUSE,NQLLEQFPGIEPWLNQIMPK,3,9,0.00556866143385983,0
MCTS1_MOUSE,NQLLEQFPGIEPWLNQIMPK,3,13,0.00393215610371021,0
MCTS1_MOUSE,NQLLEQFPGIEPWLNQIMPK,3,16,0.00300755836016353,0
MCTS1_MOUSE,NQLLEQFPGIEPWLNQIMPK,3,21,0.00467693270757716,0
MCTS1_MOUSE,NQLLEQFPGIEPWLNQIMPK,3,24,0.00363893463047459,0
MCTS1_MOUSE,NQLLEQFPGIEPWLNQIMPK,3,31,0.00347435273892023,0
MCTS1_MOUSE,NQLLEQFPGIEPWLNQIMPK,2,2,0.00440591711604035,0
MCTS1_MOUSE,NQLLEQFPGIEPWLNQIMPK,2,3,0.00359120985090883,0.31
MCTS1_MOUSE,NQLLEQFPGIEPWLNQIMPK,2,7,0.00764383061423456,0
MCTS1_MOUSE,NQLLEQFPGIEPWLNQIMPK,2,9,0.00854570905433461,0
MCTS1_MOUSE,NQLLEQFPGIEPWLNQIMPK,2,13,0.00371825198509139,0
MCTS1_MOUSE,NQLLEQFPGIEPWLNQIMPK,2,16,0.0032697575535033,0
MCTS1_MOUSE,NQLLEQFPGIEPWLNQIMPK,2,21,0.00439718981674892,0
MCTS1_MOUSE,NQLLEQFPGIEPWLNQIMPK,2,24,0.00420683178588838,0
MCTS1_MOUSE,NQLLEQFPGIEPWLNQIMPK,2,31,0.00410203829295474,0
MCTS1_MOUSE,EGPFYPTLR,2,0,0.0192233365664711,0
MCTS1_MOUSE,EGPFYPTLR,2,7,0.000667210632574352,0.68
MCTS1_MOUSE,EGPFYPTLR,2,13,0.00134403412393044,0.910000000000001
MCTS1_MOUSE,QHALcVGVMK,2,0,0.000443621110937647,0
MCTS1_MOUSE,QHALcVGVMK,2,3,3.41566633353346E-05,0.58
MCTS1_MOUSE,QHALcVGVMK,2,7,8.26672769850155E-05,0.900000000000001
MCTS1_MOUSE,QHALcVGVMK,2,9,8.96849314043637E-05,0.980000000000001
MCTS1_MOUSE,QHALcVGVMK,2,16,0.00131629590937908,0.920000000000001
MCTS1_MOUSE,QHALcVGVMK,2,21,0.000325296804584056,0.950000000000001
MCTS1_MOUSE,YPFILPHQQVDK,3,0,0.00869571552982656,0
MCTS1_MOUSE,YPFILPHQQVDK,3,9,0.00488686744026705,0.32
MCTS1_MOUSE,YPFILPHQQVDK,3,13,0.00584860724681233,0.39
MCTS1_MOUSE,YPFILPHQQVDK,3,21,0.00523746567353635,0.840000000000001
MCTS1_MOUSE,YPFILPHQQVDK,3,31,0.0032460359657342,0.27
MCTS1_MOUSE,GIGIENIHYLNDGLWHMK,4,0,0.00262901539646295,0
MCTS1_MOUSE,GIGIENIHYLNDGLWHMK,4,1,0.00180614466243143,0
MCTS1_MOUSE,GIGIENIHYLNDGLWHMK,4,7,0.00141461999895021,0.48
MCTS1_MOUSE,GIGIENIHYLNDGLWHMK,4,9,0.00123718038149407,0.49
MCTS1_MOUSE,GIGIENIHYLNDGLWHMK,4,13,0.00467828033236158,0.39
MCTS1_MOUSE,GIGIENIHYLNDGLWHMK,4,16,0.00208208287349334,0.57

