Protein,Peptide,charge,time,RSS,theta
S5A1_MOUSE,YSSQWSGR,2,13,0.000217589256631134,0.19
S5A1_MOUSE,YSSQWSGR,2,16,0.00015977018083225,0.13
S5A1_MOUSE,YSSQWSGR,2,21,0.000113406245427952,0.14
S5A1_MOUSE,YSSQWSGR,2,31,0.000544329589052297,0.28

