Protein,Peptide,charge,time,RSS,theta
S35D1_MOUSE,LNLPMFTVLR,2,2,0.000939545122270859,0
S35D1_MOUSE,LNLPMFTVLR,2,3,0.000279781560500982,0
S35D1_MOUSE,TFPLPLLYFGNQITGLFSTK,2,1,0.00260249335796191,0
S35D1_MOUSE,TFPLPLLYFGNQITGLFSTK,2,6,0.00205002836973395,0.28
S35D1_MOUSE,TFPLPLLYFGNQITGLFSTK,2,9,0.00347040241180078,0.35
S35D1_MOUSE,TFPLPLLYFGNQITGLFSTK,2,16,0.00475136041870858,0.39
S35D1_MOUSE,TFPLPLLYFGNQITGLFSTK,2,24,0.00425553296206317,0.41
S35D1_MOUSE,TFPLPLLYFGNQITGLFSTK,3,1,0.000493776070201461,0
S35D1_MOUSE,TFPLPLLYFGNQITGLFSTK,3,2,0.00172499076165416,0
S35D1_MOUSE,TFPLPLLYFGNQITGLFSTK,3,6,0.000761216078778649,0.47
S35D1_MOUSE,TFPLPLLYFGNQITGLFSTK,3,9,0.000977101349682381,0.45
S35D1_MOUSE,TFPLPLLYFGNQITGLFSTK,3,13,0.00158592385919583,0.58
S35D1_MOUSE,TFPLPLLYFGNQITGLFSTK,3,16,0.00191380140513548,0.68
S35D1_MOUSE,TFPLPLLYFGNQITGLFSTK,3,24,0.00151002693770356,0.66

