Protein,Peptide,charge,time,RSS,theta
MBB1A_MOUSE,AEPATPAEAAQSDR,2,2,0.0373964499807816,0
MBB1A_MOUSE,AEPATPAEAAQSDR,2,3,100,NaN
MBB1A_MOUSE,AEPATPAEAAQSDR,2,6,0.0864779042798344,0
MBB1A_MOUSE,AEPATPAEAAQSDR,2,9,100,NaN
MBB1A_MOUSE,AEPATPAEAAQSDR,2,13,0.0265798121336142,0
MBB1A_MOUSE,AEPATPAEAAQSDR,2,24,0.0123628825547152,0
MBB1A_MOUSE,AEPATPAEAAQSDR,2,31,100,NaN
MBB1A_MOUSE,ELSILELLNTLLR,2,3,0.00215432033242267,0.62
MBB1A_MOUSE,ELSILELLNTLLR,2,6,0.00123223394971487,0.950000000000001
MBB1A_MOUSE,ELSILELLNTLLR,2,13,0.00100803759971566,0.840000000000001
MBB1A_MOUSE,SPAPSNPTLSPSTPAK,2,1,0.0157812254721506,0
MBB1A_MOUSE,SPAPSNPTLSPSTPAK,2,2,0.0334500260839321,0.61
MBB1A_MOUSE,SPAPSNPTLSPSTPAK,2,6,0.0352768737061126,0.6
MBB1A_MOUSE,SPAPSNPTLSPSTPAK,2,9,0.036324891804848,0.6
MBB1A_MOUSE,SPAPSNPTLSPSTPAK,2,24,0.00849023091498749,0.930000000000001
MBB1A_MOUSE,SPAPSNPTLSPSTPAK,2,31,0.011512971274211,0.970000000000001
MBB1A_MOUSE,LSVDLTAPLGVLQSK,2,0,0.0073705390861182,0
MBB1A_MOUSE,LSVDLTAPLGVLQSK,2,1,0.00401094857282364,0
MBB1A_MOUSE,LSVDLTAPLGVLQSK,2,2,0.00397783163279241,0
MBB1A_MOUSE,LSVDLTAPLGVLQSK,2,3,0.000977650998069523,0
MBB1A_MOUSE,LSVDLTAPLGVLQSK,2,6,0.00029349589574493,0.1
MBB1A_MOUSE,LSVDLTAPLGVLQSK,2,24,0.000635124769787625,0.31
MBB1A_MOUSE,LSVDLTAPLGVLQSK,2,31,0.000559320583311715,0.28
MBB1A_MOUSE,NVTSVTSLTTQQR,2,0,0.0010476610397041,0
MBB1A_MOUSE,NVTSVTSLTTQQR,2,9,0.00124319631256535,0.46
MBB1A_MOUSE,NVTSVTSLTTQQR,2,24,0.000432814736372472,0.28
MBB1A_MOUSE,NVTSVTSLTTQQR,2,31,0.00106367918165486,0

