Protein,Peptide,charge,time,RSS,theta
ATPK_MOUSE,DFTPSGIAGAFR,2,24,0.000336469811385222,0.77
ATPK_MOUSE,LGELPSWIMMR,2,3,0.000998734158746659,0.17
ATPK_MOUSE,LGELPSWIMMR,2,7,0.000712124934171183,0.37
ATPK_MOUSE,LGELPSWIMMR,2,13,0.011141682533323,0.58
ATPK_MOUSE,LGELPSWIMMR,2,21,0.00081921726080685,0.79
ATPK_MOUSE,LGELPSWIMMR,2,31,0.00109151831683768,0.900000000000001
ATPK_MOUSE,LGELPSWIMmR,2,2,0.000983056021022566,0
ATPK_MOUSE,LGELPSWIMmR,2,13,0.000926142139573431,0.48
ATPK_MOUSE,LGELPSWIMmR,2,31,0.000695048207879682,0.77

