Protein,Peptide,charge,time,RSS,theta
GNA11_MOUSE,IIHGAGYSEEDKR,3,6,0.00397564613849937,0.64
GNA11_MOUSE,IIHGAGYSEEDKR,3,7,0.00134229039066932,0.77
GNA11_MOUSE,IIHGAGYSEEDKR,3,9,0.00136587166435682,0.73
GNA11_MOUSE,IIHGAGYSEEDKR,3,13,0.00146814035157855,0.78
GNA11_MOUSE,IIHGAGYSEEDKR,3,24,0.00125678305270666,0.73
GNA11_MOUSE,VPTTGIIEYPFDLENIIFR,2,2,0.00142388306963392,0.29
GNA11_MOUSE,VPTTGIIEYPFDLENIIFR,2,6,0.00216589511355324,0.63
GNA11_MOUSE,VPTTGIIEYPFDLENIIFR,2,7,0.00181889649461276,0.57
GNA11_MOUSE,VPTTGIIEYPFDLENIIFR,2,9,0.001952680930973,0.56
GNA11_MOUSE,VPTTGIIEYPFDLENIIFR,3,24,0.00336698072355323,0.7

