Protein,Peptide,charge,time,RSS,theta
S22AI_MOUSE,AVSASDTGTMLGLSASVQPLTR,2,2,0.0096838900619493,0.4
S22AI_MOUSE,AVSASDTGTMLGLSASVQPLTR,2,24,0.00610165982508937,0.79
S22AI_MOUSE,ASVFDLK,2,0,0.00868907031282218,0
S22AI_MOUSE,ASVFDLK,2,3,0.00851839404849528,0.56
S22AI_MOUSE,ASVFDLK,2,7,0.0796279567112542,0
S22AI_MOUSE,ASVFDLK,2,16,0.00084060474684486,0.44
S22AI_MOUSE,ASVFDLK,2,31,0.0667853112167186,0

