Protein,Peptide,charge,time,RSS,theta
PX11A_MOUSE,NFcDILIPLNQLGIYK,3,2,0.00572713379558197,0
PX11A_MOUSE,NFcDILIPLNQLGIYK,3,3,0.0125058551617486,0
PX11A_MOUSE,NFcDILIPLNQLGIYK,3,7,0.0170487259484919,0
PX11A_MOUSE,NFcDILIPLNQLGIYK,3,9,0.000722615222317513,0.44
PX11A_MOUSE,NFcDILIPLNQLGIYK,3,16,0.0108717806334465,0
PX11A_MOUSE,NFcDILIPLNQLGIYK,3,21,0.00709349257936375,0.47
PX11A_MOUSE,NFcDILIPLNQLGIYK,2,16,0.00287807646861368,0.76
PX11A_MOUSE,LGNVFHAIQATEQSIQAADLAPR,3,6,0.0140542348200725,0.34
PX11A_MOUSE,LGNVFHAIQATEQSIQAADLAPR,3,7,0.0363057546783239,0
PX11A_MOUSE,LGNVFHAIQATEQSIQAADLAPR,3,16,0.0171531876448179,0.35
PX11A_MOUSE,VVYYIcDTVLWAK,2,0,0.00901500708947969,0
PX11A_MOUSE,VVYYIcDTVLWAK,2,2,0.03664034837848,0
PX11A_MOUSE,VVYYIcDTVLWAK,2,3,0.0395496560937098,0
PX11A_MOUSE,VVYYIcDTVLWAK,2,6,0.0249137630676749,0
PX11A_MOUSE,VVYYIcDTVLWAK,2,7,0.0294146602919083,0
PX11A_MOUSE,VVYYIcDTVLWAK,2,9,0.0387729871211416,0
PX11A_MOUSE,VVYYIcDTVLWAK,2,16,0.00674180504036764,0
PX11A_MOUSE,HPPLLLDTVK,2,0,0.000474374250949142,0
PX11A_MOUSE,HPPLLLDTVK,2,1,4.4809768902972E-05,0
PX11A_MOUSE,HPPLLLDTVK,2,2,0.000517056087867816,0
PX11A_MOUSE,HPPLLLDTVK,2,3,0.000294772899309653,0.27
PX11A_MOUSE,HPPLLLDTVK,2,7,0.00127676149194452,0.56
PX11A_MOUSE,HPPLLLDTVK,2,9,0.000426273658048664,0.65
PX11A_MOUSE,HPPLLLDTVK,2,21,0.000480449350562991,0.71

