Protein,Peptide,charge,time,RSS,theta
RU2B_MOUSE,ELGSSTNALR,2,2,0.0260331673383482,0
RU2B_MOUSE,GQAFVIFK,2,0,0.00152172141703581,0
RU2B_MOUSE,GQAFVIFK,2,9,0.00195959635934711,0.64
RU2B_MOUSE,GQAFVIFK,2,13,0.00427748141178563,0.36
RU2B_MOUSE,GQAFVIFK,2,24,0.000605063017244692,0.71
RU2B_MOUSE,SLYALFSQFGHVVDIVALK,3,0,0.000730226261598121,0
RU2B_MOUSE,SLYALFSQFGHVVDIVALK,3,3,0.00151298987559973,0.22
RU2B_MOUSE,SLYALFSQFGHVVDIVALK,3,9,0.0115680647048319,0
RU2B_MOUSE,SLYALFSQFGHVVDIVALK,3,13,0.00143093048300118,0.18
RU2B_MOUSE,SLYALFSQFGHVVDIVALK,3,16,0.00111507551871717,0.41
RU2B_MOUSE,SLYALFSQFGHVVDIVALK,3,24,0.00215911073208149,0.67

