Protein,Peptide,charge,time,RSS,theta
IPO5_MOUSE,QMAAVLLR,2,1,0.00416507429298328,0.31
IPO5_MOUSE,QMAAVLLR,2,3,0.00995043639066766,0
IPO5_MOUSE,QMAAVLLR,2,9,0.00650263895487519,0.41
IPO5_MOUSE,QMAAVLLR,2,21,0.0113579685706908,0.46
IPO5_MOUSE,QMAAVLLR,2,24,0.00629894939407245,0.870000000000001
IPO5_MOUSE,QMAAVLLR,2,31,0.00302737304057095,0.71
IPO5_MOUSE,FVPYYDLFMPSLK,2,6,0.000365726118289611,0
IPO5_MOUSE,FVPYYDLFMPSLK,2,13,0.00188088748074928,0
IPO5_MOUSE,FVPYYDLFMPSLK,2,16,0.00295735665976115,0
IPO5_MOUSE,FMQDASDVMQLLLK,2,16,0.00214372197505035,0.65
IPO5_MOUSE,FMQDASDVMQLLLK,2,24,0.00113044706794356,0.46
IPO5_MOUSE,LMVPLLK,2,0,0.0121653756886131,0
IPO5_MOUSE,LMVPLLK,2,2,0.0592659972445474,0
IPO5_MOUSE,LMVPLLK,2,3,0.184547522823447,0
IPO5_MOUSE,LMVPLLK,2,6,0.105583952992762,0
IPO5_MOUSE,LMVPLLK,2,9,0.0252179614222367,0
IPO5_MOUSE,LMVPLLK,2,13,0.0278949377125809,0
IPO5_MOUSE,LMVPLLK,2,21,0.0726896397820743,0
IPO5_MOUSE,LMVPLLK,2,24,0.0280461415644438,0
IPO5_MOUSE,SLLIPYLDNLVK,2,0,0.00268398086352564,0
IPO5_MOUSE,SLLIPYLDNLVK,2,1,0.00270644048563894,0
IPO5_MOUSE,SLLIPYLDNLVK,2,3,0.00476559783174991,0
IPO5_MOUSE,SLLIPYLDNLVK,2,6,0.00057428122281532,0
IPO5_MOUSE,SLLIPYLDNLVK,2,9,0.000400413196020407,0
IPO5_MOUSE,SLLIPYLDNLVK,2,13,0.000495916620944715,0
IPO5_MOUSE,SLLIPYLDNLVK,2,16,0.000531346946779093,0.17
IPO5_MOUSE,SLLIPYLDNLVK,2,24,0.000472341352570353,0.16
IPO5_MOUSE,SLLIPYLDNLVK,2,31,0.000285713919879753,0.32

