proteinName,peptideSeq,charge,old_Rsquared,new_Rsquared,NDP,rateconstant,sigma,Abundance,MassToCharge,RMSE,selected_A1A0_count, selected_A2A0_count, selected_A2A1_count,improved_timePoints,new_k,I0_percentatediffI0_percentatediff,selected_io_t,i0,I0_asymptote,new_rmse,lowerci_old,upperci_old,sigma_old,lowerci_new,upperci_new,sigma_new,old_pearson,new_pearson
ARL8B_MOUSE,MNLSAIQDR,2,-0.636571568126962,0.954886794915571,4,0.31733,0.0984878775924005,104885455,524.26617,0.0507582679092282,0,1,1,2| 24,NaN,,NaN| 0.433486567823701| 0.360030329970086| NaN| 0.276644373268182| NaN| NaN| NaN| NaN| NaN| 0.193699998613942| NaN,NaN,NaN,0.0110106266039683,0,1.01679446681613,0.219788301130956,0.181348727691443,0.453311272308557,0.0427285362505487,0.467669158478523,0.986722054480714
ARL8B_MOUSE,DNIDITLQWLIQHSK,3,NaN,NaN,1,0.15685,0.00623302924670421,8376085,608.65985,0.00123252179893388,NaN,NaN,NaN,NaNNaN,NaN,NaN,NaN,NaN,NaNNaN,NaN,NaN,NaN,NaN,NaN,NaN,NaN
ARL8B_MOUSE,EKDNIDITLQWLIQHSK,3,0.705404814272084,0.962375394574429,3,1.09331,0.11911611166089,260690300,694.37238,0.0103961773318185,0,2,1,1| 2| 6,NaN,0.0326133276677267|,NaN| 0.146037777822332| 0.103551636555248| NaN| 0.070414689408426| NaN| NaN| NaN| NaN| NaN| NaN| NaN,NaN,NaN,0.00300184495065122,0,2.61395456242102,0.353420240473305,0.730819185196988,1.45580081480301,0.0842482155942332,0.930140877747805,0.992804130852664
ARL8B_MOUSE,NELHNLLDKPQLQGIPVLVLGNK,4,0.939100795844339,0.960427134460587,4,0.13091,0.0152504692467331,31322160,638.86945,0.00963578850837596,0,2,0,1| 2,NaN,,NaN| 0.223597179749895| 0.17061615969463| NaN| 0.121048645033558| NaN| NaN| NaN| NaN| NaN| 0.0462933073300033| NaN,NaN,NaN,0.00750180007178612,0.0338424009924794,0.227977599007521,0.0305009384934661,0.0553394620445698,0.20648053795543,0.0237460527886153,0.977253331061581,0.984479789503022
ARL8B_MOUSE,GVNAIVYMIDAADR,2,-7.57847554301816,0.929484702621764,4,0.0587,0.025267216997584,16335970,754.38232,0.0550336976475991,1,1,0,1| 24,NaN,,NaN| 0.417580227306735| 0.406532605627262| NaN| 0.315841698752664| NaN| NaN| NaN| NaN| NaN| 0.193748872950435| NaN,NaN,NaN,0.0137652799497227,0,0.228592265715347,0.0533841735046721,0.0184741856067306,0.0989258143932694,0.0126399035641505,0.0866888097376193,0.99117404241787

