proteinName,peptideSeq,charge,old_Rsquared,new_Rsquared,NDP,rateconstant,sigma,Abundance,MassToCharge,RMSE,selected_A1A0_count, selected_A2A0_count, selected_A2A1_count,improved_timePoints,new_k,I0_percentatediffI0_percentatediff,selected_io_t,i0,I0_asymptote,new_rmse,lowerci_old,upperci_old,sigma_old,lowerci_new,upperci_new,sigma_new,old_pearson,new_pearson
ATX2_MOUSE,TSPAGGTWSSVVSGVPR,2,-0.356204607445468,-0.464569080892741,9,0.03269,0.0160151478308841,13549092.5,822.92065,0.0972809206862637,5,0,2,0| 1| 6| 9| 13| 21| 24,NaN,,0.447886902226308| 0.479184806683719| NaN| 0.358091108231694| 0.328900739506928| 0.345066191635238| 0.299700790519762| 0.294236747368522| NaN| 0.274706033621666| 0.466040959966633| NaN,0.38952,0.0904541006975978,0.0775545441115497,0,0.0830736154469448,0.021848883390853,0,0.0744118323851372,0.0180926962574865,0.192070929820663,0.335931232190178
ATX2_MOUSE,GLPQPTISFDGIYANVR,2,0.381945518437301,0.139459560225035,9,0.01185,0.00470826855090792,19027840,924.48615,0.03554148778525,0,2,0,0| 3,NaN,,0.32491167228183| 0.343000260958722| NaN| 0.239106362165902| 0.276725383136722| 0.316375642939839| 0.364905247720319| 0.310864409608361| NaN| 0.277713564723035| 0.232455802484074| NaN,0.32491167228183,0.075450793598289,0.0342474014799995,0,0.0260790019548827,0.00617041476127935,0,0.0256274743237122,0.00597460954814253,0.761865605901035,0.442177172979059

