proteinName,peptideSeq,charge,old_Rsquared,new_Rsquared,NDP,rateconstant,sigma,Abundance,MassToCharge,RMSE,selected_A1A0_count, selected_A2A0_count, selected_A2A1_count,improved_timePoints,new_k,I0_percentatediffI0_percentatediff,selected_io_t,i0,I0_asymptote,new_rmse,lowerci_old,upperci_old,sigma_old,lowerci_new,upperci_new,sigma_new,old_pearson,new_pearson
CHMP3_MOUSE,ILFEITAGALGK,2,-333.735440308349,-3.48148961757192,5,3.89514,22249.6883800571,12270952.2,616.86609,0.16235615148357,0,4,1,0| 3| 9| 21| 24,NaN,,0.275677129105596| NaN| NaN| 0.169349492882468| NaN| NaN| 0.170144802965852| NaN| NaN| 0.170144802965852| 0.170144802965852| NaN,0.4737,0.184673951485145,0.0577936411245459,1.89823914796649,5.89204085203351,0.719229365762482,3.07629628391341,4.71398371608659,0.294925231755907,0.997698424922934,0.999973419552429

