proteinName,peptideSeq,charge,old_Rsquared,new_Rsquared,NDP,rateconstant,sigma,Abundance,MassToCharge,RMSE,selected_A1A0_count, selected_A2A0_count, selected_A2A1_count,improved_timePoints,new_k,I0_percentatediffI0_percentatediff,selected_io_t,i0,I0_asymptote,new_rmse,lowerci_old,upperci_old,sigma_old,lowerci_new,upperci_new,sigma_new,old_pearson,new_pearson
COPG2_MOUSE,TLEEAVNNIITFLGMQPcER,3,-0.119552143702383,-0.0446336027934031,3,0,0.0117903693867157,2629355,779.05219,0.0392882042353238,1,1,1,0| 1| 16,NaN,,0.303899721147912| 0.192499337032687| NaN| NaN| NaN| NaN| NaN| NaN| 0.282814770205863| NaN| NaN| NaN,0.24953,0.0416713005876248,0.0246921698517466,0,0.12426228403519,0.0288803888763848,0,0.0780973700193761,0.0181509814815875,-2,-2
COPG2_MOUSE,QDIFQEQLAAIPEFMNLGPLFK,3,0.999016532674258,0.999016532674258,3,0.38282,0.0093331669167505,2456603,850.44177,0.00116904103387918,0,0,0,,NaN,,0.208473634190566| 0.150357351333794| NaN| NaN| NaN| NaN| NaN| NaN| 0.0294813874775621| NaN| NaN| NaN,0.208473634190566,0.025036938119359,0.00116904103387918,0.28493759495942,0.48070240504058,0.0227493156405141,0.28493759495942,0.48070240504058,0.0227493156405141,0.999978464558048,0.999978464558048

