proteinName,peptideSeq,charge,old_Rsquared,new_Rsquared,NDP,rateconstant,sigma,Abundance,MassToCharge,RMSE,selected_A1A0_count, selected_A2A0_count, selected_A2A1_count,improved_timePoints,new_k,I0_percentatediffI0_percentatediff,selected_io_t,i0,I0_asymptote,new_rmse,lowerci_old,upperci_old,sigma_old,lowerci_new,upperci_new,sigma_new,old_pearson,new_pearson
DOLK_MOUSE,SLLSLFLDER,2,0.666161989729035,0.985328592264066,4,0.21504,0.0500338833492409,5535794.25,596.83221,0.0330507550281089,0,2,1,1| 3| 6,NaN,-0.000508302303995359|0.0112252788904933|,NaN| 0.437761040647109| NaN| 0.380310825241508| 0.301002075323161| NaN| NaN| NaN| NaN| NaN| 0.233219505122269| NaN,NaN,NaN,0.00542707604983223,0,0.615527982870786,0.125842809112521,0.162747450707945,0.267332549292055,0.0164315574499783,0.878251859076062,0.996734099907915

