proteinName,peptideSeq,charge,old_Rsquared,new_Rsquared,NDP,rateconstant,sigma,Abundance,MassToCharge,RMSE,selected_A1A0_count, selected_A2A0_count, selected_A2A1_count,improved_timePoints,new_k,I0_percentatediffI0_percentatediff,selected_io_t,i0,I0_asymptote,new_rmse,lowerci_old,upperci_old,sigma_old,lowerci_new,upperci_new,sigma_new,old_pearson,new_pearson
ECSIT_MOUSE,DLSVYNLLLDVFPK,2,0.410925293344895,0.745071186896562,12,0.25923,0.16325308321011,9719217.33333333,818.45325,0.0853516503549561,5,6,0,0| 2| 3| 6| 7| 9| 13| 16| 21| 24| 31,0.40917344342391,,0.360215187661651| 0.249117067254983| 0.299466762507628| 0.249563281547138| 0.177382008586277| 0.170836654388351| 0.171423004930795| 0.170837047336908| 0.170837047336908| 0.172461060266112| 0.177891841626201| 0.170837047336908,0.360215187661651,0.177720985494739,0.0308347663732572,0,0.631503150957476,0.16913932812102,0.123648159239658,0.394811840760342,0.0616005247561752,0.700433098409786,0.938333288732346

