protien,peptide,charge,rsquared,rateconstant,mo,io_e,io_a1a0,io_a2a0,io_a2a1
IF4H_MOUSE,GFcYVEFDEVDSLK,2,0.975810072370184,0.52889,0.36147,0.363598248754737,0.3470917372062,0.369913779133232,0.407303144809129
IF4H_MOUSE,VGNLPFNTVQGDIDAIFK,3,0.697309688337817,0.6149,0.31414,0.342636627003326,0.341254687792708,0.349897437632698,0.359431382888759

