protien,peptide,charge,rsquared,rateconstant,mo,io_e,io_a1a0,io_a2a0,io_a2a1
TCTP_MOUSE,EIADGLcLEVEGK,2,0.94630339727987,0.53814,0.44215,0.455590050532238,0.43481429503381,0.453792590940837,0.494341635372907
TCTP_MOUSE,DLISHDELFSDIYK,3,0.975915095880998,0.40945,0.36786,0.383856204677237,0.392369012536789,0.37521402920484,0.35356260454316
TCTP_MOUSE,DLISHDELFSDIYK,2,-0.0719943994334344,0.93673,0.36786,0.377431383786269,0.35143423712112,0.385237940259828,0.428885401615081
TCTP_MOUSE,IGENMNPDGMVALLDYR,2,0.267261049085152,0.04839,0.31075,0.350032868085591,0.359374711682861,0.339941175557469,0.305020884856695
TCTP_MOUSE,FIGENMNPDGMVALLDYR,2,0.702635863699267,0.52374,0.27914,0.308132256138708,0.289743917977451,0.31494469846681,0.362904813015075

