protien,peptide,charge,rsquared,rateconstant,mo,io_e,io_a1a0,io_a2a0,io_a2a1
MCCB_MOUSE,TDFGIFR,2,0.848653147005268,0.05934,0.5959,0.653499907284175,0.647466492294133,0.641355133324406,0.631686114177158
MCCB_MOUSE,AQEIALQNR,2,0.964671344255956,0.09865,0.55899,0.613226388370256,0.610762304607229,0.604273512470368,0.594943545729191
MCCB_MOUSE,ALVSQLHER,3,0.98868812210663,0.13749,0.54781,0.556893542788452,0.554090528222784,0.564935611346085,0.580020337017118
MCCB_MOUSE,QGTIFLAGPPLVK,2,0.905853736036866,0.15403,0.43929,0.411478321204424,0.415816350298504,0.387948820288082,0.356448985733149
MCCB_MOUSE,GAHFVQLccQR,2,0.882938246186806,0.13753,0.44722,0.46078348579879,0.414383157114879,0.459179059511699,0.563836731123737
MCCB_MOUSE,ALYGDTLVTGFAR,2,0.95285852277684,0.10838,0.43991,0.440082266458884,0.4403015949513,0.404390148337739,0.36198132321286
MCCB_MOUSE,FEEEGNPYYSSAR,2,0.984849501903495,0.11176,0.409,0.413810043145432,0.410554592497368,0.391066170123664,0.367941525922273
MCCB_MOUSE,VSGVEcMIVANDATVK,2,0.686354983594155,0.01659,0.36763,0.374232868662268,0.386915080954506,0.32991779908791,0.241767447395796
MCCB_MOUSE,RFEEEGNPYYSSAR,3,0.970005455961046,0.12283,0.3754,0.404671941606457,0.384101391944259,0.40400468794046,0.430198968197405
MCCB_MOUSE,QFSSAEEAALKEPIIK,3,-0.5891369106308,0.07053,0.35635,0.398735733746616,0.407570305290203,0.36907617934682,0.321940101914478
MCCB_MOUSE,NIPLLFLQNITGFMVGR,3,0.939458273046943,0.0818,0.29745,0.311797505069237,0.315461243540993,0.268219984426979,0.213603427298305
MCCB_MOUSE,NIPLLFLQNITGFMVGR,2,0.802730312265677,0.05168,0.29745,0.342107876557841,0.319357463044637,0.359290209929661,0.377696550727986
MCCB_MOUSE,SGVTDHYALDDHHALHLTR,3,0.215266979753999,0.12525,0.28964,0.266523369261116,0.189551605089029,0.294900224287518,0.414430878997971
MCCB_MOUSE,LGTQPDSASSTYQENYEQMK,2,0.930556470159962,0.12547,0.26901,0.303932831873205,0.294494590998549,0.254373451460543,0.204987531127975
MCCB_MOUSE,NITQIAVVMGScTAGGAYVPAMADENIIVQK,3,0.207097946383613,0.02049,0.14634,0.209301389337959,0.210509521458359,0.19505631878632,0.174113588340041

