protien,peptide,charge,rsquared,rateconstant,mo,io_e,io_a1a0,io_a2a0,io_a2a1
U5S1_MOUSE,GLAEDIENEVVQITWNR,3,0.951341026915384,0.28332,0.32025,0.340637497474909,0.334978019136385,0.316999064002214,0.295122676629453
U5S1_MOUSE,ISDGVVLFIDAAEGVMLNTER,3,-0.189585634550743,0.00564,0.26262,0.407897531533179,0.440873478612479,0.383323506514345,0.374763383077975
U5S1_MOUSE,SYLFNIMDTPGHVNFSDEVTAGLR,3,-0.0258235767376505,0.00034,0.20082,0.229198224364976,0.182488331329654,0.208803906720032,0.243947570275986

