protien,peptide,charge,rsquared,rateconstant,mo,io_e,io_a1a0,io_a2a0,io_a2a1
TMED9_MOUSE,QLVEQVEQIQK,2,-0.549224397825808,0.80278,0.46386,0.296560545742021,0.482706485717886,0.207844987770691,0.122545344819805
TMED9_MOUSE,cFIEEIPDETMVIGNYR,2,0.80703780086365,0.21058,0.28374,0.267702474591086,0.217911070388691,0.275348794675116,0.382456345772746
TMED9_MOUSE,QREEYQPATPGLGMFVEVK,3,0.899188894298358,0.16859,0.26784,0.298542244988868,0.255933697330377,0.314220654692158,0.398801863240992

