protien,peptide,charge,rsquared,rateconstant,mo,io_e,io_a1a0,io_a2a0,io_a2a1
VMA5A_MOUSE,ETLLLLLK,2,0.683541181066084,0.24084,0.56215,0.607557070073232,0.595240661152589,0.602707394700224,0.602707394700224
VMA5A_MOUSE,ANDNFTIHR,3,-2.78526068057032,0.05663,0.53906,0.46737335756508,0.441258798938966,0.486629799429701,0.544585748437061
VMA5A_MOUSE,VSGGTAVFITGK,2,0.375424800466594,0.07546,0.51307,0.519472014066032,0.503072716804016,0.51307,0.52552514499313
VMA5A_MOUSE,YLLPAILNPR,2,-6.6818336168728,10.94726,0.48643,0.127373625669391,0.0318167161213366,0.203722201017113,0.305960663955764
VMA5A_MOUSE,TSAQVSLTEGHK,2,-0.349283126208157,7.52144,0.49684,0.313369089100262,0.513985056008371,0.21657605749634,0.145410215236781
VMA5A_MOUSE,YTQDTMEDAVK,2,0.380009876745313,0.10102,0.46493,0.56740201098735,0.494588832147387,0.556140284080693,0.556140284080693
VMA5A_MOUSE,MTATITSQHGIER,2,-2.10994474402956,21.28765,0.43012,0.370812980116343,0.353187260198077,0.29419555232515,0.222671454945653
VMA5A_MOUSE,ELNKPVQGPLAHR,4,0.825114074852961,0.04128,0.42755,0.490214426150268,0.507841075602278,0.491253262617806,0.469063186513184
VMA5A_MOUSE,ANLGGTEILTPLcNIYK,2,0.301253592632613,0.02981,0.3306,0.338059392467078,0.31581147646531,0.281566852901832,0.238951381348426
VMA5A_MOUSE,VQSNcSLSPIQYLTDDK,2,-0.440685425491646,0.01061,0.32567,0.371934409284698,0.389060603960984,0.301984180411772,0.196313851392261
VMA5A_MOUSE,SLPMGcYFNIYGFGSSYEK,2,0.600257189905602,0.08784,0.25111,0.26347866059735,0.201783220980718,0.215240987327793,0.234886837096709
VMA5A_MOUSE,ASSIPGHPLQLFVFTDGEVSDTFSVIR,3,0.199523435185998,0.01044,0.17761,0.25180607160781,0.277017183152243,0.205426312015791,0.136402378686298

