protien,peptide,charge,rsquared,rateconstant,mo,io_e,io_a1a0,io_a2a0,io_a2a1
SELT_MOUSE,LNVHMDSIPHHR,4,0.937611735970664,0.18345,0.41557,0.4732690672848,0.445152987857645,0.456269456278581,0.475181563052685
SELT_MOUSE,LESGHLPSMQQLVQILDNEMK,3,0.0434192460114239,0.01341,0.23289,0.439268664740074,0.418464771279303,0.357271780191266,0.357271780191266

