protien,peptide,charge,rsquared,rateconstant,mo,io_e,io_a1a0,io_a2a0,io_a2a1
CAH1_MOUSE,ADGLAILGVLMK,2,0.175965876375576,0.00654,0.47185,0.538758202820096,0.530791495905601,0.499488543099679,0.438917874204667

