protien,peptide,charge,rsquared,rateconstant,mo,io_e,io_a1a0,io_a2a0,io_a2a1
PLAK_MOUSE,ISEDKNPDYR,3,0.679630045302428,0.49929,0.49921,0.549225531610549,0.504968377050774,0.570549925586296,0.609149858404739
PLAK_MOUSE,LLNDEDPVVVTK,2,0.400894452237131,0.25558,0.461,0.473481689290062,0.47003050374225,0.413637680211454,0.343079457749181
PLAK_MOUSE,HPEAEMAQNSVR,3,-0.245535032789433,0.36717,0.45163,0.363011587542294,0.410177194600539,0.33209791349365,0.23360024920037
PLAK_MOUSE,HPEAEMAQNSVR,2,0.447818445628277,0.21345,0.45163,0.397246551735266,0.322879128871022,0.423346812642223,0.627111826871734
PLAK_MOUSE,HVAAGTQQPYTDGVR,3,0.0129502734567103,0.30528,0.40267,0.372040594067557,0.313319710941529,0.376469193158,0.456091753314948
PLAK_MOUSE,HVAAGTQQPYTDGVR,2,-0.818748295710801,0.0001,0.40267,0.477201484488303,0.440477582598085,0.456091753314948,0.47841533278922
PLAK_MOUSE,SAIVHLINYQDDAELATR,3,-0.746499366230879,0.03651,0.31182,0.327213023001208,0.324924531385212,0.332613546719472,0.340269967517695

