protien,peptide,charge,rsquared,rateconstant,mo,io_e,io_a1a0,io_a2a0,io_a2a1
LGAT1_MOUSE,KPTVTHVHYR,3,-0.577663243322445,0.01184,0.4785,0.475765219319332,0.45983602669641,0.476493902395502,0.496911103844698
LGAT1_MOUSE,WIVLFPEGGFLR,2,-0.321791974470689,0.45148,0.40138,0.425975476962234,0.397806723525313,0.418786890660037,0.442105480590187
LGAT1_MOUSE,NNLPFLTHVTLPR,3,0.754671103801902,0.29498,0.40107,0.462470048235292,0.496470720113813,0.439534804508246,0.369791932592597
LGAT1_MOUSE,GLQWIIDTTIAYPK,2,0.747957545878677,0.18591,0.37203,0.462838608706219,0.484089330314215,0.440254312877746,0.385694597064471
LGAT1_MOUSE,AEPIDIQTWILGYR,2,0.231720385137879,0.02224,0.36435,0.392066677961052,0.356463473288534,0.385777587959215,0.420206090482306
LGAT1_MOUSE,IFPIGDVPLETEDLTSWLYQR,3,0.363048323087827,0.23701,0.22384,0.242734732993588,0.218124012584023,0.235544824094427,0.255518339347096

