proteinName,peptideSeq,charge,old_Rsquared,new_Rsquared,NDP,rateconstant,sigma,Abundance,MassToCharge,RMSE,selected_A1A0_count, selected_A2A0_count, selected_A2A1_count,improved_timePoints,new_k,I0_percentatediffI0_percentatediff,selected_io_t,i0,I0_asymptote,new_rmse,lowerci_old,upperci_old,sigma_old,lowerci_new,upperci_new,sigma_new,old_pearson,new_pearson
MITOK_MOUSE,DLQDLMMDLR,2,0.742977036216284,0.937277671609509,7,0.05889,0.0122734585494418,7954857,625.29938,0.0385122864900519,1,2,1,0| 2| 24| 31,NaN,0.0500660881288774|,0.507692927179795| NaN| 0.444306547191812| NaN| 0.371111162591988| NaN| NaN| 0.315432759647494| NaN| 0.280553033427867| 0.263317588497237| 0.271769608596486,0.45937,0.206266903046999,0.0167778302331554,0.016418237634552,0.101361762365448,0.0173572915378446,0.0403872289725131,0.0773927710274869,0.00756168270623365,0.923883410328433,0.977550809451285

