proteinName,peptideSeq,charge,old_Rsquared,new_Rsquared,NDP,rateconstant,sigma,Abundance,MassToCharge,RMSE,selected_A1A0_count, selected_A2A0_count, selected_A2A1_count,improved_timePoints,new_k,I0_percentatediffI0_percentatediff,selected_io_t,i0,I0_asymptote,new_rmse,lowerci_old,upperci_old,sigma_old,lowerci_new,upperci_new,sigma_new,old_pearson,new_pearson
PCY1A_MOUSE,NAPWTLTPEFLAEHR,3,0.819901292927334,0.819901292927334,11,1.6098,0.490466764070578,11512695.2727273,594.63715,0.0271357230899453,0,0,0,,NaN,,0.334667779095526| 0.129641706229561| 0.107818500273279| NaN| 0.110178976986521| 0.115531969761375| 0.124721105899502| 0.0756042490570578| 0.0863821890560709| 0.116933052682209| 0.100230381733697| 0.11804276616933,0.334667779095526,0.0777163508691418,0.0271357230899453,1.05479824048361,2.16480175951639,0.249087600254792,1.05479824048361,2.16480175951639,0.249087600254792,0.97394394147412,0.97394394147412
PCY1A_MOUSE,EFIGSFLEMFGPEGALK,2,-0.115665359222545,0.733498349241168,11,0.05448,0.0227138366088479,12480118.8571429,936.466,0.0914601833501434,1,2,1,0| 1| 21| 24,NaN,,0.354788359784672| 0.333223244226566| 0.265941375366701| NaN| 0.204538302904858| 0.216698219054493| 0.161488858604962| 0.132615247532796| 0.150286362223975| 0.212899049820998| 0.0599031742167106| 0.118252642307478,0.30828,0.0682950082507189,0.0424961056296377,0,0.10990868696026,0.0248766754041209,0.0287203215872705,0.0802396784127295,0.0115610741211938,0.322168593230207,0.873182277442322
PCY1A_MOUSE,VYADGIFDLFHSGHAR,4,0.825876052250713,0.84786990681379,11,0.44652,0.109913213071533,4589747.75,451.97461,0.0322838314364552,3,2,0,1| 6| 7| 21| 31,NaN,,0.331468422033638| 0.246332806743487| 0.175631200528736| NaN| 0.0992563060522648| 0.0865997190903619| 0.0847292004196765| 0.182628421572027| 0.0769397519669974| 0.0801910298897295| 0.0730294388518507| 0.103561809503159,0.331468422033638,0.0806855096603996,0.0302094427508083,0.178476797123786,0.714563202876214,0.120299146848152,0.195699839203082,0.697340160796918,0.112569358343774,0.93070493601468,0.931103225803683

