proteinName,peptideSeq,charge,old_Rsquared,new_Rsquared,NDP,rateconstant,sigma,Abundance,MassToCharge,RMSE,selected_A1A0_count, selected_A2A0_count, selected_A2A1_count,improved_timePoints,new_k,I0_percentatediffI0_percentatediff,selected_io_t,i0,I0_asymptote,new_rmse,lowerci_old,upperci_old,sigma_old,lowerci_new,upperci_new,sigma_new,old_pearson,new_pearson
RS27L_MOUSE,LTEGcSFR,2,0.920527628408696,0.980854565534935,9,0.10107,0.00877640018341148,271069228.571429,485.22656,0.0205068036795897,0,2,5,2| 3| 6| 7| 9| 13| 16,NaN,-0.0363157302128836|-0.0005894332970489|,0.593757288846426| 0.550953765779671| 0.548701816003206| 0.521458488657087| 0.448903322430541| 0.441919188167672| 0.402658708205213| 0.373609391557732| 0.355166049105336| NaN| NaN| NaN,0.593757288846426,0.307072223714635,0.00969821286668137,0.0785238203197459,0.123616179680254,0.00977716359521323,0.0904073119825992,0.111732688017401,0.00462388070126797,0.995923552943046,0.995631255581863
RS27L_MOUSE,ITTVFSHAQTVVL,2,0.711609326938236,0.902691252288682,9,0.05156,0.00892715617787405,50585804,708.39832,0.0283057705258527,0,4,1,0| 3| 7| 9| 16,NaN,,0.469292104002213| 0.418163825877213| 0.411004058526858| 0.3844561133792| 0.376820488961208| 0.359088378713211| 0.314968673176691| 0.306100316624411| 0.296414400754381| NaN| NaN| NaN,0.469292104002213,0.21072213883568,0.0147299349469783,0.0263473297428859,0.0767726702571142,0.010933488744963,0.0384396720305597,0.0646803279694403,0.00568963765920914,0.867741573252439,0.963607772310274
RS27L_MOUSE,LVQSPNSYFMDVK,2,0.947582519841146,0.976911755524332,9,0.13568,0.0121695069440091,159633022.222222,764.37921,0.016974458038306,2,4,2,0| 1| 2| 3| 6| 9| 13| 16,NaN,0.0297353636198426|0.0197716208444619|0.0118369818510388|,0.413093745515959| 0.378154649000628| 0.349419280244651| 0.314257740084511| 0.258222035642305| 0.247899770264223| 0.227066258379614| 0.190278010901896| 0.178567817002195| NaN| NaN| NaN,0.413093745515959,0.168812951814874,0.010364671251659,0.10131006632152,0.17004993367848,0.0149045412170394,0.114693582482878,0.156666417517122,0.00910077184925734,0.999061176821789,0.998995765208454

