proteinName,peptideSeq,charge,old_Rsquared,new_Rsquared,NDP,rateconstant,sigma,Abundance,MassToCharge,RMSE,selected_A1A0_count, selected_A2A0_count, selected_A2A1_count,improved_timePoints,new_k,I0_percentatediffI0_percentatediff,selected_io_t,i0,I0_asymptote,new_rmse,lowerci_old,upperci_old,sigma_old,lowerci_new,upperci_new,sigma_new,old_pearson,new_pearson
SEPT4_MOUSE,STLVNSLFLTDLYR,2,0.284057012625236,0.897164272133276,10,0.07045,0.0284630447827823,28610459,821.44598,0.0654082986007148,1,3,3,0| 1| 2| 3| 6| 21| 31,NaN,,0.40241574722512| 0.325589834734974| 0.363253828970729| 0.353081766870429| 0.301951794323591| 0.277994668006591| NaN| 0.27039006699791| 0.244700475700508| 0.247823237967601| NaN| 0.187287483614879,0.40241574722512,0.189407325983792,0.0179854609715319,0,0.166144041081853,0.0423021188212639,0.0500061719535599,0.0908938280464401,0.00903731552565809,0.558822431909067,0.947592029508129

