proteinName,peptideSeq,charge,old_Rsquared,new_Rsquared,NDP,rateconstant,sigma,Abundance,MassToCharge,RMSE,selected_A1A0_count, selected_A2A0_count, selected_A2A1_count,improved_timePoints,new_k,I0_percentatediffI0_percentatediff,selected_io_t,i0,I0_asymptote,new_rmse,lowerci_old,upperci_old,sigma_old,lowerci_new,upperci_new,sigma_new,old_pearson,new_pearson
spSYH_HUMAN,IFSIVEQR,2,-2972.49315589722,-3419899020.35097,3,1.25981,416.617600175642,27420283.3333333,496.2822,0.12685357520881,0,3,0,7| 21| 31,NaN,,NaN| NaN| NaN| NaN| NaN| 0.244847765871654| NaN| NaN| NaN| 0.244848368141171| NaN| 0.244848368141171,NaN,NaN,0.0083015898317052,0,2.85354642155738,0.37040786734614,0.771182093615438,1.74843790638456,0.113564337415877,-2,-2
spSYH_HUMAN,YDGLVGMFDPK,2,NaN,NaN,1,0.19457,0.00270021270515071,27807190,621.29718,0.00106778781913919,NaN,NaN,NaN,NaNNaN,NaN,NaN,NaN,NaN,NaNNaN,NaN,NaN,NaN,NaN,NaN,NaN,NaN
spSYH_HUMAN,TTETQVLVASAQK,2,-0.15423653138364,-1.13377521333064,4,0.02225,0.0135019494609006,6302366,688.375,0.109839304288507,1,1,1,7| 21| 31,NaN,,NaN| NaN| NaN| NaN| NaN| 0.261231591166641| NaN| NaN| NaN| 0.387168848084954| 0.152245371545578| 0.258593028205246,NaN,NaN,0.07017397467776,0,0.104932713935434,0.0259808669216402,0,0.0730176274314898,0.0159523908861401,-0.0806940203404509,0.103446982061955
spSYH_HUMAN,ISFDLSLAR,2,-2.56071939392974,NaN,2,0.46346,650.394620472448,25121265,511.28748,0.0696684769349558,0,0,2,24| 31,NaN,,NaN| NaN| NaN| NaN| NaN| NaN| NaN| NaN| NaN| NaN| 0.229433004052372| 0.229433004052372,NaN,NaN,0.0067573855532923,0,1.3553287443166,0.0701915924418407,0,1.05380407152101,0.0464610860428918,-2,-2

