proteinName,peptideSeq,charge,old_Rsquared,new_Rsquared,NDP,rateconstant,sigma,Abundance,MassToCharge,RMSE,selected_A1A0_count, selected_A2A0_count, selected_A2A1_count,improved_timePoints,new_k,I0_percentatediffI0_percentatediff,selected_io_t,i0,I0_asymptote,new_rmse,lowerci_old,upperci_old,sigma_old,lowerci_new,upperci_new,sigma_new,old_pearson,new_pearson
CAH14_MOUSE,VPQPLNQR,2,0.902347027857085,0.932275802671484,4,0.72151,0.106612780511209,26086573.3333333,476.27216,0.0223737401558483,1,1,0,1| 3,NaN,,0.595766481818112| 0.462764531451737| NaN| 0.324689295513483| NaN| NaN| NaN| 0.265070455391638| NaN| NaN| NaN| NaN,0.595766481818112,0.243463135135249,0.0192351731912529,0.144675943538948,1.29834405646105,0.181254921899242,0.225593675712974,1.21742632428703,0.155828654047706,0.962149062085652,0.992631855445304

