proteinName,peptideSeq,charge,old_Rsquared,new_Rsquared,NDP,rateconstant,sigma,Abundance,MassToCharge,RMSE,selected_A1A0_count, selected_A2A0_count, selected_A2A1_count,improved_timePoints,new_k,I0_percentatediffI0_percentatediff,selected_io_t,i0,I0_asymptote,new_rmse,lowerci_old,upperci_old,sigma_old,lowerci_new,upperci_new,sigma_new,old_pearson,new_pearson
CKLF8_MOUSE,SHTVTTTTSSFAENFSTTSSSFAYDR,3,0.623992525015746,0.84827579239534,8,0.12082,0.0350763424817794,6354299,944.758,0.0382917038958716,0,2,2,1| 7| 9| 24,NaN,,0.277267234685542| 0.211808540043194| 0.161590655303054| NaN| 0.104822784664663| 0.120897603335674| 0.0894429410097776| 0.0410343071000036| NaN| NaN| 0.0222870226900388| NaN,0.20143,0.0265805526112829,0.0254536705229588,0.0122229459544134,0.229417054045587,0.045925712721414,0.0486322059818203,0.19300779401818,0.0305282304313693,0.868870397551253,0.973567109926546

