proteinName,peptideSeq,charge,old_Rsquared,new_Rsquared,NDP,rateconstant,sigma,Abundance,MassToCharge,RMSE,selected_A1A0_count, selected_A2A0_count, selected_A2A1_count,improved_timePoints,new_k,I0_percentatediffI0_percentatediff,selected_io_t,i0,I0_asymptote,new_rmse,lowerci_old,upperci_old,sigma_old,lowerci_new,upperci_new,sigma_new,old_pearson,new_pearson
FBX3_MOUSE,SEDLLDVDTAAGGFQQR,2,-0.233091962362528,0.975214688706009,5,0.06937,0.0357603473643904,3357763,911.43433,0.0859569751568505,1,2,1,0| 1| 13| 31,NaN,,0.341956677178777| 0.351539693427148| NaN| NaN| NaN| NaN| 0.23475305191378| 0.195740759487374| NaN| NaN| NaN| 0.074738165523345,0.341956677178777,0.0598604895379817,0.0103768699934067,0,0.274514338656189,0.0738874102994168,0.0486095530670896,0.0901304469329104,0.00747734824455484,0.61631700400531,0.987961927203454
FBX3_MOUSE,LSQLSTHDPLWR,3,0.102340454896902,0.951487826075395,6,9.15696,1750.53340649371,4531795,484.92465,0.0506696936043652,1,2,1,0| 9| 13| 24,NaN,,0.384279058050916| 0.130852165542412| NaN| NaN| NaN| NaN| 0.137896241087765| 0.146591343865931| NaN| NaN| 0.139825146975587| 0.146984812638512,0.384279058050916,0.136344995020618,0.0141791523229849,7.18955368557606,11.1243663144239,0.765354476491285,7.78687224303367,10.5270477569663,0.532987411035688,0.744290949118098,0.998189226594425

