protien,peptide,charge,rsquared,rateconstant,mo,io_e,io_a1a0,io_a2a0,io_a2a1
GPAT4_MOUSE,QGGLVDLLWDGGLK,2,0.765631733651806,0.24878,0.41762,0.492581520180067,0.538422627581117,0.400502238313407,0.239198342844659

