protien,peptide,charge,rsquared,rateconstant,mo,io_e,io_a1a0,io_a2a0,io_a2a1
ECHD3_MOUSE,NALSLAMLK,2,0.948772799524567,0.09306,0.5489,0.579596586754681,0.581738986887555,0.566449619209596,0.525497946651851
ECHD3_MOUSE,SDILHEAESEDLK,3,0.199504202862209,0.22112,0.43735,0.315505779373977,0.284629226108006,0.292654779837846,0.301686218302793
ECHD3_MOUSE,VVPEEQLEAETMR,2,0.781086596551673,0.04041,0.40654,0.467528346509932,0.459794412451421,0.425156766324512,0.366904697059816
ECHD3_MOUSE,DYHAEVFQTcSEVM,2,0.896158038928328,0.1556,0.35686,0.327664503970336,0.290425523630853,0.337403226514997,0.448560145074603
ECHD3_MOUSE,VIIISAEGPVFSSGHDLK,3,0.962434298060024,0.13892,0.33048,0.368663408768391,0.367850355835683,0.371945008372333,0.377921135659624
ECHD3_MOUSE,VALEMLFTGEPISAQEALR,3,0.908297233178212,0.09561,0.28588,0.305957580478894,0.32658512543917,0.298436550125908,0.262295729283616
ECHD3_MOUSE,KVALEMLFTGEPISAQEALR,3,0.485760641299577,0.09118,0.2644,0.167562298886272,0.10889473422864,0.155428573416893,0.218727258835118
ECHD3_MOUSE,TAYFLASQAMVDNLALQDGQEGIEAFIQK,3,0.82178127612568,0.0646,0.15203,0.199391803522554,0.248032959120328,0.19066268269418,0.128216629757779
ECHD3_MOUSE,NHPVPILAMVNGLATAAGcQLVAScDIAVASDK,4,-0.512307998216289,0.10113,0.14017,0.168153412651536,0.162848412456235,0.164990154812053,0.169528233608397
ECHD3_MOUSE,NHPVPILAMVNGLATAAGcQLVAScDIAVASDK,3,0.0712337054424376,0.11793,0.14017,0.0983366940598579,0.0763185075726196,0.0863369906429121,0.0996784895241338

