protien,peptide,charge,rsquared,rateconstant,mo,io_e,io_a1a0,io_a2a0,io_a2a1
GRPE1_MOUSE,EPGTVALVSK,2,-2.67944693737724,1.3613,0.5608,0.30333532066586,0.226701078413093,0.314748530381209,0.421163900728639
GRPE1_MOUSE,TLRPALVGVVK,3,0.940311572322944,0.21767,0.50073,0.52914924034669,0.513698326332597,0.535620602741166,0.56347317197356
GRPE1_MOUSE,DLLEVADILEK,2,0.957816163359188,0.4595,0.48162,0.504737203698752,0.487114753206001,0.514682208536932,0.555098588255399
GRPE1_MOUSE,EEISNNNPHLK,2,0.29435020820756,0.34006,0.48419,0.450433659711024,0.463507276224707,0.424529625715917,0.375416379638676
GRPE1_MOUSE,EEISNNNPHLK,3,-0.566987898792957,0.67208,0.48419,0.430491340201429,0.531233749855387,0.355009716260759,0.166277968190432
GRPE1_MOUSE,SLYEGLVMTEVQIQK,2,0.850837447496222,0.13203,0.34851,0.453823479309598,0.470644594511809,0.413529840464973,0.323159368857374
GRPE1_MOUSE,FDPYEHEALFHTPVEGK,3,0.877116444269656,0.28088,0.29681,0.28570960043434,0.306462403558394,0.273274292029956,0.236959816026897

