protien,peptide,charge,rsquared,rateconstant,mo,io_e,io_a1a0,io_a2a0,io_a2a1
ALAT2_MOUSE,HSSAAAEASAALK,2,-2.88106381592739,0.08225,0.50956,0.420863702573843,0.452208225411608,0.382894194311017,0.303456559765096
ALAT2_MOUSE,MAPDMFYcMK,2,0.852823838805681,0.30218,0.4102,0.445815138856757,0.415102529131961,0.430766810612127,0.43803591283199
ALAT2_MOUSE,GGYMEVINLHPEIK,3,-0.824988027804761,0.03561,0.37278,0.39924280370439,0.388512291170563,0.403457170074217,0.428293138758463
ALAT2_MOUSE,VLcIINPGNPTGQVQSR,2,0.246052428631236,0.2477,0.34546,0.357452249793171,0.331075281091649,0.351031286415521,0.380219249330359
ALAT2_MOUSE,LLEETGIcVVPGSGFGQR,3,-1.04390285367935,0.83604,0.32751,0.318261109815365,0.301910034426398,0.3208934982778,0.349347573728635
ALAT2_MOUSE,LLEETGIcVVPGSGFGQR,2,0.495569382615219,0.48416,0.32751,0.323682937349756,0.296347724947929,0.315479016755868,0.342303154014712
ALAT2_MOUSE,cTYPNLLNSPSFPEDAK,2,-1.392273740804,0,0.31789,0.379294866526371,0.319360500936425,0.337530142713764,0.363734244384038
ALAT2_MOUSE,LFLLADEVYQDNVYSPDcR,3,-0.3310543860992,0.10102,0.2554,0.297309762712438,0.322030835689842,0.283802547028826,0.235147920165933
ALAT2_MOUSE,LFLLADEVYQDNVYSPDcR,2,-0.00904450667639489,0.00046,0.2554,0.251396982755325,0.173294393905272,0.261367237345183,0.354689498625916
ALAT2_MOUSE,VLYQMGHEYSSNVELASFHSTSK,3,-0.485886561362352,0.04441,0.21085,0.222539276264643,0.183912346999268,0.185291996134206,0.186092960138813
ALAT2_MOUSE,LTEDLFNQVPGIQcNPLQGAMYAFPR,3,-0.556119762157646,0.48008,0.16553,0.173830109907909,0.197779644697397,0.158781542890787,0.116690535321818

