protien,peptide,charge,rsquared,rateconstant,mo,io_e,io_a1a0,io_a2a0,io_a2a1
GSTA3_MOUSE,VSNLPTVK,2,0.980091389337109,0.10001,0.60693,0.617365322739579,0.620625613465811,0.614069236498999,0.604203847279846
GSTA3_MOUSE,YFPAFEK,2,0.976758853133245,0.14002,0.5613,0.580584717558348,0.576966370388371,0.579067979622983,0.581150967687302
GSTA3_MOUSE,AILNYIASK,2,-2.90037194638486,9.35276,0.55106,0.241009654658494,0.146886440215137,0.255911784346902,0.396238591408063
GSTA3_MOUSE,PVLHYFDGR,3,0.98781501318851,0.12803,0.51003,0.52081081914392,0.51779688109804,0.518667015836882,0.520119654035782
GSTA3_MOUSE,PVLHYFDGR,2,0.985859923472463,0.14685,0.51003,0.521667016115442,0.51229021060906,0.531135462411476,0.554591361604621
GSTA3_MOUSE,QQVPMVEIDGMK,2,0.712570211180746,0.36083,0.42165,0.343794477432635,0.311098668869175,0.32692603414909,0.354602834084076
GSTA3_MOUSE,HVEELDPGVVDNFPLLK,3,0.891844520326479,0.08614,0.31888,0.317964481578001,0.321413945955511,0.323375289981569,0.32519046294553
GSTA3_MOUSE,SDGSLMFQQVPMVEIDGMK,2,0.991532494367065,0.14147,0.26497,0.279659081480723,0.270782014001822,0.27882555414716,0.295379153029588
GSTA3_MOUSE,SDGSLMFQQVPMVEIDGMK,3,0.98799274241304,0.14319,0.26497,0.28365903847952,0.282283980869854,0.284562480646471,0.290413905368915
GSTA3_MOUSE,SDGSLmFQQVPMVEIDGMK,2,0.984659960499599,0.14924,0.26497,0.274755636831373,0.281407829371684,0.250927626871654,0.203723235173631
GSTA3_MOUSE,VELLYHVEELDPGVVDNFPLLK,3,-1.66962039772956,1E-05,0.21619,0.289919888083085,0.441483421183688,0.231389008127958,0.0634684585130225
GSTA3_MOUSE,AIIDMYTEGVADLEIMILYYPH,3,0.246655386433654,0.01026,0.19746,0.220293545246598,0.192815336171447,0.222329137729374,0.26685881368156
GSTA3_MOUSE,ADIALVELLYHVEELDPGVVDNFPLLK,3,0.979210982711189,0.13305,0.16305,0.178501963170053,0.175727442090629,0.179194624844812,0.183263176469301
GSTA3_MOUSE,ADIALVELLYHVEELDPGVVDNFPLLK,4,0.993266366824528,0.13952,0.16305,0.175119726351919,0.177146821735211,0.17209263876964,0.166759854758981
GSTA3_MOUSE,AIIDMYTEGVADLEIMILYYPHMPPEEK,3,0.97925081367281,0.09781,0.12826,0.140424372854619,0.135928067311539,0.137047380594681,0.138450662419971
GSTA3_MOUSE,AIIDMYTEGVADLEIMILYYPHMPPEEK,4,-0.0545342399297417,0.00482,0.12826,0.129599156535305,0.117648430941106,0.130903256598563,0.149433902651696
GSTA3_MOUSE,AIIDmYTEGVADLEIMILYYPHMPPEEK,3,0.248647505300347,0.00698,0.12826,0.178668022383409,0.241626270881924,0.162916056854383,0.0800470062899936

