protien,peptide,charge,rsquared,rateconstant,mo,io_e,io_a1a0,io_a2a0,io_a2a1
GSTM3_MOUSE,VTQSNAILR,2,0.952575559864204,0.11606,0.56859,0.598167050601845,0.599166456321482,0.591535838351671,0.580999573539295
GSTM3_MOUSE,PMTLGYWNTR,2,0.69963176774377,0.07508,0.45908,0.469384676371075,0.460340958257347,0.470785219675523,0.490317859564393
GSTM3_MOUSE,VDTLENQVMDTR,2,0.832711220432521,0.1966,0.44122,0.347605970846884,0.347236029515896,0.35150411234367,0.358684421902508
GSTM3_MOUSE,LLLEYTDSSYEEK,2,0.864053713734973,0.20511,0.39712,0.407191925338375,0.41560212639357,0.39712,0.372536807905998
GSTM3_MOUSE,IQLMIVccSPDFEK,2,0.915191451422616,0.13835,0.34306,0.309427338591224,0.330841360295264,0.256266628436411,0.157407715074989
GSTM3_MOUSE,FNLGLDFPNLPYLIDGSHK,3,0.933482254499894,0.11022,0.26874,0.305045057093431,0.314543130847387,0.298525663799254,0.280596182986179

