protien,peptide,charge,rsquared,rateconstant,mo,io_e,io_a1a0,io_a2a0,io_a2a1
FA98A_MOUSE,HQGGWTDGGSGSGGGYQDGAYR,3,0.756867419436465,0.17768,0.29739,0.351938034442336,0.358523243939359,0.317160954504717,0.26749638011851

