protien,peptide,charge,rsquared,rateconstant,mo,io_e,io_a1a0,io_a2a0,io_a2a1
CD166_MOUSE,SSNTYTLTDVR,2,0.55020023031224,0.19877,0.49772,0.539837766146721,0.563874290892016,0.489421930918335,0.383752339247439
CD166_MOUSE,LDVPQNLMFGK,2,-3.64562774176428,1.65807,0.45395,0.196489223091583,0.492450637721562,0.200106070245179,0.200106070245179
CD166_MOUSE,TcSVTYYGPSGQK,2,0.490489416182181,0.22846,0.43232,0.40633850108275,0.400201013437775,0.396054068860999,0.388561069765276
CD166_MOUSE,YLDLSLNPSGEVTK,2,0.143948906276634,0.09276,0.4104,0.456218935538146,0.457250413408903,0.427092509654532,0.386928776179248
CD166_MOUSE,SSPSFSSLHYQDAGNYVcETALQEVEGLK,3,-1.36994196245843,5E-05,0.158,0.212338659155438,0.228207150046222,0.206857720700396,0.179196416498069

