protien,peptide,charge,rsquared,rateconstant,mo,io_e,io_a1a0,io_a2a0,io_a2a1
PSMD8_MOUSE,VAEFHTELER,2,-0.0521205309334318,1.56015,0.49039,0.299999060817709,0.225493903274135,0.316909460048337,0.429965681147543
PSMD8_MOUSE,LVLLELNFLPTTGTK,2,0.871478725694835,0.26015,0.36635,0.391864603563802,0.370859610986494,0.385488196432821,0.403145735584114
PSMD8_MOUSE,HPVSLEQYLMEGSYNK,3,0.918599012239881,0.20099,0.31743,0.356767774474165,0.352128174797239,0.339066104115165,0.321261936085021
PSMD8_MOUSE,HPVSLEQYLMEGSYNK,2,0.264997630334098,0.03887,0.31743,0.286556306955796,0.17530972894975,0.269830226292327,0.422812212857559
PSMD8_MOUSE,GWVLGPNNYYSFASQQQKPEDSTIPSTELAK,3,-0.357804498075681,0,0.13333,0.159493951149426,0.139145101120065,0.157170451980578,0.178568479919434

