protien,peptide,charge,rsquared,rateconstant,mo,io_e,io_a1a0,io_a2a0,io_a2a1
PDCD6_MOUSE,SIISMFDR,2,0.443118054794142,0.12847,0.54828,0.578819931960618,0.551590699868894,0.608914704465443,0.62400629427885
PDCD6_MOUSE,YITDWQNVFR,2,-0.0253474738266233,3.27251,0.4427,0.355937168996266,0.488331015362873,0.278568944955437,0.227543518475805
PDCD6_MOUSE,LSDQFHDILIR,3,0.976657925930952,0.36051,0.44931,0.442689150603443,0.413556734900671,0.465767372545366,0.532200819107444
PDCD6_MOUSE,PGPGGGPGPAAGAALPDQSFLWNVFQR,3,-0.614764194686691,2E-05,0.20379,0.18258168837649,0.183778526750099,0.18257736104998,0.180358916775918
PDCD6_MOUSE,SGVISDNELQQALSNGTWTPFNPVTVR,3,-0.561506529995821,0.00978,0.18487,0.141705425074822,0.116245761877348,0.128797266195967,0.143242140180609

