proteinName,peptideSeq,charge,old_Rsquared,new_Rsquared,NDP,rateconstant,sigma,Abundance,MassToCharge,RMSE,selected_A1A0_count, selected_A2A0_count, selected_A2A1_count,improved_timePoints,new_k,I0_percentatediffI0_percentatediff,selected_io_t,i0,I0_asymptote,new_rmse,lowerci_old,upperci_old,sigma_old,lowerci_new,upperci_new,sigma_new,old_pearson,new_pearson
KISHA_MOUSE,SLAPSILDR,2,-0.227038792352045,-0.0919518361766125,12,0.00733,0.00272344797370173,520221509.818182,486.27963,0.039615344113712,4,3,2,0| 1| 3| 6| 9| 13| 16| 24| 31,0.00214456716037532,-0.0162455342204211|-0.00686106097172486|-0.0276134415142723|0.0291845321062065|,0.540132899296996| 0.576639775227652| 0.49469176970708| 0.556817837143565| 0.553675823518258| 0.556268909015217| 0.547200068171157| 0.54337851220433| 0.527842200928855| 0.524987780364906| 0.527910607383175| 0.500402897765556,0.540132899296996,0.220728176333838,0.0237622047987067,0.00106919066817811,0.0135908093318219,0.00284454863627575,0.0035746209448194,0.0110853790551806,0.00170622643239064,0.181808070153629,0.52278571607903
KISHA_MOUSE,TGLLGIFWK,2,-25.5659481646371,-42.6332408957586,12,9.76472,21172.768919882,20607078.75,517.8053,0.176848290943592,0,12,0,0| 1| 2| 3| 6| 7| 9| 13| 16| 21| 24| 31,7.28557005726709,,0.361795938541317| 0.335748905542222| 0.358173842202277| 0.36122307527927| 0.361793535755135| 0.361795557617566| 0.361795938541317| 0.361795938541317| 0.361795938541317| 0.361795938541317| 0.361795938541317| 0.361795938541317,0.51773,0.372322361946085,0.0473141437562788,4.01428624311191,15.5151537568881,2.6126635765779,7.99792143853997,11.53151856146,0.802730792811508,0.228079371369191,0.106037596354014

