proteinName,peptideSeq,charge,old_Rsquared,new_Rsquared,NDP,rateconstant,sigma,Abundance,MassToCharge,RMSE,selected_A1A0_count, selected_A2A0_count, selected_A2A1_count,improved_timePoints,new_k,I0_percentatediffI0_percentatediff,selected_io_t,i0,I0_asymptote,new_rmse,lowerci_old,upperci_old,sigma_old,lowerci_new,upperci_new,sigma_new,old_pearson,new_pearson
PCLI1_MOUSE,EDVFPANALLEIRPF,2,-4.41357402707875,0.418628818044475,3,0.03834,0.00287545954614461,24116033.3333333,865.95923,0.012091491914828,0,0,1,13,NaN,,NaN| NaN| NaN| NaN| NaN| NaN| NaN| 0.234163579039171| NaN| NaN| 0.199198783789524| 0.185938912899911,NaN,NaN,0.00775495248144705,0.00803465848480475,0.0686453415151952,0.0070434086640692,0.0189034833947862,0.0577765166052138,0.00451733333504411,0.971217148422634,0.999280102832327

