proteinName,peptideSeq,charge,old_Rsquared,new_Rsquared,NDP,rateconstant,sigma,Abundance,MassToCharge,RMSE,selected_A1A0_count, selected_A2A0_count, selected_A2A1_count,improved_timePoints,new_k,I0_percentatediffI0_percentatediff,selected_io_t,i0,I0_asymptote,new_rmse,lowerci_old,upperci_old,sigma_old,lowerci_new,upperci_new,sigma_new,old_pearson,new_pearson
PGS2_MOUSE,DLHTLILVNNK,3,0.536161579436018,0.937585960324976,8,0.17107,0.0473369070549939,8698053.85714286,427.25046,0.0407266339385587,1,2,1,2| 3| 6| 31,NaN,0.0368427860071094|,0.459702247910094| 0.411123231398252| 0.406309401857991| 0.391072679835212| 0.294257993887594| 0.332476864915405| 0.289217499551179| NaN| NaN| NaN| NaN| 0.25565020183581,0.459702247910094,0.261226951185203,0.0137671766654718,0.0122419276295188,0.329898072370481,0.0671684189584065,0.117379971625459,0.224760028374541,0.0227055221783333,0.744140013595754,0.973526341882765
PGS2_MOUSE,NSGIENGAFQGLK,2,-2.30539797971701,0.440806472206202,8,0.06231,0.0243196229271555,86971877.5714286,667.83856,0.0780358440226253,1,3,3,0| 2| 3| 6| 7| 9| 31,NaN,0.0292283275948861|0.00549711976452062|,0.385855001620096| 0.469002587450119| 0.43461864097866| 0.413910799345513| 0.359411391336136| 0.368006943846251| 0.340102181643202| NaN| NaN| NaN| NaN| 0.269493833463961,0.46799,0.13753382058728,0.0351144308230296,0,0.147448780253126,0.036005204724203,0.0284293229412354,0.0961906770587646,0.0143281441203244,0.117659415597547,0.890231088632949

