proteinName,peptideSeq,charge,old_Rsquared,new_Rsquared,NDP,rateconstant,sigma,Abundance,MassToCharge,RMSE,selected_A1A0_count, selected_A2A0_count, selected_A2A1_count,improved_timePoints,new_k,I0_percentatediffI0_percentatediff,selected_io_t,i0,I0_asymptote,new_rmse,lowerci_old,upperci_old,sigma_old,lowerci_new,upperci_new,sigma_new,old_pearson,new_pearson
RT17_MOUSE,LVLDPYLLK,2,0.421880517058311,0.794156875287287,4,0.05495,0.0275642893370803,14706725,537.33386,0.0363677508196629,2,2,0,0| 1| 7| 16,NaN,0.00856518691907611|-0.0277372253928016|,0.553043399969455| 0.522222233677335| NaN| NaN| NaN| 0.473398388989451| NaN| NaN| 0.40833678502513| NaN| NaN| NaN,0.553043399969455,0.379419910007146,0.0143203005273144,0,0.298084740270145,0.0763986936364832,0,0.180003071583489,0.0392946367663993,0.98810229956714,0.992479672969338

