proteinName,peptideSeq,charge,old_Rsquared,new_Rsquared,NDP,rateconstant,sigma,Abundance,MassToCharge,RMSE,selected_A1A0_count, selected_A2A0_count, selected_A2A1_count,improved_timePoints,new_k,I0_percentatediffI0_percentatediff,selected_io_t,i0,I0_asymptote,new_rmse,lowerci_old,upperci_old,sigma_old,lowerci_new,upperci_new,sigma_new,old_pearson,new_pearson
UFM1_MOUSE,VLSVPESTPFTAVLK,2,0.651541636162565,0.940156900034568,9,0.28166,0.0772318248630611,106690474.285714,794.45325,0.0485225824826573,2,1,4,1| 2| 3| 7| 21| 24| 31,NaN,0.0479047156632933|-0.0122561919885096|,0.407646000168929| 0.34792009341444| 0.360660691493174| 0.283253722835102| 0.175894925076143| 0.182727465266148| NaN| NaN| NaN| 0.150241685550219| 0.143695200521048| 0.142050927834928,0.407646000168929,0.144635755445833,0.0212286560123543,0.108137023178082,0.455182976821918,0.0752483372339184,0.205743604030993,0.357576395969007,0.0329211881336165,0.841425413036351,0.976274527116832
UFM1_MOUSE,VPAATSAIITNDGIGINPAQTAGNVFLK,3,0.94538755704125,0.99386122005774,9,0.27777,0.0291817990502591,3017916.5,918.49927,0.0130281630847597,2,0,5,0| 3| 6| 7| 21| 24| 31,NaN,,0.202698944036648| 0.161296088873216| 0.125883345610751| 0.0966616417706768| 0.0438353738274654| 0.0328004635430584| NaN| NaN| NaN| 0.0192972802125461| 0.0140614522198663| 0.0140614522198663,0.202698944036648,0.0175064204614866,0.00452092655689469,0.195352815590579,0.360187184409421,0.0357402587247848,0.249170263005849,0.306369736994151,0.0124022921549226,0.983526820575238,0.998203865389834

