proteinName,peptideSeq,charge,old_Rsquared,new_Rsquared,NDP,rateconstant,sigma,Abundance,MassToCharge,RMSE,selected_A1A0_count, selected_A2A0_count, selected_A2A1_count,improved_timePoints,new_k,I0_percentatediffI0_percentatediff,selected_io_t,i0,I0_asymptote,new_rmse,lowerci_old,upperci_old,sigma_old,lowerci_new,upperci_new,sigma_new,old_pearson,new_pearson
WBP2_MOUSE,GTVYLTPYR,2,0.632923634726102,0.948447618791353,6,1.12771,0.437647219190927,40435745,535.28748,0.027886960839027,2,3,0,0| 9| 13| 16| 21,NaN,,0.49493770042239| 0.395979700413479| NaN| NaN| NaN| NaN| 0.314012904838958| 0.314012904838958| 0.322942564826959| 0.314012904838958| NaN| NaN,0.49493770042239,0.309030727851534,0.0108133121617641,0,2.30646021553664,0.458553857183377,0.451909074658756,1.80351092534124,0.2628980397363,0.951720808357478,0.991652466291731

