proteinName,peptideSeq,charge,old_Rsquared,new_Rsquared,NDP,rateconstant,sigma,Abundance,MassToCharge,RMSE,selected_A1A0_count, selected_A2A0_count, selected_A2A1_count,improved_timePoints,new_k,I0_percentatediffI0_percentatediff,selected_io_t,i0,I0_asymptote,new_rmse,lowerci_old,upperci_old,sigma_old,lowerci_new,upperci_new,sigma_new,old_pearson,new_pearson
ABRAL_MOUSE,cANLFEALVGTLK,3,0.673407706644995,0.872684641716525,12,0.13595,0.0309060974402062,1829476.16666667,479.25864,0.0501623308319407,3,4,1,0| 1| 2| 7| 9| 16| 21| 31,0.134314442314961,0.0656971864702153|,0.391200558116407| 0.374433917206886| 0.388549607621713| 0.27979970035355| 0.25096654062163| 0.266311140224824| 0.233861595361953| 0.179033506162763| 0.152663385274596| 0.152663385274596| 0.157978485725022| 0.204551459972319,0.391200558116407,0.152511194618009,0.0309807972275078,0.0649013935524763,0.206998606447524,0.032280365982777,0.0920696134002976,0.179830386599702,0.0199367026283667,0.83528945840762,0.955583943183807
ABRAL_MOUSE,cANLFEALVGTLK,2,0.780286944445417,0.883352989949295,12,0.08039,0.01174465371994,26011022.7272727,718.38434,0.0367656543986146,3,2,1,2| 3| 6| 9| 21| 31,0.0969585605938811,0.00593261217946391|,0.446176243762279| 0.444653500764217| 0.37490381417934| 0.348397173485801| 0.286567560289122| 0.29299873046967| 0.342072722667313| 0.241335021748447| 0.237871655904809| 0.229207752199974| 0.212766553378733| 0.200769331231012,0.446176243762279,0.173943698531516,0.0281873260389711,0.0561027402596073,0.104677259740393,0.0110347221759755,0.0617695532789041,0.0990104467210959,0.00846005101259412,0.930827331071771,0.95163046665855
ABRAL_MOUSE,FGVLFQDDR,2,0.90467231514651,0.980481443519299,12,0.27559,0.0423639124522639,17089020,548.77472,0.0303676965517539,5,2,0,1| 2| 6| 7| 16| 24| 31,0.268728431247442,,0.545776140640725| 0.474733037580648| 0.445895547313035| 0.376471615441325| 0.341269136661934| 0.315288732249938| 0.293258538861939| 0.266008184126319| 0.241740383949239| 0.268992695460815| 0.262070183606592| 0.260641801464528,0.545776140640725,0.26927202654568,0.0132765134875912,0.210628082144082,0.340551917855918,0.0295149277119313,0.247189170285305,0.303990829714695,0.0129036897871038,0.972154249790457,0.991330026453962

