proteinName,peptideSeq,charge,old_Rsquared,new_Rsquared,NDP,rateconstant,sigma,Abundance,MassToCharge,RMSE,selected_A1A0_count, selected_A2A0_count, selected_A2A1_count,improved_timePoints,new_k,I0_percentatediffI0_percentatediff,selected_io_t,i0,I0_asymptote,new_rmse,lowerci_old,upperci_old,sigma_old,lowerci_new,upperci_new,sigma_new,old_pearson,new_pearson
CK5P3_MOUSE,DNTYLVELcSLLVR,3,0.849876890590361,0.908133746495041,12,0.18948,0.0396704412048136,1465427.27272727,565.63092,0.0361952682513165,2,5,1,0| 1| 2| 7| 9| 13| 24| 31,0.229801360555556,-0.0397757826748302|,0.366159604376489| 0.347004726664186| 0.310565416981182| 0.257327010214957| 0.148487310852531| 0.193608046666628| 0.201366087372984| 0.171983448953224| 0.155178142146458| 0.168455664835207| 0.140131888979437| 0.143820758777475,0.366159604376489,0.14963306591088,0.0238793196714981,0.098283446626886,0.280676553373114,0.0414344244939737,0.129314355258405,0.249645644741595,0.0273357793904501,0.933493580254481,0.958362069790242
CK5P3_MOUSE,DNTYLVELcSLLVR,2,0.492853838265739,0.948491034308898,12,1.68018,0.740556724288354,5242679.54545455,847.94275,0.0324335237954105,1,6,0,0| 2| 7| 13| 16| 24| 31,1.55280512512867,,0.348767388016885| 0.187889952713| 0.142239410465605| 0.165818172561393| 0.164362473505769| 0.163362226335499| 0.134858793667328| 0.144685005083023| 0.145844989097702| 0.156418757541377| 0.140131888979437| 0.16271557999144,0.348767388016885,0.142525644377299,0.0125522346188155,0.877027606884589,2.48333239311541,0.364905864956796,1.02131469828683,2.33904530171317,0.299350179209534,0.85611956178768,0.981169193403527

