proteinName,peptideSeq,charge,old_Rsquared,new_Rsquared,NDP,rateconstant,sigma,Abundance,MassToCharge,RMSE,selected_A1A0_count, selected_A2A0_count, selected_A2A1_count,improved_timePoints,new_k,I0_percentatediffI0_percentatediff,selected_io_t,i0,I0_asymptote,new_rmse,lowerci_old,upperci_old,sigma_old,lowerci_new,upperci_new,sigma_new,old_pearson,new_pearson
DCAF8_MOUSE,VAELSATQccK,2,0.795805917565574,0.97743935762951,6,0.21885,0.0590858439172272,2960132.66666667,633.79449,0.0340781328198807,1,1,1,16| 21| 24,NaN,,0.468097700994979| NaN| NaN| NaN| 0.23297562893127| NaN| NaN| 0.165630616759727| 0.150679668775359| 0.156493108585099| 0.194024974055121| NaN,0.468097700994979,0.158443382002814,0.0117797363225647,0.039233130313045,0.398466869686955,0.0698740134462332,0.125879155600692,0.311820844399308,0.0361672377599437,0.915705916036837,0.988747369099357
DCAF8_MOUSE,IWAPTAEASTELTGLK,2,-0.806626187569702,0.140657166960485,5,0.18056,0.143098078825572,27559719,844.44867,0.0939987226664446,0,2,2,6| 13| 16| 24,NaN,,0.338961024831393| NaN| NaN| NaN| 0.14924756624258| NaN| NaN| 0.118612313006959| 0.0798826027172755| NaN| 0.295166032369452| NaN,0.338961024831393,0.0825093469710876,0.0609813991092566,0,0.77668307749837,0.214707316344185,0,0.575022323017128,0.14207459830161,0.283448941702889,0.608872852291773
DCAF8_MOUSE,VVVWDWVR,2,-0.00869008789854986,0.958992637862435,6,0.41152,0.520728847075834,37556775,529.79272,0.0385225543176201,1,2,3,0| 6| 13| 16| 21| 24,NaN,0.00236035311314672|0.0268929924701803|,0.542265374243891| NaN| NaN| NaN| 0.385582696227783| NaN| NaN| 0.359378049009412| 0.365513339087274| 0.372010883534683| 0.377717421080276| NaN,0.542265374243891,0.389966826222285,0.00916229953802233,0.0282930900843105,0.794746909915689,0.149081777803369,0.239954611416031,0.583085388583969,0.0667418505272787,0.600488707612873,0.99569093620749

