proteinName,peptideSeq,charge,old_Rsquared,new_Rsquared,NDP,rateconstant,sigma,Abundance,MassToCharge,RMSE,selected_A1A0_count, selected_A2A0_count, selected_A2A1_count,improved_timePoints,new_k,I0_percentatediffI0_percentatediff,selected_io_t,i0,I0_asymptote,new_rmse,lowerci_old,upperci_old,sigma_old,lowerci_new,upperci_new,sigma_new,old_pearson,new_pearson
FN3K_MOUSE,VIDLPGGGAVFVMEHLK,3,-0.000170567689210976,-0.060895302105705,10,0.00589,0.0113275283609633,25053465.7,594.65881,0.112223385593849,1,7,2,0| 1| 2| 6| 7| 9| 13| 21| 24| 31,NaN,,0.324084638820564| 0.297255019400916| 0.226807048302703| NaN| 0.255230770618964| 0.26878630081652| 0.430915783198614| 0.430915783198614| NaN| 0.331163562706743| 0.284574244042766| 0.272467093539427,0.324084638820564,0.0908607869116302,0.0621388107225126,0,0.035681142951951,0.0131693515576036,0,0.0221335530651792,0.00718055904081804,0.0606520076516927,-0.0549297668103179

