proteinName,peptideSeq,charge,old_Rsquared,new_Rsquared,NDP,rateconstant,sigma,Abundance,MassToCharge,RMSE,selected_A1A0_count, selected_A2A0_count, selected_A2A1_count,improved_timePoints,new_k,I0_percentatediffI0_percentatediff,selected_io_t,i0,I0_asymptote,new_rmse,lowerci_old,upperci_old,sigma_old,lowerci_new,upperci_new,sigma_new,old_pearson,new_pearson
IMPA1_MOUSE,LQVSQQEDITK,2,-1.22227725794192,-1.20830102984944,9,0.0148,0.00738863843566869,108360391.25,644.84082,0.0586943308100782,4,1,1,1| 2| 3| 7| 13| 21,NaN,0.0361769255387661|,0.492614914287394| 0.43207605367395| 0.396674930499875| 0.392253798120813| 0.468357319913278| 0.407805282102872| NaN| 0.438231310783216| 0.421870307729551| 0.399466665732045| NaN| NaN,0.492614914287394,0.166742055940066,0.041686130508759,0,0.0344428173699878,0.00851811888403712,0.000105015331421198,0.0294949846685788,0.00637248842914507,-0.121550370315883,0.300795050868639
IMPA1_MOUSE,SSPADLVTVTDQK,2,0.966720408543262,0.987961834299727,9,0.42534,0.0389048162648706,135740054.285714,680.85138,0.0169962583272105,0,6,1,2| 3| 6| 7| 13| 16| 21,NaN,-0.0301449116977611|,0.455802789243526| 0.350720623242237| 0.265563873694285| 0.253835184675399| 0.185292424811317| 0.188726656634448| NaN| 0.151620695921286| 0.151620695921286| 0.151620695921286| NaN| NaN,0.455802789243526,0.161722133246091,0.00943443664395916,0.312273591406078,0.538406408593922,0.0490313121612423,0.362578076292852,0.488101923707148,0.0272167437826504,0.986651398961997,0.994706843915701

