protien,peptide,charge,rsquared,rateconstant,mo,io_e,io_a1a0,io_a2a0,io_a2a1
FCAMR_MOUSE,ILTPVST,2,0.842583108653859,0.3709,0.65126,0.669142338229575,0.664133469932308,0.671588742374212,0.68480639869095

