protien,peptide,charge,rsquared,rateconstant,mo,io_e,io_a1a0,io_a2a0,io_a2a1
UBP14_MOUSE,SSSSGHYVSWVR,2,0.923641911979458,0.1903,0.45745,0.499192055834203,0.509584275496344,0.441923286155857,0.357166742257284
UBP14_MOUSE,AQLFALTGVQPAR,2,0.117651341056392,0.00574,0.44342,0.488107589838377,0.470837510672378,0.499844303778495,0.535367697570305
UBP14_MOUSE,YEPFSFADDIGSNNcGYYDLQAVLTHQGR,3,0.47849035831471,0.03588,0.14375,0.235989445050614,0.252873143904605,0.227119005666916,0.195445092957167

