protien,peptide,charge,rsquared,rateconstant,mo,io_e,io_a1a0,io_a2a0,io_a2a1
COX8A_MOUSE,cLLPAGWVLSHLESYK,3,0.975678997685489,0.13668,0.31867,0.312869573284841,0.291448952687846,0.330476743842624,0.387013129298185

