protien,peptide,charge,rsquared,rateconstant,mo,io_e,io_a1a0,io_a2a0,io_a2a1
NDUB3_MOUSE,IEGTPLETVQK,2,0.24871416608476,0.09874,0.49773,0.50545848280811,0.507286410379788,0.49962507800564,0.488356314703326

