protien,peptide,charge,rsquared,rateconstant,mo,io_e,io_a1a0,io_a2a0,io_a2a1
TECR_MOUSE,YDFTSSR,2,0.973343876840359,0.24578,0.60536,0.621193120248847,0.644306067118451,0.548654917800146,0.408128398357018
TECR_MOUSE,FSHGTMPLR,2,0.914727856076408,0.22589,0.51964,0.494725036996782,0.543419202137938,0.454418081800036,0.316052787764176
TECR_MOUSE,LLETLFVHR,3,0.93121556406243,0.19714,0.50344,0.490153434701928,0.49519262352377,0.463119034368699,0.42411827082978
TECR_MOUSE,THPQWYPAR,2,0.903465651115272,0.2219,0.49514,0.521133319511027,0.534579105788562,0.507161704351707,0.472851028200707
TECR_MOUSE,MKHYEVEIR,3,0.246060746975133,0.20397,0.47453,0.506346243806844,0.504005924637738,0.506997553282508,0.51304197024056
TECR_MOUSE,VEPQATISEIK,2,0.9025891149758,0.35808,0.49773,0.422411898802552,0.412437055936946,0.414441769245614,0.415445366785937
TECR_MOUSE,LPVGTTATLYFR,2,0.970544255543994,0.2472,0.44357,0.464346673177841,0.438839277493648,0.481613708656678,0.514982912643664

