protien,peptide,charge,rsquared,rateconstant,mo,io_e,io_a1a0,io_a2a0,io_a2a1
H17B6_MOUSE,VLAAcLTEK,2,0.968951101078805,0.27464,0.55603,0.572494966389133,0.56084718784048,0.588003658648387,0.652004992292252
H17B6_MOUSE,QVVSHLQDK,3,-0.000455027757883197,0.04118,0.5486,0.559047373081943,0.555337454822895,0.566594541720966,0.583164425917893
H17B6_MOUSE,QVVSHLQDK,2,-0.802423033971849,0.03703,0.5486,0.571463752610051,0.569353908560096,0.569486063736515,0.569486063736515
H17B6_MOUSE,HEVQDFGVK,2,0.899645583004017,0.5654,0.5389,0.531969227235285,0.579235782592982,0.479279191894823,0.350633990121209
H17B6_MOUSE,LETVILDVTK,2,0.901825069027709,0.34682,0.51514,0.525773081987052,0.521798265563709,0.521877187912348,0.522398702990229
H17B6_MOUSE,TESIVAATQWVK,2,0.986412229088164,0.30784,0.4566,0.479629374285365,0.477845994562065,0.474176508022705,0.470215803802309
H17B6_MOUSE,ITGcDSGFGNLLAR,2,-3.23071775595966,0.02529,0.42814,0.273340071760728,0.244123059588742,0.259773023191938,0.278879125114507
H17B6_MOUSE,TSDRLETVILDVTK,2,0.942899205058856,0.24103,0.4058,0.437877252635268,0.424225139493828,0.437603757223079,0.455188301444102
H17B6_MOUSE,YVFITGcDSGFGNLLAR,3,0.604857234614106,0.07009,0.32336,0.360785657649947,0.381931506173279,0.357302334865931,0.322552443718738
H17B6_MOUSE,YVFITGcDSGFGNLLAR,2,0.978011289024046,0.34667,0.32336,0.339797474701868,0.340201127969732,0.338232253142701,0.334871615355078
H17B6_MOUSE,ESYGQQFFDDFcSTTK,2,0.935841232370515,0.23711,0.31809,0.373536890295326,0.3744416967733,0.326465871881422,0.261535186560588

