protien,peptide,charge,rsquared,rateconstant,mo,io_e,io_a1a0,io_a2a0,io_a2a1
IAH1_MOUSE,AASGSALLWPR,2,0.89450137594298,1.17837,0.51207,0.512731215173677,0.501560198448489,0.525553708115061,0.554989490666699
IAH1_MOUSE,FGANDSSLKDENPK,3,0.878369905869552,0.23683,0.4256,0.407031177559877,0.385300515657364,0.424452194084875,0.479171114255855
IAH1_MOUSE,SFQQGGWGSLLADR,2,0.127218984565609,0.19797,0.41252,0.450968770982104,0.462269560030339,0.436696947116485,0.402732005907426
IAH1_MOUSE,QHVPLDEYSANLR,2,0.694912671149016,0.12345,0.41128,0.416964553095217,0.426226540691984,0.391476153485514,0.349461145696056
IAH1_MOUSE,GNEFLFLNLcPLLDK,2,0.664737343250461,0.05046,0.33583,0.405691748377345,0.422429997931869,0.403344983642635,0.373284771972762
IAH1_MOUSE,DcGTDVLDLWTLMQK,3,0.911570161647219,0.24415,0.33919,0.354073553373599,0.333105068865987,0.363627044423835,0.401714751986744
IAH1_MOUSE,DcGTDVLDLWTLMQK,2,0.951718786176329,0.21787,0.33919,0.343586227726915,0.334908052252571,0.342666938768165,0.358124973737816
IAH1_MOUSE,VILITPPPLcEAAWEK,3,0.400263444591073,0.17004,0.3244,0.332639749331696,0.304654720250012,0.306099493835629,0.308779576421661
IAH1_MOUSE,VILITPPPLcEAAWEK,2,0.942475289281804,0.18203,0.3244,0.341315432087845,0.357506886010947,0.315121503825285,0.262294421294699
IAH1_MOUSE,DVEEAKPELSLLGDGDY,2,0.660559301569009,0.10587,0.34897,0.390819952366271,0.390571821084537,0.363495837505066,0.328232192687511
IAH1_MOUSE,LNSVVGEYANAcLQVAR,2,0.94811865256242,0.14455,0.34224,0.359124368176997,0.352361011818512,0.343474415142033,0.331322627226143
IAH1_MOUSE,VLLFGDSITQFSFQQGGWGSLLADR,3,0.957330989160053,0.15944,0.19475,0.218976007573474,0.219024409916305,0.226124597361185,0.234195995596724
IAH1_MOUSE,GPGMENPVAVTIFFGANDSSLKDENPK,3,0.671549471759424,0.044,0.18731,0.278472736631417,0.344093148872315,0.284597440097513,0.206992110036706
IAH1_MOUSE,DSQDFSSYLSDGLHLSPMGNEFLFLNLcPLLDKK,4,0.42140428831847,0.05917,0.10023,0.115421472000707,0.0679347125897878,0.104653720268126,0.168818509570013

