protien,peptide,charge,rsquared,rateconstant,mo,io_e,io_a1a0,io_a2a0,io_a2a1
RET1_MOUSE,ALDVNVALR,2,0.529691112950029,0.10999,0.57213,0.583092610307094,0.580289532760846,0.569218677056008,0.553925650904525
RET1_MOUSE,GWTQWIEGDELHLEMR,3,-3.54242034654346,1.01309,0.29685,0.117012464336662,0.0579137897760251,0.0974139047065778,0.156181940217289

