protien,peptide,charge,rsquared,rateconstant,mo,io_e,io_a1a0,io_a2a0,io_a2a1
ROAA_MOUSE,GFVFITFK,2,0.775824568443271,0.14402,0.53523,0.543369308599572,0.545062880625973,0.534694900746163,0.521980347267271
ROAA_MOUSE,MFVGGLSWDTSK,2,0.513478673964372,0.04574,0.43709,0.518002778362613,0.545441739185383,0.490721862690155,0.387299966217555
ROAA_MOUSE,EVYQQQQYGSGGR,2,0.992956934825635,0.48311,0.42966,0.443082458465264,0.430879303064569,0.441151234823137,0.455934900874871
ROAA_MOUSE,EYFGQFGEIEAIELPIDPK,3,-0.482911834843841,0.01393,0.26614,0.315927903656163,0.346241789151871,0.319778672752301,0.287137786552935

