protien,peptide,charge,rsquared,rateconstant,mo,io_e,io_a1a0,io_a2a0,io_a2a1
QCR10_MOUSE,LILDWVPYINGK,2,0.850008792227151,0.36413,0.40979,0.428658452737326,0.438909442974856,0.422215204642144,0.402917248836471

