protien,peptide,charge,rsquared,rateconstant,mo,io_e,io_a1a0,io_a2a0,io_a2a1
A2AP_MOUSE,LPLPALFK,2,0.506532103084493,0.17949,0.56061,0.614418528609582,0.659395766625449,0.51490602192041,0.327064519768517

