protien,peptide,charge,rsquared,rateconstant,mo,io_e,io_a1a0,io_a2a0,io_a2a1
PRPS2_MOUSE,LNVEFALIHK,3,0.742652180463188,0.11711,0.48543,0.590493389730437,0.604365981847986,0.52827886944934,0.426190748500738
PRPS2_MOUSE,FSNQETSVEIGESVR,2,-0.359620804288419,0.0123,0.39164,0.501725754598475,0.493090319847498,0.446795158566436,0.381430389719095

