protien,peptide,charge,rsquared,rateconstant,mo,io_e,io_a1a0,io_a2a0,io_a2a1
ANXA5_MOUSE,FITIFGTR,2,0.935252141011087,0.06227,0.55421,0.567671730642074,0.560153904816264,0.571286468222186,0.585556482415414
ANXA5_MOUSE,TPEELSAIK,2,0.973443253181117,0.12641,0.56807,0.584127802214318,0.581427911608508,0.590053144567688,0.602484952508137
ANXA5_MOUSE,QEIAQEFK,2,0.968631884049687,0.22524,0.5615,0.566667523537764,0.576240906855262,0.546366368818958,0.503261425501222
ANXA5_MOUSE,VLTEIIASR,2,-0.787849104735614,0.02724,0.55981,0.582209337323053,0.577074973803844,0.584087620859025,0.594073348114084
ANXA5_MOUSE,LYDAYELK,2,0.929768761803082,0.24678,0.54081,0.535770222938111,0.542239245503192,0.533072332420029,0.520401403575612
ANXA5_MOUSE,MLVVLLQANR,2,0.93326536195715,0.21819,0.48693,0.517693758398111,0.499674618457441,0.528233177179923,0.576688476030853
ANXA5_MOUSE,GTVTDFPGFDGR,2,0.990131472848406,0.15791,0.4786,0.485899447470321,0.48909216670242,0.485151811360869,0.480230100467612
ANXA5_MOUSE,NFATSLYSMIK,2,-0.134019283993403,0.07718,0.44957,0.455625176104244,0.470729586222525,0.454996005872338,0.427819757429921
ANXA5_MOUSE,DLVDDLKSELTGK,3,0.934471274197778,0.16334,0.44565,0.472595090774617,0.473449191400227,0.457930022792826,0.437388003938505
ANXA5_MOUSE,GLGTDEDSILNLLTSR,2,0.990858490463313,0.13865,0.38671,0.392945249510607,0.404186215498754,0.406277274101227,0.409452589652005
ANXA5_MOUSE,GLGTDEDSILNLLTSR,3,0.536714199717534,0.10503,0.38671,0.353102228396089,0.293501748250138,0.395862993760232,0.500908654442842
ANXA5_MOUSE,SIPAYLAETLYYAMK,2,0.959409174609192,0.09464,0.33387,0.366239924159035,0.354947973525339,0.358119955354405,0.362792765465246
ANXA5_MOUSE,SIPAYLAETLYYAMK,3,0.975442861765551,0.12245,0.33387,0.361556233775625,0.372468688503254,0.35076360452064,0.320253186233387
ANXA5_MOUSE,YMTISGFQIEETIDR,2,0.151815023776525,0.14998,0.33825,0.235327430635396,0.10061075702067,0.331913934858289,0.442520079139387
ANXA5_MOUSE,DPDTAIDDAQVELDAQALFQAGELK,3,-0.902638376663922,0.01708,0.219,0.189216324205388,0.166024813220938,0.17356813067459,0.182904538465124
ANXA5_MOUSE,QVYEEEYGSNLEDDVVGDTSGYYQR,2,-0.155572296760111,0.03254,0.19209,0.263792581433646,0.256914454126607,0.217636762081521,0.174663073162342
ANXA5_MOUSE,QVYEEEYGSNLEDDVVGDTSGYYQR,3,0.494086241047673,0.17894,0.19209,0.200761525400766,0.160611271019141,0.173790103795228,0.190178186071805

