protien,peptide,charge,rsquared,rateconstant,mo,io_e,io_a1a0,io_a2a0,io_a2a1
CELF1_MOUSE,LFIGMISK,2,0.521905988853123,0.2228,0.54978,0.604317729269608,0.585371111054504,0.601294635111637,0.601294635111637
CELF1_MOUSE,AALEAQNALHNMK,2,0.354394394555954,0.03555,0.43231,0.484039276384437,0.512263598230579,0.443872108938208,0.332741785942852
CELF1_MOUSE,VMFSSFGQIEEcR,2,0.257122475231241,0.1765,0.38098,0.49468973586001,0.447115104704568,0.498422172211451,0.498422172211451
CELF1_MOUSE,AMHQAQTMEGcSSPMVVK,3,0.450778594236406,0.0389,0.29016,0.463240099345878,0.414570339411835,0.427757114407634,0.416344190552847

