protien,peptide,charge,rsquared,rateconstant,mo,io_e,io_a1a0,io_a2a0,io_a2a1
VAPB_MOUSE,QLKEEDGLR,3,-0.333463764197971,0.07613,0.54582,0.519575541943966,0.537233876232429,0.508851142390369,0.470462244112074
VAPB_MOUSE,QLKEEDGLR,2,0.959125492284989,0.09484,0.54582,0.520230835462857,0.521496473298456,0.506812160621023,0.485866245285042
VAPB_MOUSE,VEQVLSLEPQHELK,3,0.618854380914593,0.02208,0.38326,0.328401110283955,0.311209423076038,0.311152181157872,0.311152181157872

