protien,peptide,charge,rsquared,rateconstant,mo,io_e,io_a1a0,io_a2a0,io_a2a1
ERD21_MOUSE,ATYDGNHDTFR,3,0.955781494230592,0.18411,0.47958,0.504363650326221,0.488386516375399,0.487848882873315,0.487848882873315
ERD21_MOUSE,ATYDGNHDTFR,2,0.315075276492515,2.25282,0.47958,0.378223987976072,0.46483260983728,0.327319863316525,0.182761380579539
ERD21_MOUSE,TGEAETITSHYLFALGVYR,3,-1.77548574738275,0.69225,0.28293,0.0460447847683699,2.23972184760235E-07,0.211340077060557,0.392922082404975

