protien,peptide,charge,rsquared,rateconstant,mo,io_e,io_a1a0,io_a2a0,io_a2a1
SH3L2_MOUSE,VFVAScSGFVAIK,2,0.468818467228026,0.49784,0.42896,0.380594571731423,0.392942802492165,0.360169593925238,0.315759708755144
SH3L2_MOUSE,ESNTVFSFLGLKPR,3,0.681338587077509,0.13678,0.38637,0.501105672152719,0.543084247157676,0.446545306798057,0.323778631646403

