protien,peptide,charge,rsquared,rateconstant,mo,io_e,io_a1a0,io_a2a0,io_a2a1
SEPT4_MOUSE,STLVNSLFLTDLYR,2,0.284057012625236,0.07045,0.37715,0.280747206811846,0.40241574722512,0.220445257647602,0.166251799521906

