protien,peptide,charge,rsquared,rateconstant,mo,io_e,io_a1a0,io_a2a0,io_a2a1
COQ7_MOUSE,MLMEEDPEKYEELLQVIK,3,-0.0790497092003866,2E-05,0.2507,0.472123050668779,0.484292576111975,0.35516148120952,0.35516148120952
COQ7_MOUSE,EGAMAcTVAVEESIANHYNNQIR,3,-0.642264417116822,0.10771,0.22566,0.237014100147517,0.214638906958817,0.269606563175846,0.38416915508759

