protien,peptide,charge,rsquared,rateconstant,mo,io_e,io_a1a0,io_a2a0,io_a2a1
SYSC_MOUSE,TIcAILENYQAEK,2,-0.225247151398581,0.02186,0.4055,0.388057106939137,0.401733703227283,0.386244078442657,0.361934887362468
SYSC_MOUSE,IEQFVYSSPHDNK,2,0.486009584911329,1.44916,0.39987,0.313606409079476,0.297017524292425,0.274030454452577,0.248785409914358
SYSC_MOUSE,IEQFVYSSPHDNK,3,0.745352518792813,0.0531,0.39987,0.475202991003926,0.530975702726023,0.400871031618015,0.245634815771507
SYSC_MOUSE,ELVScSNcTDYQAR,2,0.928208557373085,0.14226,0.38734,0.39872091477694,0.394673832135763,0.351929070505736,0.276944701796456
SYSC_MOUSE,GPLVFLEQALIQYALR,3,0.963384464429232,0.25035,0.32619,0.379532030409166,0.367368889372521,0.360157701326182,0.352200267269841

