protien,peptide,charge,rsquared,rateconstant,mo,io_e,io_a1a0,io_a2a0,io_a2a1
S22AR_MOUSE,ISIPLDSNLR,2,0.367423579665913,0.23044,0.52263,0.446390533150311,0.41938444409693,0.44736729851627,0.482744058137532

