protien,peptide,charge,rsquared,rateconstant,mo,io_e,io_a1a0,io_a2a0,io_a2a1
GNAS1_MOUSE,SNEYQLIDcAQYFLDK,2,0.876047434264408,0.3941,0.30664,0.378618428594355,0.364413157123678,0.326821535780702,0.275381841601141

