protien,peptide,charge,rsquared,rateconstant,mo,io_e,io_a1a0,io_a2a0,io_a2a1
CAB39_MOUSE,DVAQIFNNILR,2,0.649443632961216,0.13532,0.46583,0.489741826661628,0.456869199581178,0.501546177292828,0.558372188153493

