protien,peptide,charge,rsquared,rateconstant,mo,io_e,io_a1a0,io_a2a0,io_a2a1
LDAH_MOUSE,LLFPTIER,2,0.574564250604069,0.57355,0.54625,0.525692602612902,0.513790001574008,0.515598853348123,0.518716460607395
LDAH_MOUSE,VLAAPQEESNAQK,2,0.800180112383132,0.48676,0.46018,0.341107195426636,0.438402504255189,0.291507066479226,0.146986685125054
LDAH_MOUSE,QLIFIIPGNPGYSAF,2,0.860352139804895,0.28131,0.36077,0.302261203869209,0.230882194829467,0.282208533058517,0.342468763046979

