protien,peptide,charge,rsquared,rateconstant,mo,io_e,io_a1a0,io_a2a0,io_a2a1
CMBL_MOUSE,AGVSVYGIIR,2,-0.17862294874548,0.77029,0.5408,0.34623748481468,0.312825953070198,0.353473914906955,0.399869329721631
CMBL_MOUSE,EHcIVNYQVK,3,0.884789445776545,0.17785,0.46816,0.493319404618978,0.478178500202643,0.511319566676773,0.554458499042171
CMBL_MOUSE,TFSGQTHGFVHR,2,0.699751643372667,0.2397,0.44608,0.49843594679872,0.487774338704111,0.4661739849305,0.439567315575519
CMBL_MOUSE,EANPcPcDIGHK,2,0.826887488270176,0.19375,0.45139,0.579859337656071,0.613938926622481,0.449048266901479,0.150739501863813
CMBL_MOUSE,EDcSPADKPYIEEAR,2,0.759902936615547,0.15588,0.36547,0.418869613191636,0.354990154825489,0.415791989350505,0.533444680244451
CMBL_MOUSE,LEYGGMGHEVQVEHIK,4,0.985967105880165,0.16842,0.33238,0.345859362038671,0.326720618746603,0.34760074283205,0.378884351903415
CMBL_MOUSE,REDcSPADKPYIEEAR,3,0.789980826886596,0.15153,0.33547,0.322653773589821,0.231826864550294,0.312862046115409,0.45204948711968
CMBL_MOUSE,AVIVVQDIFGWQLPNTR,2,0.939600114680871,0.15607,0.30697,0.341173036870551,0.328707176645021,0.325543960876695,0.321924488581889
CMBL_MOUSE,AVIVVQDIFGWQLPNTR,3,0.981470482242794,0.21929,0.30697,0.318895319433249,0.315039531933603,0.313044770479143,0.311297393269074
CMBL_MOUSE,KREDcSPADKPYIEEAR,4,0.983210370079158,0.19095,0.31022,0.290590733861982,0.270456286603862,0.30122781704088,0.34597169803503
CMBL_MOUSE,IFAENDTVIPLEQVSTLTQK,2,0.823215064750311,0.12044,0.27033,0.284266865306847,0.254602305488633,0.278727453520484,0.30754414059112
CMBL_MOUSE,IFAENDTVIPLEQVSTLTQK,3,-0.917569266301848,5E-05,0.27033,0.316291832995619,0.300344030821195,0.286403984805972,0.27033
CMBL_MOUSE,NPTLFIFAENDTVIPLEQVSTLTQK,3,-0.00810941643055085,0.13443,0.18967,0.377515380224213,0.384895758478845,0.282410205349907,0.282410205349907

