protien,peptide,charge,rsquared,rateconstant,mo,io_e,io_a1a0,io_a2a0,io_a2a1
FADS1_MOUSE,VAPLVQSLcAK,2,-10.8981512298782,10.61564,0.49514,0.201248257682117,0.143514727751757,0.192855694258889,0.257778381654368
FADS1_MOUSE,YFTWEEVAQR,2,0.969490419158456,2.63814,0.44844,0.470242158037457,0.44689125982417,0.496474181728964,0.547198899266884
FADS1_MOUSE,PLLTAFADIVYSLK,2,0.868968677488565,0.83513,0.38412,0.4271777673047,0.405701916427471,0.418332454513755,0.434447223432458
FADS1_MOUSE,ESGQLWLDAYLHQ,2,0.163623865989899,0.04733,0.39638,0.458477573690701,0.412879084782917,0.459661094921925,0.518569427847066
FADS1_MOUSE,APDPVPTPGPASAQLR,2,0.952236160104549,0.10057,0.40172,0.386266261669408,0.389577843123001,0.373784420485297,0.354796134516148
FADS1_MOUSE,YESKPLLTAFADIVYSLK,3,0.630169039234901,0.53688,0.28501,0.296742023287379,0.29658219861898,0.293598317299845,0.290446849478124
FADS1_MOUSE,VISHYAGQDATDPFVAFHINK,4,-0.382049225767502,1.31971,0.24853,0.280779772316996,0.315014947171091,0.265553833018328,0.212560431459265

