protien,peptide,charge,rsquared,rateconstant,mo,io_e,io_a1a0,io_a2a0,io_a2a1
FN3K_MOUSE,VIDLPGGGAVFVMEHLK,3,-0.000170567689210976,0.00589,0.32938,0.359216026566033,0.392970590262285,0.324084638820564,0.23839629918475

