protien,peptide,charge,rsquared,rateconstant,mo,io_e,io_a1a0,io_a2a0,io_a2a1
T3HPD_MOUSE,FALDFGLVPAPPK,2,0.650643064652673,0.04318,0.42189,0.459152929595469,0.46415896450814,0.416355139856246,0.360669837915562

