protien,peptide,charge,rsquared,rateconstant,mo,io_e,io_a1a0,io_a2a0,io_a2a1
ACOT3_MOUSE,ASLNSLVGGPVIWGGEPR,2,-0.0344167597381693,8E-05,0.34507,0.400840812425081,0.36563649837588,0.370068554137122,0.375275232037624
ACOT3_MOUSE,SDTAFLFLVGQDDHNWK,3,0.16665873662474,0.94847,0.30581,0.205926373449717,0.0651623680728395,0.303433236741142,0.396118216790788
ACOT3_MOUSE,MAPTVILEPAGGcLcDQPVHIAVR,3,-0.110793332761591,0,0.20953,0.231666849481995,0.226523445677569,0.201470935036026,0.167978300521373
ACOT3_MOUSE,AHAMAQVDAWQQLQTFFHNHLDGK,5,0.741664829285357,0.42147,0.18518,0.216738054778328,0.309527225074906,0.150336886115937,0.03986233216357

