protien,peptide,charge,rsquared,rateconstant,mo,io_e,io_a1a0,io_a2a0,io_a2a1
GT251_MOUSE,EVYGFLPVPLR,2,0.197525265120437,0.01163,0.44753,0.550593490251225,0.527517364468643,0.530025658057806,0.530025658057806
GT251_MOUSE,NAAPALPATLGALEQLR,2,-0.168729091478171,0.01221,0.3712,0.336612767569635,0.218155649203591,0.374406265908997,0.569450319064785

