protien,peptide,charge,rsquared,rateconstant,mo,io_e,io_a1a0,io_a2a0,io_a2a1
RAB17_MOUSE,LNYQVSEIFNTVAQELLQR,3,0.0170531021990906,0.10612,0.2658,0.347948464607584,0.374913169052238,0.292258988045337,0.203520564388081

