protien,peptide,charge,rsquared,rateconstant,mo,io_e,io_a1a0,io_a2a0,io_a2a1
PGRC2_MOUSE,FYGPAGPYGIFAGR,2,0.232679865431987,0.22804,0.39845,0.413895902077309,0.416942190995691,0.42053869064038,0.425095756684507
PGRC2_MOUSE,LSTLGSGGESGGDGSPGGAGATAAR,2,0.82073792103311,0.19061,0.3253,0.355512973607206,0.287233383301628,0.334870905487031,0.398387408514854

