protien,peptide,charge,rsquared,rateconstant,mo,io_e,io_a1a0,io_a2a0,io_a2a1
LIMA1_MOUSE,GNYDEGFGHK,2,0.785084360697732,0.2461,0.52301,0.524871864872865,0.575120522220542,0.460880020920052,0.313666172704574
LIMA1_MOUSE,QSSPASYTNELK,2,-1.00137488601724,0.27541,0.4746,0.458614606868819,0.409347007583117,0.450297712285168,0.506436065964111

