proteinName,peptideSeq,charge,old_Rsquared,new_Rsquared,NDP,rateconstant,sigma,Abundance,MassToCharge,RMSE,selected_A1A0_count, selected_A2A0_count, selected_A2A1_count,improved_timePoints,new_k,I0_percentatediffI0_percentatediff,selected_io_t,i0,I0_asymptote,new_rmse,lowerci_old,upperci_old,sigma_old,lowerci_new,upperci_new,sigma_new,old_pearson,new_pearson
ITM2B_MOUSE,NLLELLINIK,2,0.641205229226934,0.867846180824938,10,0.17472,0.0428726017337066,7138096,591.8764,0.0411060267885624,5,2,0,0| 2| 6| 9| 16| 21| 24,NaN,0.0411978849468209|-0.0303073076274031|,0.513769426515154| NaN| 0.430143463914491| 0.37050552825506| 0.353816718166602| 0.342096288498449| 0.32207606984013| 0.289384505993965| 0.299462456110869| 0.258950660040845| 0.345082167239019| NaN,0.513769426515154,0.291950760543098,0.0232296980770776,0.0627318727874188,0.286708127212581,0.0495050163036303,0.111433650366971,0.238006349633029,0.0279761064709401,0.861602567045656,0.932508554485545

