proteinName,peptideSeq,charge,old_Rsquared,new_Rsquared,NDP,rateconstant,sigma,Abundance,MassToCharge,RMSE,selected_A1A0_count, selected_A2A0_count, selected_A2A1_count,improved_timePoints,new_k,I0_percentatediffI0_percentatediff,selected_io_t,i0,I0_asymptote,new_rmse,lowerci_old,upperci_old,sigma_old,lowerci_new,upperci_new,sigma_new,old_pearson,new_pearson
MTX1_MOUSE,QTPAAPETEEEPYR,2,-0.537975027167703,0.982270429043332,6,0.31761,0.19023014889897,2080924,809.37317,0.12090657520037,0,3,2,0| 1| 2| 3| 31,NaN,,0.394190194656521| 0.336840386414533| 0.267142028669839| 0.197621244808255| NaN| 0.101920640455716| NaN| NaN| NaN| NaN| NaN| 0.0543685892274422,0.394190194656521,0.0628008061564913,0.0113974404127773,0,1.12942711866297,0.31581064943511,0.246197569607203,0.389022430392797,0.0277806485002835,0.300941459329937,0.99358981620603
MTX1_MOUSE,QGADTLAFMSLLEEK,2,0.783871939597996,0.835711322293618,11,0.09731,0.0251884884681001,64434726.6666667,826.91364,0.0634946873956867,2,3,0,0| 1| 9| 13| 16,NaN,,0.423557810107304| 0.443761306908074| 0.402863111138119| 0.373786359798305| 0.26469377305599| 0.254148424250845| 0.225548342516247| 0.153665404385959| 0.1555759594682| 0.122213106298004| NaN| 0.102736552480337,0.37044,0.0901719084286263,0.0469041251489581,0.0358298411201754,0.158790158879825,0.0275926066468743,0.0518940260885667,0.142725973911433,0.0203829190824378,0.975715915767586,0.989152763390444
MTX1_MOUSE,TSNPWQSPSGTLPALR,2,0.833498522742757,0.921247882705414,11,0.04157,0.00560352943200561,126669209,856.44171,0.0335118358945348,2,1,0,1| 2| 31,NaN,,0.397310095183586| 0.408995590049073| 0.368181963777918| 0.376099531456138| 0.302700413085167| 0.300242370216839| 0.268045576369322| 0.258755069858031| 0.245874226114747| 0.238774132690872| NaN| 0.1278702599594,0.397310095183586,0.0880183476990299,0.0215586477584456,0.0284343212285753,0.0547056787714247,0.0058953591529927,0.033119628239036,0.050020371760964,0.00379256963983955,0.931135695989278,0.969337264160104

