proteinName,peptideSeq,charge,old_Rsquared,new_Rsquared,NDP,rateconstant,sigma,Abundance,MassToCharge,RMSE,selected_A1A0_count, selected_A2A0_count, selected_A2A1_count,improved_timePoints,new_k,I0_percentatediffI0_percentatediff,selected_io_t,i0,I0_asymptote,new_rmse,lowerci_old,upperci_old,sigma_old,lowerci_new,upperci_new,sigma_new,old_pearson,new_pearson
NHLC3_MOUSE,YNSLGDLVQVLGTPGK,2,0.394618519686207,0.981516606969483,7,0.9489,0.470935088050809,8753241,830.94885,0.05018222111522,0,4,0,0| 9| 13| 16,NaN,,0.39141620773539| 0.2237601860472| NaN| 0.158509648926592| 0.146739308837766| NaN| 0.116754795173744| 0.116754795173744| 0.116754795173744| NaN| NaN| NaN,0.39141620773539,0.13248795623753,0.00962645711577569,0,4.12316409774948,1.29725314642402,0.636284165007211,1.26151583499279,0.127759336677088,0.840488607670208,0.991965836249357
NHLC3_MOUSE,FNIPHSVTLDAVGR,3,-0.862973721802695,0.702951406761962,8,0.12864,0.0433696904489733,8193703,509.27557,0.0668631810659147,1,4,2,0| 1| 3| 6| 9| 13| 16,NaN,,0.354330471977402| 0.420882584434859| NaN| 0.289458848282383| 0.203516040115967| NaN| 0.215405404216701| 0.225724532111106| 0.202014689096468| NaN| NaN| 0.190126802594112,0.40841,0.131880041753444,0.0352478424044738,0.0261000151863289,0.231179984813671,0.0433641771077325,0.0578559238602109,0.199424076139789,0.0299345979006211,0.549129438742225,0.889317835169981

