proteinName,peptideSeq,charge,old_Rsquared,new_Rsquared,NDP,rateconstant,sigma,Abundance,MassToCharge,RMSE,selected_A1A0_count, selected_A2A0_count, selected_A2A1_count,improved_timePoints,new_k,I0_percentatediffI0_percentatediff,selected_io_t,i0,I0_asymptote,new_rmse,lowerci_old,upperci_old,sigma_old,lowerci_new,upperci_new,sigma_new,old_pearson,new_pearson
PSME3_MOUSE,MWVQLLIPR,2,0.826514123085465,0.928482571379043,7,0.14615,0.0377274397655444,7937101.33333333,578.33899,0.0252735004814853,0,2,2,1| 2| 21| 24,NaN,,0.507776640017995| 0.525411264424511| 0.418776679610866| 0.389759522154988| NaN| NaN| NaN| NaN| NaN| 0.284325039060256| 0.270431485513221| 0.28996761918836,0.507776640017995,0.275270191314111,0.0201659670685848,0.0816980712146795,0.21060192878532,0.02634011060048,0.0947231913415121,0.197576808658488,0.021017025454835,0.957778512399364,0.964110029035192
PSME3_MOUSE,LLELDSFLK,2,0.813460230808492,0.973708950226199,7,1.38062,0.48687334302079,11367812.3333333,539.31317,0.0303408550224463,4,1,0,1| 3| 21| 24| 31,NaN,-0.0294196153805822|,0.539960451396168| 0.3733980244978| 0.340782910020408| 0.331982845690381| NaN| NaN| NaN| NaN| NaN| 0.315575109463685| 0.302713912140718| 0.296131917890374,0.539960451396168,0.321631216374981,0.00970614662097413,1.18458639974817,1.57665360025183,0.08011469647778,1.31790815930619,1.44333184069381,0.0256289741977574,0.967622718616637,0.990459731584372
PSME3_MOUSE,SNQQLVDIIEK,2,0.811274772286137,0.816455690481831,7,0.54147,0.107974277624374,136336576.666667,643.85114,0.0318827287445843,1,1,0,1| 31,NaN,,0.439053846077712| 0.346879541346148| 0.249932568736346| 0.278726506402154| NaN| NaN| NaN| NaN| NaN| 0.219302593959347| 0.209617103739405| 0.164403783078069,0.439053846077712,0.163292093112318,0.0282805130481047,0.393663339853863,0.689276660146137,0.060405388156879,0.410363023105193,0.672576976894807,0.0535805884631699,0.937031703392528,0.963436189137778

