proteinName,peptideSeq,charge,old_Rsquared,new_Rsquared,NDP,rateconstant,sigma,Abundance,MassToCharge,RMSE,selected_A1A0_count, selected_A2A0_count, selected_A2A1_count,improved_timePoints,new_k,I0_percentatediffI0_percentatediff,selected_io_t,i0,I0_asymptote,new_rmse,lowerci_old,upperci_old,sigma_old,lowerci_new,upperci_new,sigma_new,old_pearson,new_pearson
RUFY3_MOUSE,TAEGQALSEAR,2,0.795350578377591,0.900773917022752,3,0.19791,0.0302024474719858,2237440.33333333,566.78326,0.0239252720981961,1,0,0,7,NaN,,0.526096061769441| 0.385217298217103| NaN| NaN| NaN| 0.181162657730902| NaN| NaN| NaN| NaN| NaN| NaN,0.526096061769441,0.1165490297107,0.0223026862215622,0,0.533725379966984,0.0780484508185194,0,0.509056550976465,0.0723150508580818,0.941584139925498,0.982593057814669

