proteinName,peptideSeq,charge,old_Rsquared,new_Rsquared,NDP,rateconstant,sigma,Abundance,MassToCharge,RMSE,selected_A1A0_count, selected_A2A0_count, selected_A2A1_count,improved_timePoints,new_k,I0_percentatediffI0_percentatediff,selected_io_t,i0,I0_asymptote,new_rmse,lowerci_old,upperci_old,sigma_old,lowerci_new,upperci_new,sigma_new,old_pearson,new_pearson
XPP1_MOUSE,QEALEWLIR,2,0.888432820351193,0.949831078852917,9,0.10988,0.011204809456531,30861320,579.31927,0.0286588117964703,4,1,1,1| 2| 3| 6| 7| 9,NaN,-0.0123688846107619|-0.00547009943456196|0.0586643354502164|,0.540757937169391| 0.48986718072153| 0.465097136663191| 0.406113484606624| 0.371153506420651| 0.352710464262404| 0.297678954565542| 0.257769358416345| 0.224820456618256| NaN| NaN| NaN,0.540757937169391,0.20111769027041,0.0196583861857818,0.0818503394578911,0.137909660542109,0.0121550781784332,0.0906531773561871,0.129106822643813,0.00833772253528806,0.971712857533574,0.993348569144611
XPP1_MOUSE,VGVDPLIIPTDYWK,2,0.890328130983311,0.956927145426329,9,0.16647,0.0247947717110764,19872068.75,808.44012,0.022372328154984,2,2,1,0| 1| 2| 3| 13,NaN,,0.379448326516588| 0.348698182371438| 0.323084688641035| 0.302370468133425| 0.228296720587947| 0.249846184779358| 0.201151409988865| 0.204608585553149| 0.17445256456198| NaN| NaN| NaN,0.379448326516588,0.187210125621355,0.0123209590193904,0.0964429509828442,0.236497049017156,0.0303672694904661,0.127904483026881,0.205035516973119,0.0167239582903876,0.977171579931154,0.987922791711117
XPP1_MOUSE,GSLTFEPLTLVPIQTK,2,0.743883473621667,0.95101549107713,9,0.18861,0.044704933137834,8033381,872.49817,0.0384523790540415,3,2,0,1| 2| 6| 9| 13,NaN,,0.32060163695646| 0.319724920864292| 0.233073660950086| 0.245594210322046| 0.177686421429332| 0.161722343780177| 0.160762938642217| 0.113861423303476| 0.123503602681586| NaN| NaN| NaN,0.32060163695646,0.113751784487404,0.0140662377272013,0.0307244057258093,0.346495594274191,0.0684671774304259,0.13085398184466,0.24636601815534,0.025045930003273,0.884280417639823,0.977958351287054

