proteinName,peptideSeq,charge,old_Rsquared,new_Rsquared,NDP,rateconstant,sigma,Abundance,MassToCharge,RMSE,selected_A1A0_count, selected_A2A0_count, selected_A2A1_count,improved_timePoints,new_k,I0_percentatediffI0_percentatediff,selected_io_t,i0,I0_asymptote,new_rmse,lowerci_old,upperci_old,sigma_old,lowerci_new,upperci_new,sigma_new,old_pearson,new_pearson
YTHD3_MOUSE,SYSEDDIHR,3,0.944022570274769,0.99696310090488,7,1.83746,0.360546828755009,4618461,374.50012,0.0184090719024913,0,2,3,1| 2| 3| 7| 16,NaN,0.0442466727372227|,0.49948709721324| 0.249879662011013| 0.213148763060364| 0.193683415435008| NaN| 0.193257670652408| 0.202559648105733| NaN| 0.193258204002061| NaN| NaN| NaN,0.49948709721324,0.194727160561988,0.0043700187197278,1.62545773505789,2.04946226494211,0.086640744681629,1.78713405900042,1.88778594099958,0.0205671246304729,0.980944282307499,0.998891829188544
YTHD3_MOUSE,AITDGQAGFGNDTLSK,2,0.967049120035338,0.993781607318214,7,0.09842,0.00617763702721965,31067983.3333333,797.88904,0.0127003798979997,2,3,0,0| 1| 2| 3| 7,NaN,-0.0222497336665653|0.0592546954496773|0.0707505212557147|0.0325740761347358|,0.416173154929373| 0.381949974370248| 0.347009530703534| 0.319732910227365| NaN| 0.254483127058463| 0.223556498296026| NaN| 0.162134493547989| NaN| NaN| NaN,0.416173154929373,0.10618968578761,0.00507641889510549,0.0770425593427372,0.119797440657263,0.00873649806731224,0.0898753072779644,0.106964692722036,0.00349203127954792,0.992306193710201,0.998185558428571

