PeptideSeq,Charge,Abun,mz,NDP,t0,i0,m0,t1,i1,m1,t2,i2,m2,t3,i3,m3,t6,i6,m6,t7,i7,m7,t9,i9,m9,t13,i13,m13,t16,i16,m16,t21,i21,m21,t24,i24,m24,t31,i31,m31
VEQLGAEGNVEESQK,2,3415741.5,808.89172,2,1540.73999,59.98,809.39752,25.648677,35.54,808.89557,25.592366,25.02,808.89758,,,0,,,0,,,0,,,0,,,0,,,0,,,0,,,0,,,0

