PeptideSeq,Charge,Abun,mz,NDP,t0,i0,m0,t1,i1,m1,t2,i2,m2,t3,i3,m3,t6,i6,m6,t7,i7,m7,t9,i9,m9,t13,i13,m13,t16,i16,m16,t21,i21,m21,t24,i24,m24,t31,i31,m31
SFANVTEPFK,2,189995487.5,570.29022,8,40.8152655,24.81,570.79169,40.941414,0,570.79169,40.817089,0,570.79169,40.907118,0,570.79169,,,0,,,0,41.174206,26.52,570.79297,41.3333855,25.63,570.79028,41.2686675,0,570.79169,,,0,41.480356,24.28,570.79395,,,0
QADVVLLGYPVPFPLTPDIR,2,1611983.25,1105.61462,4,77.0000915,48.27,1106.12183,77.135315,73.4,1106.12708,77.1615755,54.16,1106.12903,77.0825345,43.1,1106.12305,,,0,,,0,4645.549805,20.04,1106.62549,4623.63916,0,1106.12183,4620.314453,0,1106.12183,,,0,4641.569824,0,1106.12183,,,0
VSVSGISYLGNK,2,9392579,612.33514,7,39.134182,0,612.33813,39.311916,51.35,612.33813,38.643074,0,612.33813,38.790695,0,612.33813,,,0,,,0,38.849663,0,612.33813,39.309618,28.47,612.83844,38.897034,26.67,612.83801,,,0,39.324051,35.26,612.84442,,,0

