PeptideSeq,Charge,Abun,mz,NDP,t0,i0,m0,t1,i1,m1,t2,i2,m2,t3,i3,m3,t6,i6,m6,t7,i7,m7,t9,i9,m9,t13,i13,m13,t16,i16,m16,t21,i21,m21,t24,i24,m24,t31,i31,m31
VAPVLIR,2,31551501.4285714,384.26053,12,30.946604,31.71,384.26141,31.027215,0,384.26141,30.9369945,0,384.26141,30.9413615,44.14,384.26263,31.0549315,0,384.26141,31.11022,37.16,384.26178,31.472327,29.72,384.76419,31.296506,0,384.26141,31.420287,0,384.26141,31.2585115,44.23,384.2627,31.3779115,30.87,384.26361,31.414533,31.07,384.76544
GSDMESTQDQPVK,2,9023121.85714286,711.31427,11,20.8597135,53.63,711.31689,20.590267,42.48,711.31757,20.440014,57.4,711.81982,20.5376055,0,711.31689,20.494259,0,711.31689,20.803016,16.88,711.81854,21.0344125,0,711.31689,21.0025365,21.2,712.32111,20.7675935,51.23,711.81799,20.86244,0,711.31689,20.8168945,18.4,711.82343,20.75415,0,711.31689
SYQFWDTQPVPK,2,21739575,748.36444,12,46.7582915,25.76,748.8678,46.7625675,35.15,748.36749,46.78554,32.98,748.37036,46.813263,28.42,748.36993,47.0281865,24.42,748.87091,45.806177,0,748.8678,47.0699595,29.91,748.86926,47.241745,26.16,748.86951,47.119692,17.59,748.86945,47.2497195,19.78,748.36902,46.708275,0,748.8678,47.3638305,24,748.87189
FGIGDGNLQYYLYNWK,2,17567512,975.97284,12,67.149559,31.01,975.97333,67.2405245,77.89,975.9765,67.156784,0,975.97333,67.0776675,30.16,976.48041,67.3069345,28.75,976.4798,67.609306,0,975.97333,67.3076285,0,975.97333,67.324131,0,975.97333,66.5713575,0,975.97333,66.7984355,0,975.97333,67.9292105,17.86,976.47754,66.9186055,0,975.97333
AAYSFYNVHTQTPLLDLMSDALVLAK,3,18386713.3333333,961.16498,12,76.582821,38.43,961.16937,76.486145,72.72,961.50787,76.811245,0,961.16937,76.7691575,0,961.16937,76.528782,0,961.16937,77.1373025,0,961.16937,77.016819,0,961.16937,76.423939,0,961.16937,76.825813,0,961.16937,76.8807675,24.1,961.84357,77.1538965,0,961.16937,77.3113365,0,961.16937
ELYTLLNENYVEDDDNMFR,2,2658934,1197.03369,3,65.525192,0,1197.54199,65.583729,26.22,1197.54199,65.71933,0,1197.54199,3943.692139,0,1197.54199,3952.226318,0,1197.54199,3958.280273,0,1197.54199,3959.454834,0,1197.54199,3969.267334,0,1197.54199,3906.952881,0,1197.54199,3908.437988,0,1197.54199,3924.20752,0,1197.54199,3997.25,22.16,1197.5426
LVGFISAIPANIHIYDTEK,3,151732750,701.04913,12,57.3199045,0,701.05133,57.3901325,30.95,701.05133,57.266687,31.26,701.38867,57.2784955,0,701.05133,57.474123,0,701.05133,57.404072,0,701.05133,57.5093765,0,701.05133,57.6850185,0,701.05133,57.6502175,0,701.05133,57.931784,0,701.05133,58.2362095,0,701.05133,58.309994,0,701.05133

