PeptideSeq,Charge,Abun,mz,NDP,t0,i0,m0,t1,i1,m1,t2,i2,m2,t3,i3,m3,t6,i6,m6,t7,i7,m7,t9,i9,m9,t13,i13,m13,t16,i16,m16,t21,i21,m21,t24,i24,m24,t31,i31,m31
VAVLLLAGGQGTR,2,31764450,627.88007,10,44.2317735,66.08,627.88226,44.4206485,26.39,627.88373,44.246708,0,627.88226,44.337286,0,627.88226,44.6805495,0,627.88226,44.442715,0,627.88226,44.7101975,0,627.88226,,,0,,,0,44.7969725,0,627.88226,44.975071,0,627.88226,44.965345,26.67,628.38849
AALLAELASLEADALR,2,4568730,813.95667,10,74.9567375,60.55,814.45844,75.0494385,0,814.45844,75.0899085,73.94,813.96368,74.7855375,31.41,814.96472,74.9199405,0,814.45844,75.0981025,34.81,814.96814,75.175156,16.9,814.4574,,,0,,,0,74.857292,0,814.45844,75.4589005,31.61,814.96851,75.380787,22.67,814.46124
AALLAELASLEADALR,3,2985949.75,542.97351,10,74.9952315,82.01,543.31012,75.0494385,41.82,542.97571,75.0769845,64.65,543.64551,75.080242,40.54,543.64539,75.218292,40.54,543.64545,75.446697,22.89,543.31195,75.525497,54.99,543.30951,,,0,,,0,75.476234,21.11,543.64679,75.92947,0,543.31012,76.0925215,0,543.31012

