PeptideSeq,Charge,Abun,mz,NDP,t0,i0,m0,t1,i1,m1,t2,i2,m2,t3,i3,m3,t6,i6,m6,t7,i7,m7,t9,i9,m9,t13,i13,m13,t16,i16,m16,t21,i21,m21,t24,i24,m24,t31,i31,m31
TSPAGGTWSSVVSGVPR,2,13549092.5,822.92065,9,45.235498,96.86,822.92346,45.304138,82.55,823.42963,,,0,45.280174,44.04,823.42566,45.4599535,39.45,823.42865,45.4579545,24.17,823.4198,45.1418265,40.68,822.92358,45.733488,39.83,823.4223,,,0,45.721773,44.34,823.42633,44.333004,0,822.92346,,,0
GLPQPTISFDGIYANVR,2,19027840,924.48615,9,58.8877015,51.43,924.48895,58.972843,54.64,924.99689,,,0,59.100914,36.46,924.99408,59.229511,0,924.48895,59.2399465,0,924.48895,59.38167,0,924.48895,59.4945905,26.2,925.48578,,,0,59.272474,0,924.48895,59.665701,23.46,924.9986,,,0

