PeptideSeq,Charge,Abun,mz,NDP,t0,i0,m0,t1,i1,m1,t2,i2,m2,t3,i3,m3,t6,i6,m6,t7,i7,m7,t9,i9,m9,t13,i13,m13,t16,i16,m16,t21,i21,m21,t24,i24,m24,t31,i31,m31
GELSGHFEDLLLAIVHcAR,3,543135528,713.03345,7,65.4607275,51.82,713.03558,65.5076105,49.29,713.03809,66.5462185,41.15,713.03888,66.398056,0,713.03558,66.5016475,30.45,713.70721,,,0,66.65712,18.08,713.36932,,,0,,,0,,,0,67.0768585,0,713.03558,,,0
WGTDEDKFTEVLcLR,3,39391900,623.63312,7,53.9067745,0,623.6358,54.066921,0,623.6358,54.0138185,0,623.6358,54.0424385,0,623.6358,54.5164965,0,623.6358,,,0,54.612316,58.38,623.6358,,,0,,,0,,,0,54.867594,48,623.97357,,,0
TLINILTER,2,39762685,536.82166,7,49.846962,0,536.82513,49.830168,0,536.82513,50.0131915,39.01,536.82513,49.887579,32.69,536.82501,50.5705185,42.1,537.32513,,,0,49.7533455,0,536.82513,,,0,,,0,,,0,51.270931,38,537.32886,,,0

