PeptideSeq,Charge,Abun,mz,NDP,t0,i0,m0,t1,i1,m1,t2,i2,m2,t3,i3,m3,t6,i6,m6,t7,i7,m7,t9,i9,m9,t13,i13,m13,t16,i16,m16,t21,i21,m21,t24,i24,m24,t31,i31,m31
ELGSSTNALR,2,23869662.4285714,524.27509,8,24.114667,36.01,524.27802,23.82899,40.26,524.27844,23.834687,0,524.27802,23.889432,59.95,524.7804,,,0,,,0,24.220952,35.11,524.27655,24.203064,27.81,525.28253,23.680312,42.44,524.77948,,,0,23.887699,29.65,524.78131,,,0
GQAFVIFK,2,21318087.5,455.26328,8,43.6173975,0,455.26526,44.2073595,21.62,455.26526,43.6271935,26.53,455.26566,44.1195125,42.55,455.26541,,,0,,,0,43.9144265,0,455.26526,44.1103075,0,455.26526,44.003103,37.47,455.76749,,,0,43.996916,0,455.26526,,,0
SLYALFSQFGHVVDIVALK,3,5326646.5,703.05774,8,75.527687,0,703.0603,75.605175,19.24,703.0603,75.7237205,22.92,703.73138,75.701061,0,703.0603,,,0,,,0,75.6904145,0,703.0603,76.2679555,0,703.0603,76.09787,0,703.0603,,,0,76.18396,0,703.0603,,,0

