PeptideSeq,Charge,Abun,mz,NDP,t0,i0,m0,t1,i1,m1,t2,i2,m2,t3,i3,m3,t6,i6,m6,t7,i7,m7,t9,i9,m9,t13,i13,m13,t16,i16,m16,t21,i21,m21,t24,i24,m24,t31,i31,m31
PVTITVQGPK,2,20857783.3333333,520.31097,8,30.9122705,31.57,520.31293,,,0,30.9406595,24.49,520.31396,30.949487,33.6,520.31342,30.798356,0,520.31293,31.1452905,0,520.31293,,,0,,,0,30.8812495,21.6,520.81451,30.95512,33.1,520.31482,31.44442,20.9,520.81787,,,0
LEPPWIQVLK,2,30454725,611.86334,8,58.862017,0,612.37024,,,0,58.974747,0,612.37024,58.985718,0,612.37024,59.1229135,0,612.37024,59.143732,0,612.37024,,,0,,,0,59.338169,0,612.37024,59.447447,19.39,612.37024,59.6786555,16.18,612.37,,,0
SQVQASYTFK,2,311876220,579.79309,8,28.8707485,0,580.29626,,,0,28.930686,41.99,580.29626,28.9285735,43.38,579.797,29.125553,38.01,580.29535,29.1173375,33.87,580.29578,,,0,,,0,29.062489,0,580.29626,29.1832315,0,580.29626,29.214307,58.47,580.30023,,,0

