PeptideSeq,Charge,Abun,mz,NDP,t0,i0,m0,t1,i1,m1,t2,i2,m2,t3,i3,m3,t6,i6,m6,t7,i7,m7,t9,i9,m9,t13,i13,m13,t16,i16,m16,t21,i21,m21,t24,i24,m24,t31,i31,m31
HHGQEGSILVTK,3,18915050,435.90186,11,17.6585675,31.52,435.9032,17.549819,32.65,435.90405,17.9507465,17.81,436.23837,17.802247,27.13,435.90387,17.6368045,21.86,436.23804,18.046834,0,435.9032,17.881341,0,435.9032,17.783755,0,435.9032,,,0,17.858435,0,435.9032,18.1986,0,435.9032,18.030404,0,435.9032
YGVVVcEADTGR,2,13841571.4,663.31134,11,31.2818365,59.29,663.31464,31.3892015,49.66,663.32184,31.240472,50.65,663.32019,31.3289225,63.69,663.31769,31.493074,28.16,663.81671,31.5016055,38.13,663.31903,31.621914,40,663.82056,31.7182735,44.72,663.31995,,,0,31.597285,46.63,663.8183,31.724883,49.86,663.823,31.743716,0,663.31464
INAGMYILSPAVLQR,2,17695466.7,823.45831,11,57.4797385,71.99,823.46002,58.491732,57.46,823.46045,58.0626965,56.03,823.9613,58.5293695,67.13,823.96442,58.707676,22.91,824.46228,58.2344455,40.21,823.96344,58.296324,55.93,823.9632,58.996868,57.16,823.96191,,,0,59.0368135,19.47,824.46954,57.5621985,0,823.46002,59.5324345,25.16,823.96661
DFLTGMcLFLQSLR,2,2598779.66666667,850.92859,11,89.6318935,66.01,850.93073,90.002964,53.83,851.4328,90.1619415,0,850.93073,90.109802,30.63,851.43475,90.326309,41.36,851.43304,90.1180535,67.18,851.43286,90.1440235,0,850.93073,90.6930845,0,850.93073,,,0,90.225544,38.1,851.43463,90.5956725,0,850.93073,90.834114,0,850.93073
ISMSHEEEPLGTAGPLALAR,3,19264910,693.68945,11,45.115429,40,694.02863,44.9456155,22.93,694.36426,45.0074805,22.36,694.36414,44.9993645,20.83,694.36444,45.2909605,17.41,694.36517,45.288183,16.24,694.36346,45.3139,0,694.02863,45.4998795,0,694.02863,,,0,45.6030425,17.84,694.02997,45.692722,16.03,694.36731,44.874178,0,694.02863
FVEKPQVFVSNK,2,6525447.66666667,711.39301,9,29.632124,0,711.89777,29.723018,25.92,711.89777,29.65918,21.22,711.39655,29.664339,0,711.89777,30.139824,0,711.89777,30.1663955,37.51,711.89935,30.2363435,0,711.89777,30.3219665,0,711.89777,,,0,1788.524414,0,711.89777,1793.638184,0,711.89777,30.700754,0,711.89777
KALILVG,2,0,357.24963,0,2419.458008,0,358.25171,2429.01001,0,358.25171,2418.789551,0,358.25171,2423.07251,0,358.25171,2431.67334,0,358.25171,2431.513184,0,358.25171,2437.115479,0,358.25171,2446.114258,0,358.25171,,,0,2449.830078,27.72,358.25171,2460.379883,28.87,357.75021,2449.863037,0,358.25171

