PeptideSeq,Charge,Abun,mz,NDP,t0,i0,m0,t1,i1,m1,t2,i2,m2,t3,i3,m3,t6,i6,m6,t7,i7,m7,t9,i9,m9,t13,i13,m13,t16,i16,m16,t21,i21,m21,t24,i24,m24,t31,i31,m31
MGPGAASGGERPNLK,3,88460120,481.24539,11,21.4311255,26.01,481.24619,21.305785,34.1,481.24649,21.146757,35.78,481.5835,21.764304,0,481.24619,21.989255,0,481.24619,22.3322505,0,481.24619,22.5881965,0,481.24619,22.501936,0,481.24619,22.3383455,0,481.24619,,,0,22.4790975,0,481.24619,22.5711315,0,481.24619
MGPGAASGGERPNLK,2,6241371.75,721.36444,11,21.3955155,64.9,721.36615,21.297349,47.36,721.36768,21.3083335,29.06,721.36829,21.337009,33.13,721.36847,21.365855,24.35,721.86859,21.4144585,0,721.36615,21.649146,0,721.36615,21.602051,0,721.36615,21.4042665,23.27,721.86877,,,0,21.9891585,18.3,721.87372,21.646184,19.09,721.87378
EFADSLGVPFLETSAK,2,59678087.5,855.93286,11,63.500614,75.88,855.93872,63.700239,41.56,855.93964,63.465534,81.47,856.43878,63.867218,29,856.94421,63.2001515,0,855.93872,64.137173,38.39,856.94122,63.5324195,0,855.93872,64.095825,38.11,856.43896,64.0759735,44.03,856.93994,,,0,64.592457,27.32,856.9458,63.5333885,0,855.93872
NATNVEQAFMTMAAEIK,3,12023749.875,623.63422,11,67.301384,55,623.63702,67.341137,71.85,623.9715,67.368847,35.52,623.97247,67.4431765,15.77,624.30743,67.595684,40.66,624.30829,67.7606925,27.13,624.3075,67.847202,43.01,624.30737,67.9403,33.3,624.30511,67.896309,0,623.63702,,,0,68.1924895,0,623.63702,68.2934185,0,623.63702

