PeptideSeq,Charge,Abun,mz,NDP,t0,i0,m0,t1,i1,m1,t2,i2,m2,t3,i3,m3,t6,i6,m6,t7,i7,m7,t9,i9,m9,t13,i13,m13,t16,i16,m16,t21,i21,m21,t24,i24,m24,t31,i31,m31
SVVYQETNGETR,2,18961129.1111111,691.83093,10,22.426669,62.36,691.8338,22.309048,38.13,691.836,21.9343965,44.47,691.83649,21.9330605,62.03,691.83655,21.971083,0,691.8338,22.0201855,39.87,691.83417,22.3081085,60.91,692.33716,,,0,,,0,22.1983615,36.26,692.33746,22.119163,37.44,692.33856,22.2630195,51.85,692.33795
EIQGFFSFPVDNLR,2,21351469.1666667,834.92267,10,65.598644,45.02,834.93195,65.6951635,0,834.93195,65.8989945,0,834.93195,65.903706,37.4,835.43689,65.7503165,0,834.93195,66.0303495,18.23,835.43652,66.426033,45.15,835.43463,,,0,,,0,66.4739685,16.02,835.93903,66.577503,0,834.93195,67.0554425,17.99,835.94098
ASPFLLQYIQEEIPNYR,3,7912219,694.36157,9,69.8454475,0,694.36487,69.957405,26.82,694.36487,70.350494,0,694.36487,70.1586915,21.98,694.70148,69.861477,0,694.36487,70.0011445,0,694.36487,4228.569824,26.27,694.70032,,,0,,,0,70.5448875,0,694.36487,70.852402,0,694.36487,70.926758,0,694.36487
EKPPITVVGDVGGR,2,110416180,712.3988,9,1927.232422,0,712.4021,32.5012435,0,712.4021,32.628765,23.84,712.4021,32.6818675,0,712.4021,32.6091595,0,712.4021,32.6673925,0,712.4021,32.709721,23.44,712.90509,,,0,,,0,33.0856685,0,712.4021,33.2225705,0,712.4021,33.17474,0,712.4021

