PeptideSeq,Charge,Abun,mz,NDP,t0,i0,m0,t1,i1,m1,t2,i2,m2,t3,i3,m3,t6,i6,m6,t7,i7,m7,t9,i9,m9,t13,i13,m13,t16,i16,m16,t21,i21,m21,t24,i24,m24,t31,i31,m31
YTcSFcGK,2,269706850,511.70715,12,23.095994,35.09,511.70889,23.001056,29.74,511.70975,23.0523005,32.12,511.71005,23.0411795,34.55,511.71024,23.073,29.44,511.70947,23.160531,31.51,511.70908,23.409459,31.86,511.70911,23.244628,34.5,511.70825,23.142028,33.88,511.70822,23.2978775,31.45,511.71002,23.2689855,31.33,511.71155,23.425347,29.25,511.71066
KIEISQHAK,3,14534328.375,351.8732,12,14.7101885,29.23,351.87457,14.618501,0,351.87457,14.579942,23.89,351.87454,14.618323,31.58,351.87491,14.694558,0,351.87457,14.737002,25.93,351.87433,14.9123815,26.41,352.20911,14.891986,23.96,351.87415,14.833422,0,351.87457,14.925237,0,351.87457,14.9514785,27.28,352.21121,14.9109965,22.81,352.21054
KIEISQHAK,2,2748259.18181818,527.30615,12,14.6907715,24.03,527.30835,14.631299,40.9,527.30829,14.580229,34.47,527.30902,14.595241,36.95,527.30884,14.6923975,25.59,527.30847,14.7497305,31.49,527.80994,14.9123815,33.74,527.80981,14.904711,34.75,527.30817,14.8470075,34.41,527.30695,14.9081445,0,527.30835,14.938617,31.38,527.81348,14.914559,27.58,527.81348
AVGIWHcGScMK,2,85814518.3333333,703.31232,12,28.0681565,32.34,703.31482,27.98232,46.3,703.31641,27.9969475,0,703.31482,27.988471,38.84,703.31659,28.16319,23.31,703.31598,28.2150395,26.6,703.31555,28.431051,34.65,703.31543,27.812708,0,703.31482,28.039613,0,703.31482,27.7023925,0,703.31482,27.7145825,0,703.31482,28.155426,0,703.31482
AVGIWHcGScMK,3,112830770,469.21063,12,28.269594,20.7,469.21265,28.2539855,21.19,469.2131,28.2891635,27.71,469.21347,28.248373,18.69,469.21326,28.449624,24.46,469.21249,28.688674,18.68,469.54672,28.614144,15.84,469.54669,28.8551255,16.77,469.54654,28.6266775,0,469.21265,28.780711,0,469.21265,28.8188085,0,469.21265,28.9739485,20.01,469.54904
TVAGGAWTYNTTSAVTVK,2,76049502.5,913.96777,12,41.683464,82.01,913.97113,41.8388135,86.02,913.97162,41.868593,64.22,913.97144,41.763893,80.13,914.47485,41.9701195,79.67,914.47235,41.946379,90.66,914.4704,42.1647795,53.59,914.97565,42.1626375,49.1,914.97559,42.075235,61.68,914.4649,42.1783505,53.46,914.97833,42.285334,42.72,914.98065,42.3170035,34.6,914.97913

