PeptideSeq,Charge,Abun,mz,NDP,t0,i0,m0,t1,i1,m1,t2,i2,m2,t3,i3,m3,t6,i6,m6,t7,i7,m7,t9,i9,m9,t13,i13,m13,t16,i16,m16,t21,i21,m21,t24,i24,m24,t31,i31,m31
ISIcHETEAGcK,3,10178498,468.87973,12,20.442211,41.68,468.88092,20.2773305,16.04,469.21786,20.359239,29.42,469.21841,20.364108,17.76,469.55008,20.521451,32.98,469.21646,20.530325,23.78,469.21716,20.691126,30.23,469.21552,20.197443,0,468.88092,19.999734,22.74,469.54953,20.6214845,0,468.88092,20.637928,0,468.88092,20.648602,0,468.88092
FSIDTAGFSGSSLHIK,3,31394464,556.28601,12,47.3143995,0,556.62402,47.2929095,0,556.62402,47.7336295,0,556.62402,47.3302345,0,556.62402,47.5972955,0,556.62402,47.55451,38.39,556.62402,48.018116,30.42,556.95782,47.4534895,0,556.62402,46.67709,0,556.62402,47.820131,44.27,556.62488,48.3663555,32.47,556.62628,47.967762,24.74,556.95898
TLRPLNELLPLAYIEDPKK,4,3841693.25,556.5741,12,55.816332,0,557.07941,55.887007,0,557.07941,55.8790455,0,557.07941,56.059021,0,557.07941,56.0426825,0,557.07941,56.103319,26.34,557.07941,56.13221,29.51,556.82892,56.3665695,0,557.07941,56.28915,0,557.07941,56.413403,0,557.07941,56.692728,34.54,556.83087,56.7759915,31.03,557.08087
LTAQPAPSPEDLTLSR,2,2732198.5,848.44922,8,42.4310455,0,848.95654,2573.033203,0,848.95654,42.876926,0,848.95654,42.75882,26.77,848.95654,42.946371,0,848.95654,42.912554,0,848.95654,2556.419434,0,848.95654,2588.73999,36.33,848.9541,43.3638435,0,848.95654,43.492115,18.27,848.95532,43.3940945,0,848.95654,2572.94458,0,848.95654
AHFSVMGDILSSAIK,3,13157442.4444444,525.94482,12,52.8132265,0,526.61694,53.093559,44.77,526.61694,53.142847,40.29,526.61755,53.138439,31.61,526.61829,53.3046815,19.72,526.61975,53.335695,37.9,526.61737,53.4242705,36.4,526.61719,53.607029,48.8,526.61652,53.533638,42.33,526.61957,53.015341,0,526.61694,53.763239,44.58,526.28528,53.0323445,0,526.61694

