PeptideSeq,Charge,Abun,mz,NDP,t0,i0,m0,t1,i1,m1,t2,i2,m2,t3,i3,m3,t6,i6,m6,t7,i7,m7,t9,i9,m9,t13,i13,m13,t16,i16,m16,t21,i21,m21,t24,i24,m24,t31,i31,m31
DNIIDDVISFIR,2,3534990.33333333,710.37756,6,88.253765,43.27,710.38434,87.9959905,58.48,710.88458,,,0,88.4016875,36.53,710.88574,,,0,,,0,,,0,89.406944,61.34,710.88409,,,0,89.425083,38.2,710.88593,89.8150445,38.97,711.38879,,,0

