PeptideSeq,Charge,Abun,mz,NDP,t0,i0,m0,t1,i1,m1,t2,i2,m2,t3,i3,m3,t6,i6,m6,t7,i7,m7,t9,i9,m9,t13,i13,m13,t16,i16,m16,t21,i21,m21,t24,i24,m24,t31,i31,m31
YPIEHGIITNWDDMEK,3,3243453000,654.30847,4,45.3122805,31.46,654.30859,45.3527315,21.81,654.64441,,,0,45.351982,0,654.30859,,,0,,,0,,,0,45.7943805,0,654.30859,,,0,,,0,,,0,,,0
YPIEHGIITNWDDMEK,2,212065333.333333,980.95911,4,45.3244725,45.07,980.96362,45.3527315,37.74,980.96454,,,0,45.351759,35.04,981.46631,,,0,,,0,,,0,45.7943805,0,980.96362,,,0,,,0,,,0,,,0
YPIEHGIITNWDDmEK,3,136340800,659.64014,4,40.5729635,19.98,659.64282,40.711399,15.99,659.97797,,,0,40.6003225,0,659.64282,,,0,,,0,,,0,40.9865285,0,659.64282,,,0,,,0,,,0,,,0
QEYDEAGPSIVHR,2,338102450,750.85748,3,2088.073975,0,750.84668,35.0749685,0,750.84668,,,0,34.912064,27.47,750.84668,,,0,,,0,,,0,35.3206025,20.52,751.35028,,,0,,,0,,,0,,,0
LcYVALDFENEmATAASSSSLEK,3,158277600,851.38922,4,66.800827,0,851.73718,66.92836,0,851.73718,,,0,66.712425,19.32,851.73718,,,0,,,0,,,0,67.1542775,0,851.73718,,,0,,,0,,,0,,,0
LcYVALDFENEmATAASSSSLEK,2,226595200,1276.5802,1,,,0,,,0,,,0,,,0,,,0,,,0,,,0,67.154316,19.81,1277.10022,,,0,,,0,,,0,,,0

