PeptideSeq,Charge,Abun,mz,NDP,t0,i0,m0,t1,i1,m1,t2,i2,m2,t3,i3,m3,t6,i6,m6,t7,i7,m7,t9,i9,m9,t13,i13,m13,t16,i16,m16,t21,i21,m21,t24,i24,m24,t31,i31,m31
ALQATVGNSYK,2,253993258.333333,576.3064,12,24.806027,52.06,576.30829,25.5350505,47.52,576.81158,25.4774755,51.21,576.81183,25.520669,47.93,576.81226,25.614689,34.57,577.31439,25.6104735,49.93,576.81201,25.8261275,50.62,576.81079,25.761681,49.23,576.81018,25.652319,32.13,577.31262,25.587577,45.97,576.81189,24.4646605,48.16,576.81439,24.744841,49.38,576.81293
cNTEEHIFVSK,2,6321878.8,682.31915,12,24.28374,53.35,682.32123,24.246643,56.3,682.82501,24.287121,26.55,682.82489,24.2299005,0,682.32123,24.3665,31.12,682.82642,24.394274,0,682.32123,24.6203145,0,682.32123,24.4695485,0,682.32123,24.3128605,0,682.32123,24.486311,16.85,683.328,24.6004915,0,682.32123,24.723115,0,682.32123
EIYTMDSTTDIK,2,77838242.7272727,708.83179,12,38.2819405,71.81,708.83325,38.464088,62.53,709.33759,38.245222,61.39,708.8349,38.4098415,50.41,709.83917,38.136074,60.94,709.33771,38.5979615,56.24,709.33746,38.202337,46.83,708.83478,38.3787595,61.84,709.336,38.6818405,59.94,709.3349,38.7775765,60.82,709.33783,38.582867,0,708.83325,38.920492,50.94,709.33978

