PeptideSeq,Charge,Abun,mz,NDP,t0,i0,m0,t1,i1,m1,t2,i2,m2,t3,i3,m3,t6,i6,m6,t7,i7,m7,t9,i9,m9,t13,i13,m13,t16,i16,m16,t21,i21,m21,t24,i24,m24,t31,i31,m31
SLNILTAFR,2,50326973.75,517.80328,12,54.3589385,36,517.80469,54.396463,39.96,517.80627,54.423782,0,517.80469,54.438887,35.5,518.30804,54.638563,35.08,518.30719,54.6789895,0,517.80469,54.7709385,35.8,518.30768,54.893904,0,517.80469,54.851505,33.72,518.30719,54.951294,35.7,518.30853,55.2033195,23.44,518.31018,55.271681,0,517.80469
FDTQYPYGEK,2,47845786,624.28259,12,32.8028775,46.25,624.28473,32.8964385,43.07,624.2854,32.759628,43.29,624.28534,32.8243025,45.86,624.28693,33.171381,45.31,624.28607,33.2311805,33.62,624.78705,33.3247855,44.95,624.78644,33.4044705,39.14,624.78619,33.311039,0,624.28473,33.412632,0,624.28473,33.580795,38.61,624.78925,33.524242,26.4,624.78912
GALPLDTVTFYK,2,80945453.3333333,662.86102,12,52.6929475,49.73,662.86383,52.4547345,39.21,662.86432,52.6551855,38.56,662.86462,52.993023,36.12,662.8656,52.83107,63.5,663.36658,52.845482,52.79,663.36646,52.9109915,47.04,663.36548,53.197561,56.36,663.36481,53.041958,49.25,663.36517,53.455917,33.53,663.87073,53.384674,56.75,663.36975,53.5307425,52.42,663.36932
GQGVYLGMPGcLPAYDALAGEFIK,3,14153886,843.0835,12,71.833725,32.02,843.4201,71.9678765,28.17,843.7547,72.004959,30.93,843.75787,72.026001,40.3,843.42725,72.1058655,27.5,843.42279,72.3316995,0,843.4201,72.0944865,0,843.4201,72.470272,0,843.4201,72.42675,0,843.4201,72.46764,0,843.4201,72.766098,0,843.4201,72.901596,0,843.4201
ESYPVFYLFR,2,54174270.9090909,660.83478,12,64.5533065,0,660.83813,64.586483,34.09,660.83813,64.676468,39.32,660.83862,64.692642,34.64,660.8407,64.8872835,52.83,661.34027,64.9729005,30.14,661.33966,64.982243,49.61,661.34106,65.1191255,16.78,661.33893,65.140312,26.58,661.34009,64.8089755,33.82,661.34143,65.441532,28.54,661.34259,65.6334415,38.15,661.34113
QGQDGLLSVK,2,35169155,522.78784,12,31.004752,0,522.79071,31.4102155,34.66,522.79071,31.322507,39.79,522.79089,31.6465895,27.79,522.79095,31.478986,32.16,522.79059,31.3600735,20.15,523.29266,31.8731045,0,522.79071,31.715622,0,522.79071,31.8465235,0,522.79071,31.9400245,0,522.79071,32.083248,24.56,523.2951,32.097153,0,522.79071

