PeptideSeq,Charge,Abun,mz,NDP,t0,i0,m0,t1,i1,m1,t2,i2,m2,t3,i3,m3,t6,i6,m6,t7,i7,m7,t9,i9,m9,t13,i13,m13,t16,i16,m16,t21,i21,m21,t24,i24,m24,t31,i31,m31
LLQAATNYR,2,61986312.5,525.29053,10,26.9982385,45.68,525.29224,27.4826525,51.32,525.29407,27.2785865,47.7,525.79492,27.05317,19.24,525.29358,27.664864,0,525.29224,27.440768,0,525.29224,1658.255981,0,525.29224,27.343111,0,525.29224,27.198987,0,525.29224,27.564077,0,525.29224,1658.106689,0,525.29224,28.325091,0,525.29224
GLLVPILLPEK,2,58662828.8888889,596.38916,12,61.6997205,27.9,596.3902,61.724926,41.95,596.3924,61.757225,43.43,596.39197,61.8230955,33.37,596.39227,61.8159505,32.43,596.89362,62.029478,40.91,596.89429,62.0571445,42.6,596.39154,62.053566,26.69,596.89252,61.9946635,0,596.3902,62.2950095,29.07,596.89648,62.38678,0,596.3902,62.5089455,0,596.3902
GLGLGIVAGSLLVK,2,21471547.5,648.91614,12,60.640127,39.6,649.42023,60.694006,32.1,648.91968,60.738758,53.93,648.91864,60.793741,56.75,649.42212,60.9620095,38.45,649.42261,60.9859335,53.08,649.42096,61.0364,21.48,649.9231,61.1865255,21.15,649.4234,61.1394695,42.84,649.41943,61.2283705,39.72,649.42297,61.4808005,26.9,649.42682,61.651375,48.53,649.42383
cYDQLFVQWDLLHVPcLK,3,14269862,778.71851,12,68.2456855,35.81,778.72113,68.3328285,39.9,779.05695,68.2469175,0,778.72113,68.165089,0,778.72113,68.165264,0,778.72113,68.4305495,0,778.72113,68.472046,0,778.72113,67.856903,0,778.72113,68.1849935,0,778.72113,67.920105,0,778.72113,68.940483,15.88,779.3913,68.8669395,0,778.72113

