PeptideSeq,Charge,Abun,mz,NDP,t0,i0,m0,t1,i1,m1,t2,i2,m2,t3,i3,m3,t6,i6,m6,t7,i7,m7,t9,i9,m9,t13,i13,m13,t16,i16,m16,t21,i21,m21,t24,i24,m24,t31,i31,m31
SSDAQWLTAEER,2,12310995.8,696.82312,6,38.5884475,49.78,696.82642,38.180189,69.92,696.82617,37.9750635,85.33,696.82581,38.0555555,41.66,696.82623,37.712267,66.94,696.82269,37.287739,0,696.82642,,,0,,,0,,,0,,,0,,,0,,,0
AAGWSELSER,2,48420007.5,553.26727,6,33.2794325,0,553.27081,33.8853395,47.97,553.27081,33.9389895,36.25,553.27118,33.4431155,36.66,553.27045,33.406059,0,553.27081,33.8863125,32.45,553.77234,,,0,,,0,,,0,,,0,,,0,,,0

