PeptideSeq,Charge,Abun,mz,NDP,t0,i0,m0,t1,i1,m1,t2,i2,m2,t3,i3,m3,t6,i6,m6,t7,i7,m7,t9,i9,m9,t13,i13,m13,t16,i16,m16,t21,i21,m21,t24,i24,m24,t31,i31,m31
FGFPAFSGISR,2,37795885,593.30621,10,54.9802625,43.31,593.30927,55.005615,0,593.30927,55.031847,0,593.30927,55.0613215,0,593.30927,55.1788995,0,593.30927,55.2604255,28.95,593.31055,55.208532,0,593.30927,,,0,55.3846585,0,593.30927,,,0,55.701548,0,593.30927,55.724781,0,593.30927
SGSLEEVPNVGVNK,2,7824877.5,714.87006,10,35.7181285,55.18,714.87329,35.8629585,51.15,714.87457,35.6206435,0,714.87329,35.8391975,0,714.87329,35.8591615,0,714.87329,35.7672675,0,714.87329,35.89793,0,714.87329,,,0,36.052879,21.16,715.87988,,,0,36.017376,0,714.87329,35.7632805,22.46,715.37933
SQEVDVAYIcTESSSHEDYIR,3,4478427.5,830.03595,6,42.188278,81.24,830.37488,42.3481525,0,830.37488,42.2348155,0,830.37488,42.2546805,92.29,830.37689,42.444874,0,830.37488,42.465231,0,830.37488,2549.254883,0,830.37488,,,0,2553.866455,0,830.37488,,,0,2566.205322,0,830.37488,2567.193604,0,830.37488
DPHSSAFLNLIGYVSR,3,16614562.5,592.64069,10,61.280491,0,592.9787,61.5161075,26.83,592.9787,61.427406,26.84,592.97717,61.3103125,0,592.9787,61.5034545,22.98,592.6424,61.3761025,0,592.9787,61.8066385,20.02,592.97827,,,0,61.543724,0,592.9787,,,0,62.2481805,0,592.9787,62.6069395,0,592.9787
MTVQLETQNK,2,345588700,596.30554,10,27.2586655,0,596.30859,27.2946005,0,596.30859,27.244605,36.83,596.30859,27.2832765,34.86,596.30786,27.4117925,0,596.30859,27.396507,0,596.30859,27.7508515,39.27,596.80927,,,0,27.4206025,0,596.30859,,,0,27.6154395,33.09,596.81232,27.772754,0,596.30859

