PeptideSeq,Charge,Abun,mz,NDP,t0,i0,m0,t1,i1,m1,t2,i2,m2,t3,i3,m3,t6,i6,m6,t7,i7,m7,t9,i9,m9,t13,i13,m13,t16,i16,m16,t21,i21,m21,t24,i24,m24,t31,i31,m31
IHNQNNEQAWK,3,3257380.4,461.2251,5,17.106701,26.84,461.22583,16.8107545,43.91,461.22656,17.157525,38.07,461.56113,16.8448285,33.06,461.56161,16.9199955,35.99,461.56238,,,0,,,0,,,0,,,0,,,0,,,0,,,0
YVIDYYDGGEVNK,2,3684107,767.85663,5,41.879679,0,767.85986,42.0236815,30.77,767.85986,41.926949,0,767.85986,41.977943,37.61,768.3653,42.15489,0,767.85986,,,0,,,0,,,0,,,0,,,0,,,0,,,0

