PeptideSeq,Charge,Abun,mz,NDP,t0,i0,m0,t1,i1,m1,t2,i2,m2,t3,i3,m3,t6,i6,m6,t7,i7,m7,t9,i9,m9,t13,i13,m13,t16,i16,m16,t21,i21,m21,t24,i24,m24,t31,i31,m31
QMGWALADLLLVSGVATATTLAWHR,3,1349859,894.47925,6,88.240074,26.08,894.81866,88.571953,21.38,894.82013,88.09203,46.49,894.81848,88.808552,32.89,894.82031,88.9712185,38.33,895.15363,89.021854,27.77,895.15155,,,0,,,0,,,0,,,0,,,0,,,0
PESWVPAVGLTLVPSLGGFMGAYFVR,3,20522233.3333333,917.48401,6,86.6503185,22.68,918.15564,86.976189,37.42,917.8222,87.021389,0,918.15564,87.049778,32.12,918.15894,86.5524675,0,918.15564,86.729267,0,918.15564,,,0,,,0,,,0,,,0,,,0,,,0

