PeptideSeq,Charge,Abun,mz,NDP,t0,i0,m0,t1,i1,m1,t2,i2,m2,t3,i3,m3,t6,i6,m6,t7,i7,m7,t9,i9,m9,t13,i13,m13,t16,i16,m16,t21,i21,m21,t24,i24,m24,t31,i31,m31
EHFAQFGHVR,3,33788948.5714286,409.8721,7,,,0,22.665183,36.29,409.87387,22.712408,34.47,409.87393,22.699169,22.37,410.54361,,,0,22.3654565,22.96,410.20865,23.0671715,22.89,410.2084,,,0,,,0,22.9368525,24.02,410.54379,,,0,23.071039,24.53,410.20966

