PeptideSeq,Charge,Abun,mz,NDP,t0,i0,m0,t1,i1,m1,t2,i2,m2,t3,i3,m3,t6,i6,m6,t7,i7,m7,t9,i9,m9,t13,i13,m13,t16,i16,m16,t21,i21,m21,t24,i24,m24,t31,i31,m31
EHVIEALR,2,120289500,483.77197,1,,,0,,,0,,,0,,,0,24.160385,29.24,484.27689,,,0,,,0,,,0,,,0,,,0,,,0,,,0
VHIGQVIMSIR,3,39596377.5,418.24466,4,,,0,,,0,,,0,,,0,40.3475665,25.81,418.91669,,,0,,,0,40.588886,25.8,418.91553,40.1097795,25.89,418.58084,,,0,,,0,40.312088,35.54,418.5827
MVSDEYEQLSSEALEAAR,2,7136886.5,1014.4649,2,,,0,,,0,,,0,,,0,55.721926,34.78,1015.47034,,,0,,,0,56.5324575,35.13,1015.46643,,,0,3331.129883,28.47,1015.48041,,,0,,,0

