PeptideSeq,Charge,Abun,mz,NDP,t0,i0,m0,t1,i1,m1,t2,i2,m2,t3,i3,m3,t6,i6,m6,t7,i7,m7,t9,i9,m9,t13,i13,m13,t16,i16,m16,t21,i21,m21,t24,i24,m24,t31,i31,m31
DLFDMKPFEDALR,3,1744111.33333333,532.92908,3,64.5914115,49.26,532.9314,,,0,,,0,64.741985,21.71,533.26819,,,0,,,0,,,0,,,0,,,0,,,0,65.516182,23.9,533.26849,,,0

