PeptideSeq,Charge,Abun,mz,NDP,t0,i0,m0,t1,i1,m1,t2,i2,m2,t3,i3,m3,t6,i6,m6,t7,i7,m7,t9,i9,m9,t13,i13,m13,t16,i16,m16,t21,i21,m21,t24,i24,m24,t31,i31,m31
DNSNLYMVMEYVAGGEMFSHLR,3,3446005,855.052,9,76.413845,29.92,855.38873,76.5261725,46.1,855.38843,76.4755825,0,855.38873,76.5223615,0,855.38873,,,0,76.578693,0,855.38873,76.602631,0,855.38873,76.891735,0,855.38873,76.825172,0,855.38873,,,0,77.464371,0,855.38873,,,0
ILQAVNFPFLVK,2,7345294.375,694.91864,9,62.342497,0,694.92242,62.4341945,29.95,694.92242,62.4660225,32.9,694.92126,62.544594,25.16,695.42383,,,0,62.711914,22.45,694.92188,62.798111,36.75,695.42352,62.9320545,37.76,695.42273,62.8872625,25.33,695.42303,,,0,63.2626895,24.94,695.42639,,,0

