PeptideSeq,Charge,Abun,mz,NDP,t0,i0,m0,t1,i1,m1,t2,i2,m2,t3,i3,m3,t6,i6,m6,t7,i7,m7,t9,i9,m9,t13,i13,m13,t16,i16,m16,t21,i21,m21,t24,i24,m24,t31,i31,m31
NQLLEQFPGIEPWLNQIMPK,3,34126202,799.08746,11,78.561081,42.29,799.08966,78.7181665,46.84,799.09375,78.8644715,52.84,799.4267,78.1808055,0,799.08966,,,0,79.5402905,41.03,799.42694,79.4020575,0,799.08966,79.61388,0,799.08966,79.51091,0,799.08966,79.483624,0,799.08966,79.8023525,0,799.08966,80.057907,0,799.08966
NQLLEQFPGIEPWLNQIMPK,2,2481235.5,1198.12756,11,78.6256675,36.65,1198.63513,79.2137565,18.84,1199.13635,78.9701345,0,1198.63513,78.850723,0,1198.63513,,,0,79.305027,0,1198.63513,79.4149475,0,1198.63513,79.5624425,0,1198.63513,79.5236665,0,1198.63513,79.483624,0,1198.63513,79.840607,0,1198.63513,80.0450705,0,1198.63513
EGPFYPTLR,2,78741401.25,540.27966,11,41.4018705,0,540.28131,41.839041,31.64,540.28131,41.284384,21.89,540.28204,42.092941,22.64,540.28174,,,0,42.1515695,0,540.28131,42.3829345,27.29,540.2804,42.0333865,0,540.28131,42.3294545,33.32,540.78259,42.5394325,27.39,540.78497,42.703495,29.49,540.78656,42.689692,24.66,540.78571
QHALcVGVMK,2,440242280,571.79407,11,24.4851755,0,571.79956,24.42381,18.45,571.79956,24.438919,22.02,571.79669,24.4178275,0,571.79956,,,0,24.5736675,0,571.79956,24.780005,0,571.79956,24.6372605,20.78,572.29877,24.5033465,0,571.79956,24.6898195,0,571.79956,24.800746,23.47,572.30176,24.897134,23.83,572.29962
YPFILPHQQVDK,3,22396998.6666667,495.60138,11,38.3365805,0,495.93781,38.529928,26.76,495.93781,38.2950135,28.55,495.60315,38.43968,29.99,495.60458,,,0,38.608154,22.44,495.93793,38.3098525,0,495.93781,38.2614935,0,495.93781,38.092264,34.62,495.93848,37.769001,0,495.93781,38.7233775,19.38,495.94061,37.8829785,0,495.93781
GIGIENIHYLNDGLWHMK,4,26793826,528.26892,11,51.8138195,0,528.52258,51.716152,0,528.52258,51.795267,26.73,528.52258,51.8121415,24.14,528.52277,,,0,51.968884,0,528.52258,52.0935135,0,528.52258,52.088617,0,528.52258,52.177835,0,528.52258,52.2476155,16.93,528.5246,52.318611,32.56,528.77649,52.54694,18.38,528.7757

