PeptideSeq,Charge,Abun,mz,NDP,t0,i0,m0,t1,i1,m1,t2,i2,m2,t3,i3,m3,t6,i6,m6,t7,i7,m7,t9,i9,m9,t13,i13,m13,t16,i16,m16,t21,i21,m21,t24,i24,m24,t31,i31,m31
AVLQFTPASWTYVR,2,236670143.75,819.93555,10,58.103134,63.9,820.44385,,,0,57.955334,64.01,820.4433,57.9484025,0,820.44385,58.067484,61.37,820.44702,57.4055025,0,820.44385,58.1107595,30.87,820.94934,,,0,57.879301,33.32,820.94318,58.3090725,61.19,820.44232,58.0207005,25.82,820.95129,58.195631,23.6,820.45166
SLMYWLDPNLR,2,26616210,704.35809,10,63.538021,0,704.36145,,,0,63.8971405,0,704.36145,63.6354545,46.94,704.36145,64.1398085,0,704.36145,63.95899,29.46,704.86328,64.3315085,0,704.36145,,,0,64.083359,0,704.36145,64.1018105,0,704.36145,64.427204,0,704.36145,64.513752,0,704.36145

