PeptideSeq,Charge,Abun,mz,NDP,t0,i0,m0,t1,i1,m1,t2,i2,m2,t3,i3,m3,t6,i6,m6,t7,i7,m7,t9,i9,m9,t13,i13,m13,t16,i16,m16,t21,i21,m21,t24,i24,m24,t31,i31,m31
LGFSEVELVQMVVDGVK,3,161338415,616.99738,10,75.1509475,34.52,617.00012,75.2552945,60.42,616.99963,75.2834625,50.81,617.33508,75.2859345,74.77,617.33521,75.4115375,22.34,617.66809,75.6534575,0,617.00012,75.72142,22.62,617.66901,,,0,,,0,75.748745,18.3,617.67072,76.161102,36.48,617.67114,76.2892685,0,617.00012
NYEFMWNPHLGYILTcPSNLGTGLR,3,52738815,985.14233,10,64.5288085,0,985.81329,65.058956,33.22,985.81329,65.087673,69.88,985.14807,65.573845,43.48,985.48199,64.836922,0,985.81329,65.4536285,38.86,985.81573,64.907333,0,985.81329,,,0,,,0,64.682629,0,985.81329,65.3409615,0,985.81329,65.545391,0,985.81329
FcTGLTQIETLFK,2,55097563.3333333,779.40271,10,63.226555,0,779.40765,63.3969115,0,779.40765,63.3911955,48.73,779.40765,63.265301,44.1,779.90936,63.3802795,0,779.40765,63.476595,0,779.40765,63.508606,33.53,779.90833,,,0,,,0,63.71188,26.28,779.90985,64.0945055,60.1,779.91113,64.225504,39.99,779.90802

