PeptideSeq,Charge,Abun,mz,NDP,t0,i0,m0,t1,i1,m1,t2,i2,m2,t3,i3,m3,t6,i6,m6,t7,i7,m7,t9,i9,m9,t13,i13,m13,t16,i16,m16,t21,i21,m21,t24,i24,m24,t31,i31,m31
GYADIVQLLLAK,2,23272894,652.38464,11,72.243038,60.01,652.3866,72.2220495,54.88,652.38824,72.247654,55.09,652.88959,72.2823295,54.61,652.89032,72.5302085,27.88,653.39264,72.703087,37.37,653.39142,72.758366,39.89,652.88898,,,0,72.824505,17.89,653.39325,72.726601,21.15,653.39417,73.188789,56.97,652.89221,73.1197245,0,652.3866
LALDMATNAAcASLLK,2,39509461.4285714,831.93127,11,53.798445,42.6,831.93567,54.203594,73.01,832.43884,54.2301175,46.98,832.9408,54.6188965,37.35,832.9436,53.542475,0,831.93567,53.8686945,0,831.93567,53.9363325,0,831.93567,,,0,55.0786515,19.73,832.93945,53.534012,0,831.93567,55.206535,25.73,832.94537,55.50239,36.58,832.94458
TGLIPSNYVAEQAESIDNPLHEAAK,3,6112836,889.78021,5,52.8365385,67.29,889.78436,52.8448925,38.45,890.12054,52.913603,55.39,890.11987,52.9203965,0,889.78436,3180.61377,0,889.78436,3180.232178,0,889.78436,3187.203613,0,889.78436,,,0,53.287582,0,889.78436,3198.696045,0,889.78436,3211.957275,0,889.78436,3218.279297,0,889.78436

