PeptideSeq,Charge,Abun,mz,NDP,t0,i0,m0,t1,i1,m1,t2,i2,m2,t3,i3,m3,t6,i6,m6,t7,i7,m7,t9,i9,m9,t13,i13,m13,t16,i16,m16,t21,i21,m21,t24,i24,m24,t31,i31,m31
KEVVEEAENGR,2,1120688,630.31494,11,16.730992,47.78,630.31665,16.5842295,47.37,630.31915,16.5233595,32.17,630.82159,16.632119,0,630.31665,16.6806395,0,630.31665,16.688364,0,630.31665,16.971591,0,630.31665,,,0,16.820387,0,630.31665,16.9148635,0,630.31665,16.9254745,0,630.31665,16.900925,0,630.31665
RVAEDDEDDDVDTKK,3,1872913.5,583.9306,11,14.885034,35.05,583.93311,14.7988635,32,584.27014,14.6927375,36.17,584.60437,14.793649,0,583.93311,14.879474,16.51,584.60388,14.895423,0,583.93311,15.071152,0,583.93311,,,0,15.0116135,0,583.93311,15.1141915,18.97,584.60437,15.1461765,40.4,584.27106,15.07571,0,583.93311
EVVEEAENGR,2,22020701.6666667,566.26746,11,19.701502,0,566.2691,19.579936,28.51,566.2691,19.6002425,0,566.2691,19.6211595,0,566.2691,19.673713,26.5,566.77246,19.7115965,29.97,566.77197,20.010087,28.73,566.77258,,,0,19.7797095,31.47,566.77124,19.7570655,0,566.2691,19.716506,0,566.2691,19.943392,28.67,566.77386
KEVVEEAENGR,3,2273935.66666667,420.54572,11,16.5106265,0,420.88321,16.596773,39.43,420.88321,16.407033,0,420.88321,16.6544905,27.34,420.88269,16.575901,0,420.88321,16.6925195,0,420.88321,16.777089,0,420.88321,,,0,16.7968035,0,420.88321,16.738413,33.78,421.21753,16.7266155,0,420.88321,16.8767965,0,420.88321

