PeptideSeq,Charge,Abun,mz,NDP,t0,i0,m0,t1,i1,m1,t2,i2,m2,t3,i3,m3,t6,i6,m6,t7,i7,m7,t9,i9,m9,t13,i13,m13,t16,i16,m16,t21,i21,m21,t24,i24,m24,t31,i31,m31
LQAVEVVITHLAPGTK,3,52100510,559.32959,12,49.3854425,71.89,559.33209,49.2917615,71.86,559.33295,49.4197675,23.19,560.00293,49.3951835,56.4,559.66748,49.6488835,26.29,560.0022,49.661566,20.13,560.00232,49.6784305,41,559.6665,49.8461265,22.71,560.00116,49.854006,29.74,560.00146,49.9367755,22.49,560.00348,49.911987,29.77,560.00464,50.1682855,33.05,560.00317

