PeptideSeq,Charge,Abun,mz,NDP,t0,i0,m0,t1,i1,m1,t2,i2,m2,t3,i3,m3,t6,i6,m6,t7,i7,m7,t9,i9,m9,t13,i13,m13,t16,i16,m16,t21,i21,m21,t24,i24,m24,t31,i31,m31
ADSSMSQEQLR,2,9368764.88888889,626.28534,11,22.4770915,25.71,626.28656,22.069409,0,626.28656,22.097373,34.96,626.79254,22.4188845,69.94,626.79138,22.4583835,75.48,626.79175,22.5366335,48.28,626.79004,22.3950985,45.8,626.79108,,,0,22.3767955,0,626.28656,22.6716395,45.82,626.79126,22.662087,57.71,626.79193,22.7563825,50.29,626.7926
AYAQQLADWAR,2,61200500,646.82275,11,43.131033,59.86,646.82666,43.608284,0,646.82666,43.571266,0,646.82666,43.6733095,0,646.82666,43.4471455,0,646.82666,43.9208905,23.65,647.83099,43.3591405,0,646.82666,,,0,43.575668,0,646.82666,43.661167,0,646.82666,43.7197605,0,646.82666,43.8044735,0,646.82666
TQYEQTLAELNR,2,24588611,733.36768,11,39.030394,55.78,733.37036,38.8025475,0,733.37036,38.972956,0,733.37036,39.1529445,50.97,733.87378,38.443987,42.94,733.37085,39.127861,0,733.37036,38.905933,19.77,734.37518,,,0,38.990976,39.45,733.87244,39.0976465,39.72,734.37927,39.0713845,0,733.37036,38.785757,28.29,734.37817
LcGDLVScFQER,2,13987980,742.33704,11,45.27306,41.69,742.34082,45.4956475,41.46,742.34125,45.4548855,0,742.34082,45.486042,0,742.34082,45.671274,0,742.34082,45.6334915,0,742.34082,45.306442,0,742.34082,,,0,45.4020175,0,742.34082,45.882824,0,742.34082,46.0381395,0,742.34082,45.8493745,0,742.34082
ALYDYAGQEADELSFR,2,21672775,924.42596,11,54.2085475,0,924.93237,54.261629,0,924.93237,54.3018665,71.39,924.93237,54.3648245,45.65,924.93793,54.4801275,0,924.93237,54.5196915,23.92,925.43622,54.648169,26.6,924.93878,,,0,54.733675,0,924.93237,54.80282,0,924.93237,55.0543805,0,924.93237,55.148739,0,924.93237

