PeptideSeq,Charge,Abun,mz,NDP,t0,i0,m0,t1,i1,m1,t2,i2,m2,t3,i3,m3,t6,i6,m6,t7,i7,m7,t9,i9,m9,t13,i13,m13,t16,i16,m16,t21,i21,m21,t24,i24,m24,t31,i31,m31
HIEVQVAQETR,2,1619279,655.34656,3,23.1602525,24.01,655.35016,23.069183,24.06,655.85217,,,0,,,0,,,0,,,0,,,0,,,0,,,0,,,0,,,0,23.520846,0,655.35016

