PeptideSeq,Charge,Abun,mz,NDP,t0,i0,m0,t1,i1,m1,t2,i2,m2,t3,i3,m3,t6,i6,m6,t7,i7,m7,t9,i9,m9,t13,i13,m13,t16,i16,m16,t21,i21,m21,t24,i24,m24,t31,i31,m31
YVGESEANIR,2,63350333.3333333,569.28033,12,24.8260325,38.15,569.28271,25.1238545,34.26,569.28168,24.8392465,33.74,569.2829,24.864585,21.24,569.28497,25.9585105,39.89,569.78607,26.203226,30.15,569.78351,24.6967925,35.16,569.78473,24.578948,23.24,569.78418,24.423256,26.79,569.78448,26.2995845,26.86,569.78479,26.4223205,32.56,569.78784,26.0715265,26.49,569.78662
MGIGGLDKEFSDIFR,3,27281300,562.28363,12,59.6208875,0,562.62036,59.8059255,0,562.62036,59.865864,0,562.62036,59.88493,0,562.62036,59.9307365,0,562.62036,60.0513,26.66,562.62036,60.11507,0,562.62036,60.313166,0,562.62036,60.2203865,26.26,562.61957,60.349575,0,562.62036,60.4385775,0,562.62036,60.5932405,0,562.62036
AENSSLNLIGK,2,322522850,573.31165,12,33.3617935,0,573.81586,33.489376,0,573.81586,33.3132535,0,573.81586,33.403568,0,573.81586,33.494408,0,573.81586,33.5653515,0,573.81586,33.7927415,24.94,573.81586,33.797451,0,573.81586,33.776945,36.13,573.8161,33.798792,0,573.81586,34.066898,0,573.81586,33.893892,0,573.81586
GILLYGPPGcGK,2,37637980,616.3288,12,42.5621395,0,616.33252,42.2059935,21.99,616.33252,42.766258,16.68,616.3338,42.904421,0,616.33252,42.8009015,0,616.33252,42.7663915,0,616.33252,42.82386,0,616.33252,43.330202,0,616.33252,42.992691,0,616.33252,42.7153855,0,616.33252,43.2369155,0,616.33252,42.730648,0,616.33252
LLDYVPIGPR,2,67866823.3333333,571.83203,12,48.40155,0,572.33813,47.7991715,0,572.33813,48.413246,0,572.33813,48.4375935,0,572.33813,48.0586015,30.67,572.33813,48.01466,0,572.33813,48.65337,0,572.33813,48.5683575,27.33,571.83167,48.742939,0,572.33813,48.6400565,29.48,571.83154,48.453918,0,572.33813,48.778551,0,572.33813
LFGLLVK,2,5855893,395.26529,2,,,0,,,0,,,0,,,0,49.687128,31.79,395.26691,,,0,,,0,,,0,,,0,,,0,,,0,50.195654,28.03,395.26791

