PeptideSeq,Charge,Abun,mz,NDP,t0,i0,m0,t1,i1,m1,t2,i2,m2,t3,i3,m3,t6,i6,m6,t7,i7,m7,t9,i9,m9,t13,i13,m13,t16,i16,m16,t21,i21,m21,t24,i24,m24,t31,i31,m31
IAGHPLAQNER,2,5213483.5,603.32288,4,17.029517,34.15,603.32336,,,0,17.2237225,0,603.32336,17.3019835,29.9,603.32617,,,0,17.029436,0,603.32336,,,0,,,0,,,0,,,0,,,0,,,0
QGLEQFINK,2,37638615,538.79034,4,38.0746915,0,538.79523,,,0,38.0673505,0,538.79523,38.548893,24.05,538.79523,,,0,39.1244065,21.93,539.29504,,,0,,,0,,,0,,,0,,,0,,,0

