PeptideSeq,Charge,Abun,mz,NDP,t0,i0,m0,t1,i1,m1,t2,i2,m2,t3,i3,m3,t6,i6,m6,t7,i7,m7,t9,i9,m9,t13,i13,m13,t16,i16,m16,t21,i21,m21,t24,i24,m24,t31,i31,m31
NPSLLGILYGK,2,48654380,587.84515,5,57.809151,63.37,587.84717,58.2287595,27.09,587.84821,,,0,57.911638,0,587.84717,,,0,,,0,,,0,,,0,58.6964645,57.55,587.84851,58.7563,58.09,587.84827,,,0,,,0
FGVLGSSK,2,41615145,397.72397,5,29.3983175,0,397.72668,29.377335,0,397.72668,,,0,29.433798,35.74,397.72668,,,0,,,0,,,0,,,0,29.004123,0,397.72668,29.73898,27.69,397.72607,,,0,,,0

