PeptideSeq,Charge,Abun,mz,NDP,t0,i0,m0,t1,i1,m1,t2,i2,m2,t3,i3,m3,t6,i6,m6,t7,i7,m7,t9,i9,m9,t13,i13,m13,t16,i16,m16,t21,i21,m21,t24,i24,m24,t31,i31,m31
VFVAScSGFVAIK,2,6242025.83333333,692.86829,11,45.960802,43.81,692.87225,45.9751625,0,692.87225,45.9601995,31.23,693.37207,45.9723305,0,692.87225,46.1791455,17.55,692.87115,46.1464575,55.78,693.37354,2759.652588,0,692.87225,46.102636,0,692.87225,45.623144,0,692.87225,46.427658,34.27,693.37555,46.7878365,17.61,693.37598,45.9229485,0,692.87225
ESNTVFSFLGLKPR,3,30916094.1666667,532.29108,12,54.8349685,50.35,532.29327,54.701382,49.47,532.62848,54.9163895,34.56,532.29395,54.9496325,47.58,532.29437,55.0923325,34.75,532.62885,55.421608,37.77,532.62756,55.243916,38.98,532.62726,55.34478,32.09,532.62793,55.3516235,34.92,532.96216,55.691803,41.19,532.63031,55.541384,17.86,532.6311,56.105755,39.62,532.62909

