PeptideSeq,Charge,Abun,mz,NDP,t0,i0,m0,t1,i1,m1,t2,i2,m2,t3,i3,m3,t6,i6,m6,t7,i7,m7,t9,i9,m9,t13,i13,m13,t16,i16,m16,t21,i21,m21,t24,i24,m24,t31,i31,m31
HSELSELNVK,2,221285625,578.30383,4,24.9476215,41.1,578.80829,25.0040705,0,578.80829,25.4024015,0,578.80829,,,0,25.3724785,30.36,578.80963,,,0,,,0,,,0,,,0,,,0,,,0,,,0
AGEIITVLDDSDPNWWK,2,6551346.5,979.97833,4,67.0743295,42.4,979.98346,67.39027,57.57,980.48297,67.2192075,41.5,980.48462,,,0,67.393837,45.41,980.48676,,,0,,,0,,,0,,,0,,,0,,,0,,,0

