PeptideSeq,Charge,Abun,mz,NDP,t0,i0,m0,t1,i1,m1,t2,i2,m2,t3,i3,m3,t6,i6,m6,t7,i7,m7,t9,i9,m9,t13,i13,m13,t16,i16,m16,t21,i21,m21,t24,i24,m24,t31,i31,m31
FSDDTWGIDILLHK,3,2919595.66666667,553.95074,5,,,0,,,0,61.843811,23.98,554.62311,61.825489,0,554.62311,62.052988,0,554.62311,,,0,,,0,62.25116,31.02,554.28717,,,0,62.2960965,33.29,554.62573,,,0,,,0

