PeptideSeq,Charge,Abun,mz,NDP,t0,i0,m0,t1,i1,m1,t2,i2,m2,t3,i3,m3,t6,i6,m6,t7,i7,m7,t9,i9,m9,t13,i13,m13,t16,i16,m16,t21,i21,m21,t24,i24,m24,t31,i31,m31
SENSPLYIGILEMGK,2,50818173,825.92401,12,61.5511055,71.55,825.92914,61.6305505,0,825.92914,62.233229,70.44,826.43219,62.3196165,49.33,826.43127,62.1410065,45.41,826.43158,62.4886035,55.74,826.42969,62.5750315,34.56,826.93219,62.185633,0,825.92914,62.6524695,25.99,826.9325,62.740593,32.3,826.43085,63.02869,25.86,826.93811,63.1629505,30.04,826.93561
LLAGIPAPVYFGALIDR,2,46487063.3333333,893.51672,12,71.410564,52.71,893.52136,71.5467375,44.06,893.52454,71.541374,35.08,894.02417,71.574749,0,893.52136,71.7476385,0,893.52136,71.868408,0,893.52136,71.9923055,0,893.52136,71.9594915,0,893.52136,71.5483325,0,893.52136,71.850609,0,893.52136,72.2255975,0,893.52136,72.339825,0,893.52136
GIGETPIMPLGISYIEDFAK,2,27948162,1076.05579,12,74.840908,42.15,1076.57031,74.9202425,83.01,1076.56714,74.9472275,31.95,1077.06812,74.7340275,32.37,1076.5647,75.0897445,34.2,1076.56494,75.3050805,0,1076.57031,75.368206,0,1076.57031,75.490841,0,1076.57031,75.4067955,0,1076.57031,75.386753,0,1076.57031,75.7688025,0,1076.57031,75.932251,0,1076.57031
YLEQQYGK,2,66794060,514.75598,12,23.2891615,0,514.75934,22.9775685,0,514.75934,23.0322485,23.89,514.75934,23.0364285,24.34,514.76007,23.093532,24.15,515.26117,23.154317,32.62,515.26147,23.409459,35.31,515.26105,23.255122,0,514.75934,23.14681,26.32,515.26086,23.2978775,31.76,515.26233,23.2718135,0,514.75934,22.9688675,0,514.75934
ELQDNVDVTK,2,37442331.4285714,580.79333,11,27.1731225,0,580.79645,27.186962,0,580.79645,27.140251,33.26,580.79645,26.975675,31.1,580.7962,26.947765,0,580.79645,26.925907,0,580.79645,27.1123355,32.18,580.7951,27.371962,29.26,580.79358,26.45351,23.72,580.79376,26.477809,32.52,581.3006,27.6099445,21.19,580.79749,27.2562895,0,580.79645
KELQDNVDVTK,2,4817985,644.84082,12,21.322283,0,644.84424,21.185225,0,644.84424,21.210748,51.8,644.84424,21.249669,0,644.84424,20.7742935,0,644.84424,20.9136135,47.92,645.34741,21.4193045,33.04,645.34521,21.515955,39.47,645.34485,20.8133535,0,644.84424,21.237605,0,644.84424,21.1252345,46.4,645.34955,21.826648,50.17,645.34729
LLAGIPAPVYFGALIDR,3,3840649.66666667,596.01355,12,71.410309,0,596.01764,71.546974,0,596.01764,71.5545615,55.16,596.01764,71.5750925,34.59,596.35205,71.734379,33.17,596.35101,71.842884,0,596.01764,71.99226,0,596.01764,72.03561,0,596.01764,72.066975,0,596.01764,72.0154915,0,596.01764,72.377678,0,596.01764,72.478638,0,596.01764

