PeptideSeq,Charge,Abun,mz,NDP,t0,i0,m0,t1,i1,m1,t2,i2,m2,t3,i3,m3,t6,i6,m6,t7,i7,m7,t9,i9,m9,t13,i13,m13,t16,i16,m16,t21,i21,m21,t24,i24,m24,t31,i31,m31
TIDGILLLIER,2,1429615.66666667,628.38464,9,67.8899805,26.49,628.38617,67.4031565,0,628.38617,68.021282,25.7,628.38788,,,0,67.6125865,0,628.38617,68.3636205,25.39,628.38849,67.795559,0,628.38617,,,0,67.304932,0,628.38617,,,0,68.195675,0,628.38617,68.3346215,0,628.38617
SLLSMLSDLQIYQDSFEQQFLQETNR,3,2856579.5,1045.17639,9,88.7062725,15.89,1045.5188,89.0767825,41.06,1045.84607,88.918251,0,1045.5188,,,0,88.6405795,0,1045.5188,89.2556915,0,1045.5188,89.0695955,0,1045.5188,,,0,89.544388,0,1045.5188,,,0,89.5850945,0,1045.5188,89.7562905,0,1045.5188
EDSLDSVLFLK,2,37282745,633.33484,9,59.7942085,0,633.33954,59.963451,32.43,633.33954,60.046877,37.31,633.33813,,,0,60.335253,51.25,633.84271,60.088638,26.3,633.84003,60.3846895,38.77,633.83942,,,0,60.804121,30.2,633.83893,,,0,60.732874,29.61,633.84253,60.777767,21.87,633.84064
SMLPSIWDMGLELFR,2,1757315,897.94946,1,,,0,,,0,84.5228,17.41,898.4588,,,0,,,0,,,0,,,0,,,0,,,0,,,0,,,0,,,0
TYVLQNSMLPSIWDMGLELFR,3,1139091,838.42377,1,,,0,,,0,89.146801,17.84,838.76031,,,0,,,0,,,0,,,0,,,0,,,0,,,0,,,0,,,0

