PeptideSeq,Charge,Abun,mz,NDP,t0,i0,m0,t1,i1,m1,t2,i2,m2,t3,i3,m3,t6,i6,m6,t7,i7,m7,t9,i9,m9,t13,i13,m13,t16,i16,m16,t21,i21,m21,t24,i24,m24,t31,i31,m31
LNEQASEEILK,2,62838828,637.33533,8,32.245363,65.93,637.3374,32.684624,69.33,637.33832,32.5641555,67.11,637.33655,32.2592345,68.56,637.84058,,,0,32.3791205,0,637.3374,32.1950295,0,637.3374,32.570072,50.74,637.83948,,,0,,,0,,,0,32.5031035,0,637.3374
EFHLNESGDPSSK,2,11502382,723.82843,8,25.3270225,48.36,723.8313,25.343606,62.56,723.83154,25.3348965,70.63,723.8316,25.3490155,56.54,723.83368,,,0,25.4524745,40.72,723.83087,25.683832,30.93,723.8313,25.6380025,0,723.8313,,,0,,,0,,,0,25.80509,0,723.8313
IPNFWVTTFVNHPQVSALLGEEDEEALHYLTR,4,9101618.5,932.2204,5,71.1548955,26.84,932.22522,71.2941435,69.33,932.72662,71.286625,0,932.22522,71.3196985,0,932.22522,,,0,71.598969,0,932.22522,4298.189941,0,932.22522,4304.562012,0,932.22522,,,0,,,0,,,0,4330.439453,0,932.22522
VEVTEFEDIK,2,134366500,604.80591,8,42.5633185,0,604.80835,42.7215655,48.3,604.80835,42.6083145,0,604.80835,42.401495,0,604.80835,,,0,42.831921,0,604.80835,42.8123475,0,604.80835,43.1017555,0,604.80835,,,0,,,0,,,0,43.2520255,26.56,605.30951

