PeptideSeq,Charge,Abun,mz,NDP,t0,i0,m0,t1,i1,m1,t2,i2,m2,t3,i3,m3,t6,i6,m6,t7,i7,m7,t9,i9,m9,t13,i13,m13,t16,i16,m16,t21,i21,m21,t24,i24,m24,t31,i31,m31
AFHLDLDFVGK,3,24955034,421.22403,11,52.1162545,43.6,421.22565,52.031092,26.47,421.89557,52.1455765,31.78,421.56076,52.115986,30.92,421.89609,52.3309425,27.38,421.22571,52.3172285,27.53,421.56122,52.451624,21.23,421.89557,52.630581,30.02,421.55981,52.5675985,19,421.55994,52.62632,0,421.22565,52.826437,26.19,421.56213,,,0
SGELWLDAYLHK,3,20000367.5,477.91373,11,51.790077,32.93,477.91614,51.6682605,35.07,478.25122,51.7715265,41.07,478.2515,51.800356,31.64,478.25159,51.990866,19.48,478.25137,51.9933665,0,477.91614,52.1178875,0,477.91614,52.32239,0,477.91614,52.1784595,28.96,478.25034,52.2841775,30.6,478.25146,52.491129,30.39,478.25266,,,0
HGIEYQEKPLLR,3,54355008,494.94028,11,25.5562355,46.97,494.94223,25.743273,23.74,495.6124,25.5558775,20.76,495.61282,25.376267,30.76,495.27896,25.271809,0,494.94223,25.4430475,17.07,495.61227,25.669662,0,494.94223,25.5732135,0,494.94223,25.493558,0,494.94223,25.531985,0,494.94223,25.487606,0,494.94223,,,0
VIGHYSGEDATDAFR,3,41545505,546.58997,8,32.663309,40.12,546.59216,32.7877295,0,546.59216,32.599783,19.47,547.26202,32.6911165,0,546.59216,32.658779,0,546.59216,32.97163,0,546.59216,1977.535889,0,546.59216,1986.724121,0,546.59216,1976.869873,0,546.59216,33.174454,0,546.59216,33.329697,0,546.59216,,,0
SLHVFVLGEWQPLEYGK,3,17167848.5,668.01929,11,59.413481,45.39,668.02448,59.6101895,0,668.02448,59.621939,0,668.02448,59.712189,0,668.02448,59.9054775,17.48,668.35895,59.941454,0,668.02448,59.9501665,0,668.02448,60.12797,0,668.02448,60.0613445,0,668.02448,60.162466,0,668.02448,60.353432,0,668.02448,,,0

