PeptideSeq,Charge,Abun,mz,NDP,t0,i0,m0,t1,i1,m1,t2,i2,m2,t3,i3,m3,t6,i6,m6,t7,i7,m7,t9,i9,m9,t13,i13,m13,t16,i16,m16,t21,i21,m21,t24,i24,m24,t31,i31,m31
TNFFIQLVR,2,7661799.25,569.3244,6,55.816366,33.11,569.32813,56.0937255,0,569.32813,,,0,55.9464035,29.48,569.32721,56.286785,27.84,569.32758,56.114933,17.78,569.32562,,,0,,,0,,,0,,,0,,,0,57.156782,0,569.32813
NYLEQIYNVPVAAVR,2,8028817,874.97009,6,56.1572625,50.5,874.97522,56.1899375,0,874.97522,,,0,56.4249175,0,874.97522,56.0834845,0,874.97522,56.641066,41.52,875.47681,,,0,,,0,,,0,,,0,,,0,57.574043,47.98,875.48071

