PeptideSeq,Charge,Abun,mz,NDP,t0,i0,m0,t1,i1,m1,t2,i2,m2,t3,i3,m3,t6,i6,m6,t7,i7,m7,t9,i9,m9,t13,i13,m13,t16,i16,m16,t21,i21,m21,t24,i24,m24,t31,i31,m31
GINQGQVWIGGR,2,453293300,642.84399,7,,,0,,,0,36.7702695,48.68,642.84857,36.9752865,48.18,642.8493,37.0104235,42.8,642.84808,37.077261,39.26,642.84955,,,0,,,0,37.1669995,45.36,642.8465,37.295624,41.51,642.8479,37.451462,42.27,643.35193,,,0

