PeptideSeq,Charge,Abun,mz,NDP,t0,i0,m0,t1,i1,m1,t2,i2,m2,t3,i3,m3,t6,i6,m6,t7,i7,m7,t9,i9,m9,t13,i13,m13,t16,i16,m16,t21,i21,m21,t24,i24,m24,t31,i31,m31
TAVSHRPGAFK,3,25651157.5,390.88412,11,15.543312,20.8,390.88519,15.5030255,24.43,390.88593,15.468289,28.69,390.88593,15.499403,15.93,391.22086,15.5414095,0,390.88519,15.5076565,0,390.88519,15.794711,0,390.88519,15.804423,0,390.88519,15.9011815,0,390.88519,,,0,15.78028,0,390.88519,15.8075345,0,390.88519
TAVSHRPGAFK,2,5005983.16666667,585.82257,11,15.529771,37.05,585.82526,15.503978,24.99,585.82642,15.3826295,51.66,585.82556,15.679573,32.16,586.32739,15.554112,19.38,586.83026,15.5076565,0,585.82526,15.794836,22.07,586.32727,15.804423,0,585.82526,15.7440045,0,585.82526,,,0,15.779648,0,585.82526,15.7829985,0,585.82526
SYLYFTQFK,2,96328545,598.80298,11,50.274437,25.74,598.80511,50.208454,25.13,598.80536,50.2443445,26,599.30811,50.258888,27.23,598.80646,50.5072765,16.27,599.30713,50.806664,15.73,598.80597,49.892832,0,598.80511,50.759672,26.02,599.30786,50.682556,28.31,599.30646,,,0,50.8945905,27.03,599.30847,50.9948765,18.53,599.31061
PGGVVHSFSQDVGPGNK,3,61168236.25,561.28131,11,27.9366655,49.01,561.28302,27.908114,52.83,561.61859,27.9082395,0,561.28302,27.9143955,0,561.28302,27.7136115,21.13,561.61823,27.6936425,18.82,561.61719,27.7462145,19.24,561.95337,27.749019,0,561.28302,27.6343315,21.02,561.61932,,,0,27.8168695,19.94,561.62079,27.9715635,25.93,561.95465
PGGVVHSFSQDVGPGNK,2,6080409.875,841.41827,11,27.9242975,62.28,841.42169,27.8958965,49.28,841.42236,27.9203895,62.84,841.42462,27.8662195,51.03,841.92462,28.091627,36.01,841.92542,28.1009855,42.12,841.92371,28.222212,25.49,842.42554,28.320635,27.96,841.92169,28.109051,0,841.42169,,,0,28.270187,0,841.42169,28.436914,0,841.42169

