PeptideSeq,Charge,Abun,mz,NDP,t0,i0,m0,t1,i1,m1,t2,i2,m2,t3,i3,m3,t6,i6,m6,t7,i7,m7,t9,i9,m9,t13,i13,m13,t16,i16,m16,t21,i21,m21,t24,i24,m24,t31,i31,m31
ALVTLLDAK,2,6082387.5,472.29477,8,2648.909912,38.97,472.29648,44.2656765,20.84,472.29514,44.1973495,35.12,472.298,44.2606985,34.09,472.29733,44.3896695,34.37,472.79959,44.388687,34.21,472.29681,,,0,,,0,44.5520405,37.55,472.79846,44.6757145,33.29,472.8006,44.837721,34.37,472.80209,,,0
IAEELVAVAR,2,109543585,535.81384,9,37.9705605,37.83,535.81793,38.143845,40.87,535.8183,37.9106905,0,535.81793,38.3410265,0,535.81793,38.149046,0,535.81793,38.1553745,0,535.81793,,,0,,,0,38.283104,0,535.81793,38.3701915,0,535.81793,38.593048,0,535.81793,,,0
YASVHVHTNASHQPELR,4,2685205.5,487.24612,8,20.724411,46.51,487.4985,20.5274305,27.93,487.74683,20.6593265,43.06,487.49945,21.2424975,0,487.4985,20.67971,27.77,487.4993,20.7001665,0,487.4985,,,0,,,0,1247.047852,0,487.4985,21.261899,0,487.4985,21.763625,0,487.4985,,,0
VPGTVLSQEEVEAELIELALGFLGSR,3,251660.5,919.49542,8,98.588497,30.01,919.83374,98.665432,0,919.83374,98.638016,32.03,919.83368,98.634178,0,919.83374,98.746002,0,919.83374,98.7055815,0,919.83374,,,0,,,0,99.194046,0,919.83374,5925.359863,0,919.83374,99.0327145,0,919.83374,,,0

