PeptideSeq,Charge,Abun,mz,NDP,t0,i0,m0,t1,i1,m1,t2,i2,m2,t3,i3,m3,t6,i6,m6,t7,i7,m7,t9,i9,m9,t13,i13,m13,t16,i16,m16,t21,i21,m21,t24,i24,m24,t31,i31,m31
EGSTAQLIINTEK,2,2826808.5,702.37244,2,35.404102,48.17,702.37396,,,0,36.188152,29.72,702.37775,,,0,,,0,,,0,,,0,,,0,,,0,,,0,2184.960693,0,702.37396,,,0
ASILWLIGENcER,2,57871680,780.89557,3,61.305311,37.49,781.40466,,,0,61.7461665,0,781.40466,,,0,,,0,,,0,,,0,,,0,,,0,,,0,62.223402,22.54,781.40466,,,0

