PeptideSeq,Charge,Abun,mz,NDP,t0,i0,m0,t1,i1,m1,t2,i2,m2,t3,i3,m3,t6,i6,m6,t7,i7,m7,t9,i9,m9,t13,i13,m13,t16,i16,m16,t21,i21,m21,t24,i24,m24,t31,i31,m31
TcLLIVFSK,2,29906245,540.80975,2,,,0,,,0,,,0,,,0,,,0,,,0,,,0,,,0,53.214302,47.2,540.81055,,,0,,,0,53.6131935,50.65,540.81439
SIDSPDSLENIPEK,2,18401505,772.37793,2,,,0,,,0,,,0,,,0,,,0,,,0,,,0,,,0,39.7644805,28.77,772.88251,,,0,,,0,39.913,50.34,772.88556
QVELALWDTAGQEDYDR,3,16486110,670.31305,1,,,0,,,0,,,0,,,0,,,0,,,0,,,0,,,0,57.1561965,30.18,670.98401,,,0,,,0,,,0
LVIVGDGAcGK,2,49229910,544.79205,2,,,0,,,0,,,0,,,0,,,0,,,0,,,0,,,0,,,0,31.6836365,31.86,545.80029,,,0,30.8931315,45.95,545.29932

