PeptideSeq,Charge,Abun,mz,NDP,t0,i0,m0,t1,i1,m1,t2,i2,m2,t3,i3,m3,t6,i6,m6,t7,i7,m7,t9,i9,m9,t13,i13,m13,t16,i16,m16,t21,i21,m21,t24,i24,m24,t31,i31,m31
ADIWSFGITAIELATGAAPYHK,3,8355413.75,778.07056,4,81.240917,67.34,778.07397,81.736237,53.33,778.4054,81.8620835,51.76,778.40973,,,0,,,0,,,0,81.996708,24.95,778.74255,,,0,,,0,,,0,,,0,,,0

