PeptideSeq,Charge,Abun,mz,NDP,t0,i0,m0,t1,i1,m1,t2,i2,m2,t3,i3,m3,t6,i6,m6,t7,i7,m7,t9,i9,m9,t13,i13,m13,t16,i16,m16,t21,i21,m21,t24,i24,m24,t31,i31,m31
SNVQMLQSNLQR,2,7614017.5,709.36444,11,33.175951,50.44,709.36566,33.293066,79.31,709.87109,33.082756,0,709.36566,32.8395575,34.5,709.87006,33.303141,28.81,710.37451,33.3818475,32.46,710.3725,33.4363195,0,709.36566,33.629997,55.15,709.8692,33.607847,0,709.36566,33.604153,38.13,710.3739,33.681852,45.4,709.87341,,,0
GLEEAQSEIQALR,2,30573332.8571429,722.37549,11,43.9634955,88.14,722.38,44.169403,0,722.38,44.038414,46.3,723.38379,43.773119,0,722.38,44.324951,24.85,723.37976,44.3071595,37.29,723.38513,44.06151,24.61,723.38226,43.9083595,0,722.38,44.7248595,24.64,722.88171,44.55208,24.59,723.38324,44.0931495,0,722.38,,,0
SSLEVASADIHSLR,2,461876,742.88879,6,2149.330322,0,743.39447,2156.850586,0,743.39447,35.728233,0,743.39447,2156.125244,0,743.39447,36.744015,0,743.39447,36.108662,0,743.39447,2163.399902,45.5,743.39447,37.032436,0,743.39447,36.826248,0,743.39447,2154.037109,0,743.39447,36.391842,52.25,743.39709,,,0
LGALQEAVAAQK,2,9462269,599.84314,11,32.4557875,0,600.34821,32.312704,41.57,600.34821,32.4753855,28.52,600.34882,32.2363035,21.61,600.3476,32.645386,0,600.34821,32.710987,0,600.34821,32.757597,0,600.34821,32.924723,0,600.34821,32.7644595,0,600.34821,32.8730205,0,600.34821,33.003021,0,600.34821,,,0
WVDGTPFNNAQSK,2,10907855,732.3493,10,2242.802002,0,732.35016,37.513283,0,732.35016,37.294897,0,732.35016,37.5045755,0,732.35016,37.532318,0,732.35016,37.614191,0,732.35016,37.607813,0,732.35016,37.809088,0,732.35016,37.6633265,25.46,732.35016,37.807581,0,732.35016,37.9725815,49.56,732.85693,,,0

