PeptideSeq,Charge,Abun,mz,NDP,t0,i0,m0,t1,i1,m1,t2,i2,m2,t3,i3,m3,t6,i6,m6,t7,i7,m7,t9,i9,m9,t13,i13,m13,t16,i16,m16,t21,i21,m21,t24,i24,m24,t31,i31,m31
VAFTLLEK,2,9788158.44444444,460.77621,10,44.178425,22.57,460.77795,44.301399,19.18,460.77744,44.209181,16.28,460.77832,44.2606505,30.14,460.77792,44.413498,32.76,460.77798,43.7927245,0,460.77795,44.46023,17.11,460.77768,44.6372125,37.44,461.27969,44.5635835,32.69,460.77667,,,0,44.8253575,21.92,460.7796,,,0
IDWPVGSPATIQYTGLDDHLSK,3,12562928.25,805.07263,9,56.2669065,37.23,805.07452,56.3539985,22.85,805.40948,55.8670865,0,805.07452,56.439243,39.39,805.40961,56.0911735,0,805.07452,56.025433,19.75,805.41156,56.214153,0,805.07452,56.384296,0,805.07452,3362.271729,0,805.07452,,,0,56.74929,0,805.07452,,,0
IILHNTMESLLER,2,2067337.8,784.92688,10,45.0291575,0,784.93555,45.077816,22.43,784.93555,45.057228,0,784.93555,45.107063,28.99,785.43103,45.198391,22.59,785.43231,45.206059,0,784.93555,45.3061485,28.67,785.43512,45.468996,32.06,785.43219,44.709713,0,784.93555,,,0,45.597164,0,784.93555,,,0
IILHNTMESLLER,3,7933347.16666667,523.62036,10,44.73419,0,523.95856,44.827248,42.4,523.95856,45.0682105,0,523.95856,45.0953965,0,523.95856,44.806488,42.66,523.95862,45.2055095,31.32,523.95844,44.762657,0,523.95856,45.4628845,30.01,523.95752,44.947954,30.55,523.95673,,,0,45.104624,24.48,524.29431,,,0

