PeptideSeq,Charge,Abun,mz,NDP,t0,i0,m0,t1,i1,m1,t2,i2,m2,t3,i3,m3,t6,i6,m6,t7,i7,m7,t9,i9,m9,t13,i13,m13,t16,i16,m16,t21,i21,m21,t24,i24,m24,t31,i31,m31
ILFEITAGALGK,2,12270952.2,616.86609,5,56.476742,22.17,616.86908,,,0,,,0,56.6323525,33.44,617.37109,,,0,,,0,56.8307685,30.78,617.37061,,,0,,,0,57.056326,33.66,617.37421,57.301693,31.42,617.37433,,,0

