PeptideSeq,Charge,Abun,mz,NDP,t0,i0,m0,t1,i1,m1,t2,i2,m2,t3,i3,m3,t6,i6,m6,t7,i7,m7,t9,i9,m9,t13,i13,m13,t16,i16,m16,t21,i21,m21,t24,i24,m24,t31,i31,m31
VYSTSVTGSR,2,40327281.1111111,528.76965,10,20.126793,46.42,528.77008,,,0,20.0464995,0,528.77008,20.730957,64.61,528.77173,19.997801,47.14,528.76984,20.037803,64.23,528.77179,,,0,20.262103,31.8,529.27441,20.0966425,45.98,529.27435,20.978245,41.86,529.27411,20.2711135,64.3,528.77246,20.2556895,29.97,529.27502
IQYQLVDISQDNALR,2,3184834.5,888.46796,7,51.1585045,83.34,888.47284,,,0,51.170338,0,888.47284,3072.635498,0,888.47284,51.427952,0,888.47284,51.365097,0,888.47284,,,0,51.647366,0,888.47284,51.583519,0,888.47284,3060.730713,0,888.47284,51.8431705,22.53,889.48572,3076.84082,0,888.47284
IQYQLVDISQDNALRDEMR,3,11025090,769.71808,8,49.9651145,16.26,770.05341,,,0,50.311592,23.62,769.72162,50.298714,0,770.05341,50.5531175,0,770.05341,50.9832135,0,770.05341,,,0,3045.575439,0,770.05341,50.609886,0,770.05341,3047.551758,0,770.05341,50.6298545,0,770.05341,51.06229,0,770.05341

