PeptideSeq,Charge,Abun,mz,NDP,t0,i0,m0,t1,i1,m1,t2,i2,m2,t3,i3,m3,t6,i6,m6,t7,i7,m7,t9,i9,m9,t13,i13,m13,t16,i16,m16,t21,i21,m21,t24,i24,m24,t31,i31,m31
FYFHLGDAMQR,3,11260153.8,462.2204,10,44.6662945,22.09,462.22195,44.76602,39.52,462.22293,44.6546,32.5,462.22284,44.7839855,27.45,462.22272,44.8988225,28.92,462.55777,44.932249,22.11,462.5574,44.567049,21.79,462.55688,45.1787395,27.18,462.55667,45.0588665,23.63,462.55582,,,0,45.3045715,18.6,462.55917,,,0
LIFIVDVWHPELTPQQR,3,14572995,697.71771,10,63.3653085,28.57,697.72052,63.0149555,19.96,698.05646,63.1207735,0,697.72052,63.104931,0,697.72052,63.39365,0,697.72052,63.313656,0,697.72052,63.3734245,0,697.72052,63.4959185,0,697.72052,63.5230445,0,697.72052,,,0,64.106941,0,697.72052,,,0
NDLGVGYLLLGDNDSAK,2,19255763.3333333,882.44415,10,60.2356545,0,882.94958,60.170776,0,882.94958,60.205116,57.89,882.94958,60.2529585,39.76,882.95221,60.585861,52.12,882.45197,60.6235865,21.39,883.45349,60.5114155,0,882.94958,60.8067935,0,882.94958,60.783905,38.51,882.44653,,,0,60.9418585,37.08,882.95374,,,0

