PeptideSeq,Charge,Abun,mz,NDP,t0,i0,m0,t1,i1,m1,t2,i2,m2,t3,i3,m3,t6,i6,m6,t7,i7,m7,t9,i9,m9,t13,i13,m13,t16,i16,m16,t21,i21,m21,t24,i24,m24,t31,i31,m31
NATLSVHQLVENTDETYcIDNEALYDIcFR,3,1021643.5,1201.88367,2,63.538021,70.47,1202.22314,,,0,63.699146,67.85,1202.22437,,,0,,,0,,,0,,,0,,,0,3841.884277,0,1202.22314,,,0,,,0,,,0
TAVcDIPPR,2,470493600,514.76331,1,,,0,,,0,,,0,,,0,,,0,,,0,,,0,,,0,26.440245,36.3,515.26678,,,0,,,0,,,0
NMMAAcDPR,2,363518700,533.21735,1,,,0,,,0,,,0,,,0,,,0,,,0,,,0,,,0,23.970669,23.07,533.21851,,,0,,,0,,,0
FPGQLNADLR,2,994410600,565.80127,1,,,0,,,0,,,0,,,0,,,0,,,0,,,0,,,0,39.517048,70.76,566.30511,,,0,,,0,,,0
ISEQFTAMFR,2,491584100,615.3028,1,,,0,,,0,,,0,,,0,,,0,,,0,,,0,,,0,49.2348405,59.38,615.80719,,,0,,,0,,,0
IGNSTAIQELFK,2,275899100,660.86151,1,,,0,,,0,,,0,,,0,,,0,,,0,,,0,,,0,50.694725,75.07,661.36609,,,0,,,0,,,0
EIVHIQAGQcGN,2,62415090,663.31696,1,,,0,,,0,,,0,,,0,,,0,,,0,,,0,,,0,29.768915,36.67,663.82098,,,0,,,0,,,0
IMNTFSVMPSPK,2,129816400,676.34106,1,,,0,,,0,,,0,,,0,,,0,,,0,,,0,,,0,44.596901,67.51,676.84265,,,0,,,0,,,0
FFMPGFAPLTSR,2,20074510,685.84991,1,,,0,,,0,,,0,,,0,,,0,,,0,,,0,,,0,61.5909635,40.87,686.35278,,,0,,,0,,,0
EVDEQMLNVQNK,2,221971000,723.84827,1,,,0,,,0,,,0,,,0,,,0,,,0,,,0,,,0,34.516323,46.64,724.3526,,,0,,,0,,,0
LHFFMPGFAPLTSR,3,150722500,540.95001,1,,,0,,,0,,,0,,,0,,,0,,,0,,,0,,,0,57.469753,32.58,541.62073,,,0,,,0,,,0
NSSYFVEWIPNNVK,2,528776200,848.9201,1,,,0,,,0,,,0,,,0,,,0,,,0,,,0,,,0,56.713911,29.46,849.42413,,,0,,,0,,,0
ALTVPELTQQMFDSK,3,19932140,569.95892,1,,,0,,,0,,,0,,,0,,,0,,,0,,,0,,,0,59.438433,35.58,570.29504,,,0,,,0,,,0
VSDTVVEPYNATLSVH,2,14317870,865.93341,1,,,0,,,0,,,0,,,0,,,0,,,0,,,0,,,0,45.047327,37.27,866.44238,,,0,,,0,,,0
ESEScDcLQGFQLTH,2,0,905.87219,0,,,0,,,0,,,0,,,0,,,0,,,0,,,0,,,0,2796.340088,16.65,906.37775,,,0,,,0,,,0
MSATFIGNSTAIQELFK,2,228560600,929.47437,1,,,0,,,0,,,0,,,0,,,0,,,0,,,0,,,0,64.5309525,52.32,929.97913,,,0,,,0,,,0
GHYTEGAELVDSVLDVVR,3,285440700,653.66547,1,,,0,,,0,,,0,,,0,,,0,,,0,,,0,,,0,60.539604,49.5,654.00159,,,0,,,0,,,0
QLTHSLGGGTGSGMGTLLISK,2,2439725,1008.03314,1,,,0,,,0,,,0,,,0,,,0,,,0,,,0,,,0,40.912714,54.26,1008.53827,,,0,,,0,,,0
LTTPTYGDLNHLVSATMSGVTTcLR,3,176125400,903.45093,1,,,0,,,0,,,0,,,0,,,0,,,0,,,0,,,0,66.006477,36.14,904.12286,,,0,,,0,,,0

