PeptideSeq,Charge,Abun,mz,NDP,t0,i0,m0,t1,i1,m1,t2,i2,m2,t3,i3,m3,t6,i6,m6,t7,i7,m7,t9,i9,m9,t13,i13,m13,t16,i16,m16,t21,i21,m21,t24,i24,m24,t31,i31,m31
VGFQYEGTYK,2,130970950,596.28766,7,34.003651,29.92,596.28992,34.790876,0,596.28992,33.985886,0,596.28992,34.708733,0,596.28992,33.706125,0,596.28992,33.7871305,18.58,596.79425,,,0,33.990778,0,596.28992,,,0,,,0,,,0,,,0
DGLLPEDTFIVGYAR,2,8285864.33333333,833.4278,7,66.260876,0,833.42944,65.9941675,80.08,833.42944,66.047287,0,833.42944,66.461609,0,833.42944,66.339012,0,833.42944,66.7523425,40.28,833.93494,,,0,66.877697,42.57,833.93256,,,0,,,0,,,0,,,0
HLNSHMNALHQGMQANR,4,1565553.4,490.48505,7,20.1165755,0,490.73767,19.9856245,33.24,490.73767,20.07645,28.91,490.48798,19.9983375,29.24,490.4881,20.0674445,25.69,490.73721,20.0755575,0,490.73767,,,0,20.296938,17.43,490.73666,,,0,,,0,,,0,,,0
IIVEKPFGR,2,7269190,529.82147,3,29.6321515,0,529.82434,1764.300049,33.35,529.82434,29.387823,0,529.82434,1764.720093,0,529.82434,30.5266675,35.31,529.82385,1762.903198,0,529.82434,,,0,1774.018799,0,529.82434,,,0,,,0,,,0,,,0

