PeptideSeq,Charge,Abun,mz,NDP,t0,i0,m0,t1,i1,m1,t2,i2,m2,t3,i3,m3,t6,i6,m6,t7,i7,m7,t9,i9,m9,t13,i13,m13,t16,i16,m16,t21,i21,m21,t24,i24,m24,t31,i31,m31
EIDPQNDLTFLR,2,51819182.5,730.87262,9,52.549734,38.6,730.88452,53.7865865,29.1,730.88495,52.9136105,34.28,731.38867,53.4056205,23.76,731.38623,53.964115,30.66,731.38458,53.861277,25.98,731.38464,52.8540725,0,730.88452,54.0422895,25.83,731.38,,,0,,,0,54.3254545,29.31,731.38733,,,0
STMDNPTTTQYANLMHNFILK,3,13509166,814.05939,9,57.5751225,35.92,814.39661,57.638302,0,814.39661,57.465212,0,814.39661,57.6804905,0,814.39661,57.880241,0,814.39661,57.257145,0,814.39661,58.187645,35.89,814.39777,57.788778,0,814.39661,,,0,,,0,57.8591175,0,814.39661,,,0

