PeptideSeq,Charge,Abun,mz,NDP,t0,i0,m0,t1,i1,m1,t2,i2,m2,t3,i3,m3,t6,i6,m6,t7,i7,m7,t9,i9,m9,t13,i13,m13,t16,i16,m16,t21,i21,m21,t24,i24,m24,t31,i31,m31
LILPVGPAGGNQMLEQYDK,2,4740706.33333333,1022.03259,7,56.255192,110.84,1022.03864,56.7438355,0,1022.03864,56.790558,73.86,1022.54071,56.461523,90.63,1022.54266,3398.649902,42.05,1022.54541,56.619389,29.87,1023.0434,,,0,3408.399902,23.66,1022.53595,,,0,56.95303,26.99,1023.04309,,,0,57.119652,30.5,1022.53998
SGGASHSELIHNLR,3,34681356.6666667,493.25504,9,21.62615,0,493.25665,21.5254065,37.06,493.25665,21.9229985,32.32,493.25684,21.939379,37.7,493.25714,22.0337115,0,493.25665,22.094159,26.98,493.25623,,,0,22.229202,0,493.25665,,,0,22.280158,37.53,493.92773,,,0,22.341108,37.54,493.92859

