PeptideSeq,Charge,Abun,mz,NDP,t0,i0,m0,t1,i1,m1,t2,i2,m2,t3,i3,m3,t6,i6,m6,t7,i7,m7,t9,i9,m9,t13,i13,m13,t16,i16,m16,t21,i21,m21,t24,i24,m24,t31,i31,m31
GPVYIGELPQDFLR,2,45510250,802.42755,7,61.1451915,59.05,802.42651,61.423082,45.71,802.9339,61.3161735,39.87,802.93427,,,0,61.430172,44.37,802.93512,61.451145,33.53,802.93304,,,0,,,0,,,0,61.820618,35.56,802.935,,,0,62.1112955,30.73,802.93866

