PeptideSeq,Charge,Abun,mz,NDP,t0,i0,m0,t1,i1,m1,t2,i2,m2,t3,i3,m3,t6,i6,m6,t7,i7,m7,t9,i9,m9,t13,i13,m13,t16,i16,m16,t21,i21,m21,t24,i24,m24,t31,i31,m31
LDGEASINNR,2,21184730,544.77014,9,21.6045435,33.21,544.77142,21.7386875,0,544.77142,21.852178,0,544.77142,,,0,,,0,22.07683,25.75,545.27472,,,0,21.8604345,28.32,545.27423,22.0729195,25.37,545.27319,21.8397715,31.85,545.27496,22.187169,28.62,545.27661,22.30808,28.71,545.27509
DEPDTNLVALMK,2,50246280,673.33704,9,53.8513355,0,673.34009,53.665199,31.42,673.34009,53.867634,0,673.34009,,,0,,,0,54.1835655,17.21,673.33844,,,0,53.9645825,0,673.34009,54.124632,0,673.34009,54.4307495,0,673.34009,54.7186585,0,673.34009,54.8271675,0,673.34009
NGETELcMEGR,2,2763919.5,648.27136,9,27.7292585,0,648.77783,27.713871,0,648.77783,27.753937,42.85,648.77783,,,0,,,0,27.904889,0,648.77783,,,0,28.134619,0,648.77783,27.9151785,0,648.77783,28.029719,0,648.77783,28.087199,0,648.77783,28.2380625,24.12,648.77942

