PeptideSeq,Charge,Abun,mz,NDP,t0,i0,m0,t1,i1,m1,t2,i2,m2,t3,i3,m3,t6,i6,m6,t7,i7,m7,t9,i9,m9,t13,i13,m13,t16,i16,m16,t21,i21,m21,t24,i24,m24,t31,i31,m31
NYLTNLLK,2,10022678.3333333,489.78455,11,48.989044,27.03,489.78513,49.062714,0,489.78513,49.0724355,0,489.78513,49.121378,0,489.78513,,,0,49.3082675,0,489.78513,49.2671795,0,489.78513,49.338049,23.97,490.2879,49.2264975,0,489.78513,49.36211,0,489.78513,48.6000765,0,489.78513,49.6237275,22.66,490.28873
HQQLLGEVLTQLSSR,3,3720915.11111111,570.31622,11,52.079712,49.63,570.31958,51.957119,34.98,570.31989,52.060068,40.19,570.65472,52.0672875,38.64,570.3186,,,0,52.2648315,28.86,570.65369,52.3353215,0,570.31958,52.567005,28.33,570.65344,51.7820165,0,570.31958,52.525326,33.59,570.98938,52.729765,23.06,570.65753,52.8466035,35.34,570.65479
QIGLDQIWDDLR,2,37852845,736.38062,11,65.8496245,0,736.38519,65.8192865,0,736.38519,65.7354885,0,736.38519,65.9154625,0,736.38519,,,0,66.185387,43.96,736.38519,66.2263485,0,736.38519,66.357929,0,736.38519,66.320957,0,736.38519,66.2222215,20.3,736.3891,66.640545,0,736.38519,66.831604,0,736.38519
FINNNAVTK,2,13389364.3333333,510.77725,11,22.1622035,0,510.78046,22.073802,33.58,510.78046,22.0942185,0,510.78046,21.7080435,31.37,510.78046,,,0,22.0023105,28.16,510.77838,22.145769,33.75,511.28198,22.061115,22.28,510.77933,21.875655,37.56,511.2811,22.207723,23.68,510.78024,22.0612955,30.75,510.78052,22.243473,27.96,511.28278

