PeptideSeq,Charge,Abun,mz,NDP,t0,i0,m0,t1,i1,m1,t2,i2,m2,t3,i3,m3,t6,i6,m6,t7,i7,m7,t9,i9,m9,t13,i13,m13,t16,i16,m16,t21,i21,m21,t24,i24,m24,t31,i31,m31
NEEVLAVLGHELGHWK,4,7034996.44444444,458.49289,12,52.28512,35.03,458.49448,52.187899,25.75,458.74588,52.32749,35.94,458.74539,52.3125305,0,458.49448,52.5243755,24.72,458.74683,52.5533045,25.67,458.74628,52.62829,26.87,458.74673,52.803244,28.8,458.74591,52.702509,0,458.49448,52.7727565,0,458.49448,53.006275,26.17,458.99933,53.096836,21.25,458.74707
VPAELEQIMDSDTFEK,2,13865076,926.43768,8,58.63048,38.06,926.43964,58.265648,33.52,927.4436,58.763487,67.82,926.43878,58.7722855,0,926.43964,59.40542,34.18,926.94348,3494.023926,0,926.43964,59.4585745,28.09,927.44531,59.6663435,31.33,926.93964,3491.288574,0,926.43964,3480.769775,0,926.43964,59.526451,31.13,926.94684,3505.258789,0,926.43964
DNLGFPVSDWLFSTWHYSHPPLLER,4,11816038.4,754.12128,12,71.9621315,24.96,754.62604,72.121048,42.35,754.37579,72.1452105,32.24,754.3761,72.141449,21.99,754.62842,72.2849425,0,754.62604,72.459896,17.7,754.62988,72.6067775,0,754.62604,72.6529885,0,754.62604,72.6325455,0,754.62604,72.570591,0,754.62604,72.790932,0,754.62604,73.09396,0,754.62604
NEEVLAVLGHELGHWK,3,13901142.4444444,610.9881,12,51.8967095,0,611.32678,51.898199,0,611.32678,52.1331195,78.29,611.32678,51.938543,0,611.32678,52.0915015,36.99,611.32678,52.080612,31.72,611.32715,52.270876,34.29,611.32843,52.422756,25.56,611.66028,52.5096115,21.17,611.65948,52.372883,32.25,611.66187,52.934294,52.64,611.32935,52.995783,42.2,611.328
SSHSNAYFYGFFK,3,31631875,518.90527,12,45.04393,0,519.24292,45.0777665,0,519.24292,45.320223,0,519.24292,45.10734,0,519.24292,45.683697,20.62,519.24292,45.525305,0,519.24292,45.7801685,0,519.24292,45.902487,0,519.24292,45.9833755,17.89,519.24231,46.2178975,0,519.24292,45.955816,0,519.24292,46.3739335,0,519.24292

