PeptideSeq,Charge,Abun,mz,NDP,t0,i0,m0,t1,i1,m1,t2,i2,m2,t3,i3,m3,t6,i6,m6,t7,i7,m7,t9,i9,m9,t13,i13,m13,t16,i16,m16,t21,i21,m21,t24,i24,m24,t31,i31,m31
NFGPTGIGFGGLTQQVEK,2,12222190.5714286,925.47577,7,,,0,53.540558,82.16,925.47772,53.6612305,82.03,925.98315,53.683672,77.71,925.48126,54.3226415,35.1,925.98273,53.6495785,87.61,925.9826,,,0,,,0,,,0,53.4863105,22.1,926.4873,,,0,54.1293315,20.96,926.48779

