PeptideSeq,Charge,Abun,mz,NDP,t0,i0,m0,t1,i1,m1,t2,i2,m2,t3,i3,m3,t6,i6,m6,t7,i7,m7,t9,i9,m9,t13,i13,m13,t16,i16,m16,t21,i21,m21,t24,i24,m24,t31,i31,m31
QWNNcAFLESSAK,2,20914529.1818182,777.85388,11,40.739574,67.63,777.85754,40.868887,67.44,777.8576,40.6873395,54.66,777.85828,40.8195285,60.96,778.36084,40.954321,32.01,778.35992,40.950586,47.07,778.35657,41.0195485,35.09,778.86017,41.1978395,50.28,778.35785,41.123884,30.53,778.86053,41.1948585,38.05,778.35968,41.346958,52.39,778.36047,,,0
QVEVDAQQcMLEILDTAGTEQFTAMR,3,9228613,995.46478,7,73.866806,42.75,996.1358,73.9749565,64.86,995.8028,73.962059,0,996.1358,73.988895,0,996.1358,74.0927425,0,996.1358,74.788914,0,996.1358,74.91301,0,996.1358,4486.193359,0,996.1358,4483.215332,0,996.1358,4484.34668,0,996.1358,4504.678711,0,996.1358,,,0
YDPTIEDSYRK,2,3121576,693.83044,6,1582.107056,0,693.83667,26.3784725,0,693.83667,26.359033,27.88,693.83667,,,0,26.5822065,0,693.83667,1593.98999,22.02,694.33539,,,0,26.707066,0,693.83667,26.572069,0,693.83667,1576.147827,0,693.83667,26.7064895,0,693.83667,,,0
NGQGFALVYSITAQSTFNDLQDLR,3,4937972,886.77679,10,82.894394,0,887.4425,83.388447,0,887.4425,83.118313,22.89,887.4425,83.128231,0,887.4425,82.893917,0,887.4425,82.843483,0,887.4425,,,0,83.461655,0,887.4425,82.9672775,0,887.4425,83.24501,0,887.4425,83.562664,0,887.4425,,,0
YDPTIEDSYR,2,92751345,629.78296,2,,,0,,,0,33.291584,53.69,629.78406,,,0,,,0,33.567959,30.3,630.28711,,,0,,,0,,,0,,,0,,,0,,,0
INVNEIFYDLVR,3,14961010,498.93655,1,,,0,,,0,70.9589615,37.73,498.93884,,,0,,,0,,,0,,,0,,,0,,,0,,,0,,,0,,,0
INVNEIFYDLVR,2,217587000,747.90118,1,,,0,,,0,70.9586905,86.03,748.40741,,,0,,,0,,,0,,,0,,,0,,,0,,,0,,,0,,,0
SALTVQFVQGIFVEK,3,114587030,555.97852,2,,,0,,,0,61.9654465,19.44,555.9823,,,0,,,0,,,0,,,0,,,0,62.3607275,18.63,556.31537,,,0,,,0,,,0
SALTVQFVQGIFVEK,2,390758000,833.46417,3,,,0,,,0,61.9533365,56.44,833.97089,,,0,,,0,62.190929,39.59,833.96875,,,0,,,0,62.422106,35.78,833.96637,,,0,,,0,,,0
SITAQSTFNDLQDLR,2,34079833.3333333,854.92865,3,,,0,,,0,49.589388,82.24,854.93329,,,0,,,0,49.8858375,73.47,855.4325,,,0,,,0,49.5993115,23.1,855.93304,,,0,,,0,,,0

