PeptideSeq,Charge,Abun,mz,NDP,t0,i0,m0,t1,i1,m1,t2,i2,m2,t3,i3,m3,t6,i6,m6,t7,i7,m7,t9,i9,m9,t13,i13,m13,t16,i16,m16,t21,i21,m21,t24,i24,m24,t31,i31,m31
KDQGPEVGVSNR,3,1783365,429.22134,3,,,0,,,0,17.4233205,0,429.55725,,,0,17.913111,33.65,429.55725,,,0,,,0,17.5990155,23.24,429.89209,,,0,,,0,,,0,,,0

