PeptideSeq,Charge,Abun,mz,NDP,t0,i0,m0,t1,i1,m1,t2,i2,m2,t3,i3,m3,t6,i6,m6,t7,i7,m7,t9,i9,m9,t13,i13,m13,t16,i16,m16,t21,i21,m21,t24,i24,m24,t31,i31,m31
FSLDALSLR,2,13357303.4545455,511.28748,11,54.3589385,39.76,511.28986,54.384462,37.87,511.29025,54.398926,40.15,511.79196,54.4263915,34.68,511.29037,54.6138495,34.82,511.79266,54.654493,34.73,511.79077,54.721916,34.78,511.79068,54.859463,31.95,511.79184,54.839031,37.04,511.28867,54.926491,36.81,511.79297,55.2030715,39.87,511.79346,,,0
AGATSEGVLANFFNSLLSK,2,4735821,963.50201,11,76.829361,86.62,963.51013,77.123665,0,963.51013,77.251606,0,963.51013,76.951851,0,963.51013,77.335247,0,963.51013,77.306751,0,963.51013,77.6644135,36.77,964.00964,77.518898,0,963.51013,77.649406,0,963.51013,77.4533425,0,963.51013,77.905396,0,963.51013,,,0
DTLVMLVVDMSKPWTALDSLQK,3,4087051.66666667,830.77094,11,82.3089295,20.41,831.44574,82.413349,30.52,831.11139,82.468727,69.1,830.77692,82.5010335,0,831.44574,82.657295,0,831.44574,82.794315,0,831.44574,82.481453,0,831.44574,82.6913375,0,831.44574,82.964531,0,831.44574,82.976456,0,831.44574,82.8887215,0,831.44574,,,0
VEDNFEDIITKPPVR,3,99988166,591.31232,11,45.7932475,0,591.3194,45.603172,24.47,591.3194,45.766716,22.63,591.31915,45.889557,17.11,591.32031,46.0133535,0,591.3194,45.9366245,0,591.3194,46.334499,23.15,591.31775,46.1458415,0,591.3194,46.0843335,0,591.3194,46.0756285,0,591.3194,46.618696,24.56,591.31964,,,0

