PeptideSeq,Charge,Abun,mz,NDP,t0,i0,m0,t1,i1,m1,t2,i2,m2,t3,i3,m3,t6,i6,m6,t7,i7,m7,t9,i9,m9,t13,i13,m13,t16,i16,m16,t21,i21,m21,t24,i24,m24,t31,i31,m31
IGMIDGEcVVNPTR,2,16151200,780.87909,8,42.92967,98.13,780.88257,43.0564025,0,780.88257,42.9599035,97.68,780.88409,42.992359,0,780.88257,43.460796,0,780.88257,43.420725,34.79,781.88617,,,0,,,0,43.601515,32.56,781.88251,2568.10791,0,780.88257,43.390049,34.4,781.39056,,,0
EMSSSTLNLVVAGAPK,2,10332312.6666667,802.42163,9,47.462543,63.76,802.42383,47.100609,67.53,802.92883,47.1642535,0,802.42383,47.1536315,67.67,802.9281,47.7956755,36.21,802.92786,47.3585495,26.33,802.92969,,,0,,,0,47.486496,0,802.42383,47.647194,21.11,803.43188,47.170246,0,802.42383,,,0
LLTDILGIEDYNGDMDFK,2,10667880,1036.49829,9,71.1692355,0,1037.00891,71.2583045,0,1037.00891,71.263901,0,1037.00891,71.283474,48.53,1037.00891,71.3899425,0,1037.00891,71.8701705,33.4,1037.0061,,,0,,,0,71.7144435,0,1037.00891,71.6585425,0,1037.00891,72.5583685,0,1037.00891,,,0

