PeptideSeq,Charge,Abun,mz,NDP,t0,i0,m0,t1,i1,m1,t2,i2,m2,t3,i3,m3,t6,i6,m6,t7,i7,m7,t9,i9,m9,t13,i13,m13,t16,i16,m16,t21,i21,m21,t24,i24,m24,t31,i31,m31
SVLTGGLDALEFIGK,2,10489445.25,760.42194,4,66.4267695,91.6,760.42566,65.981804,77.71,760.42456,,,0,,,0,66.942219,56.55,760.92456,66.840557,35.67,760.92743,,,0,,,0,,,0,,,0,,,0,,,0

