PeptideSeq,Charge,Abun,mz,NDP,t0,i0,m0,t1,i1,m1,t2,i2,m2,t3,i3,m3,t6,i6,m6,t7,i7,m7,t9,i9,m9,t13,i13,m13,t16,i16,m16,t21,i21,m21,t24,i24,m24,t31,i31,m31
LITPDPSLPQPGR,2,32741220,695.88806,8,41.5474755,53.45,695.89154,41.571733,56.36,695.89368,41.5705645,33.83,695.89276,,,0,41.6675145,27.2,696.90002,41.6100005,50.91,696.39624,41.7203805,33.98,696.39844,,,0,,,0,,,0,41.731598,29.04,696.39862,41.7181305,44.13,696.39825
VLGITSGIHDLGSLR,3,7709875.5,513.29474,8,46.39592,0,513.29651,46.372322,27.86,513.29651,46.374815,27.89,513.297,,,0,46.6256085,0,513.29651,46.588478,0,513.29651,46.634682,0,513.29651,,,0,,,0,,,0,46.979183,0,513.29651,46.989042,0,513.29651

