PeptideSeq,Charge,Abun,mz,NDP,t0,i0,m0,t1,i1,m1,t2,i2,m2,t3,i3,m3,t6,i6,m6,t7,i7,m7,t9,i9,m9,t13,i13,m13,t16,i16,m16,t21,i21,m21,t24,i24,m24,t31,i31,m31
ENEAVAPEFTNR,2,12310220.6666667,688.82568,3,32.8305225,36.47,688.82837,,,0,,,0,32.0696715,38.26,688.8302,31.745349,39.49,689.32959,,,0,,,0,,,0,,,0,,,0,,,0,,,0

