PeptideSeq,Charge,Abun,mz,NDP,t0,i0,m0,t1,i1,m1,t2,i2,m2,t3,i3,m3,t6,i6,m6,t7,i7,m7,t9,i9,m9,t13,i13,m13,t16,i16,m16,t21,i21,m21,t24,i24,m24,t31,i31,m31
TEIQVNcPK,2,906139483.333333,544.77386,6,24.1948615,27.53,544.77588,,,0,,,0,,,0,,,0,24.2620025,32.74,545.2796,24.4859575,25.31,544.77661,,,0,24.194169,32.01,545.27679,,,0,24.473349,35.26,545.28149,24.5933745,27.65,544.77808

