PeptideSeq,Charge,Abun,mz,NDP,t0,i0,m0,t1,i1,m1,t2,i2,m2,t3,i3,m3,t6,i6,m6,t7,i7,m7,t9,i9,m9,t13,i13,m13,t16,i16,m16,t21,i21,m21,t24,i24,m24,t31,i31,m31
NLLELLINIK,2,7138096,591.8764,10,72.8958815,38.23,591.87811,,,0,72.5341375,35.04,592.37994,72.612194,35.61,592.38147,72.7489355,27.72,592.37976,72.974243,35.89,592.38007,73.0227315,32.78,592.37958,73.134449,35.16,592.37958,73.475391,39.44,591.87982,73.462166,35.51,592.38269,73.417465,35.68,591.88086,,,0

