PeptideSeq,Charge,Abun,mz,NDP,t0,i0,m0,t1,i1,m1,t2,i2,m2,t3,i3,m3,t6,i6,m6,t7,i7,m7,t9,i9,m9,t13,i13,m13,t16,i16,m16,t21,i21,m21,t24,i24,m24,t31,i31,m31
TIFGVSLER,2,158797633.333333,511.28748,9,45.240324,36.18,511.28934,45.3290975,0,511.28934,45.4268625,0,511.28934,45.704134,25.73,511.29068,45.6156175,0,511.28934,45.685047,0,511.28934,45.9381715,24.92,511.28952,45.85663,0,511.28934,,,0,45.4552325,0,511.28934,,,0,,,0
SYQMWEPLELTSGK,2,16293584.2,834.90051,9,57.501398,41.78,834.9046,57.5647545,0,834.9046,57.590641,38.69,834.9035,57.631178,42.84,835.40674,57.814268,36.3,835.40936,57.988821,0,834.9046,58.0639745,0,834.9046,58.0952415,0,834.9046,,,0,58.0750675,35.79,835.40924,,,0,,,0
SFcSLQTPEGVHcLVGSTLTYR,3,6639141.28571429,838.07019,9,50.068041,33.64,838.74249,49.964741,40.77,838.74268,49.996851,39.1,838.74603,50.0202505,42.38,838.74536,50.265541,24.75,838.74658,50.2888815,20.05,838.40869,49.8421405,38.81,838.40955,49.301235,0,838.74249,,,0,49.859001,0,838.74249,,,0,,,0
LTEENGTWYLDQIR,2,10869409,869.42572,8,51.3404065,0,869.42694,51.2710855,64.58,869.42694,51.362486,36.87,869.42828,51.404243,0,869.42694,51.2362095,59.36,869.42584,,,0,51.338003,0,869.42694,51.171028,0,869.42694,,,0,51.1537305,27.9,869.42865,,,0,,,0
IYSFTLEPR,2,436793950,563.3006,9,45.242458,0,563.8056,45.050762,0,563.8056,45.1281775,0,563.8056,45.121992,0,563.8056,46.0660455,0,563.8056,46.0395855,0,563.8056,46.1419335,23.41,563.8056,46.309866,25.6,563.80591,,,0,46.313267,0,563.8056,,,0,,,0
EQYVPNQEFINSDLLEK,2,7493173.5,1033.50745,8,53.998207,0,1033.5155,54.5188885,26.57,1033.5155,54.1222305,39.59,1033.51709,54.1690655,0,1033.5155,54.3465865,0,1033.5155,54.7997015,0,1033.5155,54.5392245,0,1033.5155,54.028542,0,1033.5155,,,0,3276.367188,0,1033.5155,,,0,,,0

