PeptideSeq,Charge,Abun,mz,NDP,t0,i0,m0,t1,i1,m1,t2,i2,m2,t3,i3,m3,t6,i6,m6,t7,i7,m7,t9,i9,m9,t13,i13,m13,t16,i16,m16,t21,i21,m21,t24,i24,m24,t31,i31,m31
SFHQSLAEWK,2,70639092,616.80658,12,30.7602415,31.42,616.80798,30.583416,0,616.80798,30.805947,0,616.80798,30.832367,39.04,617.31042,30.4675465,0,616.80798,31.5053215,27.88,616.8092,31.2335965,30.2,616.81018,30.2142,0,616.80798,30.2029735,0,616.80798,30.274519,0,616.80798,30.093011,0,616.80798,31.765174,17.12,617.31366
DQIPSPGLMVFPK,2,72277481,714.88141,12,57.758999,34.29,714.88489,57.9372805,47.14,715.38684,57.9550875,0,714.88489,58.022322,32.07,714.88879,58.1561925,31.14,714.88538,58.15753,31.47,715.38959,58.284384,0,714.88489,58.5344585,40.71,715.38544,58.5193555,39.92,715.38782,58.5963745,32.2,715.38885,58.6620995,26.86,715.3924,58.9992595,27.48,715.3902
IIDLIPDGYPQIScLPK,2,20608520,971.52136,12,63.2664415,28.73,972.02649,63.311346,37.74,971.52466,63.3917065,46.52,971.52777,63.436148,0,972.02649,63.6448725,20.04,972.03101,63.7143785,23.78,972.02808,63.709755,0,972.02649,63.4102345,0,972.02649,63.8709105,0,972.02649,63.926033,0,972.02649,63.773022,0,972.02649,63.904491,0,972.02649
LFIYNPSSGEFLGR,2,89833885,800.41193,12,56.387907,0,800.91919,56.720497,0,800.91919,56.727812,0,800.91919,56.792105,0,800.91919,56.3469105,0,800.91919,56.5100895,35.64,800.91919,56.5568375,0,800.91919,56.635069,25.32,800.91974,56.5397205,0,800.91919,56.608427,0,800.91919,56.889523,0,800.91919,56.996616,0,800.91919
IIDLIPDGYPQIScLPK,3,10170578.6,648.01666,12,63.216053,0,648.35437,63.1495725,34.57,648.35437,63.145098,59.41,648.3559,63.3617595,0,648.35437,63.579466,0,648.35437,63.763651,0,648.35437,63.631836,41.91,648.35559,63.759205,0,648.35437,63.7709925,0,648.35437,63.8034135,18.18,648.69061,64.020302,22.51,648.69202,63.484102,0,648.35437

