PeptideSeq,Charge,Abun,mz,NDP,t0,i0,m0,t1,i1,m1,t2,i2,m2,t3,i3,m3,t6,i6,m6,t7,i7,m7,t9,i9,m9,t13,i13,m13,t16,i16,m16,t21,i21,m21,t24,i24,m24,t31,i31,m31
VGPLLVR,2,3690285.71428571,377.25272,8,32.760225,44.65,377.25366,32.895008,48.14,377.25449,32.710911,0,377.25366,1966.47998,47.6,377.25476,32.909214,47.88,377.25537,32.9150905,47.61,377.25415,,,0,33.130775,43.81,377.254,,,0,33.119757,46.75,377.25476,33.2486615,47.25,377.25525,1995.430054,33,377.75729
GVLGGTGDALGVSR,2,2663809333.33333,629.84113,10,39.314682,56.16,629.84521,39.505602,0,629.84521,39.2994845,0,629.84521,39.438042,0,629.84521,39.408428,0,629.84521,39.592482,38.5,630.34442,,,0,39.7490615,33.77,630.34521,,,0,38.8559745,0,629.84521,38.875469,0,629.84521,38.8235415,0,629.84521
cAGFVVGDLYALLTHTcR,3,6082288,685.00464,10,68.0546685,53.93,685.00714,68.1301155,51.61,685.3407,68.1226235,0,685.00714,68.188751,0,685.00714,67.888752,0,685.00714,68.0374525,0,685.00714,,,0,68.2449265,0,685.00714,,,0,68.153656,0,685.00714,68.470871,0,685.00714,68.6263045,0,685.00714
LAQVQVLEPR,2,13955628,576.84039,10,36.36693,0,576.84369,36.4357985,40.54,576.84369,36.2723575,37.55,576.84448,36.4518525,0,576.84369,36.489639,36.19,576.84369,36.560375,36.3,576.84351,,,0,36.7194465,0,576.84369,,,0,36.823452,0,576.84369,36.9594955,0,576.84369,36.926828,0,576.84369

