PeptideSeq,Charge,Abun,mz,NDP,t0,i0,m0,t1,i1,m1,t2,i2,m2,t3,i3,m3,t6,i6,m6,t7,i7,m7,t9,i9,m9,t13,i13,m13,t16,i16,m16,t21,i21,m21,t24,i24,m24,t31,i31,m31
VSEDMcMK,2,13265318.1666667,500.20084,12,22.67696,22.49,500.20203,22.5627145,32.33,500.20328,22.596839,34.23,500.20319,22.5892155,29.95,500.20319,22.6373345,42.98,500.20309,22.688791,29.57,500.20258,22.946146,32.35,500.70465,22.838374,29.22,500.20175,22.689126,28.02,500.70474,22.8539225,21.3,500.20328,22.815525,28.93,500.20395,22.9451695,28.05,500.70691
LQYAVISEAWR,2,144114808.888889,668.35638,12,49.9175095,58.25,668.35956,49.8711125,49.62,668.3606,50.442938,63.93,668.35956,50.406231,0,668.35956,50.5917855,28.66,668.35742,50.611044,31.54,668.86182,50.6804825,37.85,668.86194,49.7149925,0,668.35956,49.3376425,0,668.35956,50.8381905,48.79,668.86346,49.9602525,32.42,669.36658,50.402014,34.27,669.36755
LYDIEQQQITDALENIR,2,7854626,1031.52612,12,63.6883585,104.48,1031.53467,63.718521,113.78,1031.53345,62.910271,0,1031.53467,63.869381,58.01,1031.53015,62.5876905,0,1031.53467,63.11319,0,1031.53467,63.198725,0,1031.53467,63.3224795,0,1031.53467,63.224085,0,1031.53467,63.9754695,30.31,1032.53955,63.6240215,0,1031.53467,63.99226,31.92,1032.5387
YAFIGPLETMHLNAEGVISYcER,3,1579499.5,890.76117,9,61.181471,0,891.10004,61.321671,22.63,891.10004,61.4276655,0,891.10004,61.426441,22.55,891.10004,3687.265869,0,891.10004,61.644903,0,891.10004,61.7736475,0,891.10004,61.930378,0,891.10004,61.809841,0,891.10004,61.885681,0,891.10004,3718.424316,0,891.10004,3726.902344,0,891.10004
EIDGFVLNR,2,44300480,531.78253,12,43.8492355,0,532.28595,43.5599685,0,532.28595,43.8689955,0,532.28595,43.9184915,0,532.28595,44.1785065,30.62,532.28595,43.962898,30.1,532.28741,44.0038585,29.75,532.28754,44.2681755,0,532.28595,43.7513755,0,532.28595,43.8373245,0,532.28595,43.6975405,0,532.28595,43.987444,0,532.28595
VILSSSSScLLPSK,2,168664633.333333,739.40015,12,40.181755,0,739.40509,40.3290325,0,739.40509,40.158558,19.44,739.40509,40.2421285,0,739.40509,40.407669,19.55,739.90643,40.3824005,0,739.40509,40.476177,32.06,739.90735,40.6002925,0,739.40509,40.583704,0,739.40509,40.6500755,0,739.40509,40.78928,0,739.40509,40.770548,0,739.40509

