PeptideSeq,Charge,Abun,mz,NDP,t0,i0,m0,t1,i1,m1,t2,i2,m2,t3,i3,m3,t6,i6,m6,t7,i7,m7,t9,i9,m9,t13,i13,m13,t16,i16,m16,t21,i21,m21,t24,i24,m24,t31,i31,m31
GLAYcETHYNQLFGDVcFHcNR,4,3664687.5,691.0481,5,,,0,45.9871575,28.7,691.55176,45.9847165,16.31,691.30066,46.033413,20.01,691.05237,46.251297,25.11,691.30194,46.208151,0,691.55176,,,0,,,0,,,0,,,0,,,0,,,0
cDLcQEVLADIGFVK,3,2245180,589.61993,5,,,0,70.158817,0,589.6236,70.603653,35.78,589.6236,70.646088,36.48,589.62457,70.815071,0,589.6236,70.921257,0,589.6236,,,0,,,0,,,0,,,0,,,0,,,0

