PeptideSeq,Charge,Abun,mz,NDP,t0,i0,m0,t1,i1,m1,t2,i2,m2,t3,i3,m3,t6,i6,m6,t7,i7,m7,t9,i9,m9,t13,i13,m13,t16,i16,m16,t21,i21,m21,t24,i24,m24,t31,i31,m31
QIIEEQSGPYIWVPAK,2,18591343.3333333,929.49091,6,,,0,53.129171,45.21,930.00275,52.972664,0,930.00275,53.2300545,0,930.00275,53.4223305,31.77,930.00177,52.990946,0,930.00275,,,0,53.2186205,25.38,929.99866,,,0,,,0,,,0,,,0
FIEAGQYNNHLYGTSVQSVR,3,16920455.5,761.70996,6,,,0,37.5496675,0,761.71552,37.205671,40.68,761.71552,37.5283545,34.98,762.04956,37.331833,34.2,762.04749,37.9863775,29.34,762.38416,,,0,37.581949,0,761.71552,,,0,,,0,,,0,,,0

