PeptideSeq,Charge,Abun,mz,NDP,t0,i0,m0,t1,i1,m1,t2,i2,m2,t3,i3,m3,t6,i6,m6,t7,i7,m7,t9,i9,m9,t13,i13,m13,t16,i16,m16,t21,i21,m21,t24,i24,m24,t31,i31,m31
MLENQSSLLSGSSGIFK,2,7511356.5,899.45618,3,,,0,,,0,,,0,,,0,52.0420375,43.06,899.96216,51.6122855,57.87,899.96222,,,0,,,0,,,0,,,0,52.8960765,0,899.96216,,,0

