PeptideSeq,Charge,Abun,mz,NDP,t0,i0,m0,t1,i1,m1,t2,i2,m2,t3,i3,m3,t6,i6,m6,t7,i7,m7,t9,i9,m9,t13,i13,m13,t16,i16,m16,t21,i21,m21,t24,i24,m24,t31,i31,m31
LVTVGWDFK,2,53706347.2727273,532.79242,12,50.734892,48.19,532.79498,50.5158005,43.75,532.79559,50.3348315,43.24,532.79517,50.3312095,43.35,532.7959,50.96554,46.19,532.79572,50.8132725,48.16,532.79523,51.033377,42.74,532.7951,51.094372,45.37,533.29547,51.0417535,45.93,532.79486,51.1468335,45.94,533.29932,49.53599,0,532.79498,51.48834,45.36,532.79675
QPPPcYLTAWDSSTFLPLR,3,3308344.6,750.37347,12,67.9025195,46.59,750.37708,67.978035,33.07,750.7113,67.983158,49.56,750.37921,68.048962,31.98,751.04565,68.2063105,31.61,750.37421,68.4145165,24.73,750.71082,68.3946765,34.13,750.71204,68.5794985,42.18,750.70947,68.706207,28.75,751.04547,68.633713,35.94,750.71228,68.194641,0,750.37708,68.347313,0,750.37708
ATMNLALAGDILAAGQDAQcQLLR,3,9705801.66666667,838.76495,12,71.2583695,66.66,838.76984,71.3723105,59.84,839.43835,71.3917195,58.2,839.10632,71.9867135,65.33,839.10681,72.1693765,73.32,839.10461,72.3310355,0,838.76984,72.414799,40.8,839.43793,71.499977,0,838.76984,71.472828,0,838.76984,72.209312,0,838.76984,72.5458835,0,838.76984,71.9559175,0,838.76984
NLEAVQTDFSNEPLQK,2,2858224.6,916.9549,10,44.126326,0,916.96075,43.6974335,60.88,916.96075,43.604046,60.33,916.96069,44.1701775,0,916.96075,43.811987,19.59,917.96399,43.7442205,0,916.96075,42.8243865,0,916.96075,2639.340088,39.61,917.45868,2616.412109,0,916.96075,42.634493,0,916.96075,44.188778,33.61,917.46332,44.151161,29.78,917.46259
QPPPcYLTAWDSSTFLPLR,2,3909610.66666667,1125.05664,6,67.8774145,0,1125.06165,67.9534225,50.66,1125.06165,68.021282,31.78,1125.06677,68.0234985,18.64,1126.06262,4085.553955,0,1125.06165,68.3764915,0,1125.06165,68.3694685,0,1125.06165,4075.668213,0,1125.06165,4106.419922,22.72,1125.56079,4077.101807,0,1125.06165,4096.865723,0,1125.06165,4106.541992,0,1125.06165
DQLVTQLQWQENGPASSNTPYR,3,3798194,844.74194,5,51.849819,0,844.74689,51.812355,0,844.74689,52.036257,44.01,844.74689,51.932682,0,844.74689,52.136929,0,844.74689,3125.25,27.83,845.41943,3122.699951,0,844.74689,3132.748779,0,844.74689,3127.039795,0,844.74689,3132.747559,0,844.74689,3145.907959,0,844.74689,3149.858887,0,844.74689

