PeptideSeq,Charge,Abun,mz,NDP,t0,i0,m0,t1,i1,m1,t2,i2,m2,t3,i3,m3,t6,i6,m6,t7,i7,m7,t9,i9,m9,t13,i13,m13,t16,i16,m16,t21,i21,m21,t24,i24,m24,t31,i31,m31
LLSELDQQSTEMPR,2,2169884,823.90631,1,41.286285,103.18,823.9082,,,0,,,0,,,0,,,0,2473.346924,0,823.9082,2499.610107,23.54,824.91492,,,0,,,0,,,0,,,0,2516.879883,54.63,824.41595

