PeptideSeq,Charge,Abun,mz,NDP,t0,i0,m0,t1,i1,m1,t2,i2,m2,t3,i3,m3,t6,i6,m6,t7,i7,m7,t9,i9,m9,t13,i13,m13,t16,i16,m16,t21,i21,m21,t24,i24,m24,t31,i31,m31
LGDLWTLDIETLTWNKPSLSGVAPLPR,3,2512713.66666667,998.20959,3,72.472191,54.36,998.87799,72.6045415,29.61,998.88446,72.574486,26.22,998.88391,4352.970215,44.29,998.54504,,,0,,,0,,,0,,,0,,,0,,,0,,,0,,,0

