PeptideSeq,Charge,Abun,mz,NDP,t0,i0,m0,t1,i1,m1,t2,i2,m2,t3,i3,m3,t6,i6,m6,t7,i7,m7,t9,i9,m9,t13,i13,m13,t16,i16,m16,t21,i21,m21,t24,i24,m24,t31,i31,m31
IAIDLFK,2,3119262.66666667,410.25235,3,,,0,,,0,,,0,,,0,,,0,49.5052855,39.75,410.25363,,,0,49.7566815,43.29,410.25311,,,0,49.796425,39.48,410.25482,,,0,,,0

