PeptideSeq,Charge,Abun,mz,NDP,t0,i0,m0,t1,i1,m1,t2,i2,m2,t3,i3,m3,t6,i6,m6,t7,i7,m7,t9,i9,m9,t13,i13,m13,t16,i16,m16,t21,i21,m21,t24,i24,m24,t31,i31,m31
EQHPDMSVTR,3,3172760.33333333,400.52063,3,,,0,19.069761,31.12,400.52274,19.0902395,32.75,400.52271,,,0,,,0,,,0,,,0,,,0,,,0,,,0,19.3220185,31.04,400.85815,,,0

