PeptideSeq,Charge,Abun,mz,NDP,t0,i0,m0,t1,i1,m1,t2,i2,m2,t3,i3,m3,t6,i6,m6,t7,i7,m7,t9,i9,m9,t13,i13,m13,t16,i16,m16,t21,i21,m21,t24,i24,m24,t31,i31,m31
LAALNPESNTSGLDIFAK,2,20771483.3333333,930.98871,4,55.6338745,70.8,930.99536,55.656076,0,930.99536,55.7228545,67.39,930.99384,55.771025,46.22,931.99988,,,0,3356.830078,29.35,932.00098,,,0,,,0,,,0,3370.840088,35.54,932.00214,3350.572021,0,930.99536,,,0
NSNPALNDNLEK,2,19251720,664.82568,7,26.0715955,0,664.82892,26.091114,29.31,664.82892,26.0144175,41.72,664.82916,26.089201,32.71,664.82813,,,0,26.5442555,0,664.82892,,,0,,,0,,,0,25.6304025,0,664.82892,26.885211,29.35,665.33533,,,0

