proteinName,peptideSeq,charge,old_Rsquared,new_Rsquared,NDP,rateconstant,sigma,Abundance,MassToCharge,RMSE,selected_A1A0_count, selected_A2A0_count, selected_A2A1_count,improved_timePoints,new_k,I0_percentatediffI0_percentatediff,selected_io_t,i0,I0_asymptote,new_rmse,lowerci_old,upperci_old,sigma_old,lowerci_new,upperci_new,sigma_new,old_pearson,new_pearson
ARL3_MOUSE,QLASEDISHITPTQGFNIK,3,0.980986354029085,0.987799242571647,4,0.17971,0.00749667294347057,11570145.5,700.36377,0.00637627242603828,0,1,0,6,NaN,,0.306528926905457| NaN| NaN| NaN| 0.13199505716146| 0.121656479785429| 0.119035528597623| NaN| NaN| NaN| NaN| NaN,0.306528926905457,0.0536587610263854,0.00504355064137386,0.133110471951054,0.226309528048946,0.0146426753456147,0.142850364169633,0.216569635830367,0.0115821705373228,0.990637343885417,0.99422365564518

