proteinName,peptideSeq,charge,old_Rsquared,new_Rsquared,NDP,rateconstant,sigma,Abundance,MassToCharge,RMSE,selected_A1A0_count, selected_A2A0_count, selected_A2A1_count,improved_timePoints,new_k,I0_percentatediffI0_percentatediff,selected_io_t,i0,I0_asymptote,new_rmse,lowerci_old,upperci_old,sigma_old,lowerci_new,upperci_new,sigma_new,old_pearson,new_pearson
ATLA3_MOUSE,GGSDPETTGIQIWSEVFTVK,2,0.790973804403042,0.996707366276461,3,0.15971,0.015936100172201,7247377.5,1076.03381,0.00585511756989227,0,0,1,1,NaN,,0.280152337935569| 0.245565918623563| 0.220850736873494| NaN| NaN| NaN| NaN| NaN| NaN| NaN| NaN| NaN,0.280152337935569,0.0620637285285061,0.000697796681229218,0,1.04014905240909,0.204627030743532,0.139560242307209,0.179859757692791,0.00468310109097892,0.929200873713002,0.998758428689814
ATLA3_MOUSE,EGGHSDWLGDPEEPLTGFSWR,3,-0.56116587012628,-0.590982871522873,3,0.15013,0.279418917958822,4543004.5,791.35748,0.0976763264057846,0,1,0,1,NaN,,0.236812661602733| 0.388091034092398| 0.196519270282092| NaN| NaN| NaN| NaN| NaN| NaN| NaN| NaN| NaN,0.236812661602733,0.0327566634813699,0.0520100380500052,0,4.11297437141206,0.921023522073374,0,2.58659791513334,0.566271104866849,0.0621359450978716,0.156933204190959
ATLA3_MOUSE,EQHSFELEER,2,0.498368211375116,0.889681194897998,3,0.09244,0.0261502373708788,978101,652.29926,0.0177196889245978,1,0,0,0,NaN,,0.495769298781363| 0.448297630816964| 0.425127509448667| NaN| NaN| NaN| NaN| NaN| NaN| NaN| NaN| NaN,0.495769298781363,0.126499235804075,0.00488294907324331,0,0.825051332097473,0.170269686659143,0.0164924694473681,0.168387530552632,0.017651327058659,0.953319337654988,0.985685516930784

