proteinName,peptideSeq,charge,old_Rsquared,new_Rsquared,NDP,rateconstant,sigma,Abundance,MassToCharge,RMSE,selected_A1A0_count, selected_A2A0_count, selected_A2A1_count,improved_timePoints,new_k,I0_percentatediffI0_percentatediff,selected_io_t,i0,I0_asymptote,new_rmse,lowerci_old,upperci_old,sigma_old,lowerci_new,upperci_new,sigma_new,old_pearson,new_pearson
BTD_MOUSE,TSIYPFLDFMPSPK,2,0.729523233051105,0.886301927609217,11,0.0635,0.00976655027213113,9480952.875,821.9129,0.0282471961253338,3,2,3,0| 2| 3| 9| 13| 16| 21| 24,NaN,0.0249510606421257|,0.35856832692447| 0.342491869591641| 0.31923203139951| 0.34332428132229| 0.246160208867094| 0.249379558688312| 0.229310662941787| 0.235628256146958| 0.21108232626529| 0.213377575150658| 0.189005311859714| NaN,0.35856832692447,0.146530850085461,0.0189428643132409,0.0396617667849004,0.0873382332150996,0.0106987197861089,0.0475138321956836,0.0794861678043164,0.00717467306611308,0.859724696357898,0.943276027692854
BTD_MOUSE,GLSSGLVTAALYGR,2,0.460045044593948,0.886467144852111,11,0.10809,0.0199673684482285,4363958.14285714,682.88025,0.05280519419905,4,3,1,2| 3| 6| 7| 9| 13| 21| 24,NaN,,0.468818089931509| 0.407528198781863| 0.361638847745096| 0.363252492228727| 0.317251565549417| 0.246309511090256| 0.279681963588342| 0.238676291513035| 0.226839603247296| 0.223831438781808| 0.187316436945326| NaN,0.468818089931509,0.144421610153589,0.0273437091474079,0.0620904090544722,0.154089590945528,0.0206448493628338,0.0842703842445318,0.131909615755468,0.0106903641759457,0.846517895897572,0.96870735467046

