proteinName,peptideSeq,charge,old_Rsquared,new_Rsquared,NDP,rateconstant,sigma,Abundance,MassToCharge,RMSE,selected_A1A0_count, selected_A2A0_count, selected_A2A1_count,improved_timePoints,new_k,I0_percentatediffI0_percentatediff,selected_io_t,i0,I0_asymptote,new_rmse,lowerci_old,upperci_old,sigma_old,lowerci_new,upperci_new,sigma_new,old_pearson,new_pearson
CATC_MOUSE,NVQGVNYVSPVR,2,0.9955382134729,0.997158026109206,3,0.26742,0.00442905945747994,262345400,666.35693,0.00231541011070647,0,1,0,2,NaN,0.0338352608809973|,0.466653613113834| NaN| 0.340194303159027| 0.300809932963272| NaN| NaN| NaN| NaN| NaN| NaN| NaN| NaN,0.466653613113834,0.173556947341481,0.00188578748784122,0.221160197652344,0.313679802347656,0.0107514608436349,0.229743669550445,0.305096330449555,0.00875653528555914,0.997873719631997,0.999923363371599

