proteinName,peptideSeq,charge,old_Rsquared,new_Rsquared,NDP,rateconstant,sigma,Abundance,MassToCharge,RMSE,selected_A1A0_count, selected_A2A0_count, selected_A2A1_count,improved_timePoints,new_k,I0_percentatediffI0_percentatediff,selected_io_t,i0,I0_asymptote,new_rmse,lowerci_old,upperci_old,sigma_old,lowerci_new,upperci_new,sigma_new,old_pearson,new_pearson
DUS3_MOUSE,ANDTQEFNLSAYFER,2,0.800095188161139,0.917116616211317,12,0.04324,0.00440051570576377,21889709.1666667,902.91046,0.0255380728145758,4,1,2,6| 7| 9| 13| 16| 21| 31,0.0470103477461004,,0.356728822331947| 0.343721310108731| 0.299626843569891| 0.306536518452036| 0.268956326065721| 0.282434364703819| 0.232161486317522| 0.223861944093883| 0.208725423985182| 0.192500437155085| 0.198775402737926| 0.141564629233546,0.356728822331947,0.0753922881776986,0.0180902952805369,0.0331902115989751,0.0532897884010249,0.00456604096625259,0.0361210744255654,0.0503589255744346,0.00323442688656574,0.940201084243068,0.973389022956859
DUS3_MOUSE,VYVGNASVAQDITQLQK,2,0.984224288294147,0.993408411183662,12,0.16818,0.00853489913950357,6772257.57142857,917.48889,0.0119532899146336,2,2,2,6| 7| 9| 16| 24| 31,0.176879023957115,-0.0115645796301302|,0.372768666248804| 0.32426827826705| 0.282782477502022| 0.237886950985984| 0.191362097266142| 0.174489336044624| 0.147621351563157| 0.103872337730097| 0.096648983271593| 0.0987171215483458| 0.0922420685296345| 0.0811241190719735,0.372768666248804,0.0825815464417788,0.00776487136089942,0.150553837937724,0.185806162062276,0.00800830573168611,0.156730024137507,0.179629975862493,0.00520220493850561,0.994354561631125,0.997299585947695
DUS3_MOUSE,EIGPNDGFLAQLcQLNDR,2,-0.0507327998122946,0.527991882322421,12,0.02636,0.0142078591575003,2292025.5,1030.49695,0.103822198572553,3,1,4,0| 1| 2| 6| 7| 9| 21| 31,0.0277226587875881,-0.0353167625610999|,0.290457109694426| 0.302998830701785| 0.318766090994159| 0.28068930091048| 0.150063692521078| 0.315797905382564| 0.225299525314766| 0.230175820433867| 0.204305643944229| 0.145484539455727| 0.192180925531778| 0.16530119992475,0.290457109694426,0.0485060935594483,0.042679629445878,0,0.0594250108582642,0.0150228231783491,0.01293326378999,0.03978673621001,0.00610033018921276,0.186092085726361,0.758073032905244

