proteinName,peptideSeq,charge,old_Rsquared,new_Rsquared,NDP,rateconstant,sigma,Abundance,MassToCharge,RMSE,selected_A1A0_count, selected_A2A0_count, selected_A2A1_count,improved_timePoints,new_k,I0_percentatediffI0_percentatediff,selected_io_t,i0,I0_asymptote,new_rmse,lowerci_old,upperci_old,sigma_old,lowerci_new,upperci_new,sigma_new,old_pearson,new_pearson
GALC_MOUSE,SEILDYLFK,2,0.696799042408486,0.960548947776234,5,0.74144,0.19476022948748,1880460.5,564.3028,0.0216417745024441,1,2,0,3| 13| 31,NaN,,0.476782907489264| 0.377521557572565| NaN| 0.285174218938906| NaN| NaN| NaN| 0.309730722492239| NaN| NaN| NaN| 0.285808554359787,0.476782907489264,0.283999070832062,0.00937445818001464,0.537292820992038,0.945587179007962,0.0735282605195827,0.653010597320383,0.829869402679617,0.0318498653246852,0.956546460687378,0.980912355087342

