proteinName,peptideSeq,charge,old_Rsquared,new_Rsquared,NDP,rateconstant,sigma,Abundance,MassToCharge,RMSE,selected_A1A0_count, selected_A2A0_count, selected_A2A1_count,improved_timePoints,new_k,I0_percentatediffI0_percentatediff,selected_io_t,i0,I0_asymptote,new_rmse,lowerci_old,upperci_old,sigma_old,lowerci_new,upperci_new,sigma_new,old_pearson,new_pearson
HS74L_MOUSE,SIDLPIQSSLYR,2,0.371949846616865,0.943640178064382,7,0.23216,0.0698979687127256,11154887.2,696.38007,0.0600398692626451,4,1,1,0| 1| 2| 3| 6| 24,NaN,,0.477941734150167| 0.402438209882015| 0.383519343400829| 0.31801858397893| 0.200604509731834| 0.186947626892469| NaN| NaN| NaN| NaN| 0.142810135755789| NaN,0.477941734150167,0.161775425510698,0.0213226783414177,0.0549887975726531,0.409331202427347,0.0724060420705242,0.14625866865602,0.31806133134398,0.0351060179419215,0.68327438225988,0.990771705585703
HS74L_MOUSE,LMNETTAVALAYGIYK,2,0.8568615191827,0.941348752222674,7,0.1675,0.0282138924483859,12489985.8571429,879.46075,0.0261875342032503,1,2,2,0| 1| 2| 3| 7,NaN,0.0175637067074456|,0.364081017939014| 0.302251361138194| 0.269212373821857| 0.243372980307432| 0.193672334973493| 0.162292123255454| NaN| NaN| NaN| NaN| 0.144150510115753| NaN,0.364081017939014,0.112156864179008,0.0135396976221001,0.0698670686917621,0.265132931308238,0.0399004693478432,0.117021006536433,0.217978993463567,0.0206296738653087,0.962505498478249,0.975259031024012
HS74L_MOUSE,SVMDQANLQR,2,0.459270684659386,0.768714314314295,7,0.03195,0.00830054323333905,13023380.5,581.28766,0.0384568736073964,1,1,0,3| 7,NaN,,0.493786345459861| 0.489719517939968| 0.50732349245998| 0.537009612080693| 0.421721795526019| 0.416789626549416| NaN| NaN| NaN| NaN| 0.328178112486369| NaN,0.493786345459861,0.159448994531296,0.0243691155927133,0.0024327878006502,0.0614672121993498,0.0120630468102576,0.0132457141705284,0.0506542858294716,0.00764403745142041,0.696530604571105,0.906764202677325

