protien,peptide,charge,rsquared,rateconstant,mo,io_e,io_a1a0,io_a2a0,io_a2a1
MRP2_MOUSE,QLLTNILR,2,0.803910832073528,0.22427,0.56679,0.60352857168734,0.60228964816278,0.566110120130473,0.517198229825351
MRP2_MOUSE,MNLDPFNK,2,0.781023997220048,0.10451,0.54238,0.565433726791952,0.526225109539165,0.579265098990181,0.59913418827173
MRP2_MOUSE,IMNEILSGIK,2,0.569094347727142,0.72259,0.50141,0.429345872611269,0.426057816211752,0.403970469031908,0.369741792257575
MRP2_MOUSE,GSYSDLMDKK,3,-0.570292968781153,0.05973,0.5042,0.525604175665773,0.478188919108611,0.579577411875047,0.579577411875047
MRP2_MOUSE,SQQSPEGTSHGLTK,2,0.935460934385814,0.41042,0.44961,0.494052882435454,0.467337273341232,0.497812433479968,0.544462171310973
MRP2_MOUSE,SQQSPEGTSHGLTK,3,0.978318276596779,0.39749,0.44961,0.475301663570552,0.475568618304858,0.473118161356396,0.467482202830385
MRP2_MOUSE,KGEIQFNNYQVR,3,0.402372455835354,0.03182,0.418,0.453692344895099,0.434095387878147,0.458202943907444,0.488517975390318
MRP2_MOUSE,AVQFSEASFTWDR,2,-0.250661564302743,0.17215,0.40107,0.406344620515146,0.413827197418439,0.40107,0.386180004936371
MRP2_MOUSE,MTSEVETNIVAVER,2,-1.05096156263868,0.05245,0.3993,0.33777583377899,0.444467895153124,0.292178496393783,0.128920985326793
MRP2_MOUSE,LTIIPQDPILFSGNLR,3,0.733993068569053,0.27394,0.34034,0.328405296245142,0.290389464953271,0.330737469323619,0.37854831755452
MRP2_MOUSE,LTIIPQDPILFSGNLR,2,0.924918461973069,0.45631,0.34034,0.387695699526154,0.369071465487411,0.369823253956455,0.370783071715898
MRP2_MOUSE,GSIAYVPQQAWIQNGTIK,2,0.863529397283883,0.28156,0.30904,0.372937510827397,0.343375271042864,0.374455547265592,0.414174839851789

