protien,peptide,charge,rsquared,rateconstant,mo,io_e,io_a1a0,io_a2a0,io_a2a1
RBM39_MOUSE,ALEQLNGFELAGR,2,0.262868311867799,0.03422,0.4404,0.475472859634323,0.50449806884005,0.4570838668651,0.396266650342842
RBM39_MOUSE,GYGFITFSDSEcAK,2,0.95408165117663,0.31675,0.39324,0.430632944489986,0.413852659562558,0.425174474344637,0.445102777805972
RBM39_MOUSE,cPSIAAAIAAVNALHGR,3,0.0288158821333974,0.03593,0.37484,0.461840325625686,0.450550019403972,0.462768414691492,0.489862880281963

