protien,peptide,charge,rsquared,rateconstant,mo,io_e,io_a1a0,io_a2a0,io_a2a1
ZO2_MOUSE,MQELQEAQNAR,2,-2.84098232942965,0.31659,0.46876,0.0565096383334486,0.000510306986270589,0.0822217207453969,0.25627920559626

