protien,peptide,charge,rsquared,rateconstant,mo,io_e,io_a1a0,io_a2a0,io_a2a1
PTGR1_MOUSE,GGETVMVSAAAGAVGSVVGQIAK,3,0.593418065126319,0.15227,0.2993,0.279792150251451,0.144070165004001,0.306722707404622,0.487401488625838

