protien,peptide,charge,rsquared,rateconstant,mo,io_e,io_a1a0,io_a2a0,io_a2a1
FLOT1_MOUSE,ITLVSSGSGTMGAAK,2,0.606758892011978,0.05191,0.44461,0.443674867049232,0.386790130503016,0.423156799379426,0.495806510984832
FLOT1_MOUSE,VSAQcLSEIEMAK,2,0.594182674685688,0.08392,0.41952,0.3826557627378,0.369092533647935,0.330673961934342,0.269015235086374
FLOT1_MOUSE,VASSDLVNMGISVVSYTLK,3,0.941859970332495,0.07041,0.30462,0.343689430680976,0.341208700827186,0.320641732078174,0.291728554336739

