protien,peptide,charge,rsquared,rateconstant,mo,io_e,io_a1a0,io_a2a0,io_a2a1
CO4B_MOUSE,ASAGLLGAHAAAITAY,2,0.586296273330554,0.05162,0.42566,0.441615534756732,0.45671180297241,0.418901249791093,0.371440215514649
CO4B_MOUSE,ILSLAQEQVGNSPEK,2,0.731957837564272,0.19474,0.40002,0.433901921988263,0.384227345243268,0.415257915412535,0.455087512001109
CO4B_MOUSE,VTASEPLETMGSEGALSPGGVASLLR,3,-0.0725587582131368,0.05827,0.23031,0.244678231260511,0.232764710008561,0.22021433324703,0.20588064288289
CO4B_MOUSE,STQDTVVTLDALSAYWIASHTTEEK,3,-0.0310476654418357,0.00123,0.20399,0.225673471101572,0.234746158651835,0.221341367260206,0.205751977863083

