protien,peptide,charge,rsquared,rateconstant,mo,io_e,io_a1a0,io_a2a0,io_a2a1
BAF_MOUSE,AYVVLGQFLVLK,2,0.863170522663219,0.18877,0.42723,0.457614553861221,0.428529945756392,0.463910935649597,0.491100471391067
BAF_MOUSE,DFVAEPMGEKPVGSLAGIGDVLSK,3,0.933973180679439,0.13412,0.23526,0.265674954545664,0.265123340326351,0.261433821087295,0.255756280875526

