protien,peptide,charge,rsquared,rateconstant,mo,io_e,io_a1a0,io_a2a0,io_a2a1
GSTP1_MOUSE,TIVYFPVR,2,0.707322404941015,0.046,0.53566,0.562921126429914,0.554644090852979,0.563778771294349,0.575491399869088
GSTP1_MOUSE,PTcLYGQLPK,2,0.959739013222731,0.14671,0.49199,0.500989880687645,0.52034885715654,0.47887032890502,0.404296703788165
GSTP1_MOUSE,PPYTIVYFPVR,2,0.947851740610792,0.07613,0.42316,0.436712169173553,0.435458848897968,0.43638344363646,0.436993529739969
GSTP1_MOUSE,YVTLIYTNYENGK,2,0.968714477695558,0.12361,0.38921,0.407363988323204,0.406659005651093,0.405315831078898,0.403621460874248
GSTP1_MOUSE,EEVVTIDTWMQGLLK,2,0.919774015067973,0.15429,0.34084,0.352905803737915,0.358001196799275,0.330956839905899,0.294708937094756
GSTP1_MOUSE,EAAQMDMVNDGVEDLR,2,0.994025341985461,0.1603,0.3476,0.35690805338618,0.35792520079226,0.352641428104236,0.341396680369195
GSTP1_MOUSE,EAAQMDMVNDGVEDLR,3,0.759498267148041,0.08988,0.3476,0.390202745035796,0.39450971489515,0.348853747964501,0.267969750579415
GSTP1_MOUSE,FEDGDLTLYQSNAILR,3,0.190157032863114,0.23217,0.34062,0.29763777799246,0.33456032579042,0.271413959488968,0.204720549835556
GSTP1_MOUSE,FEDGDLTLYQSNAILR,2,0.990973502202164,0.1661,0.34062,0.349355060655713,0.34201923312508,0.350639106784329,0.360942468978115
GSTP1_MOUSE,AFLSSPEHVNRPINGNGK,2,0.47392806289702,0.06476,0.32712,0.336144381475103,0.303499739696104,0.336945046167615,0.376411299968092
GSTP1_MOUSE,AFLSSPEHVNRPINGNGK,4,0.972741738681888,0.11821,0.32712,0.323212521276828,0.31361662472689,0.330771280100633,0.352223063536452
GSTP1_MOUSE,ALPGHLKPFETLLSQNQGGK,3,0.706297843063902,0.14908,0.28391,0.293341398172647,0.255899191685399,0.292671220446559,0.33546460502386
GSTP1_MOUSE,EEVVTIDTWMQGLLKPTcLYGQLPK,3,0.984101037109074,0.13385,0.16953,0.170703491396692,0.162641619079969,0.165309115778622,0.168313457686544

