protien,peptide,charge,rsquared,rateconstant,mo,io_e,io_a1a0,io_a2a0,io_a2a1
PSB5_MOUSE,TTTLAFK,2,0.643418250917546,0.45033,0.62745,0.67303371143119,0.669724595013368,0.666056981701252,0.666056981701252
PSB5_MOUSE,AIYQATYR,2,-0.10627538265471,0.12206,0.55597,0.573102799290225,0.567971552836746,0.570320906406612,0.573232610752138
PSB5_MOUSE,VEEAYDLAR,2,0.974552975165924,0.22991,0.54426,0.516383717479705,0.55564215685614,0.47150885389363,0.360881859918866
PSB5_MOUSE,ATAGAYIASQTVK,2,0.295903977123599,0.20968,0.4777,0.51127273574638,0.500763593887913,0.516554998263615,0.537829044360954
PSB5_MOUSE,FLHGVIVAADSR,3,0.929621480782542,0.16691,0.46709,0.495954967979893,0.47927104607215,0.490183015368532,0.503865205069945
PSB5_MOUSE,VSSDNVADLHDK,2,0.585613459937469,1.38776,0.48916,0.527377113817914,0.519954275164811,0.478988147569934,0.421169101787753
PSB5_MOUSE,VSSDNVADLHDK,3,0.834679730901003,0.27529,0.48916,0.538352366846282,0.500750503917131,0.539786513240291,0.602856365694025
PSB5_MOUSE,GPGLYYVDSEGNR,2,0.893007268762095,0.31873,0.44054,0.448229418970963,0.418311778437345,0.469995909109817,0.541071081115473
PSB5_MOUSE,GMGLSMGTMIcGWDK,2,0.649020416357534,0.12256,0.34485,0.396261949049793,0.377097324270627,0.42079551425427,0.42079551425427

