protien,peptide,charge,rsquared,rateconstant,mo,io_e,io_a1a0,io_a2a0,io_a2a1
MYDGF_MOUSE,SYLYFTQFK,2,0.965454482432467,0.19142,0.46895,0.484011541733018,0.478296023186728,0.479609183250081,0.481334490397027
MYDGF_MOUSE,GAEIEYAMAYSK,2,0.934318758138716,0.15496,0.44157,0.45889311324637,0.479026131870051,0.430574895605678,0.351629270431599

