protien,peptide,charge,rsquared,rateconstant,mo,io_e,io_a1a0,io_a2a0,io_a2a1
DCMC_MOUSE,INWMADSSLK,2,-11.1496733714935,10.44028,0.48794,0.15949722703522,0.0635353740809407,0.215089229905128,0.329695181141476
DCMC_MOUSE,EAAVLLQAEDR,2,-0.672461402332699,0.0381,0.50554,0.530777313217114,0.519099149100346,0.492064988485067,0.453690575427129
DCMC_MOUSE,EFPQLGAFSSLSPIPGFTK,2,0.928946157841817,0.08277,0.29145,0.292004574985309,0.307287164946867,0.297634265594776,0.287396697369758
DCMC_MOUSE,LAQGFGVDHGQVAEQSAGVLQLR,3,0.195747254017598,0.06112,0.25445,0.284301277387929,0.301812045016843,0.251716030820105,0.197288342856917
DCMC_MOUSE,TPAPAEGQcADFVSFYGGLAEASQR,3,0.867160393115189,0.07032,0.21815,0.253626961268842,0.239354319597628,0.21815,0.191891135874867
DCMC_MOUSE,NELFTDSEcQEISAVTGNPVHESLK,3,0.470077078838439,0.03553,0.2046,0.250044873831852,0.238154866988695,0.265183881304484,0.304760781877146

