protien,peptide,charge,rsquared,rateconstant,mo,io_e,io_a1a0,io_a2a0,io_a2a1
BGH3_MOUSE,FGTLFTMDR,2,0.865204719748858,0.2063,0.5037,0.539783480563284,0.526486226529832,0.532103849025584,0.546568229633662
BGH3_MOUSE,GcPAALPLSNLYETMGVVGSTTTQLYTDR,3,0.335891119842692,0.1586,0.16098,0.124311168197665,0.16523063757523,0.123630735436745,0.0817954894597003

