protien,peptide,charge,rsquared,rateconstant,mo,io_e,io_a1a0,io_a2a0,io_a2a1
RSMB_MOUSE,VLGLVLLR,2,0.962958493189104,0.07566,0.5815,0.591745440616484,0.582359445913701,0.5825477010504,0.58307218052471
RSMB_MOUSE,MLQHIDYR,2,0.870206685046018,0.0645,0.5125,0.596430810374365,0.561076917108935,0.595010354013747,0.595010354013747

