protien,peptide,charge,rsquared,rateconstant,mo,io_e,io_a1a0,io_a2a0,io_a2a1
MOGS_MOUSE,LGPLLDVLADSR,2,0.880023429796326,0.13319,0.47854,0.543046440618988,0.517778970586453,0.548298153388355,0.589767939404732

