protien,peptide,charge,rsquared,rateconstant,mo,io_e,io_a1a0,io_a2a0,io_a2a1
RM38_MOUSE,HQEAMTPAGLAFFQcR,3,0.974812294279979,0.22695,0.32087,0.332951240802554,0.376078888429767,0.272396349932748,0.148890685398935
RM38_MOUSE,WDDSVTHTFHQLLDMR,4,0.654084075339021,0.08277,0.29911,0.343447884023731,0.31184187978468,0.309758315403443,0.306679367799334

