protien,peptide,charge,rsquared,rateconstant,mo,io_e,io_a1a0,io_a2a0,io_a2a1
HPCL1_MOUSE,SEMLEIVQAIYK,2,0.929437268943399,0.18429,0.41503,0.468516265799252,0.456083402485658,0.457036609906171,0.460187804779625
HPCL1_MOUSE,TFDTNSDGTIDFR,2,0.952900835297503,0.30517,0.43242,0.408179239548679,0.315004306089411,0.445090349844446,0.512130348931595
HPCL1_MOUSE,IYANFFPYGDASK,2,0.885394752616874,0.08602,0.39853,0.449986423396125,0.439533527797651,0.447686379496601,0.457588114659769
HPCL1_MOUSE,WAFSMYDLDGNGYISR,2,0.937488149717792,0.46365,0.31157,0.306815960357892,0.299735229574305,0.297309760089045,0.294994909148449

