protien,peptide,charge,rsquared,rateconstant,mo,io_e,io_a1a0,io_a2a0,io_a2a1
TRI25_MOUSE,IDLDHDLIMGIYQGAADLK,3,0.981461816119757,1.60541,0.28215,0.274119932221415,0.234356210406709,0.258063176807061,0.290652998163136

