protien,peptide,charge,rsquared,rateconstant,mo,io_e,io_a1a0,io_a2a0,io_a2a1
S2542_MOUSE,QVLSSLLSGALAGALAK,3,0.978691925725598,0.11362,0.3934,0.416174554412374,0.413685342795527,0.376754668184663,0.332022107612381
S2542_MOUSE,LREDAEAVLAGAVSSK,3,0.77261885526114,0.22553,0.40295,0.448797067579154,0.428933053451859,0.470843382124324,0.533068459019659
S2542_MOUSE,LLAGALAGTTAASLTYPLDLVR,2,0.745547557467576,0.08044,0.2748,0.308930864162857,0.226867945012207,0.308859530740028,0.405113230766535

