protien,peptide,charge,rsquared,rateconstant,mo,io_e,io_a1a0,io_a2a0,io_a2a1
CDHR5_MOUSE,RGDAVVVR,2,0.925572540710054,0.06353,0.61321,0.648744031445815,0.626748772151874,0.667338000401767,0.719054693673959
CDHR5_MOUSE,LDQTLDYFK,2,0.00674482354677497,1.38596,0.50473,0.481495002038447,0.487573886142191,0.462025607576643,0.428663160672714
CDHR5_MOUSE,FFSLEGVNYPALK,2,0.983962368103812,0.11789,0.39898,0.424144963606942,0.423602876417511,0.413593880167702,0.401381089866556
CDHR5_MOUSE,ADQEDMAQYSVTQAIVEAR,2,0.166026780572569,0.04887,0.29367,0.386556890227793,0.379244648831182,0.29656227622954,0.194232048388389

