protien,peptide,charge,rsquared,rateconstant,mo,io_e,io_a1a0,io_a2a0,io_a2a1
GAMT_MOUSE,TGGVLTYcNLTSWGELMK,2,-1.46008202272866,0.00039,0.29147,0.351771335186345,0.348735738998468,0.334656005321671,0.309747797064872

