protien,peptide,charge,rsquared,rateconstant,mo,io_e,io_a1a0,io_a2a0,io_a2a1
PDZ1I_MOUSE,YSSMASGFR,2,0.876741411506045,0.12834,0.53936,0.557799637434287,0.55895261678427,0.543474569504229,0.503633661877471
PDZ1I_MOUSE,YSSmASGFR,2,0.374188778162732,1.03311,0.53936,0.424185114158574,0.556548389897351,0.277866045247619,0.203905186931634
PDZ1I_MOUSE,ADGVLVGMDGR,2,0.956037108186089,0.19355,0.52598,0.543236536025043,0.521239793907368,0.570839604719168,0.641815353305672
PDZ1I_MOUSE,NAYENVLEEEGR,2,0.962058338668398,0.22766,0.45334,0.487739513892027,0.491105035974934,0.475616330800813,0.45334

