protien,peptide,charge,rsquared,rateconstant,mo,io_e,io_a1a0,io_a2a0,io_a2a1
NEDD4_MOUSE,EWFFLISK,2,-0.150918520884737,0.62071,0.5016,0.33548756373144,0.530976692889896,0.316409427103039,0.316409427103039
NEDD4_MOUSE,WILENDPTELDLR,2,0.116666254568541,1.09103,0.38953,0.317886110869612,0.386569855236619,0.279953189724375,0.171486720529672

