proteinName,peptideSeq,charge,old_Rsquared,new_Rsquared,NDP,rateconstant,sigma,Abundance,MassToCharge,RMSE,selected_A1A0_count, selected_A2A0_count, selected_A2A1_count,improved_timePoints,new_k,I0_percentatediffI0_percentatediff,selected_io_t,i0,I0_asymptote,new_rmse,lowerci_old,upperci_old,sigma_old,lowerci_new,upperci_new,sigma_new,old_pearson,new_pearson
KAP0_MOUSE,VSILESLDKWER,3,0.572131432055279,0.953495796033049,3,0.15811,0.0289703674477199,3738147,492.26819,0.0177472916423558,1,0,0,2,NaN,,0.411775586236174| NaN| 0.349711234632053| 0.325083334434541| NaN| NaN| NaN| NaN| NaN| NaN| NaN| NaN,0.411775586236174,0.153146813243393,0.00393292477412679,0.0944216040024264,0.221798395997574,0.0148021232476479,0.0890123180141892,0.227207681985811,0.0160593211504293,0.817392251286975,0.9999979673214

