proteinName,peptideSeq,charge,old_Rsquared,new_Rsquared,NDP,rateconstant,sigma,Abundance,MassToCharge,RMSE,selected_A1A0_count, selected_A2A0_count, selected_A2A1_count,improved_timePoints,new_k,I0_percentatediffI0_percentatediff,selected_io_t,i0,I0_asymptote,new_rmse,lowerci_old,upperci_old,sigma_old,lowerci_new,upperci_new,sigma_new,old_pearson,new_pearson
LAMP1_MOUSE,ALQATVGNSYK,2,0.949327576194619,0.987577144391499,12,0.51746,0.0529079820887212,47798661.25,576.3064,0.020270399417353,5,3,2,1| 3| 6| 7| 9| 13| 16| 21| 24| 31,0.531369215957473,-0.0156147482134902|0.00583737852781419|0.0449302787586294|-0.0137530872520495|,0.534812632305699| 0.389179785484136| 0.32261884188473| 0.279542855894224| 0.229438912738572| 0.226119269831998| 0.215072104537001| 0.208635196167432| 0.214623099703641| 0.215795402186362| 0.238715873511582| 0.204110354018507,0.534812632305699,0.208498970048691,0.0106101358598308,0.435680739957875,0.599239260042125,0.0371557526031179,0.474654279121083,0.560265720878917,0.0194484368549666,0.983231441844112,0.99559612334622
LAMP1_MOUSE,cNTEEHIFVSK,2,0.470639786234383,0.823486324591571,12,0.10256,0.0208504029131832,6105467.5,682.31915,0.0511999285532541,3,2,1,2| 6| 7| 16| 21| 24,0.130640697316103,,0.474940819864592| 0.37248437054404| 0.389136716592353| 0.361700141694084| 0.31448047667554| 0.285860990964684| 0.331363731427927| 0.266578752735021| 0.228773296507818| 0.207150725156025| 0.242555670569093| 0.204907273294511,0.474940819864592,0.194087087032938,0.0333527335694544,0.0601979710206134,0.144922028979387,0.0192468489897491,0.0749644641089409,0.130155535891059,0.0125378109803207,0.837165732431799,0.953444617948261
LAMP1_MOUSE,EIYTMDSTTDIK,2,0.944024842372844,0.963157854430224,12,1.77981,0.44968733163292,28109783.3333333,708.83179,0.0175771660321553,4,4,0,0| 6| 9| 13| 16| 21| 24| 31,1.80423310343078,-0.0160235201873307|-0.0109514513134625|0.0554825345417751|0.0603889243551481|,0.472806470142368| 0.249016304553451| 0.223639226628195| 0.209113116277438| 0.206906277049617| 0.219938653379756| 0.200438100051649| 0.200438100051649| 0.200438100051649| 0.205238432945103| 0.208889162817234| 0.209868602655763,0.472806470142368,0.233270652377149,0.0140538175221792,0.746044468410736,2.81357553158926,0.469683099621787,0.953263097325458,2.60635690267454,0.375534973229512,0.98794029411969,0.996876083695573

