proteinName,peptideSeq,charge,old_Rsquared,new_Rsquared,NDP,rateconstant,sigma,Abundance,MassToCharge,RMSE,selected_A1A0_count, selected_A2A0_count, selected_A2A1_count,improved_timePoints,new_k,I0_percentatediffI0_percentatediff,selected_io_t,i0,I0_asymptote,new_rmse,lowerci_old,upperci_old,sigma_old,lowerci_new,upperci_new,sigma_new,old_pearson,new_pearson
NPNT_MOUSE,QPTNDLFEIFEIER,2,0.398720890213173,0.957621072543655,4,0.04333,0.0104479298382081,2496116,875.93597,0.0198358419462117,1,1,0,2| 13,NaN,,0.331671989713076| 0.304453266420488| 0.311063187444779| NaN| NaN| NaN| NaN| 0.224653626494055| NaN| NaN| NaN| NaN,0.331671989713076,0.084628582970855,0.00483672121070257,0,0.137398873229972,0.0295586678343072,0.0263596871320624,0.0603003128679376,0.00533247421685726,0.768266410232764,0.985809963201578

