proteinName,peptideSeq,charge,old_Rsquared,new_Rsquared,NDP,rateconstant,sigma,Abundance,MassToCharge,RMSE,selected_A1A0_count, selected_A2A0_count, selected_A2A1_count,improved_timePoints,new_k,I0_percentatediffI0_percentatediff,selected_io_t,i0,I0_asymptote,new_rmse,lowerci_old,upperci_old,sigma_old,lowerci_new,upperci_new,sigma_new,old_pearson,new_pearson
PDXD1_MOUSE,AVPVSNIAPAAVGR,2,0.898419828524228,0.990759729171196,7,0.1873,0.0199325227350561,7194623.25,661.38293,0.0270745431057023,2,0,2,1| 2| 9| 16,NaN,-0.0341486416347329|-0.0577784159582974|,0.487459889850334| 0.402329163379455| 0.364569456206883| 0.314760973976429| NaN| 0.207550221701733| 0.177373670558447| NaN| 0.14352236181033| NaN| NaN| NaN,0.487459889850334,0.103021438667123,0.00868991888838967,0.121807918023755,0.252792081976245,0.0267651987337093,0.166279483495496,0.208320516504504,0.00859063087859006,0.96846463643043,0.997629183028585
PDXD1_MOUSE,ILVEDELSSPVVVFR,2,0.668401093283572,0.933097644589612,7,0.07846,0.0137727043608733,71870973.3333333,851.47473,0.0299589129818779,2,2,0,1| 3| 9| 16,NaN,-0.0570102716694487|-0.0405354273904378|,0.386213496412656| 0.367656924721481| 0.349099222807416| 0.334501194673433| NaN| 0.26801123720964| 0.202090444471806| NaN| 0.198519083111259| NaN| NaN| NaN,0.386213496412656,0.118974877917172,0.0142678774380498,0.0335277662518428,0.123392233748157,0.0183628330254507,0.057061105970557,0.099858894029443,0.00874526559695226,0.829227622815074,0.973558670801488

