proteinName,peptideSeq,charge,old_Rsquared,new_Rsquared,NDP,rateconstant,sigma,Abundance,MassToCharge,RMSE,selected_A1A0_count, selected_A2A0_count, selected_A2A1_count,improved_timePoints,new_k,I0_percentatediffI0_percentatediff,selected_io_t,i0,I0_asymptote,new_rmse,lowerci_old,upperci_old,sigma_old,lowerci_new,upperci_new,sigma_new,old_pearson,new_pearson
PEX3_MOUSE,EAAEYIAQAR,2,-1.08609672631803,-0.469303727473837,6,0.03367,0.0122635536342166,5238675.83333333,561.2829,0.0767892873809735,5,0,0,1| 2| 3| 16| 21,NaN,,0.560191873839429| 0.450574098766103| 0.430632178424626| 0.355680827213026| NaN| NaN| NaN| NaN| 0.366985433466526| 0.358209919443829| NaN| NaN,0.560191873839429,0.124102467386303,0.0620708282301354,0,0.0746211361441577,0.0159306875938904,0,0.0685335761975928,0.0135625233657621,0.556975761535078,0.675428422331201

