proteinName,peptideSeq,charge,old_Rsquared,new_Rsquared,NDP,rateconstant,sigma,Abundance,MassToCharge,RMSE,selected_A1A0_count, selected_A2A0_count, selected_A2A1_count,improved_timePoints,new_k,I0_percentatediffI0_percentatediff,selected_io_t,i0,I0_asymptote,new_rmse,lowerci_old,upperci_old,sigma_old,lowerci_new,upperci_new,sigma_new,old_pearson,new_pearson
RASK_MOUSE,LVVVGAGGVGK,2,-1.53330135353741,-0.632221090352648,8,0.00999,0.00500284737574998,50325652.5,478.30038,0.0505811755032996,6,0,1,1| 6| 7| 9| 13| 21| 31,NaN,-0.0182111847719731|-0.019951022653392|,0.607062561910565| 0.58542587657002| NaN| NaN| 0.472097855488338| 0.551373771667423| 0.53803710669918| 0.533016668368987| NaN| 0.534794090451382| NaN| 0.528029941360927,0.607062561910565,0.299509183552375,0.0393996756293246,0,0.0236086098265507,0.00575931242385863,0,0.0211991410220674,0.00474034765452466,0.346626329642631,0.426690352856273
RASK_MOUSE,TGEGFLcVFAINNTK,2,0.418631476562917,0.862976404684309,8,0.17564,0.0358212255553422,8414112.375,835.914,0.0321452025931922,3,1,1,0| 1| 13| 21| 31,NaN,,0.343698274725306| 0.325767302270924| NaN| NaN| 0.212026514677447| 0.202350984386442| 0.177439285236337| 0.189055127711772| NaN| 0.145153874269248| NaN| 0.195360227120059,0.343698274725306,0.127827625655406,0.020196482849848,0.0647367731418015,0.286543226858198,0.0469009935981263,0.105960702980769,0.245319297019231,0.0294673866216664,0.921560187324223,0.964416123364437
RASK_MOUSE,QVVIDGETcLLDILDTAGQEEYSAMR,3,0.567261653883238,0.596212830810854,7,0.03303,0.0106509836213781,1062768,976.13177,0.030046481426226,2,2,0,0| 1| 7| 21,NaN,,0.151745158253812| 0.193898505156362| NaN| NaN| 0.147648308085611| 0.134346725316724| 0.150865643305876| 0.0910010773316384| NaN| 0.103898234636476| NaN| NaN,0.18372,0.0158672734210337,0.0152919690046492,0,0.0813184962128675,0.0197344649717835,0.0142717281032533,0.0517882718967467,0.00766610039057074,0.943576992477566,0.81489900150856
RASK_MOUSE,VKDSEDVPMVLVGNK,3,0.974994861196583,0.991694598166142,8,1.13675,0.134078095516433,10098496,543.95538,0.0104560867055447,1,2,1,6| 7| 9| 13,NaN,,0.386879817722443| 0.219845416148588| NaN| NaN| 0.144743863321369| 0.131914798016227| 0.145343803689032| 0.12903253574321| NaN| 0.134855675810229| NaN| 0.145449804088478,0.386879817722443,0.143887625135684,0.00616823383006339,0.932718609177713,1.34078139082229,0.0862849100595441,1.01638820856635,1.25711179143365,0.0509010221741014,0.987569606438406,0.997446014229467

