proteinName,peptideSeq,charge,old_Rsquared,new_Rsquared,NDP,rateconstant,sigma,Abundance,MassToCharge,RMSE,selected_A1A0_count, selected_A2A0_count, selected_A2A1_count,improved_timePoints,new_k,I0_percentatediffI0_percentatediff,selected_io_t,i0,I0_asymptote,new_rmse,lowerci_old,upperci_old,sigma_old,lowerci_new,upperci_new,sigma_new,old_pearson,new_pearson
RM12_MOUSE,KLVESLPQEIK,2,-3.16117182445042,0.940805101249422,6,4.91983,70.472621970395,11169700.8,642.38208,0.147350419749064,1,4,1,0| 1| 2| 3| 7| 13,NaN,,0.506516618158991| 0.132385309694094| 0.163596292992971| 0.167797926914323| NaN| 0.168585426583757| 0.211526834870636| 0.169297249297717| NaN| NaN| NaN| NaN,0.506516618158991,0.197467649078136,0.0223100639373397,0.610791639887991,9.22886836011201,1.67628911938815,3.44035077227561,6.39930922772439,0.575542551385108,-0.397588705407682,0.983183037143906
RM12_MOUSE,NYVQGINLVQAK,2,0.911673123329023,0.960223675129191,7,0.07322,0.00519236966632863,57144110,673.87494,0.0127568257099735,2,2,0,3| 7| 9| 13,NaN,0.00644638860743142|,0.4544338904859| 0.429585272167762| 0.42543530497797| 0.393818482028428| NaN| 0.341800113537021| 0.318201427362562| 0.305532795819159| NaN| NaN| NaN| NaN,0.4544338904859,0.169012210738002,0.0083564734946473,0.0552629732790485,0.0911770267209515,0.00733864880073789,0.0614570880305289,0.0849829119694711,0.00480724794585428,0.962070233944452,0.989994879024607
RM12_MOUSE,SEALAGAPLDNAPK,2,-9.68918199315304,-0.423895221517677,7,0.08401,0.0252251435796613,58956360,677.35406,0.073759115308284,3,1,2,1| 2| 3| 7| 9| 13,NaN,,0.352486703102007| 0.329307927794569| 0.336133450583502| 0.340798108195515| NaN| 0.348317401170158| 0.228287871526826| 0.202137540280151| NaN| NaN| NaN| NaN,0.46304,0.0890630286509404,0.0527357539632256,0.00696200210276604,0.161057997897234,0.0314878518673737,0.0215996770966607,0.146420322903339,0.0255057503920664,0.0735198957935791,0.811425660595474
RM12_MOUSE,AALEAVGGTVVLE,2,0.970701459366988,0.981806723133334,7,0.1323,0.00713533512453786,30988500,614.84283,0.0139391867999081,1,0,0,1,NaN,,0.514979247137205| 0.455371872410644| 0.433347455750141| 0.369373286775453| NaN| 0.288751904329783| 0.230440485290551| 0.210175535806889| NaN| NaN| NaN| NaN,0.514979247137205,0.144380245260413,0.0112073811601047,0.108848913832205,0.155751086167795,0.0095839521795938,0.113444864110533,0.151155135889467,0.00770568661133315,0.991228175075468,0.994455658089926

