proteinName,peptideSeq,charge,old_Rsquared,new_Rsquared,NDP,rateconstant,sigma,Abundance,MassToCharge,RMSE,selected_A1A0_count, selected_A2A0_count, selected_A2A1_count,improved_timePoints,new_k,I0_percentatediffI0_percentatediff,selected_io_t,i0,I0_asymptote,new_rmse,lowerci_old,upperci_old,sigma_old,lowerci_new,upperci_new,sigma_new,old_pearson,new_pearson
S22A5_MOUSE,NMGVGVSSTASR,2,0.691761294206206,0.916633415871139,9,0.06191,0.01207139539675,16460084.6666667,583.28516,0.0508146717181821,2,1,3,0| 3| 9| 21| 24| 31,NaN,,0.466187200238434| 0.508939820060143| 0.473225858704859| 0.438408086662352| NaN| NaN| 0.328124677961922| 0.339344383214426| NaN| 0.276227204964636| 0.190942984157517| 0.241894249959493,0.466187200238434,0.157796708881919,0.0267962317181873,0.0278171595010469,0.0960028404989531,0.0147843796027096,0.0439317346083087,0.0798882653916913,0.00779628497535086,0.868347688001666,0.964452538764

