proteinName,peptideSeq,charge,old_Rsquared,new_Rsquared,NDP,rateconstant,sigma,Abundance,MassToCharge,RMSE,selected_A1A0_count, selected_A2A0_count, selected_A2A1_count,improved_timePoints,new_k,I0_percentatediffI0_percentatediff,selected_io_t,i0,I0_asymptote,new_rmse,lowerci_old,upperci_old,sigma_old,lowerci_new,upperci_new,sigma_new,old_pearson,new_pearson
SEPT8_MOUSE,ELEEETNAFNcR,2,-0.498466297035503,-0.464788251244021,3,0.00319,0.0853794763102766,1084817.33333333,756.3252,0.060920896471217,0,1,0,0,NaN,,0.492229184676024| 0.441098868137217| 0.42099220301693| NaN| NaN| NaN| NaN| NaN| NaN| NaN| NaN| NaN,0.43088,0.109942247043614,0.0181467498987069,0,0.916157624797909,0.212187151076718,0,0.290664952906222,0.0668134220822861,0.904702689622117,0.970038162213563
SEPT8_MOUSE,LTIVDAVGFGDQINK,2,0.937728131505996,0.990566159985181,4,0.33999,0.0417620246442594,45026453.3333333,795.4303,0.0148582156592849,0,0,1,0,NaN,,0.398067472063267| 0.322084844004343| 0.282913174990697| NaN| NaN| 0.154231133051502| NaN| NaN| NaN| NaN| NaN| NaN,0.398067472063267,0.141237224249532,0.00495174773999342,0.0741791979632332,0.605800802036767,0.0835240492885188,0.25140412478901,0.42857587521099,0.0278357800010171,0.993211681513139,0.9965648027142

