proteinName,peptideSeq,charge,old_Rsquared,new_Rsquared,NDP,rateconstant,sigma,Abundance,MassToCharge,RMSE,selected_A1A0_count, selected_A2A0_count, selected_A2A1_count,improved_timePoints,new_k,I0_percentatediffI0_percentatediff,selected_io_t,i0,I0_asymptote,new_rmse,lowerci_old,upperci_old,sigma_old,lowerci_new,upperci_new,sigma_new,old_pearson,new_pearson
TMCO1_MOUSE,QAGGFLGPPPPSGK,2,-0.0301298640782846,0.945766466128807,5,0.93382,0.367298203937713,3989959.2,655.34857,0.0605488318424191,0,1,2,1| 6| 16,NaN,,0.435388125709458| 0.246913665092339| 0.157876895431955| NaN| 0.166619046895018| NaN| NaN| NaN| 0.0984750207201619| NaN| NaN| NaN,0.435388125709458,0.105981476628832,0.0176062660823348,0,4.47209322176532,1.27438976381484,0.458278028320019,1.40936197167998,0.171277282162777,0.82142815810586,0.981131538386784

