proteinName,peptideSeq,charge,old_Rsquared,new_Rsquared,NDP,rateconstant,sigma,Abundance,MassToCharge,RMSE,selected_A1A0_count, selected_A2A0_count, selected_A2A1_count,improved_timePoints,new_k,I0_percentatediffI0_percentatediff,selected_io_t,i0,I0_asymptote,new_rmse,lowerci_old,upperci_old,sigma_old,lowerci_new,upperci_new,sigma_new,old_pearson,new_pearson
U5S1_MOUSE,IYADTFGDINYQEFAK,2,0.211888103894954,0.211888103894954,4,0.18224,0.0433476039962689,1510924,947.94653,0.0254060995469359,0,0,0,,NaN,,0.342947943397088| 0.216076542578948| 0.250127640868877| 0.229646065018141| NaN| NaN| NaN| NaN| NaN| NaN| NaN| NaN,0.342947943397088,0.0961493272874227,0.0254060995469359,0.118919373445302,0.245560626554698,0.0198968405076439,0.118919373445302,0.245560626554698,0.0198968405076439,0.73259648942416,0.73259648942416
U5S1_MOUSE,FFDDPMLLELAK,2,0.483702770704586,0.625408765295512,5,0.20237,0.0863137290044741,13600517,719.86798,0.055766242677224,2,1,0,0| 3| 7,NaN,,0.477922029341192| 0.467842228429195| 0.334512065903979| 0.27765322310335| NaN| 0.229390317626821| NaN| NaN| NaN| NaN| NaN| NaN,0.39954,0.171148184559384,0.0395041197762648,0,0.735732414471662,0.192102632782873,0,0.642749330961495,0.15861265549554,0.901333741013546,0.943545274953222
U5S1_MOUSE,GLAEDIENEVVQITWNR,3,0.77961201020535,0.96394370505617,5,0.08382,0.0127967155350228,23435545,662.66907,0.0161301373913505,2,0,0,0| 2,NaN,-0.00891077091101277|,0.334274865674332| 0.298145304402475| 0.281777863698172| 0.272980492980123| NaN| 0.209482171899605| NaN| NaN| NaN| NaN| NaN| NaN,0.334274865674332,0.0673965336181954,0.0049932826604998,0.0222813117808668,0.145358688219133,0.0221645614766654,0.0647699412572099,0.10287005874279,0.00686131294568901,0.93982493034789,0.990789116409121
U5S1_MOUSE,AFIPAIDSFGFETDLR,2,0.964779472717201,0.964779472717201,5,0.67809,0.0474743227546733,4039371,899.95416,0.0100002223663215,0,0,0,,NaN,,0.337437078423863| 0.195873212510223| 0.149281117878599| 0.143521388040802| NaN| 0.0971275281237021| NaN| NaN| NaN| NaN| NaN| NaN,0.337437078423863,0.082138390389968,0.0100002223663215,0.449044295730603,0.907135704269397,0.082496032011075,0.449044295730603,0.907135704269397,0.082496032011075,0.988984996617652,0.988984996617652

