proteinName,peptideSeq,charge,old_Rsquared,new_Rsquared,NDP,rateconstant,sigma,Abundance,MassToCharge,RMSE,selected_A1A0_count, selected_A2A0_count, selected_A2A1_count,improved_timePoints,new_k,I0_percentatediffI0_percentatediff,selected_io_t,i0,I0_asymptote,new_rmse,lowerci_old,upperci_old,sigma_old,lowerci_new,upperci_new,sigma_new,old_pearson,new_pearson
USP9X_MOUSE,LAQQISDEASR,2,0.942525478190489,0.995277749433921,5,1.03061,0.11518973617515,4784379.5,609.30963,0.0204153704229418,2,0,1,1| 2| 3,NaN,,0.502878606400783| 0.26935893891957| 0.153204664671959| 0.141970206962464| NaN| 0.123030610422586| NaN| NaN| NaN| NaN| NaN| NaN,0.502878606400783,0.116778168263617,0.0062973529150093,0.4561693086591,1.6050506913409,0.206897910670201,0.853417243406642,1.20780275659336,0.0638200107995187,0.980721519069226,0.997886597208939
USP9X_MOUSE,GELEVLLEAAIDLSK,3,0.890674413546983,0.953070505998409,6,0.64899,0.091935395337322,996849,533.96619,0.0241884708057923,0,1,2,3| 7| 13,NaN,,0.398840909260894| 0.210773446137916| 0.194991019962171| 0.111624691624961| NaN| 0.0850786814649851| NaN| 0.0850790942142036| NaN| NaN| NaN| NaN,0.398840909260894,0.097085212038288,0.0167512721335385,0.288083632205225,1.00989636779477,0.140398707760994,0.399051058832645,0.898928941167355,0.0972304938077509,0.946718688625641,0.98485971366526
USP9X_MOUSE,GELEVLLEAAIDLSK,2,-0.549559820203471,0.408433904371758,5,0.38426,0.149231975835531,828366.5,800.44562,0.0614410473835663,2,0,1,2| 7| 13,NaN,,0.385660499819344| NaN| 0.247272775694088| 0.215668977755387| NaN| 0.185250662176923| NaN| 0.193628148074364| NaN| NaN| NaN| NaN,0.385660499819344,0.0938768579911675,0.0363875877873283,0,1.11040821454808,0.261538833671755,0,0.805003133490674,0.151540231324584,0.627333423053387,0.975894566003342

