proteinName,peptideSeq,charge,old_Rsquared,new_Rsquared,NDP,rateconstant,sigma,Abundance,MassToCharge,RMSE,selected_A1A0_count, selected_A2A0_count, selected_A2A1_count,improved_timePoints,new_k,I0_percentatediffI0_percentatediff,selected_io_t,i0,I0_asymptote,new_rmse,lowerci_old,upperci_old,sigma_old,lowerci_new,upperci_new,sigma_new,old_pearson,new_pearson
YJ005_MOUSE,TQNTLASDSLAR,2,-3.67438710384398,-0.12509556257839,4,0.00033,0.0221210986020786,22533492.5,638.82819,0.0285716640884012,0,1,2,0| 2| 3,NaN,,0.494330122766068| 0.505049300265154| 0.50695398711465| 0.466587537936151| NaN| NaN| NaN| NaN| NaN| NaN| NaN| NaN,0.494330122766068,0.152280711454046,0.00987023460719861,0,0.141334205130058,0.0443068607029082,0,0.0494414454550186,0.015431979285206,0.031503552583195,0.564008073501735
YJ005_MOUSE,ASDDLGEPDVFATAPFR,2,0.0639817907413737,0.899263819162024,4,0.27571,0.0571811293933036,2208054,904.42853,0.0311166025278942,1,1,0,1| 3,NaN,0.00568492286069602|,0.385461996171077| 0.285452738486299| 0.23022162668444| 0.212750411998403| NaN| NaN| NaN| NaN| NaN| NaN| NaN| NaN,0.35005,0.0642323993357772,0.0123411847922834,0,0.750178379578688,0.149089201861302,0.131362757322556,0.420057242677444,0.0453573222746042,0.76405480739787,0.982006580018713

