proteinName,peptideSeq,charge,old_Rsquared,new_Rsquared,NDP,rateconstant,sigma,Abundance,MassToCharge,RMSE,selected_A1A0_count, selected_A2A0_count, selected_A2A1_count,improved_timePoints,new_k,I0_percentatediffI0_percentatediff,selected_io_t,i0,I0_asymptote,new_rmse,lowerci_old,upperci_old,sigma_old,lowerci_new,upperci_new,sigma_new,old_pearson,new_pearson
1433Z_MOUSE,YDDMAAcMK,2,0.765991678991038,0.82619488179893,12,0.02358,0.00412942843423815,4756932,552.71155,0.034095273023043,1,1,3,6| 7| 13| 21| 31,0.0289161213484611,-0.0522805042301588|0.0283773716835402|,0.51653572575293| 0.538249956724867| 0.520505748150014| 0.503096480556493| 0.485559606659449| 0.478605482108288| 0.462456928940102| 0.459774448349047| 0.435799780453879| 0.413551991802496| 0.368418706216589| 0.288361151181741,0.51653572575293,0.243120830297003,0.0285387026455764,0.0146370316129665,0.0325229683870335,0.00406316614695416,0.0160944838877269,0.0310655161122731,0.00340098436487451,0.925631141337109,0.957752848036494
1433Z_MOUSE,FLIPNASQPESK,2,0.547203064129043,0.863533231525303,12,0.02296,0.00561290055552246,16655822,665.8537,0.0538698239692641,2,1,6,2| 3| 6| 7| 9| 16| 21| 24| 31,0.0226548579855081,,0.444351471699359| 0.433316153880915| 0.495734703381074| 0.453209818202003| 0.392623222612018| 0.409389542705835| 0.400667554304709| 0.360956737719685| 0.35728005485253| 0.309122587712779| 0.326723262017621| 0.264168144698937,0.444351471699359,0.130586883451342,0.0235353280277911,0.00980714239573539,0.0361128576042646,0.0059758956355971,0.0172136137041062,0.0287063862958939,0.00261082464505302,0.81851268364698,0.949472529919019
1433Z_MOUSE,DIcNDVLSLLEK,2,0.972311750305176,0.98917027362175,12,0.04687,0.0023550545956054,8648772.33333333,709.8634,0.0109810453361685,3,3,2,1| 2| 6| 9| 13| 16| 24| 31,0.0474789036329859,0.0144701355479196|0.0536469748493025|0.00788368461182653|0.000992293706205031|-0.0108498189536284|-0.0794643037791098|0.0398724815300305|,0.437729577049231| 0.427828737886893| 0.412007632183385| 0.401623005322983| 0.377979025400667| 0.363280113912868| 0.366471361731329| 0.321976117748968| 0.319866735461426| 0.29018714444047| 0.270045019007566| 0.242926243051043,0.437729577049231,0.196549892744449,0.00633989934509809,0.0413211599904338,0.0524188400095662,0.00252107107014082,0.043666380848476,0.050073619151524,0.00145553873399347,0.989213440614419,0.994719621037553

