Protein,Peptide,charge,time,RSS,theta,min_rss_decoy,diff,abs_diff,perc_diff,abs_perc_diff,exp_RIA_decoy,theoRIA,min_kl,min_kl_decoy
RL7A_MOUSE,NFGIGQDIQPK,2,0,0.00584294667230938,0,0.151922799960503,-0.0641700684470281,0.0641700684470281,-0.130583562497768,0.130583562497768,0.20964716982886,0.49141,-0.040432427697618,0.17172574258483
RL7A_MOUSE,NFGIGQDIQPK,2,31,0.00372531295085664,0.4,0.0387698422281699,0.121988046508205,0.121988046508205,0.252216976853311,0.252216976853311,0.521878607348823,0.483663106386186,0.0835975263392722,-0.0770423777975238
RL7A_MOUSE,AGVNTVTTLVENK,2,0,100,NaN,100,NaN,NaN,NaN,NaN,0.32001757746387,0.46794,0,0
RL7A_MOUSE,AGVNTVTTLVENK,2,1,0.00939325630160013,0,0.00844127320654641,-0.00402233617325959,0.00402233617325959,-0.00827636828614737,0.00827636828614737,0.434747231692421,0.486002559841616,-0.0375016978292007,-0.0394880529705494
RL7A_MOUSE,AGVNTVTTLVENK,2,2,100,NaN,100,NaN,NaN,NaN,NaN,0.490024896014876,0.460315116079523,0,0
RL7A_MOUSE,AGVNTVTTLVENK,2,3,0.00571728891160562,0,NaN,-0.0122413638145884,0.0122413638145884,-0.0248634466957029,0.0248634466957029,NaN,0.492343799490361,-0.0486177595272973,0
RL7A_MOUSE,AGVNTVTTLVENK,2,6,0.00670707771910605,0,0.075311540020437,-0.076143435845478,0.076143435845478,-0.170826626915409,0.170826626915409,0.32001757746387,0.445735171503345,-0.046911829867086,0.0671600024905387
RL7A_MOUSE,AGVNTVTTLVENK,2,7,0.0892753106082818,0.72,0.0580118345443927,0.232577753443605,0.232577753443605,0.525926380907094,0.525926380907094,0.490024896014876,0.442224923272466,-0.0856673966440063,-0.114843159620326
RL7A_MOUSE,AGVNTVTTLVENK,2,9,0.00681358381623153,0.13,0.0117300303695885,-0.0302684804276362,0.0302684804276362,-0.0748333017074154,0.0748333017074154,0.504585163304949,0.404478751264784,-0.06652856830911,-0.0614914593007955
RL7A_MOUSE,AGVNTVTTLVENK,2,21,0.00552399394604993,0.32,0.00366354354081077,0.0218208885460516,0.0218208885460516,0.0547942322037459,0.0547942322037459,0.361675059877981,0.398233311581284,-0.0129338176414461,0.0687704505847946
RL7A_MOUSE,AGVNTVTTLVENK,2,24,0.00634267329972463,0.17,0.00692813261157448,-0.0747188919732887,0.0747188919732887,-0.199999268575884,0.199999268575884,0.434747231692421,0.373595826151427,-0.00950383312021541,-0.0740438941712364
RL7A_MOUSE,AGVNTVTTLVENK,2,31,0.035852342925644,0.66,0.0896413360633923,0.0519961652381438,0.0519961652381438,0.139769474268571,0.139769474268571,0.20964716982886,0.372013742702013,-0.121448362316692,-0.0722980444541641

