Protein,Peptide,charge,time,RSS,theta,min_rss_decoy,diff,abs_diff,perc_diff,abs_perc_diff,exp_RIA_decoy,theoRIA,min_kl,min_kl_decoy
PUR9_MOUSE,DVSELTGFPEMLGGR,2,0,0.00906232712250872,0,0.00841779578147742,-0.0471318171877901,0.0471318171877901,-0.1230788561858,0.1230788561858,0.351591417302438,0.38294,0.0349864769673255,0.0306546317705372
PUR9_MOUSE,DVSELTGFPEMLGGR,2,2,0.013320572330033,0,0.00500859350677147,-0.0955412025776232,0.0955412025776232,-0.257080636745761,0.257080636745761,0.411841844889416,0.371639045970267,-0.0936151400222819,0.040115291675853
PUR9_MOUSE,DVSELTGFPEMLGGR,2,6,0.00351067563006641,0.19,0.00946096987587289,-0.0298903119587321,0.0298903119587321,-0.092913302013051,0.092913302013051,0.356817027495802,0.321701105343706,0.00587075295228198,0.00538717912990637
PUR9_MOUSE,DVSELTGFPEMLGGR,2,7,0.00500859350677147,0,0.0130558795939256,-0.0404393630370353,0.0404393630370353,-0.108882856235486,0.108882856235486,0.356817027495802,0.371402481852381,0.040115291675853,0.0189966852837098
PUR9_MOUSE,DVSELTGFPEMLGGR,2,9,0.00939969698204024,0.17,0.013199243601107,-0.0441549549230895,0.0441549549230895,-0.141222613154721,0.141222613154721,0.380588447283789,0.312662072572713,0.00554156078479246,0.00429108884114943
PUR9_MOUSE,DVSELTGFPEMLGGR,2,13,0.0131386882312331,0.15,0.0121700611577902,-0.0653889964903732,0.0653889964903732,-0.207452761499986,0.207452761499986,0.411841844889416,0.315199450793416,0.00624129225434289,0.0721287994485849
PUR9_MOUSE,DVSELTGFPEMLGGR,2,21,0.00239130430511032,0.47,0.0132990941968418,0.0524018227215838,0.0524018227215838,0.18413696395553,0.18413696395553,0.351591417302438,0.284580681661718,0.00935341476195936,0.0372210378318479

