Protein,Peptide,charge,time,RSS,theta,min_rss_decoy,diff,abs_diff,perc_diff,abs_perc_diff,exp_RIA_decoy,theoRIA,min_kl,min_kl_decoy
NFH_MOUSE,SAQEEITEYR,2,2,0.0196523184651498,0.21,0.00212367566583422,0.0547374839142039,0.0547374839142039,0.109715365061642,0.109715365061642,0.466142137026675,0.498904450470092,0.0986053401025713,0.021528678675308
NFH_MOUSE,SAQEEITEYR,2,9,0.00209759246966686,0.09,0.044811561369832,-0.0261562768753637,0.0261562768753637,-0.0605874327878557,0.0605874327878557,0.333686052568432,0.431711258784454,-0.000747659669961975,0.00298177954931834
NFH_MOUSE,SAQEEITEYR,2,13,0.00212350033678878,0,0.0276165139538327,-0.0400289323569711,0.0400289323569711,-0.0881843516452005,0.0881843516452005,0.444166966555888,0.453923305100919,-0.00578119349641781,0.157098603775882
NFH_MOUSE,MALDIEIAAYR,2,2,0.000558737187643081,0,0.000137796013342941,-0.000162702375261725,0.000162702375261725,-0.000346005856540575,0.000346005856540575,0.466142137026675,0.470230119479627,0.00675572206219319,0.000824980905770778
NFH_MOUSE,MALDIEIAAYR,2,9,0.000801114688780273,0,0.000137796013342941,-0.00074831892522137,0.00074831892522137,-0.00155754896732952,0.00155754896732952,0.466142137026675,0.480446484134872,0.00494063844572768,0.000824980905770778
NFH_MOUSE,MALDIEIAAYR,2,13,0.000137796013342941,0,0.0378355280586845,-0.00104656922171292,0.00104656922171292,-0.00225022402740205,0.00225022402740205,0.333686052568432,0.465095567804962,0.000824980905770778,-0.00991155041228362
NFH_MOUSE,AQALQEEcGYLR,2,9,0.0272894289664662,0.16,0.0229940819192305,-0.0637888834903892,0.0637888834903892,-0.236345137328744,0.236345137328744,0.49395223745789,0.269897169078043,-0.0988234405745194,0.0114583701592412
NFH_MOUSE,AQALQEEcGYLR,2,13,0.00235736754050661,0.820000000000001,0.14234583168508,0.0717781529635998,0.0717781529635998,0.319579818025242,0.319579818025242,0.466142137026675,0.2246016453953,0.014073714518126,0.636875800488549

