Protein,Peptide,charge,time,RSS,theta,min_rss_decoy,diff,abs_diff,perc_diff,abs_perc_diff,exp_RIA_decoy,theoRIA,min_kl,min_kl_decoy
ANK1_MOUSE,GSGLQPDLIEGR,2,0,0.000389268413121821,0,0.0166330020933819,0,0,0,0,0.406211018869396,0.514479341610739,-0.00136508689396273,0.0918060313526531
ANK1_MOUSE,GSGLQPDLIEGR,2,1,0.00213534448545993,0.12,0.110472011539803,-0.021966407368747,0.021966407368747,-0.0511260414630982,0.0511260414630982,0.267810069745269,0.429652027423284,0.01358963802499,0.350938288779942
ANK1_MOUSE,GSGLQPDLIEGR,2,2,0.00416757688224756,0.27,0.000150430283109192,0.0450399164305368,0.0450399164305368,0.0998112422760965,0.0998112422760965,0.403910707955655,0.451250935299933,0.0252003666846175,0.00126282860142583
ANK1_MOUSE,GSGLQPDLIEGR,2,3,0.00176544519907059,0.18,0.00121879775102677,-0.000297332140951567,0.000297332140951567,-0.000691069324566796,0.000691069324566796,0.403910707955655,0.430249369175738,0.0131077363103802,0.0048139076918336
ANK1_MOUSE,GSGLQPDLIEGR,2,6,0.000149847931116646,0.26,0.00168528805243643,-0.0283779024586515,0.0283779024586515,-0.0755670397985455,0.0755670397985455,0.370989587107486,0.375532805497003,0.0011388852699219,0.0069590510562441
ANK1_MOUSE,GSGLQPDLIEGR,2,7,0.000327691387251936,0.22,0.0020002589660655,-0.0582112530827723,0.0582112530827723,-0.161811684481245,0.161811684481245,0.430546701316689,0.359746907458462,0.00296407857842102,0.0110766286318872
ANK1_MOUSE,GSGLQPDLIEGR,2,9,0.0481877555928227,0.7,0.0616936522730389,0.0635522654506913,0.0635522654506913,0.191790854603641,0.191790854603641,0.451618434792031,0.33136233519596,0.169843007664622,0.175843890965153
ANK1_MOUSE,GSGLQPDLIEGR,2,16,0.000421321106629129,0.35,0.0117695404005784,-0.11237318334304,0.11237318334304,-0.434516843121026,0.434516843121026,0.451618434792031,0.258616403764446,0.00191555404595238,0.0381868323074198
ANK1_MOUSE,GSGLQPDLIEGR,2,21,0.0210458602199817,0.71,0.041986399779627,-0.0206853118512678,0.0206853118512678,-0.0919648271489696,0.0919648271489696,0.417958160541234,0.224926338607266,0.0865119227353568,0.102936973360087

