Protein,Peptide,charge,time,RSS,theta,min_rss_decoy,diff,abs_diff,perc_diff,abs_perc_diff,exp_RIA_decoy,theoRIA,min_kl,min_kl_decoy
PDK4_MOUSE,NAPLAGFGYGLPISR,2,0,0.00629798563213908,0,0.0370399025004528,0,0,0,0,0.236176175396647,0.406336168935673,-0.0742921501126582,0.0827182901335137
PDK4_MOUSE,NAPLAGFGYGLPISR,2,1,0.00728938618370428,0.42,0.0169875036496071,0.0563383545112054,0.0563383545112054,0.167832319833474,0.167832319833474,0.181550033784577,0.3356823916103,0.0316625538716463,0.0180479511145119
PDK4_MOUSE,NAPLAGFGYGLPISR,2,2,0.0131038075590758,0.4,0.0316777265299015,0.0505071025205475,0.0505071025205475,0.176177358119702,0.176177358119702,0.181301838282786,0.286683277917194,0.0291494013333395,-0.0374564231110957
PDK4_MOUSE,NAPLAGFGYGLPISR,2,3,0.010390794253686,0.54,0.0168193452421296,0.0466374317479419,0.0466374317479419,0.188258210568685,0.188258210568685,0.236176175396647,0.247731196461822,-0.0292647827613591,0.043041939531752
PDK4_MOUSE,NAPLAGFGYGLPISR,2,6,0.00804126336851833,0.63,0.00820346074595976,-0.00896839423074067,0.00896839423074067,-0.0519660970536961,0.0519660970536961,0.171143428791906,0.172581639553836,-0.045465828409243,-0.0452111816445822
PDK4_MOUSE,NAPLAGFGYGLPISR,2,7,0.0127313206789862,0.61,0.0113585044942281,-0.0412009157768322,0.0412009157768322,-0.262383516105957,0.262383516105957,0.20109376471388,0.15702554942588,-0.0101506579207252,-0.0326309619997738
PDK4_MOUSE,NAPLAGFGYGLPISR,2,13,0.02529211806429,0.61,0.0162657988054709,-0.0693656752170249,0.0693656752170249,-0.619689591971039,0.619689591971039,0.141072717346436,0.111936163065761,-0.107290520083609,0.0663606753149809
PDK4_MOUSE,NAPLAGFGYGLPISR,2,16,0.0126309125636432,0.76,0.00781996932837161,-0.0367110003312189,0.0367110003312189,-0.351766925470056,0.351766925470056,0.171143428791906,0.104361717015217,0.0742683345397193,-0.0601422309846717
PDK4_MOUSE,NAPLAGFGYGLPISR,2,31,0.00734654733509869,0.7,0.0271589958867802,-0.0741837466816934,0.0741837466816934,-0.765098905722177,0.765098905722177,0.279344037099094,0.0969596821102121,-0.0550100733603056,0.107673101341582

