Protein,Peptide,charge,time,RSS,theta,min_rss_decoy,diff,abs_diff,perc_diff,abs_perc_diff,exp_RIA_decoy,theoRIA,min_kl,min_kl_decoy
ANM1_MOUSE,WLAPDGLIFPDR,2,0,0.0040732487888014,0,0.00364477264004525,5.55111512312578E-17,5.55111512312578E-17,1.32788823594742E-16,1.32788823594742E-16,0.389787153373323,0.418040839044347,0.0304197013447341,0.0159044860661015
ANM1_MOUSE,WLAPDGLIFPDR,2,1,0.0130390210513467,0.19,0.0199413208449396,0.0648898146514094,0.0648898146514094,0.158243459513818,0.158243459513818,0.2731059238376,0.410063170072083,-0.0610522117774285,0.0536230629199057
ANM1_MOUSE,WLAPDGLIFPDR,2,2,0.00262139328129485,0.1,0.0106265037593865,-0.0228362930188637,0.0228362930188637,-0.0622325643188431,0.0622325643188431,0.344004116938664,0.366950860354459,0.029293763651436,0.0281643920000697
ANM1_MOUSE,WLAPDGLIFPDR,2,3,0.0050372582855074,0.01,0.00421689404320944,-0.0351562086343079,0.0351562086343079,-0.0938495595384032,0.0938495595384032,0.418040839044346,0.374601743548109,0.0763577308270229,0.0321282586467414
ANM1_MOUSE,WLAPDGLIFPDR,2,6,0.00857493950365383,0.2,0.0182049418403098,-0.00752073642516199,0.00752073642516199,-0.0211754559304938,0.0211754559304938,0.2731059238376,0.355162904158853,0.0758302573457252,0.0436945782658762
ANM1_MOUSE,WLAPDGLIFPDR,2,7,0.0100983563725097,0.17,0.00764105707787294,0.00170132160457859,0.00170132160457859,0.00492130413611002,0.00492130413611002,0.409757952182417,0.345705438543243,0.033997027521963,0.1290643125611
ANM1_MOUSE,WLAPDGLIFPDR,2,9,0.0167149098084048,0.41,0.0104525320560821,0.0260947849998483,0.0260947849998483,0.0795270677353172,0.0795270677353172,0.2731059238376,0.32812457120508,0.00307137655969536,0.0110294708512347
ANM1_MOUSE,WLAPDGLIFPDR,2,21,0.00992931835039179,0.48,0.0180367701186639,-0.0209098868649703,0.0209098868649703,-0.0829112428409795,0.0829112428409795,0.389787153373323,0.252196036972629,0.00526285170568634,0.1566374108959

