Protein,Peptide,charge,time,RSS,theta,min_rss_decoy,diff,abs_diff,perc_diff,abs_perc_diff,exp_RIA_decoy,theoRIA,min_kl,min_kl_decoy
BCAT2_MOUSE,AIQYGASAHDWMFR,3,3,0.00849728914540415,0.03,0.0545429148878841,0.0421168605352158,0.0421168605352158,0.122337502859516,0.122337502859516,0.177354463884653,0.344267780122828,0.0272145306861474,0.0974723426383097
BCAT2_MOUSE,AIQYGASAHDWMFR,3,6,0.0159789775279013,0,0.00887193047858433,-0.0279863811772948,0.0279863811772948,-0.0804895889939762,0.0804895889939762,0.339352156217975,0.347701877063744,0.019769531910253,-0.0125327370661149
BCAT2_MOUSE,AIQYGASAHDWMFR,3,7,0.000999020021117038,0,0.00860694946789911,-0.0327472936150626,0.0327472936150626,-0.0943154450214799,0.0943154450214799,0.302150919587612,0.347210296336985,0.00579338223735345,0.0217860096079877
BCAT2_MOUSE,AIQYGASAHDWMFR,3,9,0.00867555777233336,0,0.00860694946789911,-0.0404524675607424,0.0404524675607424,-0.122314984215196,0.122314984215196,0.302150919587612,0.330723727925044,-0.00416557153167425,0.0217860096079877
BCAT2_MOUSE,AIQYGASAHDWMFR,3,13,0.00887193047858433,0,0.00860694946789911,-0.0516894762196615,0.0516894762196615,-0.179687807330324,0.179687807330324,0.302150919587612,0.287662679998314,-0.0125327370661149,0.0217860096079877
BCAT2_MOUSE,AIQYGASAHDWMFR,3,16,0.00686276457092614,0.04,0.00852066388178276,-0.0149461317516297,0.0149461317516297,-0.0511049734388933,0.0511049734388933,0.302150919587612,0.292459436839371,0.00819260145416116,0.0295098965134875
BCAT2_MOUSE,AIQYGASAHDWMFR,3,21,0.0467200745119561,0.27,0.0263780291043084,0.0980368165426717,0.0980368165426717,0.355990997211488,0.355990997211488,0.339352156217975,0.275391280427324,0.0714374413071792,-0.0262759234663583
BCAT2_MOUSE,LFRPWLNMDR,3,9,0.000591734400214422,0.12,0.00124289793323387,-0.0474194288178498,0.0474194288178498,-0.137419160602396,0.137419160602396,0.379957589952047,0.345071448624632,0.00224429533606666,0.00468386247615613
BCAT2_MOUSE,LFRPWLNMDR,3,13,0.00395883778644053,0.16,0.0177420819392671,-0.021636828591355,0.021636828591355,-0.06095807119009,0.06095807119009,0.375688258241039,0.354946082921214,0.0269308108455799,0.0212453542386965

