Protein,Peptide,charge,time,RSS,theta,min_rss_decoy,diff,abs_diff,perc_diff,abs_perc_diff,exp_RIA_decoy,theoRIA,min_kl,min_kl_decoy
GPD1L_MOUSE,LGLMEMIAFAK,2,0,0.00315076424927009,0,0.00123504625592947,-5.55111512312578E-17,5.55111512312578E-17,-1.1460076037315E-16,1.1460076037315E-16,0.41382455639074,0.48438728548143,-0.000992740756566555,0.00556084437331548
GPD1L_MOUSE,LGLMEMIAFAK,2,2,0.000164838202740519,0,0.0759747951349626,-0.00932044594930193,0.00932044594930193,-0.0214158373326891,0.0214158373326891,0.361220520478797,0.435212772889118,0.00493551835833563,0.207364520884302
GPD1L_MOUSE,LGLMEMIAFAK,2,7,0.000274154740155347,0.1,0.0033484059470287,-0.0290458773759753,0.0290458773759753,-0.0754872319078282,0.0754872319078282,0.430328811402413,0.384778679014765,0.00589485847615388,0.0123433769436799
GPD1L_MOUSE,LGLMEMIAFAK,2,21,0.000666274607857144,0.31,0.0814422580417419,-0.00108235325995648,0.00108235325995648,-0.00301400280731918,0.00301400280731918,0.241776325309922,0.359108245462846,0.0336416320905978,0.156231625057519
GPD1L_MOUSE,LQGPQTSAEVYR,2,0,0.00724704412387464,0,0.0175509006143093,0,0,0,0,0.360190598722802,0.430328811402413,0.0140417985151353,0.0618324912706358
GPD1L_MOUSE,LQGPQTSAEVYR,2,2,0.0120663269449659,0.14,0.00144184856823693,0.0152308880997424,0.0152308880997424,0.0355198705003577,0.0355198705003577,0.44453321883842,0.428799088656278,-0.0782955353190068,0.0183540720833343
GPD1L_MOUSE,LQGPQTSAEVYR,2,7,0.0657290974316398,0.36,0.0137528231212456,-0.00300300307292056,0.00300300307292056,-0.00838318319737007,0.00838318319737007,0.44453321883842,0.358217517405876,0.0931717971862229,0.0886179490085324
GPD1L_MOUSE,LQGPQTSAEVYR,2,21,0.0615742644222843,0.64,0.0189907096768622,-0.00580528973985481,0.00580528973985481,-0.0246017047212179,0.0246017047212179,0.360190598722802,0.235971035570068,0.00467646338810203,0.145944142307834

