Protein,Peptide,charge,time,RSS,theta,min_rss_decoy,diff,abs_diff,perc_diff,abs_perc_diff,exp_RIA_decoy,theoRIA,min_kl,min_kl_decoy
ARHL1_MOUSE,AAMLLGSVGDALGYGNIcR,2,0,0.000966376630458144,0,0.0205726595224572,0,0,0,0,0.215519538721822,0.319691632551523,-0.015928275234892,0.0583659106886586
ARHL1_MOUSE,AAMLLGSVGDALGYGNIcR,2,3,0.00109730737296359,0.08,0.0031254478690442,-0.0230598931066657,0.0230598931066657,-0.0819730077377625,0.0819730077377625,0.319691632551523,0.281310808802282,0.00774594800093383,-0.0250877016567567
ARHL1_MOUSE,AAMLLGSVGDALGYGNIcR,2,13,0.00610647317423024,0.31,0.0200326503097106,0.0105075903506741,0.0105075903506741,0.0464881821655303,0.0464881821655303,0.319691632551523,0.226027129072497,0.0605175957303513,-0.0258712626435029

