Protein,Peptide,charge,time,RSS,theta,min_rss_decoy,diff,abs_diff,perc_diff,abs_perc_diff,exp_RIA_decoy,theoRIA,min_kl,min_kl_decoy
FUND2_MOUSE,FEALDLAELTK,2,1,0.00574543969156616,0.1,0.0426979409113862,-0.0152574914100631,0.0152574914100631,-0.0333713888231561,0.0333713888231561,0.277205257144896,0.457202770041024,-0.00597742297613228,0.106751720815021
FUND2_MOUSE,FEALDLAELTK,2,2,0.00166816159484577,0.15,0.0348466802329535,-0.0279092775248391,0.0279092775248391,-0.0670971136660052,0.0670971136660052,0.277205257144896,0.415953474001361,0.0104596102029412,0.0847895843266717
FUND2_MOUSE,FEALDLAELTK,2,3,0.000270309348031393,0.04,0.0148672577629398,-0.0426198253460263,0.0426198253460263,-0.101132242996233,0.101132242996233,0.411338021412752,0.421426679398517,0.0024016016954574,0.05016100524007
FUND2_MOUSE,FEALDLAELTK,2,6,0.00636221267899394,0.31,0.00597184044751204,-0.0147648224528763,0.0147648224528763,-0.0372310143287575,0.0372310143287575,0.366520666334044,0.396573198959875,0.00482530066286867,0.00564201547155802
FUND2_MOUSE,FEALDLAELTK,2,7,0.00226575118780376,0.26,0.00788323767921939,-0.0277407434949227,0.0277407434949227,-0.0719714808777549,0.0719714808777549,0.366520666334044,0.385440776771579,0.00795914770332204,0.0130872532132842
FUND2_MOUSE,FEALDLAELTK,2,9,0.00373464453304296,0.45,0.0125969378566582,-0.00160827433859378,0.00160827433859378,-0.0044072889106321,0.0044072889106321,0.4438627515262,0.364912391995451,-0.00752415353028323,0.0643999145577752
FUND2_MOUSE,FEALDLAELTK,2,16,0.000786657900714744,0.69,0.0105806781191144,0.0311416485964363,0.0311416485964363,0.100995495711446,0.100995495711446,0.366520666334044,0.308346905741332,0.00551543776050016,-0.0050008454341217
FUND2_MOUSE,FEALDLAELTK,2,21,0.00364808290245955,0.56,0.00266385899461538,-0.0497861689844314,0.0497861689844314,-0.178267902261541,0.178267902261541,0.277205257144896,0.279277247069351,0.0198353969914894,0.0079533946652087

