Protein,Peptide,charge,time,RSS,theta,min_rss_decoy,diff,abs_diff,perc_diff,abs_perc_diff,exp_RIA_decoy,theoRIA,min_kl,min_kl_decoy
UB2L3_MOUSE,GQVcLPVISAENWK,2,0,0.0152050644416937,0,0.0373238011239606,0,0,0,0,0.220522176952678,0.353020095644099,-0.00620650493208275,0.0975879857820206
UB2L3_MOUSE,GQVcLPVISAENWK,2,2,0.0233493770324335,0.09,0.118005541810774,0.0270781545888811,0.0270781545888811,0.0726479322128349,0.0726479322128349,0.270743510167809,0.372731250072622,-0.014933677765217,0.0147596254369066
UB2L3_MOUSE,GQVcLPVISAENWK,2,3,0.0203732387217394,0.24,0.0139357762772,0.0570108035912473,0.0570108035912473,0.155740254868615,0.155740254868615,0.220522176952678,0.366063376738033,0.0715613186218936,0.0298412773919997
UB2L3_MOUSE,GQVcLPVISAENWK,2,9,0.114566520149431,0,0.0377432305879225,0.0587652904826036,0.0587652904826036,0.178342096983776,0.178342096983776,0.220564300825111,0.329508800650412,0.0370861316940535,0.0912971047386754
UB2L3_MOUSE,GQVcLPVISAENWK,2,24,0.00325361460624508,0.35,0.00656553425029455,-0.0313065963807306,0.0313065963807306,-0.12057976884116,0.12057976884116,0.240456393622604,0.25963390609888,0.0318963867331732,0.01930444457066
UB2L3_MOUSE,TDQVIQSLIALVNDPQPEHPLR,3,0,0.00157956293225159,0,0.135621585006282,0,0,0,0,0.270743510167809,0.228974180123661,-0.00091705054450985,-0.0249947446448537
UB2L3_MOUSE,TDQVIQSLIALVNDPQPEHPLR,3,1,0.00076970473936177,0,0.00439932860424755,-0.00861590994546721,0.00861590994546721,-0.0371630951109721,0.0371630951109721,0.290940502479611,0.231840483677137,-0.00334970055906128,0.0182979413041713
UB2L3_MOUSE,TDQVIQSLIALVNDPQPEHPLR,3,2,0.000903269749413824,0,0.00439932860424755,-0.0154883619889743,0.0154883619889743,-0.0755250083304508,0.0755250083304508,0.290940502479611,0.205075938836137,-0.00421760935205557,0.0182979413041713
UB2L3_MOUSE,TDQVIQSLIALVNDPQPEHPLR,3,3,0.000485225831041361,0.02,0.0330424859495343,-0.0227640873976439,0.0227640873976439,-0.115110777257529,0.115110777257529,0.309052573146786,0.197758089555034,-0.00470454876635339,0.10200107524949
UB2L3_MOUSE,TDQVIQSLIALVNDPQPEHPLR,3,7,0.00213899272286021,0.13,0.0112499645105219,0.00466907250232157,0.00466907250232157,0.0253022547891433,0.0253022547891433,0.290940502479611,0.184531874381606,0.00422087005081181,0.0821718793792005

