Protein,Peptide,charge,time,RSS,theta,min_rss_decoy,diff,abs_diff,perc_diff,abs_perc_diff,exp_RIA_decoy,theoRIA,min_kl,min_kl_decoy
QCR9_MOUSE,LYSLLFR,2,0,0.00900410715948789,0,0.0822829200064574,-0.0826356256827878,0.0826356256827878,-0.146540450927963,0.146540450927963,0.307274984282116,0.56391,-0.0111539321279499,0.243347810410539
QCR9_MOUSE,LYSLLFR,2,1,0.0027144667146083,0,0.00900410715948789,-4.75078491006808E-05,4.75078491006808E-05,-7.84818215502609E-05,7.84818215502609E-05,0.646545625682788,0.60533570911394,-0.0235190710212233,-0.0111539321279499
QCR9_MOUSE,AFDQGADAIYEHINEGK,3,0,0.000231721487229356,0.990000000000001,0.0399595202886365,0,0,0,0,0.232810552920135,0.343835814352796,0.000818735181167099,0.174964862668063
QCR9_MOUSE,AFDQGADAIYEHINEGK,3,1,0.0788345098537067,0.52,0.021825228757787,0.0896469487433602,0.0896469487433602,0.27097930235618,0.27097930235618,0.307274984282116,0.330825815713138,0.24483041746853,0.0588422557418179
QCR9_MOUSE,AFDQGADAIYEHINEGK,3,2,0.00269148797532697,0.16,0.00470649866656611,-0.0145027769236012,0.0145027769236012,-0.049536043924558,0.049536043924558,0.343835814352796,0.292772207358515,0.013947547109184,0.0272591998984811
QCR9_MOUSE,AFDQGADAIYEHINEGK,3,3,0.00478988695182465,0.11,0.0142224211204599,-0.0223771043737594,0.0223771043737594,-0.0750305541153407,0.0750305541153407,0.227817769554678,0.298239892235904,0.025060380316086,0.0577332224628644
QCR9_MOUSE,AFDQGADAIYEHINEGK,3,7,0.00450131895263618,0.23,0.0098666644387143,0.00341820057761405,0.00341820057761405,0.011919691176866,0.011919691176866,0.343835814352796,0.28676922303559,0.0173973678078618,0.059158571910994
QCR9_MOUSE,AFDQGADAIYEHINEGK,3,9,0.00446557355154423,0.25,0.0818205237826521,-0.00844871306600159,0.00844871306600159,-0.0308684138428598,0.0308684138428598,0.241178866969777,0.273700913464845,0.0187174315314114,0.2274136392147
QCR9_MOUSE,AFDQGADAIYEHINEGK,3,13,0.00091262188758122,0.38,0.0721338073446079,0.0219063936597252,0.0219063936597252,0.0877223628572829,0.0877223628572829,0.241178866969777,0.249724163214403,0.00151393796711812,0.21343733414879
QCR9_MOUSE,AFDQGADAIYEHINEGK,3,21,0.00572149192217912,0.43,0.0122464783829685,-0.023475497437801,0.023475497437801,-0.112143173458027,0.112143173458027,0.283351022457976,0.209335055482334,0.0196992242006421,0.0300951063338006

