Protein,Peptide,charge,time,RSS,theta,min_rss_decoy,diff,abs_diff,perc_diff,abs_perc_diff,exp_RIA_decoy,theoRIA,min_kl,min_kl_decoy
UCHL1_MOUSE,NEAIQAAHDSVAQEGQcR,3,0,0.0172486462146221,0,0.0040488210286403,-0.0769676553353177,0.0769676553353177,-0.228234900024665,0.228234900024665,0.318351979041099,0.33723,-0.00255184515534247,0.000692647626742962
UCHL1_MOUSE,NEAIQAAHDSVAQEGQcR,3,9,0.0150425218612507,0,0.0172486462146221,-0.0571692623036265,0.0571692623036265,-0.169792222279092,0.169792222279092,0.414197655335318,0.336701301957494,-0.121771343096867,-0.00255184515534247
UCHL1_MOUSE,NEAIQAAHDSVAQEGQcR,3,13,0.0040488210286403,0,0.0150425218612507,-0.000720650881781415,0.000720650881781415,-0.00226882809689336,0.00226882809689336,0.39387056426112,0.317631328159317,0.000692647626742962,-0.121771343096867

