Protein,Peptide,charge,time,RSS,theta,min_rss_decoy,diff,abs_diff,perc_diff,abs_perc_diff,exp_RIA_decoy,theoRIA,min_kl,min_kl_decoy
KCJ11_MOUSE,SLLDALTLASSR,2,1,0.0208896966131429,0,0.00491933824261557,-0.1288544662906,0.1288544662906,-0.262524952356419,0.262524952356419,0.532741763297556,0.490827500906122,-0.0147584756969833,-0.0397987334945367
KCJ11_MOUSE,SLLDALTLASSR,2,2,0.00682440765274434,0.11,0.00924280315355138,-0.00529196747792199,0.00529196747792199,-0.012048146113244,0.012048146113244,0.532741763297556,0.43923500164932,-0.0633041252483089,-0.0625618994894457
KCJ11_MOUSE,SLLDALTLASSR,2,6,0.0468664208508898,0,0.0249741806196132,-0.143070411104057,0.143070411104057,-0.300277575938643,0.300277575938643,0.374436003006151,0.476460523756497,0.0829121509704591,0.0467506396680646
KCJ11_MOUSE,SLLDALTLASSR,2,7,0.00491933824261557,0,0.0249741806196132,-0.0217026361481435,0.0217026361481435,-0.0424676604885447,0.0424676604885447,0.374436003006151,0.511039127149413,-0.0397987334945367,0.0467506396680646
KCJ11_MOUSE,SLLDALTLASSR,2,13,0.00392871761503053,0.38,0.0353270775798312,0.0829756656817464,0.0829756656817464,0.181402599369109,0.181402599369109,0.532741763297556,0.457411668687898,0.00745369534874969,-0.101932514248577
KCJ11_MOUSE,SLLDALTLASSR,2,21,0.0019711778130244,0.25,0.00633759580043203,0.0140056676878036,0.0140056676878036,0.0320441791563556,0.0320441791563556,0.374436003006151,0.437073691900943,-0.0318620832138241,0.0074313885329606

