Protein,Peptide,charge,time,RSS,theta,min_rss_decoy,diff,abs_diff,perc_diff,abs_perc_diff,exp_RIA_decoy,theoRIA,min_kl,min_kl_decoy
NU1M_MOUSE,YDQLMHLLWK,3,0,0.00340751150348816,0,0.00136724495620915,0,0,0,0,0.424530462499077,0.430138507363415,0.0147818812277032,0.0189964541044164
NU1M_MOUSE,YDQLMHLLWK,3,2,0.00192614012677122,0,0.00106169732584609,-0.0105259282875462,0.0105259282875462,-0.025911287973484,0.025911287973484,0.39758347859048,0.406229450975876,0.00921136793184337,0.0146573507324696
NU1M_MOUSE,YDQLMHLLWK,3,21,0.00155790279227896,0.51,0.0453007063720861,0.00187511016203834,0.00187511016203834,0.00560910511327876,0.00560910511327876,0.510288797370692,0.334297561584161,0.0515888801135103,0.177430914757116
NU1M_MOUSE,YDQLMHLLWK,3,24,0.00375516041261063,0.39,0.00464448771017709,-0.0104510281799778,0.0104510281799778,-0.0320594312536961,0.0320594312536961,0.39758347859048,0.325989194794991,0.0216513728707699,0.0208220808398841
NU1M_MOUSE,ILGYMQLR,2,16,0.00193711355316459,0.25,0.00657258392349178,-0.0103607936318169,0.0103607936318169,-0.0228060595926963,0.0228060595926963,0.416755379263422,0.45430003327427,0.0182871398468681,0.0131147699298432
NU1M_MOUSE,ILGYMQLR,2,24,0.00110097628431285,0.4,0.0161542781449431,0.00123071602715097,0.00123071602715097,0.00289062528296049,0.00289062528296049,0.332422451422123,0.425761178526228,0.015286640022688,0.0473328124769981
NU1M_MOUSE,ILGYMQLR,2,31,0.000983164752127421,0.53,0.0167308938304257,0.00724072818534316,0.00724072818534316,0.017886104793513,0.017886104793513,0.510288797370692,0.404824206775823,0.0122123567034788,0.0791673371995385
NU1M_MOUSE,YSLFGALR,2,21,0.000280319424388789,0.21,0.0104519708418887,-0.00631696725334874,0.00631696725334874,-0.0125343657638125,0.0125343657638125,0.430138507363415,0.503971830117343,0.00649092811847235,0.0136602290472764
NU1M_MOUSE,YSLFGALR,2,31,6.03861825176127E-05,0.39,0.00213679274107795,0.0169718745050183,0.0169718745050183,0.0354120501946601,0.0354120501946601,0.424530462499077,0.479268339780495,-0.00354513404174807,0.0227071557232313

