Protein,Peptide,charge,time,RSS,theta,min_rss_decoy,diff,abs_diff,perc_diff,abs_perc_diff,exp_RIA_decoy,theoRIA,min_kl,min_kl_decoy
B2L13_MOUSE,AEGAAQLSEER,2,0,0.00274807590218299,0,0.00679330551775504,0,0,0,0,0.476001024701517,0.557749624100367,0.0153665779489054,0.000434671822336682
B2L13_MOUSE,AEGAAQLSEER,2,1,0.00211571977814032,0.02,0.00297510166285115,-0.0075054962716028,0.0075054962716028,-0.0143928215383395,0.0143928215383395,0.512872913388381,0.521474976369969,0.00859343221254004,-0.0397563916562727
B2L13_MOUSE,AEGAAQLSEER,2,2,0.00303459725529156,0.02,0.0393492815014389,-0.0144274514988376,0.0144274514988376,-0.0289448948820698,0.0289448948820698,0.373124778323949,0.498445461889544,-0.0409067525336641,0.0654837029038129
B2L13_MOUSE,AEGAAQLSEER,2,3,0.0051993211110236,0.08,0.00405708943018874,0.0357094340572953,0.0357094340572953,0.0697844522152447,0.0697844522152447,0.512872913388381,0.511710458758812,-0.0144366610530084,-0.0642021058391405
B2L13_MOUSE,AEGAAQLSEER,2,7,0.00475698093799485,0.21,0.0237980924289333,0.0480818235904883,0.0480818235904883,0.0994053589670134,0.0994053589670134,0.557749624100367,0.483694481767766,0.0209554522512147,0.0664447855658715
B2L13_MOUSE,AEGAAQLSEER,2,21,0.00748597981975158,0.32,0.0149450701223536,0.0145510130733094,0.0145510130733094,0.0363996391425902,0.0363996391425902,0.373124778323949,0.399757069467309,0.0528436123136952,0.052553885922439
B2L13_MOUSE,AEGAAQLSEER,2,31,0.0149450701223536,0.32,0.0266496885030528,-0.0218893991225144,0.0218893991225144,-0.0623211681359716,0.0623211681359716,0.528980472641572,0.351235379201435,0.052553885922439,0.0492916706467953

