Protein,Peptide,charge,time,RSS,theta,min_rss_decoy,diff,abs_diff,perc_diff,abs_perc_diff,exp_RIA_decoy,theoRIA,min_kl,min_kl_decoy
RB11A_MOUSE,GAVGALLVYDIAK,2,0,0.0962628637014858,0,0.00540513887503119,-0.247791199558305,0.247791199558305,-0.538383920821956,0.538383920821956,0.462368418424548,0.46025,0.0719226582582441,-0.0498862594005532
RB11A_MOUSE,GAVGALLVYDIAK,2,1,0.00540513887503119,0,0.147770403130323,-0.0292025457855012,0.0292025457855012,-0.0674165432460915,0.0674165432460915,0.147141889419542,0.433165872639047,-0.0498862594005532,0.301987397826476
RB11A_MOUSE,GAVGALLVYDIAK,2,2,0.00257733328518404,0.18,0.0139158027439413,-0.0503040722698727,0.0503040722698727,-0.13653741389436,0.13653741389436,0.38811504384977,0.368427018170955,-0.0246235007332077,-0.000317996943579871
RB11A_MOUSE,GAVGALLVYDIAK,2,3,0.0369544105885391,0.14,0.118883519602645,0.0270726881739521,0.0270726881739521,0.0710006626340572,0.0710006626340572,0.708041199558305,0.381301908596076,-0.0463439131199377,0.0587620491839918
RB11A_MOUSE,GAVGALLVYDIAK,2,7,0.01368603067826,0.13,0.117144697031609,-0.0804386261396584,0.0804386261396584,-0.261439036304194,0.261439036304194,0.708041199558305,0.307676417710112,0.00317054592406519,0.0593523269354705
RB11A_MOUSE,GAVGALLVYDIAK,2,13,0.018964447359146,0.820000000000001,0.033991901938239,0.0325653810832121,0.0325653810832121,0.13506292624769,0.13506292624769,0.147141889419542,0.24111265754372,0.0403202463811042,-0.0376922102786821
RB11A_MOUSE,GAVGALLVYDIAK,2,21,0.0315002670144826,0.960000000000001,0.121620490723497,0.0502870161395511,0.0502870161395511,0.254709491485783,0.254709491485783,0.354229220422124,0.197428905559093,-0.0592788647859874,-0.117089793042918

