Protein,Peptide,charge,time,RSS,theta,min_rss_decoy,diff,abs_diff,perc_diff,abs_perc_diff,exp_RIA_decoy,theoRIA,min_kl,min_kl_decoy
ITB1_MOUSE,SLGTDLMNEMR,2,0,0.150640569571308,0,0.00815692589750909,0.261153193312225,0.261153193312225,0.565523708422064,0.565523708422064,0.385470080355475,0.46179,0.277423633367662,0.0201808401187394
ITB1_MOUSE,SLGTDLMNEMR,2,1,0.00406566075346925,0.3,0.00573464007307996,0.0484533235057851,0.0484533235057851,0.114164617709005,0.114164617709005,0.348445459356935,0.424416290074111,0.0315118249275981,-0.0358676605808636
ITB1_MOUSE,SLGTDLMNEMR,2,2,0.00230192430035322,0.25,0.104345542789602,0.00668751811302293,0.00668751811302293,0.0170531391949049,0.0170531391949049,0.200636806687775,0.392157598468498,0.00464141307354321,0.160720433168869
ITB1_MOUSE,SLGTDLMNEMR,2,7,0.00459680801318218,0.17,0.00288340702110397,-0.121911644497625,0.121911644497625,-0.425999353796949,0.425999353796949,0.385470080355475,0.286178003349118,-0.0260810498060162,0.00552297520575627
ITB1_MOUSE,SLGTDLMNEMR,2,9,0.0469481338015167,0.990000000000001,0.0547898807263435,0.138073284652961,0.138073284652961,0.528358066179123,0.528358066179123,0.375962966568326,0.261325213886583,0.106874460852042,0.151008959960239
ITB1_MOUSE,SLGTDLMNEMR,2,13,0.0349640491762052,0.990000000000001,0.0469481338015167,0.0200777175713422,0.0200777175713422,0.0876697053242348,0.0876697053242348,0.123251929233622,0.229015456332235,0.0812503038647319,0.106874460852042
ITB1_MOUSE,SLGTDLMNEMR,2,21,0.00413872185118474,0.41,0.00495613195638101,-0.147316672955086,0.147316672955086,-0.732449469767851,0.732449469767851,0.385470080355475,0.201128786401849,-0.0564614634040042,0.0132313273048045

