proteinName,peptideSeq,charge,old_Rsquared,new_Rsquared,NDP,rateconstant,sigma,Abundance,MassToCharge,RMSE,selected_A1A0_count, selected_A2A0_count, selected_A2A1_count,improved_timePoints,new_k,I0_percentatediffI0_percentatediff,selected_io_t,i0,I0_asymptote,new_rmse,lowerci_old,upperci_old,sigma_old,lowerci_new,upperci_new,sigma_new,old_pearson,new_pearson
ATLA2_MOUSE,SMLQATAEANNLAAVAGAR,2,-4.81509986226797,-15.5728824714345,3,0.00153,0.0378938702396241,2546748,929.97559,0.0261336898965277,1,1,0,0| 1,NaN,,0.358724733881718| 0.352649880237821| 0.363156120397035| NaN| NaN| NaN| NaN| NaN| NaN| NaN| NaN| NaN,0.358724733881718,0.0340421487509587,0.00876606557269994,0,0.427497399691798,0.0990011108139433,0,0.149788889492422,0.0344575541659087,0.453780316200467,-0.419675582463487
ATLA2_MOUSE,NLVPLLLAPENLVEK,2,0.659981736407598,0.911957187335607,5,0.03479,0.00763685469151495,5154715.5,831.49542,0.0144651727874875,0,4,0,0| 1| 2| 3,NaN,0.0552429969646831|,0.375553764134725| 0.353206034031887| 0.340559276741059| 0.34132995840372| NaN| NaN| 0.289050380201862| NaN| NaN| NaN| NaN| NaN,0.375553764134725,0.115691097422248,0.00544193380566838,0,0.109360515812233,0.0268582712745086,0.020973632549232,0.048606367450768,0.00497627971295516,0.982445748660495,0.982165377780311

