proteinName,peptideSeq,charge,old_Rsquared,new_Rsquared,NDP,rateconstant,sigma,Abundance,MassToCharge,RMSE,selected_A1A0_count, selected_A2A0_count, selected_A2A1_count,improved_timePoints,new_k,I0_percentatediffI0_percentatediff,selected_io_t,i0,I0_asymptote,new_rmse,lowerci_old,upperci_old,sigma_old,lowerci_new,upperci_new,sigma_new,old_pearson,new_pearson
CAD13_MOUSE,MTAFDADDPATDNALLR,2,0.955796203814979,0.990810259925352,12,0.02152,0.00102957923883053,419133200,918.92523,0.00895590068725477,0,3,1,16| 21| 24| 31,0.0229172020762624,-0.0122587579371946|-0.0098910303725537|-0.0252822681759902|,0.345670799840538| 0.335051517417577| 0.331699535795314| 0.329570996652357| 0.307733865555167| 0.302584818639811| 0.297888185609351| 0.278759882880714| 0.260121215395535| 0.237912704219005| 0.227509924333506| 0.20729573267694,0.345670799840538,0.0696941830648389,0.00423485185228278,0.0191636937447442,0.0238763062552558,0.00107056889769322,0.0204058063238892,0.0226341936761108,0.000506224983696437,0.978387002084398,0.998395440018246
CAD13_MOUSE,MFYIDPEKGDIVTVVSPALLDR,3,0.146038534127632,0.228898413947008,12,0.00987,0.00688947795487668,2623861,826.76984,0.0491746298132369,3,2,2,0| 1| 2| 6| 7| 9| 31,0.00987480210095982,,0.192379048095765| 0.218443626886013| 0.208655254782153| 0.21205964287073| 0.244312547344055| 0.205259559959068| 0.22122095330355| 0.196645280183945| 0.155232874061731| 0.241415346001732| 0.16331904501152| 0.163492674381042,0.22047,0.0444511846166737,0.0246124138185911,0,0.0263331647730641,0.00747990721678387,0.0019429642176783,0.0177970357823217,0.0036015852950038,0.479351049982705,0.481390210385885
CAD13_MOUSE,INENTGSVSVTR,2,-0.123419200566012,0.893277369989835,12,0.02109,0.00634952554103918,4669393.8,638.82825,0.0625480674630567,4,3,2,1| 2| 3| 6| 7| 13| 21| 24| 31,0.0231024072525172,0.0140072968868907|0.0160550829015983|0.0458023870311016|,0.507634536401517| 0.534025731654146| 0.470795226544317| 0.493304059266923| 0.462545783275902| 0.428403256918986| 0.444779170797432| 0.437356605769721| 0.427451827374732| 0.389014871392858| 0.375316998865879| 0.349317278715039,0.507634536401517,0.197903474240231,0.0171077748047697,0.00673103356015923,0.0354489664398408,0.006523881536717,0.0171626210377782,0.0250173789622218,0.00178437321423352,0.454190650898349,0.950487619884026

