proteinName,peptideSeq,charge,old_Rsquared,new_Rsquared,NDP,rateconstant,sigma,Abundance,MassToCharge,RMSE,selected_A1A0_count, selected_A2A0_count, selected_A2A1_count,improved_timePoints,new_k,I0_percentatediffI0_percentatediff,selected_io_t,i0,I0_asymptote,new_rmse,lowerci_old,upperci_old,sigma_old,lowerci_new,upperci_new,sigma_new,old_pearson,new_pearson
DNJA2_MOUSE,VSLEDLYNGK,2,0.273886530890226,0.33068380425573,5,0.05999,0.0200282395944319,42238516.6666667,569.29297,0.0313899389616634,1,2,1,1| 2| 3| 9,NaN,0.0292907573361088|0.0249330646456341|,0.503002173140057| 0.458617045176819| 0.412375323566285| 0.463636831218889| NaN| NaN| 0.399181916953712| NaN| NaN| NaN| NaN| NaN,0.503002173140057,0.248168442026975,0.0198056013867308,0,0.214498914762145,0.0556499080341734,0,0.142895919798325,0.0298604570446163,0.545971528884035,0.766560739474528
DNJA2_MOUSE,NVLcSAcSGQGGK,2,0.165454976678324,0.514753999224682,5,0.03698,0.021728766605208,2284085.33333333,669.30048,0.0534154145947106,1,1,0,0| 1,NaN,,0.423309636720559| 0.478299291205988| 0.483464698962463| 0.413442303049677| NaN| NaN| 0.331147315499437| NaN| NaN| NaN| NaN| NaN,0.47723,0.140249289939673,0.0247915038906344,0,0.0999979108202078,0.0226973372186904,0,0.118525627314181,0.0293705166954869,0.532404190201845,0.816144971915348
DNJA2_MOUSE,IGLVEALcGFQFTFK,2,0.234047989480989,0.739801407427323,5,0.04682,0.0280639335437952,2550926.25,865.45276,0.0403547563977424,2,1,1,1| 2| 3| 9,NaN,,0.328981894175437| 0.349178101406113| 0.296404737466143| 0.29551348238386| NaN| NaN| 0.216772063516154| NaN| NaN| NaN| NaN| NaN,0.328981894175437,0.116725160488138,0.0148599283340508,0,0.231760376023365,0.066610492561865,0,0.157054910849609,0.0397036161983259,0.799962647850315,0.954356297082833

