protien,peptide,charge,rsquared,rateconstant,mo,io_e,io_a1a0,io_a2a0,io_a2a1
NDUA7_MOUSE,AAESSAMAATEK,2,0.883524420848002,0.03558,0.51115,0.514784769755384,0.486604126914816,0.525240602667159,0.622238805336963
NDUA7_MOUSE,NWASGQDLQAK,2,0.968594840694258,0.04405,0.49984,0.506670622839549,0.533130573665081,0.482633740583613,0.417217921575611

