protien,peptide,charge,rsquared,rateconstant,mo,io_e,io_a1a0,io_a2a0,io_a2a1
EMAL1_MOUSE,ITIATGQVAGTSK,2,0.618036133998464,0.01838,0.49378,0.548165503589912,0.550215460843101,0.492694655017545,0.41378837056283

