protien,peptide,charge,rsquared,rateconstant,mo,io_e,io_a1a0,io_a2a0,io_a2a1
NAMPT_MOUSE,YLLETSGNLDGLEYK,2,NaN,0.46346,0.36676,0.288274493776419,0.249370041874835,0.219799818934008,0.188916156147283

