protien,peptide,charge,rsquared,rateconstant,mo,io_e,io_a1a0,io_a2a0,io_a2a1
MIC26_MOUSE,GYIVIEDLWK,2,0.580291336804633,0.0288,0.46547,0.487184464214228,0.487392443697235,0.478482790926678,0.467148721534184

