protien,peptide,charge,rsquared,rateconstant,mo,io_e,io_a1a0,io_a2a0,io_a2a1
KLH31_MOUSE,VDVLTVESFSPAAR,2,-3.14087325440435,4E-05,0.42029,0.54266251505841,0.550253863643469,0.529634971940022,0.497968939029558
KLH31_MOUSE,FGTISAQDLVNYVQTVPR,3,0.528530174735114,0.07188,0.30748,0.327993340454847,0.30375876371458,0.308403922887693,0.314004075985724

