protien,peptide,charge,rsquared,rateconstant,mo,io_e,io_a1a0,io_a2a0,io_a2a1
ATPMK_MOUSE,AGAESDGQFQFTGIK,2,0.209556504661401,0.02256,0.4079,0.411813043953564,0.411972612615067,0.419814764073281,0.429314217415264

