protien,peptide,charge,rsquared,rateconstant,mo,io_e,io_a1a0,io_a2a0,io_a2a1
ODB2_MOUSE,SVFEIAMELNR,2,0.827864624803024,0.04701,0.45007,0.413182788700551,0.319553481814209,0.448003905272064,0.565831429942235

