protien,peptide,charge,rsquared,rateconstant,mo,io_e,io_a1a0,io_a2a0,io_a2a1
RBX2_MOUSE,cPLcQQDWVVQR,2,0.691934562651409,0.03081,0.39395,0.438242352937045,0.411587321960732,0.410343946260002,0.407404164541322

