proteinName,peptideSeq,charge,old_Rsquared,new_Rsquared,NDP,rateconstant,sigma,Abundance,MassToCharge,RMSE,selected_A1A0_count, selected_A2A0_count, selected_A2A1_count,improved_timePoints,new_k,I0_percentatediffI0_percentatediff,selected_io_t,i0,I0_asymptote,new_rmse,lowerci_old,upperci_old,sigma_old,lowerci_new,upperci_new,sigma_new,old_pearson,new_pearson
RL26_MOUSE,FNPFVTSDR,2,0.961373413104762,0.985101991643681,3,0.02197,0.000738828643033078,200928933.333333,541.76691,0.00289190545655544,0,1,0,24,NaN,0.0121331058978824|,NaN| NaN| NaN| 0.507617199997785| NaN| NaN| 0.47902750916292| NaN| NaN| NaN| 0.430724316938003| NaN,NaN,NaN,0.00193664877455008,0.0141832605279227,0.0297567394720773,0.00180975318278394,0.0167553829653542,0.0271846170346458,0.00121195396472306,0.99730597039193,0.999107746797922

