proteinName,peptideSeq,charge,old_Rsquared,new_Rsquared,NDP,rateconstant,sigma,Abundance,MassToCharge,RMSE,selected_A1A0_count, selected_A2A0_count, selected_A2A1_count,improved_timePoints,new_k,I0_percentatediffI0_percentatediff,selected_io_t,i0,I0_asymptote,new_rmse,lowerci_old,upperci_old,sigma_old,lowerci_new,upperci_new,sigma_new,old_pearson,new_pearson
AFAD_MOUSE,ISETTMLQSGMR,2,0.956947483008716,0.992194438759714,3,0.09206,0.00228549759743068,42835000,677.32867,0.00399450947518628,1,1,0,9| 21,NaN,-0.00122136550217482|,NaN| NaN| NaN| NaN| NaN| 0.300637758810967| 0.274916922914688| NaN| NaN| 0.200178514021938| NaN| NaN,NaN,NaN,0.00188221637689916,0.0679724466504278,0.116147553349572,0.00559830292206204,0.0807099236825862,0.103410076317414,0.00263792525921,0.998416534018032,0.999678129283125

