proteinName,peptideSeq,charge,old_Rsquared,new_Rsquared,NDP,rateconstant,sigma,Abundance,MassToCharge,RMSE,selected_A1A0_count, selected_A2A0_count, selected_A2A1_count,improved_timePoints,new_k,I0_percentatediffI0_percentatediff,selected_io_t,i0,I0_asymptote,new_rmse,lowerci_old,upperci_old,sigma_old,lowerci_new,upperci_new,sigma_new,old_pearson,new_pearson
AQP3_MOUSE,LFTALAGWGSEVFTTGR,3,-0.0520245184027395,0.0311744798346291,3,0.02074,0.0172481746724299,12971436.6666667,604.98083,0.0142388524774027,1,0,0,0,NaN,,0.373998398705549| NaN| 0.339050169444218| 0.317194382089741| NaN| NaN| NaN| NaN| NaN| NaN| NaN| NaN,0.3364,0.0943135374398156,0.0115135098957247,0,0.321478492427702,0.0698960644321497,0,0.299123376049893,0.0647004054324718,0.999999079687903,0.997856186360248
AQP3_MOUSE,LFTALAGWGSEVFTTGR,2,0.801647901133462,0.970823648937114,11,0.05786,0.00649748940477522,44233223.6363636,906.96759,0.0241310873468589,4,2,4,1| 2| 3| 6| 7| 9| 13| 21| 24| 31,NaN,,0.349872667159574| 0.321014625961208| 0.307096516310744| 0.296423410154202| 0.270804114697134| 0.264968649845863| 0.238150049332767| 0.220846583412074| NaN| 0.174082240579602| 0.167927327139145| 0.160639369444026,0.349872667159574,0.0980907517637415,0.0101678426062809,0.0426669955633898,0.0730530044366102,0.00681869733002875,0.0514582960234036,0.0642617039765964,0.00287311716355894,0.956838460541261,0.994808699153571

