proteinName,peptideSeq,charge,old_Rsquared,new_Rsquared,NDP,rateconstant,sigma,Abundance,MassToCharge,RMSE,selected_A1A0_count, selected_A2A0_count, selected_A2A1_count,improved_timePoints,new_k,I0_percentatediffI0_percentatediff,selected_io_t,i0,I0_asymptote,new_rmse,lowerci_old,upperci_old,sigma_old,lowerci_new,upperci_new,sigma_new,old_pearson,new_pearson
ATLA3_MOUSE,GGSDPETTGIQIWSEVFTVK,2,0.999937955285564,0.999937955285564,2,0.15971,0.000300865615737982,7247377.5,1076.03381,9.5348352425339E-05,0,0,0,,NaN,,0.280152337935569| NaN| 0.220850736873494| NaN| NaN| NaN| NaN| NaN| NaN| NaN| NaN| NaN,0.280152337935569,0.0620637285285061,9.5348352425339E-05,0.146375545739605,0.173044454260395,0.00104944430987678,0.146375545739605,0.173044454260395,0.00104944430987678,1,1
ATLA3_MOUSE,EGGHSDWLGDPEEPLTGFSWR,3,0.803388010062847,0.803388010062847,2,0.15013,0.0120657716114444,4543004.5,791.35748,0.00364697847578793,0,0,0,,NaN,,0.236812661602733| NaN| 0.196519270282092| NaN| NaN| NaN| NaN| NaN| NaN| NaN| NaN| NaN,0.236812661602733,0.0327566634813699,0.00364697847578793,0,3.96217313340774,0.3000143010908,0,3.96217313340774,0.3000143010908,1,1
ATLA3_MOUSE,EQHSFELEER,2,0.881762500739013,0.881762500739013,2,0.09244,0.0024000475588573,978101,652.29926,0.00162629866582211,0,0,0,,NaN,,NaN| 0.448297630816964| 0.425127509448667| NaN| NaN| NaN| NaN| NaN| NaN| NaN| NaN| NaN,NaN,NaN,0.00162629866582211,0,2.88696058042265,0.219933539437651,0,2.88696058042265,0.219933539437651,1,1

