proteinName,peptideSeq,charge,old_Rsquared,new_Rsquared,NDP,rateconstant,sigma,Abundance,MassToCharge,RMSE,selected_A1A0_count, selected_A2A0_count, selected_A2A1_count,improved_timePoints,new_k,I0_percentatediffI0_percentatediff,selected_io_t,i0,I0_asymptote,new_rmse,lowerci_old,upperci_old,sigma_old,lowerci_new,upperci_new,sigma_new,old_pearson,new_pearson
ATP6_MOUSE,WAGAVITGFR,2,0.135726887409293,0.134516881386896,5,0.05732,0.0139210997218457,8045622.2,539.29565,0.0421099764275046,0,1,1,13| 16,NaN,,0.377159702908184| NaN| NaN| 0.479519560718455| NaN| NaN| NaN| 0.374920833451254| 0.33486135302829| NaN| NaN| 0.271963462468738,0.51681,0.232058685076778,0.0406305820191118,0,0.134958374515134,0.0279632305251841,0,0.132878003209282,0.0272139373725799,0.798204886305366,0.759998774671362
ATP6_MOUSE,AIPLWAGAVITGFR,3,0.797086629607768,0.960120316732386,3,0.05621,0.00827530923496333,8223940.33333333,491.28552,0.012325266808671,0,1,0,0,NaN,,0.415876247199073| NaN| NaN| 0.355721050365396| NaN| 0.312708143015248| NaN| NaN| NaN| NaN| NaN| NaN,0.415876247199073,0.128112627338883,0.00422478806775782,0,0.231885033590013,0.0408294707066123,0.0263145737053695,0.0861054262946304,0.00694813831660876,0.975143617431203,0.992550868719809
ATP6_MOUSE,NLSMAIPLWAGAVITGFR,2,-0.185116544359414,0.907534940012369,2,0.05413,0.0309663620350673,6547265.5,959.02435,0.0185026473350267,0,1,1,0| 3,NaN,,0.2961810345984| NaN| NaN| 0.25959368865998| NaN| NaN| NaN| NaN| NaN| NaN| NaN| NaN,0.2961810345984,0.0656146561619442,0.00227098420547312,0,3.0157602451902,0.233085355281859,0,1.7027553490291,0.129749628884023,1,1
ATP6_MOUSE,NLSMAIPLWAGAVITGFR,3,0.721646180267614,0.976198296652868,3,0.04771,0.0082445389281543,5010893,639.68536,0.0100493091103075,2,0,0,0| 3,NaN,0.0166168861617494|,0.302917314135889| NaN| NaN| 0.275988576704434| 0.240988428652805| NaN| NaN| NaN| NaN| NaN| NaN| NaN,0.302917314135889,0.0671069821856629,0.00195576982948616,0,0.254543129181663,0.048071072004393,0.0307993683177323,0.0646206316822677,0.00393028039779871,0.999060691434427,0.99324119197357
ATP6_MOUSE,AIPLWAGAVITGFR,2,-0.158433249488517,0.955127026997106,3,0.0485,0.00553915253820912,32585496.6666667,736.42462,0.0154776501776927,0,0,1,24,NaN,,NaN| NaN| NaN| NaN| 0.327196284742127| 0.322364631166664| NaN| NaN| NaN| NaN| 0.187022377652671| NaN,NaN,NaN,0.00688134768973145,0,0.119662322286538,0.0165391740296663,0.0225448393926387,0.0744551606073613,0.00603236241398347,0.999989306679367,0.999080067586297

