proteinName,peptideSeq,charge,old_Rsquared,new_Rsquared,NDP,rateconstant,sigma,Abundance,MassToCharge,RMSE,selected_A1A0_count, selected_A2A0_count, selected_A2A1_count,improved_timePoints,new_k,I0_percentatediffI0_percentatediff,selected_io_t,i0,I0_asymptote,new_rmse,lowerci_old,upperci_old,sigma_old,lowerci_new,upperci_new,sigma_new,old_pearson,new_pearson
BAX_MOUSE,IGDELDSNMELQR,2,-1.03501907451127,0.719033207717112,3,0.0457,0.0479138945009411,6195312.66666667,760.35645,0.0302357448054505,0,2,1,0| 1| 2,NaN,,0.436065023389045| 0.406714369402527| 0.382856174723883| NaN| NaN| NaN| NaN| NaN| NaN| NaN| NaN| NaN,0.436065023389045,0.11663111124724,0.00576734096910839,0,0.92147271656218,0.203542505419271,0,0.594085828610332,0.127452960546579,0.97087338306176,0.99892663704657
BAX_MOUSE,TGAFLLQGFIQDR,2,0.979363312980524,0.979363312980524,4,0.02814,0.00109739450563238,12586020,733.39355,0.00451559405432764,0,0,0,,NaN,,NaN| NaN| 0.394758590822294| 0.396507321755773| NaN| 0.356827621426516| NaN| NaN| NaN| NaN| NaN| 0.262412265226315,NaN,NaN,0.00451559405432764,0.021155201820849,0.035124798179151,0.00219478901126476,0.021155201820849,0.035124798179151,0.00219478901126476,0.995325689074749,0.995325689074749

