proteinName,peptideSeq,charge,old_Rsquared,new_Rsquared,NDP,rateconstant,sigma,Abundance,MassToCharge,RMSE,selected_A1A0_count, selected_A2A0_count, selected_A2A1_count,improved_timePoints,new_k,I0_percentatediffI0_percentatediff,selected_io_t,i0,I0_asymptote,new_rmse,lowerci_old,upperci_old,sigma_old,lowerci_new,upperci_new,sigma_new,old_pearson,new_pearson
CALL4_MOUSE,YDTFIQR,2,0.648372964056381,0.687625165939731,10,0.43069,0.112716784066893,12709146.2,471.73761,0.0414330656480259,2,1,1,2| 6| 7| 24,NaN,-0.0422860418540622|0.00797336534773346|,0.621262665305999| 0.412519517581404| 0.439313282008684| 0.407447661314049| 0.390443275213567| 0.386492863016874| NaN| 0.352797763810749| NaN| 0.371132551980017| 0.340923346542332| 0.359768969367854,0.621262665305999,0.370059448268973,0.0390182754199064,0.359415763783365,0.501964236216635,0.0315071991447406,0.363569748685054,0.497810251314946,0.0296709054643148,0.89960603873523,0.903347688943175

