proteinName,peptideSeq,charge,old_Rsquared,new_Rsquared,NDP,rateconstant,sigma,Abundance,MassToCharge,RMSE,selected_A1A0_count, selected_A2A0_count, selected_A2A1_count,improved_timePoints,new_k,I0_percentatediffI0_percentatediff,selected_io_t,i0,I0_asymptote,new_rmse,lowerci_old,upperci_old,sigma_old,lowerci_new,upperci_new,sigma_new,old_pearson,new_pearson
CD2AP_MOUSE,QGNVASLVQR,2,-2.29147967524322,-2.35443011394178,6,0.01079,0.0072257556473667,54950561.1666667,536.29889,0.0883770640113131,3,2,1,0| 2| 3| 21| 24| 31,NaN,0.00816984025232568|,0.402713397159037| NaN| 0.464761288918667| 0.526709769351781| NaN| NaN| NaN| NaN| NaN| 0.498556240829443| 0.486039121805645| 0.467283915674931,0.55051,0.186338591368781,0.0494219376393215,0,0.0366435069743549,0.0100574533845668,0,0.0254733097417155,0.00571205691378526,-0.862167528701169,-0.271074427356248
CD2AP_MOUSE,AQIIELLcIVDALKK,3,-0.459743335757986,-0.27451883294387,2,0.25581,0.178481100059992,1921682.5,576.34271,0.0526177331872986,0,1,1,0| 2,NaN,,0.308005283358022| NaN| 0.24759583757831| NaN| NaN| NaN| NaN| NaN| NaN| NaN| NaN| NaN,0.35533,0.109461072083144,0.0139210617250506,0,10.1457615753549,0.778356069399858,0,2.82292922547375,0.20203666466879,1,1
CD2AP_MOUSE,TLFPYTGTNEDELTFR,2,0.864358255951892,0.98683693607457,4,0.26581,0.0455771724301358,5950753.25,952.45728,0.0170408484087988,0,2,0,0| 2,NaN,,0.325542869589745| 0.28330624756431| 0.247823701546085| NaN| NaN| 0.158079201340308| NaN| NaN| NaN| NaN| NaN| NaN,0.325542869589745,0.115504969639356,0.00408540578923534,0,0.710848829926062,0.139841740370309,0.196262352246037,0.335357647753962,0.0218535180451358,0.939074777691663,0.999473607707476

