proteinName,peptideSeq,charge,old_Rsquared,new_Rsquared,NDP,rateconstant,sigma,Abundance,MassToCharge,RMSE,selected_A1A0_count, selected_A2A0_count, selected_A2A1_count,improved_timePoints,new_k,I0_percentatediffI0_percentatediff,selected_io_t,i0,I0_asymptote,new_rmse,lowerci_old,upperci_old,sigma_old,lowerci_new,upperci_new,sigma_new,old_pearson,new_pearson
CDHR5_MOUSE,RGDAVVVR,2,0.844368713399659,0.899110096517075,2,0.06353,0.00893510032412115,10362107,436.25906,0.0137675783239106,1,0,0,7,NaN,,0.648744031445815| NaN| NaN| NaN| NaN| 0.489760805648209| NaN| NaN| NaN| NaN| NaN| NaN,0.648744031445815,0.305348071220874,0.0103078843444059,0,0.262055109363932,0.015624264954618,0,0.159624382697141,0.00756279193458723,1,1
CDHR5_MOUSE,LDQTLDYFK,2,0.892005093279441,0.953473634690734,2,1.38596,0.16322297394698,26615575,571.79004,0.00738249960248297,0,1,0,1,NaN,,0.481495002038447| 0.321457518073867| NaN| NaN| NaN| NaN| NaN| NaN| NaN| NaN| NaN| NaN,0.481495002038447,0.300637334375277,0.0070463734612516,0,4.67049938268369,0.258498855552077,0,13.0356792251732,0.916852787056478,1,1
CDHR5_MOUSE,FFSLEGVNYPALK,2,0.993223304543961,0.996993504608139,4,0.11789,0.0113348820234405,26929025,742.89282,0.00544192183496893,1,0,1,1| 24,NaN,-0.0162713648331968|0.022528294598991|,0.424144963606942| 0.38493800477284| NaN| NaN| NaN| NaN| NaN| NaN| NaN| NaN| 0.181542854986906| 0.164688281209133,0.424144963606942,0.165354710643481,0.00369413445143129,0.0759480066690767,0.159831993330923,0.0131791676312169,0.0894185578837518,0.146361442116248,0.00894640141187262,0.997787352342567,0.999163477657016
CDHR5_MOUSE,ADQEDMAQYSVTQAIVEAR,2,-327.699048533762,-2.2759516500341,2,0.04887,0.152401138921407,2370836,1062.99695,0.0383813261184158,1,1,0,0| 1,NaN,,0.29656227622954| 0.352182245928462| NaN| NaN| NaN| NaN| NaN| NaN| NaN| NaN| NaN| NaN,0.29656227622954,0.0295003002742322,0.0205491503042897,0,16.4041382644569,1.28718752799819,0,12.7870948285739,1.002520035933,1,-1

