proteinName,peptideSeq,charge,old_Rsquared,new_Rsquared,NDP,rateconstant,sigma,Abundance,MassToCharge,RMSE,selected_A1A0_count, selected_A2A0_count, selected_A2A1_count,improved_timePoints,new_k,I0_percentatediffI0_percentatediff,selected_io_t,i0,I0_asymptote,new_rmse,lowerci_old,upperci_old,sigma_old,lowerci_new,upperci_new,sigma_new,old_pearson,new_pearson
CO8B_MOUSE,SLPLEYSYGEYR,2,-102.698320849667,0.93847307781492,2,0.62746,330.722256526366,20418270,738.85388,0.0633621487529313,0,0,1,0,NaN,,0.386123627358986| NaN| NaN| NaN| NaN| NaN| NaN| NaN| 0.166265878523846| NaN| NaN| NaN,0.386123627358986,0.130696504725214,0.0111318860284038,0,2.04428460523987,0.111506514704439,0,1.29260705952314,0.0523482088742913,1,1
CO8B_MOUSE,STMVEDLVVLVR,2,-12.5391766707565,-12.5391766707565,2,0.02388,0.00231777124814027,2437379.5,680.87885,0.00583771114868847,0,0,0,,NaN,,NaN| NaN| NaN| NaN| 0.387354392008233| NaN| NaN| 0.37958204655183| NaN| NaN| NaN| NaN,NaN,NaN,0.00583771114868847,0,0.0772849835335827,0.00420306335706925,0,0.0772849835335827,0.00420306335706925,1,1
CO8B_MOUSE,LASGINLFTNTFEGPVLDHR,3,-0.0431320105055515,-0.468665222502196,3,0.00241,0.00314511912588605,3988006.66666667,734.38318,0.0105110699644083,0,1,1,2| 9,NaN,0.00293914897468903|,NaN| NaN| 0.27430418206539| NaN| NaN| NaN| 0.261900522618366| 0.287353757139821| NaN| NaN| NaN| NaN,NaN,NaN,0.00629716931873199,0,0.0365883391000416,0.00794355046683846,0,0.0237180921660082,0.00495231511915467,-0.0855108382343733,-0.369640445034687

