proteinName,peptideSeq,charge,old_Rsquared,new_Rsquared,NDP,rateconstant,sigma,Abundance,MassToCharge,RMSE,selected_A1A0_count, selected_A2A0_count, selected_A2A1_count,improved_timePoints,new_k,I0_percentatediffI0_percentatediff,selected_io_t,i0,I0_asymptote,new_rmse,lowerci_old,upperci_old,sigma_old,lowerci_new,upperci_new,sigma_new,old_pearson,new_pearson
CP4AA_MOUSE,ELSTSVTFPDGR,2,0.968346021443369,0.993765010922868,8,0.06288,0.0029297598452409,264452700,654.82513,0.0115646017963417,2,4,0,2| 9| 13| 16| 21| 24,NaN,0.0155674782497336|-0.0358333152578967|-0.013702074012966|0.050920601536255|,0.477907054249325| NaN| 0.449008941796602| NaN| 0.381063960416717| NaN| 0.350445463710481| 0.307250609258379| 0.278703211614149| 0.271215114221882| 0.242362028971301| NaN,0.477907054249325,0.177742306322268,0.00517842941945944,0.0538779006968007,0.0718820993031993,0.00380698933430391,0.0588490150435332,0.0669109849564668,0.00170470422721896,0.984413033850987,0.996928889040113
CP4AA_MOUSE,LDFLDILLFAR,2,0.903187479645172,0.966953490959093,2,0.64057,15252.4365577696,6844358,668.38721,0.0170309433126143,0,0,2,0| 24,NaN,,0.46801131620049| NaN| NaN| NaN| NaN| NaN| NaN| NaN| NaN| NaN| 0.218972989089852| NaN,0.46801131620049,0.2309048457334,0.00924109348471821,0.0881317828852652,1.19300821711473,0.0434778306024475,0.10692709103,1.17421290897,0.0419986077711496,1,1
CP4AA_MOUSE,TYLQAIGDLNNLFHSR,3,0.198302660859139,-1.62961923223653,3,0.0183,0.0275063221187675,21152966.6666667,621.32336,0.0458428036472703,0,2,1,0| 3| 7,NaN,,0.316309493763641| NaN| NaN| 0.310101187701181| NaN| 0.294852328868136| NaN| NaN| NaN| NaN| NaN| NaN,0.316309493763641,0.0846009787003526,0.00730965054242539,0,0.312595039887094,0.068398510958671,0,0.0850795527250817,0.015520553695482,0.946070116372705,0.984832238105373

