proteinName,peptideSeq,charge,old_Rsquared,new_Rsquared,NDP,rateconstant,sigma,Abundance,MassToCharge,RMSE,selected_A1A0_count, selected_A2A0_count, selected_A2A1_count,improved_timePoints,new_k,I0_percentatediffI0_percentatediff,selected_io_t,i0,I0_asymptote,new_rmse,lowerci_old,upperci_old,sigma_old,lowerci_new,upperci_new,sigma_new,old_pearson,new_pearson
CREG1_MOUSE,IWVLDYFGGPK,2,0.851698423406897,0.941246530235853,3,0.25029,0.0505009823213808,13153231.3333333,647.84515,0.0173061930490995,2,0,0,0| 7,NaN,,0.457819240252456| NaN| NaN| NaN| 0.292514663478619| 0.308170683129655| NaN| NaN| NaN| NaN| NaN| NaN,0.457819240252456,0.260156927378055,0.00903025915471792,0,0.643998990205352,0.0915037803267748,0,0.551771099101816,0.0700686571838211,0.99011085960103,0.99034117972622
CREG1_MOUSE,FVTHVSDWGSLATISTIK,3,0.965770994425891,0.989869774640354,8,0.68374,0.0779257937874706,10392485.375,654.68256,0.0111515888245516,2,0,2,3| 7| 9| 24,NaN,-0.0532083170118421|-0.0268443874775044|,0.333013380451943| NaN| 0.177629195127192| 0.153901861724949| 0.11590871132765| 0.122014921117857| 0.113268209502869| NaN| NaN| NaN| 0.111012404562013| 0.101900892678506,0.333013380451943,0.112719558628128,0.005904508290097,0.588251227921169,0.779228772078831,0.0403822180367074,0.633180904321245,0.734299095678755,0.0213814502060276,0.984729616941965,0.995338790402933

