proteinName,peptideSeq,charge,old_Rsquared,new_Rsquared,NDP,rateconstant,sigma,Abundance,MassToCharge,RMSE,selected_A1A0_count, selected_A2A0_count, selected_A2A1_count,improved_timePoints,new_k,I0_percentatediffI0_percentatediff,selected_io_t,i0,I0_asymptote,new_rmse,lowerci_old,upperci_old,sigma_old,lowerci_new,upperci_new,sigma_new,old_pearson,new_pearson
CRK_MOUSE,INVSGQWEGEcNGK,2,0.80285172719471,0.953066240169078,3,0.14802,0.0215476884348323,3124061,789.35425,0.0187220107780283,1,1,1,0| 2| 7,NaN,-0.0458728124541406|,0.410838861136457| NaN| 0.331729163708344| NaN| NaN| 0.241911415870199| NaN| NaN| NaN| NaN| NaN| NaN,0.410838861136457,0.109884054780394,0.00747528769375262,0,0.46661684016872,0.07404660802995,0.0573449030887393,0.238695096911261,0.0210742308539853,0.941434962122502,0.99667182720842
CRK_MOUSE,ALFDFNGNDEEDLPFK,2,0.791786653970907,0.88689036872896,2,0.3036,0.0599569582789539,6672005,935.92834,0.0107466940387648,0,0,2,0| 1,NaN,,0.321419049113863| 0.256046849115195| NaN| NaN| NaN| NaN| NaN| NaN| NaN| NaN| NaN| NaN,0.321419049113863,0.085967593967599,0.00448783904994733,0,5.29925772829277,0.393166789931572,0,5.22780830604558,0.387543598449037,1,1
CRK_MOUSE,DSSTSPGDYVLSVSENSR,2,0.587756548198552,0.907857419771762,4,0.12502,0.0212008350158326,7614266.5,950.43195,0.0165508609059975,0,2,1,0| 1| 3,NaN,,0.355241302268009| 0.312209468330377| 0.289879312625985| 0.241010970342693| NaN| NaN| NaN| NaN| NaN| NaN| NaN| NaN,0.355241302268009,0.0683285812929619,0.00721642742879858,0,0.458834197058572,0.104892326552143,0.0661836521945076,0.183856347805492,0.0184877739219291,0.947263493104659,0.987791730142303

