proteinName,peptideSeq,charge,old_Rsquared,new_Rsquared,NDP,rateconstant,sigma,Abundance,MassToCharge,RMSE,selected_A1A0_count, selected_A2A0_count, selected_A2A1_count,improved_timePoints,new_k,I0_percentatediffI0_percentatediff,selected_io_t,i0,I0_asymptote,new_rmse,lowerci_old,upperci_old,sigma_old,lowerci_new,upperci_new,sigma_new,old_pearson,new_pearson
CRYM_MOUSE,FASTVQGDVR,2,0.905798157032987,0.974707096463363,6,0.26046,0.0370725407471694,7404199.66666667,540.27765,0.0227340502759349,0,1,2,6| 21| 31,NaN,,0.547007774572937| 0.460454016559254| 0.377986307428936| NaN| 0.3022982784277| NaN| NaN| NaN| NaN| 0.205496716400495| NaN| 0.20467640945711,0.547007774572937,0.223537630607325,0.0142299447318627,0.117789352052348,0.403130647947652,0.0555013055870054,0.171158031784368,0.349761968215632,0.034739982601575,0.977588610361777,0.99260562614797
CRYM_MOUSE,LVYDSWSSGK,2,-1.90816083073588,-1.9192408990786,3,0.00579,0.00982840015668975,110023876.666667,571.27985,0.0573212083391221,0,2,1,7| 13| 24,NaN,0.0171843194179952|,NaN| NaN| NaN| NaN| NaN| 0.579016712315272| NaN| 0.57901656492005| NaN| NaN| 0.49374423038618| NaN,NaN,NaN,0.0343405497386868,0,0.114083514065249,0.0251690110420707,0,0.0716108201660834,0.0152977300982231,0.997609849667481,0.933015450261275
CRYM_MOUSE,QAVLYVDSR,2,-50.2416726295387,0.839934078658022,2,0.01329,0.00347397527182712,91512155,525.78253,0.00756978507249147,1,0,1,3| 7,NaN,-0.0632094346738981|-0.00877311737832|,NaN| NaN| NaN| 0.538731129640424| NaN| 0.516374118164873| NaN| NaN| NaN| NaN| NaN| NaN,NaN,NaN,0.00182581835300702,0,0.105741116561168,0.00727606067126736,0,0.29158775302981,0.021902508169088,-1,1

