proteinName,peptideSeq,charge,old_Rsquared,new_Rsquared,NDP,rateconstant,sigma,Abundance,MassToCharge,RMSE,selected_A1A0_count, selected_A2A0_count, selected_A2A1_count,improved_timePoints,new_k,I0_percentatediffI0_percentatediff,selected_io_t,i0,I0_asymptote,new_rmse,lowerci_old,upperci_old,sigma_old,lowerci_new,upperci_new,sigma_new,old_pearson,new_pearson
EIF2A_MOUSE,DGTAGTPNLQLYDMK,2,-3229.73021264488,0.4641223472803,2,0.15421,0.116267769878817,3701961.5,812.38776,0.0257768639612729,0,1,0,1,NaN,,0.425361279896684| 0.341341721299522| NaN| NaN| NaN| NaN| NaN| NaN| NaN| NaN| NaN| NaN,0.38203,0.123361652141397,0.0125547363790311,0,17.1855595408278,1.3403962784012,0,9.67227726690163,0.749088139583043,1,1
EIF2A_MOUSE,SDAAPTPVPQSAPR,2,0.811574809369706,0.970905781887336,3,0.26064,0.0110316735352073,3812194.33333333,697.35712,0.00815677606738704,0,0,1,1,NaN,,NaN| 0.365746052102311| 0.315268235769683| 0.253560142288685| NaN| NaN| NaN| NaN| NaN| NaN| NaN| NaN,NaN,NaN,0.00391255236261202,0.144373841981241,0.376906158018758,0.0270219711702228,0.204870731910501,0.316409268089499,0.0129616010383325,0.959456094151554,0.991246724001833
EIF2A_MOUSE,VNIINVANK,2,0.914571284475519,0.946919916448598,4,0.11017,0.0119908905184958,8931944.75,492.79544,0.0157051024077634,1,0,0,2,NaN,,NaN| NaN| 0.553947808891924| NaN| NaN| NaN| 0.403717247437749| NaN| 0.356403695313328| 0.328015387675606| NaN| NaN,NaN,NaN,0.0115872090770791,0.0338492695515409,0.186490730448459,0.0239817810369916,0.0538606402988787,0.166479359701121,0.017693734412008,0.996213835079106,0.99756709910713

