proteinName,peptideSeq,charge,old_Rsquared,new_Rsquared,NDP,rateconstant,sigma,Abundance,MassToCharge,RMSE,selected_A1A0_count, selected_A2A0_count, selected_A2A1_count,improved_timePoints,new_k,I0_percentatediffI0_percentatediff,selected_io_t,i0,I0_asymptote,new_rmse,lowerci_old,upperci_old,sigma_old,lowerci_new,upperci_new,sigma_new,old_pearson,new_pearson
EIF3G_MOUSE,ELAEQLGLSTGEK,2,-33.8106719095036,0.987407565554515,2,4.46057,18.5584270876313,20323085,687.85919,0.0738494696558191,1,1,0,0| 1,NaN,,0.49116793740924| 0.125241325895131| NaN| NaN| NaN| NaN| NaN| NaN| NaN| NaN| NaN| NaN,0.49116793740924,0.125325164116573,0.00838191442467537,0,26.0425149409138,1.69853590345926,0,16.8145711866783,0.972280979513192,1,1
EIF3G_MOUSE,ETDLQELFRPFGSISR,3,0.998313789352389,0.998313789352389,2,0.20055,0.00200977473321344,20481980,632.32678,0.000713747739624744,0,0,0,,NaN,,0.336259801313577| NaN| 0.251107879702008| NaN| NaN| NaN| NaN| NaN| NaN| NaN| NaN| NaN,0.336259801313577,0.0710662953374108,0.000713747739624744,0.112611891297621,0.288488108702379,0.00692087924986478,0.112611891297621,0.288488108702379,0.00692087924986478,1,1

