proteinName,peptideSeq,charge,old_Rsquared,new_Rsquared,NDP,rateconstant,sigma,Abundance,MassToCharge,RMSE,selected_A1A0_count, selected_A2A0_count, selected_A2A1_count,improved_timePoints,new_k,I0_percentatediffI0_percentatediff,selected_io_t,i0,I0_asymptote,new_rmse,lowerci_old,upperci_old,sigma_old,lowerci_new,upperci_new,sigma_new,old_pearson,new_pearson
EMB_MOUSE,MGNTLTSQYR,2,0.449864790043755,0.996593891934771,3,0.50822,0.298991852699923,10260004,585.78223,0.0274784187947433,0,1,1,0| 7,NaN,-0.00603983712808681|,0.490288255618113| NaN| NaN| NaN| 0.254259985375144| 0.243260628333042| NaN| NaN| NaN| NaN| NaN| NaN,0.490288255618113,0.230766783104873,0.00332504750889831,0,1.07357278605894,0.131396331883823,0.126910705480293,0.889529294519706,0.0886219080343834,0.998663372500603,0.999748614048989

