proteinName,peptideSeq,charge,old_Rsquared,new_Rsquared,NDP,rateconstant,sigma,Abundance,MassToCharge,RMSE,selected_A1A0_count, selected_A2A0_count, selected_A2A1_count,improved_timePoints,new_k,I0_percentatediffI0_percentatediff,selected_io_t,i0,I0_asymptote,new_rmse,lowerci_old,upperci_old,sigma_old,lowerci_new,upperci_new,sigma_new,old_pearson,new_pearson
ERGI1_MOUSE,LTSNPLASHDYILK,3,0.691232750021127,0.907762594227055,2,0.10459,0.0172596787495927,4497499.5,524.61908,0.01523113852553,1,1,0,1| 13,NaN,,NaN| 0.416465314772299| NaN| NaN| NaN| NaN| NaN| 0.192294607942366| NaN| NaN| NaN| NaN,NaN,NaN,0.0138971831208105,0,0.86731903577685,0.0600280769608427,0,2.2282800369155,0.167138030673104,1,1
ERGI1_MOUSE,YSYQYTVANK,2,-42.0926046717353,NaN,4,0.56386,11.3887656037711,27828745,618.7984,0.0235004936617592,0,4,0,13| 21| 24| 31,NaN,,NaN| NaN| NaN| NaN| NaN| NaN| NaN| 0.221738794881332| NaN| 0.221738794881332| 0.221738794881332| 0.221738794881332,NaN,NaN,0.00813781118073245,0.352485651464323,0.775234348535677,0.0664188263612417,0.403574168712175,0.724145831287825,0.0503656042950569,-0.688672349735044,-2
ERGI1_MOUSE,EYVAYSHTGR,3,0.882333285357582,0.964873409415614,7,0.15041,0.0144635083783084,4207875.42857143,394.85611,0.0226493542330115,0,4,2,2| 3| 6| 7| 9| 21,NaN,-0.0204626729015267|,NaN| NaN| 0.414334054393666| 0.413037645847963| 0.321188250427983| 0.303284026554503| 0.249855753971862| NaN| 0.202757140941536| 0.20760923018298| NaN| NaN,NaN,NaN,0.0117038540505978,0.100359666726815,0.200460333273185,0.0204544897081006,0.12454693168526,0.17627306831474,0.0105696771643115,0.952992553725199,0.987657752649535

