proteinName,peptideSeq,charge,old_Rsquared,new_Rsquared,NDP,rateconstant,sigma,Abundance,MassToCharge,RMSE,selected_A1A0_count, selected_A2A0_count, selected_A2A1_count,improved_timePoints,new_k,I0_percentatediffI0_percentatediff,selected_io_t,i0,I0_asymptote,new_rmse,lowerci_old,upperci_old,sigma_old,lowerci_new,upperci_new,sigma_new,old_pearson,new_pearson
F120A_MOUSE,GVISTPVIR,2,0.784008054035066,0.940806792161723,7,0.12007,0.0160062724465417,7208179.71428571,471.29257,0.0272022209191684,1,1,1,2| 7| 13,NaN,,0.575083513703153| NaN| 0.51608551079215| NaN| 0.394239145388728| 0.445005105444635| 0.390078920015639| 0.367689460512018| NaN| NaN| NaN| 0.323721011156421,0.575083513703153,0.297414746213125,0.0151832987691101,0.0645271157845966,0.175612884215403,0.0226991765937126,0.0890679649806351,0.151072035019365,0.0126698618123592,0.911164923215351,0.973457746789637
F120A_MOUSE,LYEPDQLQELK,2,0.536022395142885,0.721918508750913,3,0.12865,0.0392146561918104,7328958.33333333,688.35883,0.0246478948400321,1,0,1,1| 3,NaN,,0.427822986016531| 0.382939767193843| NaN| 0.360435653229876| NaN| NaN| NaN| NaN| NaN| NaN| NaN| NaN,0.427822986016531,0.144811052604868,0.00738581413462016,0,0.751987315963402,0.144872792464421,0.000866376187539486,0.25643362381246,0.0296988002143306,0.997731535191205,0.945878533886779
F120A_MOUSE,VEGSSTASSGSQLAEGK,2,0.988894474080254,0.995522650069561,4,0.29369,0.0173056333051145,4407301.75,797.88135,0.00881137319739097,0,2,0,1| 24,NaN,,0.44854896729408| 0.338601339559097| 0.276845315072199| NaN| NaN| NaN| NaN| NaN| NaN| NaN| 0.0547359841379148| NaN,0.44854896729408,0.0681733091885339,0.00555137017109027,0.187109762103791,0.400270237896209,0.0334900349233876,0.226541969808757,0.360838030191243,0.021099501375962,0.998086089572684,0.999459802556871
F120A_MOUSE,QSILEGLSFSR,2,-0.237309864950582,0.743353020527479,2,0.05347,0.0066991810921365,22851445,618.83276,0.013290069742463,0,2,0,3| 9,NaN,,NaN| NaN| NaN| 0.428421580530314| NaN| NaN| 0.378103709576894| NaN| NaN| NaN| NaN| NaN,NaN,NaN,0.00520337007299313,0,0.380735892213113,0.025756384302872,0,0.527768223094638,0.0373280797017482,1,1

