proteinName,peptideSeq,charge,old_Rsquared,new_Rsquared,NDP,rateconstant,sigma,Abundance,MassToCharge,RMSE,selected_A1A0_count, selected_A2A0_count, selected_A2A1_count,improved_timePoints,new_k,I0_percentatediffI0_percentatediff,selected_io_t,i0,I0_asymptote,new_rmse,lowerci_old,upperci_old,sigma_old,lowerci_new,upperci_new,sigma_new,old_pearson,new_pearson
GNPAT_MOUSE,FSVGSASPSSVLLYAK,2,0.992735144402416,0.997289685022479,2,0.10083,0.00240393947735416,4850898,806.93268,0.00239163990752127,1,0,0,7,NaN,0.0556377479123316|,0.386490780746116| NaN| NaN| NaN| NaN| 0.235171807693264| NaN| NaN| NaN| NaN| NaN| NaN,0.386490780746116,0.0986160065374783,0.00160804295946814,0.0989786629828239,0.102681337017176,0.000145703383160595,0.0301351701750667,0.171524829824933,0.00556380377094538,1,1
GNPAT_MOUSE,EVFDTYFVPISISYDK,2,-0.796449028862,-1.1858916841582,3,0.0478,0.0635945345812932,5721350,961.97473,0.055207054859079,2,1,0,0| 1| 6,NaN,,0.296173517708193| 0.264914946573022| NaN| NaN| 0.377111797167982| NaN| NaN| NaN| NaN| NaN| NaN| NaN,0.296173517708193,0.115464500402,0.0349491354115208,0,0.691263652272255,0.149550450080081,0,0.471279025500747,0.0984227759244351,-0.773636140564036,-0.900315846980119

