proteinName,peptideSeq,charge,old_Rsquared,new_Rsquared,NDP,rateconstant,sigma,Abundance,MassToCharge,RMSE,selected_A1A0_count, selected_A2A0_count, selected_A2A1_count,improved_timePoints,new_k,I0_percentatediffI0_percentatediff,selected_io_t,i0,I0_asymptote,new_rmse,lowerci_old,upperci_old,sigma_old,lowerci_new,upperci_new,sigma_new,old_pearson,new_pearson
HDAC1_MOUSE,YYAVNYPLR,2,-0.207573409221153,0.492623477985251,7,0.60199,0.169827791981874,13545662.8571429,579.80072,0.0380291648140111,1,0,2,1| 13| 31,NaN,,0.426018812078172| 0.364914175397505| 0.32589354980457| 0.295895517507693| NaN| NaN| NaN| 0.276368718182803| 0.297149973277672| NaN| NaN| 0.294361116276033,0.48805,0.252403804718076,0.0265889827174121,0.0143084108988608,1.18967158910114,0.240172766688643,0.191098630379534,1.01288136962047,0.167922424116046,0.842569175555819,0.985929746962421
HDAC1_MOUSE,YGEYFPGTGDLR,2,0.807175054916115,0.836280434986186,4,0.5396,0.157036905016898,8289729.5,687.81989,0.0231767096230425,2,0,0,13| 16,NaN,,0.414829299106311| 0.248216567824829| NaN| NaN| NaN| NaN| NaN| 0.211303207053559| 0.150332256031173| NaN| NaN| NaN,0.414829299106311,0.16172295937888,0.0229040204278292,0.0359390747515881,1.04326092524841,0.158262191087819,0.0448030154256404,1.03439698457436,0.155476931000279,0.929687825595466,0.930151894817563

