proteinName,peptideSeq,charge,old_Rsquared,new_Rsquared,NDP,rateconstant,sigma,Abundance,MassToCharge,RMSE,selected_A1A0_count, selected_A2A0_count, selected_A2A1_count,improved_timePoints,new_k,I0_percentatediffI0_percentatediff,selected_io_t,i0,I0_asymptote,new_rmse,lowerci_old,upperci_old,sigma_old,lowerci_new,upperci_new,sigma_new,old_pearson,new_pearson
HNF4A_MOUSE,DVLLLGNDYIVPR,2,0.787671701287224,0.834931760832228,6,0.74618,0.229811030311428,1682051.5,743.91681,0.0301482917181925,1,1,2,0| 6| 16| 21,NaN,,0.417221100081429| NaN| 0.224004254887592| 0.17677889025868| 0.245937989005485| NaN| NaN| NaN| 0.188142671749677| 0.211725324228361| NaN| NaN,0.417221100081429,0.178722115029298,0.0231884226773214,0,5.80117025034737,1.96647707611733,0.0422711522555239,1.45008884774448,0.273832499018282,0.930979717659951,0.936768048413299

