proteinName,peptideSeq,charge,old_Rsquared,new_Rsquared,NDP,rateconstant,sigma,Abundance,MassToCharge,RMSE,selected_A1A0_count, selected_A2A0_count, selected_A2A1_count,improved_timePoints,new_k,I0_percentatediffI0_percentatediff,selected_io_t,i0,I0_asymptote,new_rmse,lowerci_old,upperci_old,sigma_old,lowerci_new,upperci_new,sigma_new,old_pearson,new_pearson
IF2G_MOUSE,LTPLSHEVISR,3,-0.540971214833155,0.50432913852681,5,0.12883,0.081765373110438,26991676,417.90671,0.0826708718328984,3,1,0,13| 16| 24| 31,NaN,,0.472767189306427| NaN| NaN| NaN| NaN| NaN| NaN| 0.228784983835621| 0.36318297499192| NaN| 0.212511546794246| 0.231313229419293,0.472767189306427,0.175830697273997,0.0460188862739342,0,0.344449489318912,0.0776602746155117,0,0.25865285064997,0.0467586592691224,0.591853122388085,0.860226475231563
IF2G_MOUSE,IVSLFAEHNDLQYAAPGGLIGVGTK,3,0.342127106278443,-0.480415853006249,2,0.0908,0.083078001830257,11345978,857.45862,0.0146326664814997,0,0,2,0| 1,NaN,,0.232311680687859| 0.211548192238606| NaN| NaN| NaN| NaN| NaN| NaN| NaN| NaN| NaN| NaN,0.232311680687859,0.0266162114653757,0.00515687451122994,0,6.81580336213385,0.529269243005721,0,10.7329297853227,0.837553778361113,1,1
IF2G_MOUSE,NEVLMVNIGSLSTGGR,2,0.855770802033057,0.99104253714527,2,0.07832,0.0082770588547441,4554626,823.93018,0.00945414524842617,1,0,0,7,NaN,,NaN| 0.356003020657517| NaN| NaN| NaN| 0.264001547533626| NaN| NaN| NaN| NaN| NaN| NaN,NaN,NaN,0.00177738564546757,0,1.2561125046187,0.0926942803995205,0.00982767428347939,0.146812325716521,0.00539046293832359,1,1

