protien,peptide,charge,rsquared,rateconstant,mo,io_e,io_a1a0,io_a2a0,io_a2a1
GLRX5_MOUSE,SALVDEKDQDSK,2,0.941466313385054,0.13994,0.48284,0.484642462585354,0.467272758970161,0.467387708230313,0.466218940667797
GLRX5_MOUSE,SSGGQAEQLDALVK,2,-3.56095599679967,0.01233,0.45894,0.172627751098597,0.103963238492462,0.153179145108963,0.216549809987414
GLRX5_MOUSE,DYAAYNVLDDPELR,2,0.958295212018565,0.18235,0.38362,0.364838600248095,0.386022514089147,0.336205187771907,0.279052905684039
GLRX5_MOUSE,GTPEQPQcGFSNAVVQILR,2,0.949466365928136,0.12957,0.29672,0.327412140062138,0.284870364213303,0.29550568920521,0.311676905262812
GLRX5_MOUSE,GTPEQPQcGFSNAVVQILR,3,0.968213514884937,0.13837,0.29672,0.292883216819546,0.266657996463628,0.297939178524884,0.34382981029121

