protien,peptide,charge,rsquared,rateconstant,mo,io_e,io_a1a0,io_a2a0,io_a2a1
CH1B1_MOUSE,VQTAVTMGK,2,0.865208006065647,0.35186,0.56674,0.617493411790959,0.623983432000332,0.56674,0.424958520257064

