protien,peptide,charge,rsquared,rateconstant,mo,io_e,io_a1a0,io_a2a0,io_a2a1
UD3A2_MOUSE,LTEEITYGR,2,0.314763396263134,0.77766,0.53789,0.388213519473562,0.355503328974138,0.391811851695784,0.436007087502615
UD3A2_MOUSE,HSHPLTPAQR,2,0.905344741348273,0.18343,0.51812,0.544453637656659,0.540894485212299,0.543304095927907,0.547386433334988
UD3A2_MOUSE,NFLMFLDFSmK,2,0.728424408214318,0.20455,0.39146,0.351937692425412,0.381099352775585,0.316269894576438,0.224713823810232
UD3A2_MOUSE,LLYESANIPDFR,2,0.969347424029869,0.28484,0.42431,0.448186245154352,0.454919677043525,0.434178789577127,0.40896480762278
UD3A2_MOUSE,LLGWIDHILQTGGAAH,3,0.991894133056618,0.37171,0.36116,0.374022480876295,0.370847517058667,0.36963476970778,0.36856501647775
UD3A2_MOUSE,VGIPFFFDQPENMVR,2,0.711947588533334,0.05637,0.32263,0.337166984395685,0.353836730170965,0.319290853755543,0.274452744450862
UD3A2_MOUSE,IHQYFGDLcSQLLSR,3,0.995044190690454,0.36691,0.33779,0.337479428602328,0.3266548063724,0.341594344231909,0.364284176612035
UD3A2_MOUSE,ILTISTLSASHYIVISR,3,0.888106854280167,0.30302,0.3297,0.325073515349173,0.327737380568587,0.289527657174644,0.247252585533559
UD3A2_MOUSE,IMDWLPQTDLLAHPSIR,3,0.945651779915119,0.25997,0.29106,0.320934408560064,0.312324714503019,0.3223625646191,0.3366051878794
UD3A2_MOUSE,IMDWLPQTDLLAHPSIR,2,0.0592681316174372,0.0055,0.29106,0.414045107022262,0.420585424437146,0.337645496164486,0.232638795057968
UD3A2_MOUSE,EILSQYDSTIQEHFVEGSQPVLSDLLLK,3,0.647471050109392,0.25453,0.15563,0.182365103667564,0.202769512913211,0.174857515521007,0.145260084985676
UD3A2_MOUSE,SYMDFGLPSAPLSYAPVYGSGLTDQMDFWGR,3,-1.8471911278549,0.12887,0.12199,0.134240662433995,0.140504416730612,0.122650597860972,0.102599699146687

