protien,peptide,charge,rsquared,rateconstant,mo,io_e,io_a1a0,io_a2a0,io_a2a1
PP2AA_MOUSE,YSFLQFDPAPR,2,0.832327112504592,0.33559,0.43934,0.458375185697486,0.442793642445301,0.458078441734377,0.476532541575483
PP2AA_MOUSE,NVVTIFSAPNYcYR,2,0.798321202642583,0.14332,0.35939,0.399177046815395,0.435166639962871,0.364711013205071,0.268989886555606
PP2AA_MOUSE,QITQVYGFYDEcLR,2,0.890493368944858,0.4818,0.34491,0.331114413237681,0.418054103194984,0.23533167125019,0.100944846102001
PP2AA_MOUSE,SPDTNYLFMGDYVDR,2,0.992235546370063,0.46509,0.33878,0.34805836653429,0.34691966427743,0.349614887403712,0.35404058154312
PP2AA_MOUSE,LQEVPHEGPMcDLLWSDPDDR,3,0.814872217840949,0.34363,0.22725,0.236196108661537,0.248679104013846,0.218618297225395,0.180821248836104

