protien,peptide,charge,rsquared,rateconstant,mo,io_e,io_a1a0,io_a2a0,io_a2a1
AT1B3_MOUSE,LFIYNPSSGEFLGR,2,0.891676660696844,0.20834,0.37954,0.391498887180758,0.406082149195058,0.383200966538882,0.355690949519111
AT1B3_MOUSE,IIDLIPDGYPQIScLPK,2,-2.744217813326,0.05108,0.31006,0.364886160134799,0.289928520328376,0.38968214377018,0.405640135219389

