protien,peptide,charge,rsquared,rateconstant,mo,io_e,io_a1a0,io_a2a0,io_a2a1
S23A1_MOUSE,SYDFPFGMGMVK,2,0.938870440909545,0.08643,0.3997,0.443573732000469,0.44493630533464,0.419324499501418,0.365194130809382
S23A1_MOUSE,QHEVVDSAGTSTR,3,0.941002883137399,0.11216,0.47165,0.485769526226296,0.468245208092851,0.491868915390642,0.527437912357096
S23A1_MOUSE,LAGAPPPPVHAINR,3,0.950266067077006,0.08248,0.43137,0.482029845112073,0.477323601547004,0.468005995544262,0.455470603075214

