protien,peptide,charge,rsquared,rateconstant,mo,io_e,io_a1a0,io_a2a0,io_a2a1
S26A1_MOUSE,LTGLDAGHSATR,3,0.815314492254582,0.25443,0.51469,0.529143779440469,0.527897163655999,0.530993281579988,0.533544993562478
S26A1_MOUSE,KDQGPEVGVSNR,2,0.557591527045863,0.07038,0.49321,0.512599353077691,0.48123081798367,0.497072102817469,0.519512670290974
S26A1_MOUSE,VAGNIPTGFVAPQVPDPK,2,-0.21733916910523,4E-05,0.33985,0.350813058866048,0.325716454141204,0.327726265540745,0.328810858548114

