protien,peptide,charge,rsquared,rateconstant,mo,io_e,io_a1a0,io_a2a0,io_a2a1
AKCL2_MOUSE,SPAQILIR,2,0.978370366078943,0.11521,0.59025,0.600390973500666,0.596393129326493,0.603856178230229,0.614255239632516
AKCL2_MOUSE,REDLFVVSK,2,-0.0444399214341236,0.0197,0.52621,0.534487531703586,0.496388927377843,0.542653681529307,0.604877885566776

