protien,peptide,charge,rsquared,rateconstant,mo,io_e,io_a1a0,io_a2a0,io_a2a1
RTRAF_MOUSE,NFIVWLEDQK,2,0.0950167844020611,0.0291,0.45586,0.471117271650072,0.465885446524707,0.44512795420367,0.419611032737308
RTRAF_MOUSE,AGVMALANLLQIQR,2,0.983461816067536,0.17416,0.40278,0.440804935341474,0.418723449357938,0.455849360130327,0.531756437498545
RTRAF_MOUSE,AGVMALANLLQIQR,3,0.949668026422096,0.13415,0.40278,0.392799843828373,0.328858115813389,0.39781461060606,0.520436734082396
RTRAF_MOUSE,INEAIVAVQAIIADPK,3,0.991980405080899,0.16325,0.37525,0.389256733833454,0.386495252831569,0.370031259866193,0.351081656964855
RTRAF_MOUSE,NAEPLINLDVNNPDFK,2,0.765752847293341,0.24991,0.34922,0.291926348240915,0.180227250162643,0.367258010474811,0.461441157045454
RTRAF_MOUSE,HILGFDTGDAVLNEAAQILR,3,0.782056637755733,0.15357,0.28582,0.315716622019197,0.31779372325008,0.297480441427154,0.273508079652591

