protien,peptide,charge,rsquared,rateconstant,mo,io_e,io_a1a0,io_a2a0,io_a2a1
MVP_MOUSE,SFFLQPGER,2,-2.10436779242413,1.37376,0.52227,0.355095775578012,0.308290674591081,0.366967355090923,0.435630090250549
MVP_MOUSE,EVEVVEIIQATVIK,2,0.820947084243759,0.26899,0.39699,0.363455344996559,0.287354522210111,0.410097542733664,0.509132307163891
MVP_MOUSE,LAQDPFPLYPGELLEK,2,-66.1601065067398,0.28149,0.32781,0.347667162447828,0.330955937637434,0.318785116550557,0.306172416379354
MVP_MOUSE,QAIPLDQNEGIYVQDVK,2,-229.397522326684,0.00016,0.32699,0.512835273017851,0.529825272577128,0.458652697738867,0.455574333945634

