protien,peptide,charge,rsquared,rateconstant,mo,io_e,io_a1a0,io_a2a0,io_a2a1
ACOT4_MOUSE,QILFFFGK,2,0.813266804658473,0.06676,0.52128,0.58679578779042,0.563095304153505,0.570124172197959,0.570124172197959
ACOT4_MOUSE,SELYTQIASDR,2,0.711810201294769,0.09955,0.4866,0.505054948181217,0.522298246966395,0.506849509455812,0.485433320541866
ACOT4_MOUSE,QTMIPPLGHDLR,3,-24.2369031660086,10.44958,0.43107,0.180954307258007,0.0600360213405009,0.213637642642882,0.534244798717303
ACOT4_MOUSE,VAFSGILDIVDIR,3,0.898167373580415,0.06446,0.42955,0.460208846581495,0.43505582333371,0.42955,0.422728129030703
ACOT4_MOUSE,GPILFVAGQDDHcWR,3,0.961057014751019,0.15199,0.34758,0.329195825411628,0.291885093853477,0.334207238187921,0.395250400846304
ACOT4_MOUSE,ELNVIEVDYFEEAVR,3,0.426762277809852,0.01549,0.34323,0.375626518065739,0.35772295099898,0.374313231894623,0.394496185723004
ACOT4_MOUSE,ELNVIEVDYFEEAVR,2,0.768195850073579,0.09412,0.34323,0.362507658249299,0.358605125959636,0.362911605136853,0.367431338076167
ACOT4_MOUSE,NDAVGGcENPSMIPIEK,2,0.963761788581309,0.08748,0.34266,0.321225228821103,0.290891142657116,0.332028101165628,0.423953261559177

