protien,peptide,charge,rsquared,rateconstant,mo,io_e,io_a1a0,io_a2a0,io_a2a1
MIC25_MOUSE,AYQHcVSTAR,3,0.75565137697116,0.05145,0.50634,0.539391037323852,0.525417521912139,0.542460787945724,0.602672848091797
MIC25_MOUSE,VSFEMDEEER,2,0.959629005345041,0.18981,0.47584,0.517978276217386,0.553727750828796,0.441402527669825,0.259882692133303
MIC25_MOUSE,LSSQQFHEAASK,2,-33.8078534622872,0.00452,0.46813,0.465037147071408,0.459228477905283,0.463656093236705,0.46963057431025
MIC25_MOUSE,ASLTHEQQQSAR,3,0.451313878969431,0.08423,0.47753,0.506161968640808,0.502319519482725,0.505824571206305,0.511308293019013
MIC25_MOUSE,ASLTHEQQQSAR,2,0.603206770974234,0.06231,0.47753,0.51108120917115,0.505690266747012,0.498601812788484,0.489714266682618
MIC25_MOUSE,VPSAESGGGLQSSAVK,2,0.940745437966927,0.07458,0.44084,0.453462161255539,0.437783799905103,0.450734645145264,0.467707871485694
MIC25_MOUSE,FQQEQLAVQDEMVR,2,0.907556093369549,0.06554,0.36101,0.380562701737282,0.346292225171825,0.338335212498509,0.327523242108145

