protien,peptide,charge,rsquared,rateconstant,mo,io_e,io_a1a0,io_a2a0,io_a2a1
MAP4_MOUSE,LATTVSAPDLK,2,0.452994047262331,0.08619,0.52522,0.598538174062506,0.566013993057264,0.617861312662882,0.62203668161938
MAP4_MOUSE,DMSPSAETEAPLAK,2,0.996771884939486,0.04925,0.42871,0.438719742574312,0.433384644047692,0.451127687354905,0.492708308813478

