protien,peptide,charge,rsquared,rateconstant,mo,io_e,io_a1a0,io_a2a0,io_a2a1
TBCD_MOUSE,LDGNLSTQTGETR,2,0.0185320417013595,0.02596,0.47204,0.628651238568233,0.779652938993884,0.421605088383055,0.145409037818094

