protien,peptide,charge,rsquared,rateconstant,mo,io_e,io_a1a0,io_a2a0,io_a2a1
PSA7_MOUSE,ALLEVVQSGGK,2,0.987801635966307,0.10461,0.53051,0.527364296568092,0.521572279551363,0.522764653393939,0.524966549749803
PSA7_MOUSE,GKDIVVLGVEK,3,0.946809954625191,0.25659,0.50676,0.515519721399264,0.515243242681806,0.499710200395684,0.478430305587715
PSA7_MOUSE,LTVEDPVTVEYITR,2,0.977999267320511,0.23217,0.38529,0.393803598727618,0.376633845342363,0.396224540121752,0.420656636531516
PSA7_MOUSE,LYQTDPSGTYHAWK,3,0.942705612693526,0.16075,0.36824,0.409472060064431,0.423067188451088,0.419126837366675,0.414566623963768
PSA7_MOUSE,NYTDDAIETDDLTIK,2,0.909630944269935,0.59419,0.38007,0.352291180572038,0.356536516964743,0.361364447858197,0.368273873810812
PSA7_MOUSE,RPFGISALIVGFDFDGTPR,3,0.699994256036617,0.0783,0.2878,0.318612249640266,0.346058999723647,0.29620664157953,0.241230388638847
PSA7_MOUSE,IcALDDNVcMAFAGLTADAR,2,0.224163549044463,0.15192,0.27584,0.294047944976497,0.305964265281205,0.245582843989487,0.162759851594971

