protien,peptide,charge,rsquared,rateconstant,mo,io_e,io_a1a0,io_a2a0,io_a2a1
HBB2_MOUSE,EKSAVScLWAKVNPDEVGGEALGR,3,-277.496045411918,0.01301,0.22791,0.249770226933794,0.25729430930148,0.234849876805728,0.206197629007082

