protien,peptide,charge,rsquared,rateconstant,mo,io_e,io_a1a0,io_a2a0,io_a2a1
COF1_MOUSE,AVLFcLSEDKK,3,-1.15543926877542,1.05103,0.45955,0.233888635191925,0.446822732517585,0.192464563200079,0.192464563200079
COF1_MOUSE,YALYDATYETK,2,0.975989955144577,0.33278,0.44997,0.453349251381885,0.45733538368929,0.442114316079031,0.422694272985737
COF1_MOUSE,LGGSAVISLEGKPL,2,0.989620089622663,0.1758,0.45603,0.477140609509045,0.466740091687547,0.474628717743208,0.484199027141762
COF1_MOUSE,HELQANcYEEVK,2,0.188179584585474,0.18417,0.41845,0.450157419788891,0.417830948759614,0.4892845825107,0.552918080767625
COF1_MOUSE,HELQANcYEEVKDR,3,0.980749615997057,0.19747,0.36313,0.365240996807162,0.380941249801736,0.328848326944004,0.258883849338436
COF1_MOUSE,HELQANcYEEVKDR,4,0.955701490966732,0.22281,0.36313,0.410336251920492,0.369992428252695,0.375308946061558,0.385336406820956
COF1_MOUSE,HELQANcYEEVKDR,2,0.893823711408832,0.15098,0.36313,0.409293762399035,0.356726037027486,0.369170775080242,0.387883580624487
COF1_MOUSE,EDLVFIFWAPENAPLK,2,0.982585469620492,0.28595,0.30962,0.297438650079895,0.305890858930578,0.28785001566682,0.267559792252375
COF1_MOUSE,KEDLVFIFWAPENAPLK,3,0.978730077627424,0.29839,0.2863,0.281797664642551,0.234927849844898,0.304260980818435,0.382085548009382
COF1_MOUSE,KEDLVFIFWAPENAPLK,2,0.596204372114965,0.09426,0.2863,0.350368388226115,0.362115020093941,0.306914019237247,0.246839573163783
COF1_MOUSE,NIILEEGKEILVGDVGQTVDDPYTTFVK,3,0.973193521376014,0.20616,0.16419,0.177134801329773,0.187516529167392,0.175734992038787,0.16353441715981
COF1_MOUSE,NIILEEGKEILVGDVGQTVDDPYTTFVK,4,-1.23004178695841,0.00418,0.16419,0.202651539541801,0.259132838879919,0.17157267840991,0.093029924500743

