protien,peptide,charge,rsquared,rateconstant,mo,io_e,io_a1a0,io_a2a0,io_a2a1
CYB5_MOUSE,STWVILHHK,3,0.817422411583348,0.20819,0.50318,0.502596763448526,0.497150062211681,0.507068682963028,0.519468798297907
CYB5_MOUSE,YYTLEEIQK,2,0.993810862598707,0.35384,0.49213,0.499612208562145,0.501872455923682,0.495091524652185,0.485526915963965
CYB5_MOUSE,TYIIGELHPDDR,2,0.990878288484961,0.25639,0.43629,0.436059358550535,0.436621809483731,0.44648154120131,0.458818454645792
CYB5_MOUSE,TYIIGELHPDDR,3,0.994128224224691,0.26803,0.43629,0.438494084135857,0.429712216272286,0.440894743654957,0.455942987547812
CYB5_MOUSE,FLEEHPGGEEVLR,2,0.95966102819228,0.26064,0.41444,0.427128928493268,0.429288894073654,0.420702863854635,0.410725644026357
CYB5_MOUSE,EQAGGDATENFEDVGHSTDAR,3,0.996445133314367,0.27573,0.30233,0.318410683261814,0.30997729082553,0.321401772018147,0.338191849026287
CYB5_MOUSE,EQAGGDATENFEDVGHSTDAR,2,0.875110638043306,0.27775,0.30233,0.33066869320473,0.299913704106617,0.328017386838865,0.365001033140897

