protien,peptide,charge,rsquared,rateconstant,mo,io_e,io_a1a0,io_a2a0,io_a2a1
AOFA_MOUSE,IFSVTNGGQER,2,-0.400524458816082,0.1064,0.50528,0.320499186561164,0.221524020038984,0.363954104115643,0.546854518521314
AOFA_MOUSE,EIPVDAPWQAR,2,0.429690195853797,0.06612,0.46805,0.471237637861065,0.47272119858368,0.464133654274253,0.455118012162915
AOFA_MOUSE,DVPALEITHTFLER,3,0.491278296172352,0.25693,0.38016,0.303905081098192,0.426580753164848,0.247296867268408,0.100432971773158

