protien,peptide,charge,rsquared,rateconstant,mo,io_e,io_a1a0,io_a2a0,io_a2a1
PDK2_MOUSE,QFLDFGSSNAcEK,2,0.916052439451847,0.38419,0.42019,0.446677128466908,0.457681498412176,0.419098700779067,0.356510312539102
PDK2_MOUSE,HYQTIQEAGDWcVPSTEPK,3,-1.61609818797267,0.01282,0.26998,0.292051501021041,0.230021699061367,0.314245854537658,0.3980075329052
PDK2_MOUSE,LFSYMYSTAPTPQPGTGGTPLAGFGYGLPISR,3,-0.0630201049325354,5E-05,0.13362,0.153833539818258,0.203528195363992,0.14117228547552,0.0835485834314197

