protien,peptide,charge,rsquared,rateconstant,mo,io_e,io_a1a0,io_a2a0,io_a2a1
SRPRB_MOUSE,AVVFVVDSAAFQR,2,0.0201444215982881,0.15916,0.42947,0.409507681167529,0.32609543840468,0.435089025003355,0.556296035332853
SRPRB_MOUSE,VGDGAGGAFQPYLDSLR,2,0.992799283789743,0.07501,0.36743,0.382447825185082,0.327443927257425,0.352306330477354,0.38318357357277
SRPRB_MOUSE,SAAPSTLDSSSTAPAQLGK,2,-1.6300568496466,0.19826,0.37069,0.316879369708118,0.225336159216962,0.361027486739375,0.566895670704904

