protien,peptide,charge,rsquared,rateconstant,mo,io_e,io_a1a0,io_a2a0,io_a2a1
CYTB_MOUSE,HDELSYF,2,0.711869289338632,0.17583,0.58102,0.600459610182305,0.583802737539705,0.603009779744122,0.631757449307706
CYTB_MOUSE,QIVAGTNLFIK,2,0.967856684656692,0.13157,0.48397,0.510930239728032,0.50339153251008,0.518368352466889,0.538550883959446

