protien,peptide,charge,rsquared,rateconstant,mo,io_e,io_a1a0,io_a2a0,io_a2a1
E41L1_MOUSE,YYLcLQLR,2,0.757363344474328,0.12599,0.50019,0.526528888646283,0.495875888160875,0.527824982275076,0.558055617323153
E41L1_MOUSE,AETMTVSSLAIR,2,0.193236758263746,0.03166,0.46931,0.506333131344419,0.489334203197774,0.528997193144979,0.595921224481934
E41L1_MOUSE,FYPPDPAQLTEDITR,2,-0.401377409688173,0.04366,0.35296,0.395754270186947,0.403354308569357,0.397434483847486,0.390603617332766
E41L1_MOUSE,DVLTSTYGATAETLSTSTTTHVTK,3,0.934322759640268,0.14472,0.24789,0.274147768573821,0.291378954756909,0.266191057010523,0.237352866339534

