protien,peptide,charge,rsquared,rateconstant,mo,io_e,io_a1a0,io_a2a0,io_a2a1
HTAI2_MOUSE,FFGSLPDSWASGYAVPVVTVVR,2,0.65211933536066,0.0911,0.2371,0.307842599186891,0.282110578316546,0.289294866796673,0.297460372369286

