protien,peptide,charge,rsquared,rateconstant,mo,io_e,io_a1a0,io_a2a0,io_a2a1
ITA1_MOUSE,HDFQDSVR,2,0.447569990540943,0.07903,0.56848,0.572449267098213,0.56794687741262,0.571386670415405,0.577242024893992
ITA1_MOUSE,HSFYMLDK,2,0.737432499140395,0.12393,0.51284,0.497003493648265,0.467410929950058,0.528437032512376,0.566503147448789
ITA1_MOUSE,YSSTEEVLVAANK,2,0.777131892122589,0.08211,0.44713,0.472695267676192,0.443922023731591,0.440470088875454,0.434993007278007
ITA1_MOUSE,GGFLAcGPLYAYR,2,0.443780743417735,0.0888,0.41209,0.407424402378564,0.409857349746636,0.400382358531302,0.386195614131134
ITA1_MOUSE,DIGDEINVFYTIR,2,0.663886760707428,0.13026,0.40103,0.383880138270631,0.379894586061079,0.401792762049554,0.42937215121203
ITA1_MOUSE,cVSDLTLDVSTTEK,2,-0.917020146632819,0.1286,0.41677,0.38604256980094,0.358348714546291,0.343389841680779,0.321576573116299
ITA1_MOUSE,QVIQDcEDENIQR,2,0.694482211962281,0.06006,0.40485,0.434895002618163,0.421263164322744,0.387835789831543,0.334129761596802
ITA1_MOUSE,SKEDSVYEADLQYR,2,-0.838680100456497,4E-05,0.38023,0.63415891307546,0.601390374478627,0.512516304902979,0.512516304902979
ITA1_MOUSE,VMVIVTDGESHDNYR,3,0.783132976970199,0.05684,0.36026,0.319074896070035,0.200796314750837,0.408108840364537,0.462026763845093
ITA1_MOUSE,TVVQYSPNLIFSGIEEIQK,2,0.7076081543595,0.05848,0.2766,0.344468901282507,0.340167634035338,0.341426400415617,0.34254789800015
ITA1_MOUSE,TVVQYSPNLIFSGIEEIQK,3,0.531583684414436,0.04459,0.2766,0.328485291689605,0.359180635411899,0.319729853378536,0.274779987194447

