protien,peptide,charge,rsquared,rateconstant,mo,io_e,io_a1a0,io_a2a0,io_a2a1
LSM12_MOUSE,EGSALSHVR,2,0.946172407590343,0.64765,0.58883,0.574137285236616,0.61404641031605,0.515800076128062,0.380919172734055

