protien,peptide,charge,rsquared,rateconstant,mo,io_e,io_a1a0,io_a2a0,io_a2a1
RET4_MOUSE,FSGLWYAIAK,2,-6.24585228446288,1.73417,0.47997,0.264893952281068,0.495279324439453,0.222689925885489,0.222689925885489
RET4_MOUSE,YWGVASFLQR,2,0.915480615219401,0.84878,0.46827,0.483055958608761,0.459048719096102,0.490679707842475,0.5280872405298
RET4_MOUSE,LQNLDGTcADSYSFVFSR,2,0.631989708711861,0.06409,0.29909,0.384390943961413,0.371608896340918,0.362266785233389,0.349108353192994

