protien,peptide,charge,rsquared,rateconstant,mo,io_e,io_a1a0,io_a2a0,io_a2a1
RAB1B_MOUSE,EFADSLGVPFLETSAK,2,0.976820506493559,0.26933,0.36356,0.358835328702929,0.350701187040494,0.370162370840245,0.394195813575906
RAB1B_MOUSE,NATNVEQAFMTMAAEIK,3,0.96768227965144,0.24944,0.31894,0.320616302091747,0.312932146847136,0.339054395358795,0.392773120853454
RAB1B_MOUSE,NATNVEQAFMTMAAEIK,2,0.705736204220753,0.24078,0.31894,0.337898674895743,0.339663885120533,0.346443861889448,0.361695453225852
RAB1B_MOUSE,GAHGIIVVYDVTDQESYANVK,3,0.859411948558031,0.14371,0.26572,0.29629864346085,0.262073796560575,0.272690674813617,0.285056484463333

