protien,peptide,charge,rsquared,rateconstant,mo,io_e,io_a1a0,io_a2a0,io_a2a1
HNRPQ_MOUSE,AGPIWDLR,2,-0.531167980332223,0.09153,0.57139,0.574948089450852,0.591813752765424,0.545385289937798,0.484757437560693
HNRPQ_MOUSE,LYNNHEIR,3,0.214285053851679,5.94573,0.54224,0.56211602006884,0.566039573232125,0.518447553801297,0.454276403314708
HNRPQ_MOUSE,LYNNHEIR,2,-2.21407700274226,0.04237,0.54224,0.34086762865379,0.56349169210482,0.239025257252442,0.239025257252442
HNRPQ_MOUSE,LMMDPLTGLNR,2,-49.1341362900165,0.27461,0.4494,0.2839896485663,0.12192614633384,0.468467081824626,0.526969846116465
HNRPQ_MOUSE,TGYTLDVTTGQR,2,-2.63397216852313,2.771,0.47922,0.312183360867817,0.274089606411466,0.296021690898107,0.321776398964891
HNRPQ_MOUSE,NLANTVTEEILEK,2,0.930909399468018,0.37431,0.43403,0.428996736869432,0.428556648868066,0.425132594921871,0.421234438973087

