protien,peptide,charge,rsquared,rateconstant,mo,io_e,io_a1a0,io_a2a0,io_a2a1
HNRPF_MOUSE,YGDSEFTVQSTTGH,2,0.808850569395148,0.27435,0.42189,0.525865051150283,0.502114347556914,0.49645502136436,0.488577622914801
HNRPF_MOUSE,DLSYcLSGMYDHR,3,0.980587423952769,0.32249,0.37886,0.383542411358403,0.359544246892776,0.388136549265075,0.465463062813313
HNRPF_MOUSE,HSGPNSADSANDGFVR,2,0.958651984159189,0.41395,0.40776,0.416195139386301,0.414739613991642,0.375844835742709,0.327568774531622
HNRPF_MOUSE,ITGEAFVQFASQELAEK,2,-26.1775544745995,1.96898,0.33419,0.00504834927880496,4.14096541914403E-20,0.0453793522163863,0.165860473275372
HNRPF_MOUSE,YGDSEFTVQSTTGHcVH,3,0.961595182248537,0.27159,0.33344,0.357251623990251,0.346043451650184,0.345794601695528,0.345794601695528
HNRPF_MOUSE,SGAYSAGYGGYEEYSGLSDGYGFTTDLFGR,3,0.883393206603493,0.35554,0.15976,0.166698337556332,0.151428409522776,0.150540286468376,0.149728502733572

