protien,peptide,charge,rsquared,rateconstant,mo,io_e,io_a1a0,io_a2a0,io_a2a1
CHM4B_MOUSE,EALENANTNTEVLK,2,0.879214951198451,0.30413,0.42406,0.468563614848829,0.437275810124586,0.450977237875265,0.470266635675646

