protien,peptide,charge,rsquared,rateconstant,mo,io_e,io_a1a0,io_a2a0,io_a2a1
GSTA1_MOUSE,FLQPGSQR,2,0.911072794370555,0.19113,0.58083,0.591989469302376,0.597664895641741,0.581934742989907,0.561281162746017
GSTA1_MOUSE,SHGQDYLVGNR,2,0.981300096292439,0.18491,0.49618,0.483767283966591,0.488191957339648,0.470627569555491,0.447322060275045
GSTA1_MOUSE,SHGQDYLVGNR,3,0.989736861407995,0.16858,0.49618,0.494441908055259,0.496399488232764,0.485376232117465,0.470627569555491
GSTA1_MOUSE,WLLAAAGVEFEEK,2,0.9422758953071,0.10843,0.41168,0.464977914319571,0.460821501088867,0.456537679986205,0.451469838791448
GSTA1_MOUSE,DGNLMFDQVPMVEIDGMK,3,0.731998041313199,0.15425,0.27585,0.296087004857996,0.295492117205821,0.282322935053414,0.25877966800026

