protien,peptide,charge,rsquared,rateconstant,mo,io_e,io_a1a0,io_a2a0,io_a2a1
NHRF2_MOUSE,SVDPGSPASHSGLR,3,0.887698948693759,0.06269,0.46865,0.524070125242303,0.519553533561327,0.508907405899344,0.492417449855919
NHRF2_MOUSE,SDLPGSEKDNEDGSTWK,3,0.895908105746133,0.11082,0.35642,0.349911959734761,0.298953171346819,0.301337223197304,0.303221630416167

