protien,peptide,charge,rsquared,rateconstant,mo,io_e,io_a1a0,io_a2a0,io_a2a1
SAM50_MOUSE,NSSILPR,2,0.780750650360696,0.08698,0.64177,0.662814120730189,0.659783552157134,0.664604246184019,0.673007609391695
SAM50_MOUSE,PGQGGFGELFR,2,-7.26867321583133,21.03842,0.49991,0.158730775290414,0.403799582790832,0.15399422103136,0.15399422103136
SAM50_MOUSE,VTFQFSYGTK,2,-0.300914993237329,0.02434,0.48744,0.501240893796054,0.504796084660984,0.497180175166393,0.486904000576772
SAM50_MOUSE,SSLSHAMVIDSR,3,0.919672677969753,0.07682,0.46617,0.50802240860952,0.497924015612836,0.513821469934006,0.561931374947278
SAM50_MOUSE,SSLSHAMVIDSR,2,0.972086824840878,0.09711,0.46617,0.50949267379914,0.505648173798085,0.496201498109723,0.476774559265225
SAM50_MOUSE,GVSAEYSFPLWK,2,0.703622493422213,0.23813,0.42512,0.400905137899631,0.454505000844883,0.358388701085618,0.252539839408868
SAM50_MOUSE,DVVVQHVHFDGLGR,4,0.969416676913648,0.08747,0.39649,0.421682268574397,0.434182230287738,0.39649,0.352391702228603
SAM50_MOUSE,DVVVQHVHFDGLGR,3,0.701221635958578,0.0802,0.39649,0.464179601343934,0.453380017537091,0.453364626741004,0.452283680194573
SAM50_MOUSE,TKDDIIIcEIGEVFK,3,0.93192791682047,0.09179,0.34985,0.363206817823008,0.354289807925544,0.380448176619779,0.42316819475253
SAM50_MOUSE,VNQELAGYTGGDVSFIK,2,0.937046736516753,0.07155,0.35056,0.398191895198187,0.41745472912839,0.371771479053113,0.317775340314973
SAM50_MOUSE,LELNYcIPMGVQGGDR,2,0.91202846019172,0.07029,0.33623,0.374656098340989,0.384404471153671,0.340152802699059,0.267915905111196
SAM50_MOUSE,LTGSYNTMVGNNEGSMVLGLK,2,0.60556752175487,0.02592,0.26793,0.359088643522002,0.350859299694607,0.350451033316093,0.350451033316093

