protien,peptide,charge,rsquared,rateconstant,mo,io_e,io_a1a0,io_a2a0,io_a2a1
PSD12_MOUSE,LAGVINFQR,2,-2.0404459319425,0.06769,0.54641,0.429528102444963,0.398339176950558,0.426250012624004,0.459000785746528
PSD12_MOUSE,LNSLMSLVNK,2,0.369956319534715,0.04334,0.50525,0.56988817674828,0.584811528390372,0.520569638462245,0.390081796230038
PSD12_MOUSE,FFQEENTENLK,2,0.373644800544381,0.03648,0.44378,0.583373570806394,0.559731463273654,0.546928608160304,0.546928608160304
PSD12_MOUSE,DPNNLLNDWSQK,2,0.226618825355067,0.0616,0.43872,0.385156335563897,0.467672807884107,0.327566966578032,0.179101921978315
PSD12_MOUSE,WSTLVEDYGVELR,2,-4.66006302841256,0.01419,0.39658,0.323677623905829,0.308350732436407,0.337036988226395,0.371206433175419
PSD12_MOUSE,EWDLLNENIMLLSK,2,0.920420569005961,0.15856,0.34956,0.361857834131277,0.376764312055231,0.31396591082437,0.23464042785287
PSD12_MOUSE,GSSETPATDVFSSTEEGEKR,3,-335.171760237035,0.00154,0.31424,0.421692834072616,0.418467940148872,0.343120885939708,0.249815900770606

