protien,peptide,charge,rsquared,rateconstant,mo,io_e,io_a1a0,io_a2a0,io_a2a1
THIOM_MOUSE,TTFNVQDGPDFQDR,2,0.636935052159331,0.0313,0.39412,0.426618397148962,0.427307411558147,0.425833143900364,0.423715300877234
THIOM_MOUSE,FVGIKDEDQLEAFLK,3,0.723229990389385,0.22096,0.35078,0.355645415272768,0.345820717985106,0.364722244985709,0.388144526816593
THIOM_MOUSE,VVNSETPVVVDFHAQWcGPcK,3,-1.69425068713714,0.05427,0.23653,0.226217004898538,0.206084160224462,0.215170876117806,0.227590475926732
THIOM_MOUSE,VDIDDHTDLAIEYEVSAVPTVLAIK,3,-7.8439386664205,3E-05,0.2039,0.340153332532708,0.434629139659898,0.312798814809563,0.193638040494254

