protien,peptide,charge,rsquared,rateconstant,mo,io_e,io_a1a0,io_a2a0,io_a2a1
CAH4_MOUSE,ILVGYDQK,2,0.475533549050606,0.37163,0.5725,0.609316754492214,0.608444422656223,0.578830072931394,0.537010152963166
CAH4_MOUSE,DSGWcYEIQTK,2,0.782985805033173,0.20711,0.44522,0.471266683962823,0.489670126030667,0.438061241768218,0.351135859527546
CAH4_MOUSE,ENQQSPINIVTAR,2,0.923534531901136,0.54744,0.4397,0.445760742589103,0.469899834471615,0.419704340565377,0.356973370701656

