protien,peptide,charge,rsquared,rateconstant,mo,io_e,io_a1a0,io_a2a0,io_a2a1
RS3_MOUSE,QGVLGIK,2,-1.99065215698937,0.18516,0.65686,0.724954037551901,0.716136142996667,0.725593279450144,0.725593279450144
RS3_MOUSE,TEIIILATR,2,0.891849845360905,0.10755,0.54714,0.583371272011968,0.585054535242403,0.569726502700173,0.54714
RS3_MOUSE,AELNEFLTR,2,0.98108416775185,0.1584,0.53117,0.515662423299426,0.514232758958708,0.518875125291296,0.526408994843531
RS3_MOUSE,IMLPWDPSGK,2,0.897179534267368,0.09905,0.48115,0.499387407572744,0.492405415991616,0.510846267961251,0.552832973938424
RS3_MOUSE,GLcAIAQAESLR,2,0.772576348873253,0.08323,0.48078,0.459862291073462,0.445400008658598,0.477807627713618,0.554299368768198
RS3_MOUSE,ELAEDGYSGVEVR,2,0.992039159279105,0.1261,0.44976,0.465502785554707,0.459770064106138,0.464843646532866,0.471860415893091
RS3_MOUSE,KPLPDHVSIVEPK,3,0.566943598587176,0.12068,0.41835,0.436715277465214,0.409361482358475,0.425776306291837,0.444896598244738
RS3_MOUSE,DEILPTTPISEQK,2,0.937004967841412,0.09904,0.43087,0.490415104160594,0.453596004208143,0.516808159364015,0.552582778376548
RS3_MOUSE,FGFPEGSVELYAEK,2,0.97892233173264,0.16458,0.3865,0.390558782680242,0.397606009452782,0.393872872261657,0.388592862305411
RS3_MOUSE,GGKPEPPAMPQPVPTA,2,0.982278157039805,0.09576,0.38129,0.387045230371984,0.380336694518678,0.382703535897095,0.385545920119743
RS3_MOUSE,FVDGLMIHSGDPVNYYVDTAVR,3,0.565509245227278,0.26816,0.22425,0.144259987787543,0.0687511873105101,0.137549519723425,0.250833308689994

