protien,peptide,charge,rsquared,rateconstant,mo,io_e,io_a1a0,io_a2a0,io_a2a1
PRS6A_MOUSE,VTHELQAMK,2,0.766772646185077,0.05268,0.52448,0.575338122390582,0.553115241557567,0.597542933501486,0.621160273363033
PRS6A_MOUSE,VDILDPALLR,2,0.960711278895363,0.2797,0.51397,0.524159072378145,0.522203646389331,0.529928530223351,0.539909324501359
PRS6A_MOUSE,MNVSPDVNYEELAR,2,0.432500950242925,0.21523,0.38069,0.444810036910923,0.396293683883923,0.437411307556947,0.508055002695395
PRS6A_MOUSE,LAGPQLVQMFIGDGAK,2,0.970244786959879,0.33789,0.36284,0.3404474413637,0.311562324444636,0.3234457210661,0.339944834611872
PRS6A_MOUSE,QTYFLPVIGLVDAEK,2,0.968255633514191,0.378,0.35776,0.380277293429676,0.357579071265525,0.371162022224,0.386813192812372
PRS6A_MOUSE,QTYFLPVIGLVDAEK,3,0.965775280790663,0.29802,0.35776,0.361306631601893,0.332901440380673,0.341657621735648,0.352043315468002
PRS6A_MOUSE,QIQELVEAIVLPMNHK,3,0.966442341696883,0.25284,0.32143,0.350900198249909,0.309093032231234,0.34789378210874,0.40730620917723
PRS6A_MOUSE,DSYLILETLPTEYDSR,2,0.971988174982055,0.22713,0.3293,0.359024003018502,0.353385142581828,0.367218650204236,0.38572009811581
PRS6A_MOUSE,EKAPSIIFIDELDAIGTK,3,0.6654007610334,0.18941,0.31457,0.285357082665039,0.219098689064675,0.316653144937506,0.436862472916032
PRS6A_MOUSE,AMEVDERPTEQYSDIGGLDK,3,-0.0110039052269395,2E-05,0.27248,0.301367621032224,0.303206399761125,0.278262033994703,0.246319216851369

