protien,peptide,charge,rsquared,rateconstant,mo,io_e,io_a1a0,io_a2a0,io_a2a1
HMGN5_MOUSE,LSAMPVPFTPELKPK,3,0.799125123931433,0.08305,0.3501,0.361044390960542,0.315417072674144,0.345749233592857,0.388780621786257

