protien,peptide,charge,rsquared,rateconstant,mo,io_e,io_a1a0,io_a2a0,io_a2a1
ACSF2_MOUSE,GYcVMQGYWGEPQK,2,0.324482262695749,0.07425,0.34711,0.472850417324262,0.468512497734072,0.381639494044873,0.23787408669076
ACSF2_MOUSE,FLScYDPINIQFTSGTTGNPK,3,0.560186091248723,0.07149,0.2487,0.234861374558485,0.1794096597569,0.258585938577693,0.335225534622125

