protien,peptide,charge,rsquared,rateconstant,mo,io_e,io_a1a0,io_a2a0,io_a2a1
FUBP1_MOUSE,GTPQQIDYAR,2,0.891624886409896,0.43119,0.5202,0.513388035258761,0.528142378624212,0.494501266481113,0.44981315189995
FUBP1_MOUSE,ScMLTGTPESVQSAK,2,0.61878952840032,0.19237,0.39513,0.406872306084018,0.332275074257233,0.379395821967497,0.527326100541205
FUBP1_MOUSE,MVMIQDGPQNTGADKPLR,3,0.744243221934963,0.34441,0.30354,0.346304526635149,0.354137131295137,0.367791343570404,0.399802098929357
FUBP1_MOUSE,IGGDAGTSLNSNDYGYGGQK,2,0.865261391791978,0.3055,0.33308,0.331143254867897,0.302447416457014,0.272104048977494,0.237926909079031

