protien,peptide,charge,rsquared,rateconstant,mo,io_e,io_a1a0,io_a2a0,io_a2a1
FAS_MOUSE,QVQPEGPYR,2,-21.1734781010576,2.77941,0.53684,0.236231997521827,0.455255392488296,0.165370281887691,0.165370281887691
FAS_MOUSE,EAVLAAYWR,2,0.609876624511207,0.08727,0.51756,0.536299825546429,0.496848250325831,0.599224360896976,0.637857430347125
FAS_MOUSE,VQEVQQVSTNK,2,0.811816183415673,0.22006,0.49669,0.563889415036361,0.527956309032011,0.574047126934096,0.61825889682006
FAS_MOUSE,VTAIYIDPATHR,3,0.171247239952766,0.29265,0.44931,0.39605927739165,0.339706333160823,0.393584111212234,0.459300878209326
FAS_MOUSE,GVDLVLNSLAEEK,2,0.96592707292067,0.22606,0.45293,0.453812436846814,0.430901081686362,0.410185243063486,0.384456056977432
FAS_MOUSE,DNLEFFLTNLGK,2,0.839311745474546,0.42206,0.43071,0.449544144101946,0.427797995214557,0.460579123325498,0.495100728022018
FAS_MOUSE,LDPGSPELQQVLK,2,0.726949189858231,0.2203,0.43728,0.523554375134275,0.511613925988527,0.481357924536488,0.441851238980404
FAS_MOUSE,GNAGQTNYGFANSTMER,2,0.46257104945017,0.11854,0.35088,0.437780872083504,0.388193650283759,0.432107081724023,0.502056024108577

