protien,peptide,charge,rsquared,rateconstant,mo,io_e,io_a1a0,io_a2a0,io_a2a1
PODXL_MOUSE,DRWDDLTEAGVSDMK,3,0.704914962287432,0.17154,0.36407,0.370722793331503,0.342466019612565,0.349221485943598,0.358432028945802

