protien,peptide,charge,rsquared,rateconstant,mo,io_e,io_a1a0,io_a2a0,io_a2a1
TIM9_MOUSE,FQEYHIQQNEALAAK,3,0.932949540031254,0.07343,0.34987,0.334703491511685,0.290942983097348,0.352609810093918,0.429983938804712
TIM9_MOUSE,FQEYHIQQNEALAAK,2,0.082707434578834,0.05349,0.34987,0.471710778208857,0.503707755702227,0.382669847249146,0.241104944196663

