proteinName,peptideSeq,charge,old_Rsquared,new_Rsquared,NDP,rateconstant,sigma,Abundance,MassToCharge,RMSE,selected_A1A0_count, selected_A2A0_count, selected_A2A1_count,improved_timePoints,new_k,I0_percentatediffI0_percentatediff,selected_io_t,i0,I0_asymptote,new_rmse,lowerci_old,upperci_old,sigma_old,lowerci_new,upperci_new,sigma_new,old_pearson,new_pearson
ITM2B_MOUSE,IENVDNLGFFIYR,2,0.116046000832224,0.884490584832354,6,0.13559,0.039963725843715,8827821.83333333,800.41193,0.0355601096222215,2,1,1,1| 7| 13| 24,NaN,,0.373114189288633| 0.342837547639745| 0.278396586487577| NaN| NaN| 0.234224420262808| NaN| 0.233678747379207| NaN| NaN| 0.143485194764225| NaN,0.373114189288633,0.152475093950302,0.0182443254221992,0,0.274262139908804,0.0539458180375437,0.0494476994305336,0.221732300569466,0.0335108182141842,0.78546799294997,0.947307056492422

