proteinName,peptideSeq,charge,old_Rsquared,new_Rsquared,NDP,rateconstant,sigma,Abundance,MassToCharge,RMSE,selected_A1A0_count, selected_A2A0_count, selected_A2A1_count,improved_timePoints,new_k,I0_percentatediffI0_percentatediff,selected_io_t,i0,I0_asymptote,new_rmse,lowerci_old,upperci_old,sigma_old,lowerci_new,upperci_new,sigma_new,old_pearson,new_pearson
KV2A7_MOUSE,FSGSGSGTDFTLK,2,0.839530902570535,0.965530780928234,12,0.09729,0.0141994128216884,15054104.3333333,652.31189,0.035627855279716,3,4,2,0| 1| 2| 3| 7| 9| 13| 16| 24,0.100935278001418,-0.0287227260733897|0.0600916665971267|,0.474113836042132| 0.446207706479125| 0.409207061756131| 0.389714250622576| 0.328768091529974| 0.335756358015727| 0.324173063362348| 0.273217750785055| 0.251551163301842| 0.270184823216803| 0.247713581697915| 0.213043226524983,0.474113836042132,0.203092862574702,0.0149285512415564,0.0646476227051677,0.129932377294832,0.0148308029996808,0.0836124042461642,0.110967595753836,0.00621430621618736,0.9176417070938,0.98629418186024

