proteinName,peptideSeq,charge,old_Rsquared,new_Rsquared,NDP,rateconstant,sigma,Abundance,MassToCharge,RMSE,selected_A1A0_count, selected_A2A0_count, selected_A2A1_count,improved_timePoints,new_k,I0_percentatediffI0_percentatediff,selected_io_t,i0,I0_asymptote,new_rmse,lowerci_old,upperci_old,sigma_old,lowerci_new,upperci_new,sigma_new,old_pearson,new_pearson
KV5A3_MOUSE,FSGSGSGTQYSLK,2,0.411563977429029,0.887840288255864,5,0.08642,0.0161660252478671,6735541.2,659.81732,0.0322484536484215,1,0,2,2| 13| 31,NaN,,NaN| 0.408328969398405| 0.446349833481376| NaN| NaN| NaN| 0.310509949963278| 0.272047127496274| NaN| NaN| NaN| 0.229552787558244,NaN,NaN,0.0176802902054999,0.00867849009861887,0.164161509901381,0.0280003770857471,0.0437980352058077,0.129041964794192,0.015351272285382,0.910438334278146,0.970294687318643
KV5A3_MOUSE,SPQLLVYNAK,2,-0.0370978780161069,-0.379716797580982,2,7.92788,NaN,15978124.5,566.82166,0.0368229380109743,0,1,1,9| 21,NaN,,NaN| NaN| NaN| NaN| NaN| NaN| 0.213007239350583| NaN| NaN| 0.293077314739038| NaN| NaN,NaN,NaN,0.0191981593629315,NaN,NaN,NaN,NaN,NaN,NaN,-2,-2

