proteinName,peptideSeq,charge,old_Rsquared,new_Rsquared,NDP,rateconstant,sigma,Abundance,MassToCharge,RMSE,selected_A1A0_count, selected_A2A0_count, selected_A2A1_count,improved_timePoints,new_k,I0_percentatediffI0_percentatediff,selected_io_t,i0,I0_asymptote,new_rmse,lowerci_old,upperci_old,sigma_old,lowerci_new,upperci_new,sigma_new,old_pearson,new_pearson
LTOR2_MOUSE,AQALVQYLEEPLTQVAAS,2,-31.8392071231467,-3.11258817255379,2,0.00883,0.0287494567681907,9748116,966.00964,0.0238181299906807,0,0,2,0| 3,NaN,,0.310436469309804| NaN| NaN| 0.287972381058128| NaN| NaN| NaN| NaN| NaN| NaN| NaN| NaN,0.310436469309804,0.0390802831133204,0.00929909719129618,0,1.7263154898213,0.135169039496599,0,0.249647013395702,0.0189527099868095,1,1
LTOR2_MOUSE,ALTQVLSQANTGGVQSTLLLNNEGSLLAYSGYGDTDAR,3,-22.6869376327965,-215.747643327437,2,0.00053,0.263435011628739,502540.5,1299.98706,0.0286335711904053,1,0,0,1,NaN,,0.166735209632495| 0.15982281086831| NaN| NaN| NaN| NaN| NaN| NaN| NaN| NaN| NaN| NaN,0.11254,0.00378926550838758,0.020773054240562,0,11.76669165527,0.926017005051978,0,8.54176617979194,0.67220986574751,-2,-2
LTOR2_MOUSE,ETVGFGMLK,2,-1.15464113882822,-3.60953360903477,2,2.37383,7.2951738571932,11038711,491.25732,0.0275201461029073,1,0,1,2| 31,NaN,0.0310031073389149|,NaN| NaN| 0.30142991874251| NaN| NaN| NaN| NaN| NaN| NaN| NaN| NaN| 0.315547365385275,NaN,NaN,0.00618698448652946,1.62645689139033,3.12120310860966,0.0588195392829004,0,9.84147168254391,0.587716146375856,1,-1

