proteinName,peptideSeq,charge,old_Rsquared,new_Rsquared,NDP,rateconstant,sigma,Abundance,MassToCharge,RMSE,selected_A1A0_count, selected_A2A0_count, selected_A2A1_count,improved_timePoints,new_k,I0_percentatediffI0_percentatediff,selected_io_t,i0,I0_asymptote,new_rmse,lowerci_old,upperci_old,sigma_old,lowerci_new,upperci_new,sigma_new,old_pearson,new_pearson
MBOA5_MOUSE,VWLFETTPR,2,0.689204661097514,0.873004442069441,8,0.60743,0.165182595402564,14628626.25,574.80859,0.024800597801053,3,0,1,0| 3| 7| 21,NaN,,0.46964018251958| 0.379704595634138| NaN| 0.360680439312316| 0.310509825293037| 0.324275328843936| NaN| NaN| 0.284976916418793| 0.283283740876352| 0.304843994171092| NaN,0.46964018251958,0.279744456787104,0.0170308746704223,0.0960213988996811,1.11883860110032,0.216274784834718,0.256239441587505,0.958620558412495,0.148518547191481,0.903447114249921,0.958693537496343
MBOA5_MOUSE,LATSLGASEQALR,2,0.883174836146456,0.93544771099622,6,0.2073,0.0214101385573892,29921540,658.86206,0.0265424896285476,2,2,1,1| 2| 3| 7| 9,NaN,0.0251450906743106|0.0144816864718474|,0.513135636389822| 0.388172634084287| 0.340336421176696| 0.298185866384533| NaN| 0.208466235685623| 0.180355388367005| NaN| NaN| NaN| NaN| NaN,0.513135636389822,0.113677833531143,0.0200547818162945,0.127306721553235,0.287293278446765,0.0311187441554857,0.146859258815928,0.267740741184072,0.0235124750228452,0.971728453616643,0.985172906024513
MBOA5_MOUSE,GQLTDIPGK,2,0.141836071616348,0.94305320225106,3,0.99077,0.539928082545574,50958663.3333333,464.75854,0.0569613258447868,0,2,1,1| 9| 24,NaN,,NaN| 0.401878145742814| NaN| NaN| NaN| NaN| 0.287377273441544| NaN| NaN| NaN| 0.293363805145011| NaN,NaN,NaN,0.00627872993811842,0,11.0522648367677,2.33843990410878,0.363521616271581,1.61801838372842,0.145781782338964,0.452567531725441,0.998906302291563

