proteinName,peptideSeq,charge,old_Rsquared,new_Rsquared,NDP,rateconstant,sigma,Abundance,MassToCharge,RMSE,selected_A1A0_count, selected_A2A0_count, selected_A2A1_count,improved_timePoints,new_k,I0_percentatediffI0_percentatediff,selected_io_t,i0,I0_asymptote,new_rmse,lowerci_old,upperci_old,sigma_old,lowerci_new,upperci_new,sigma_new,old_pearson,new_pearson
NT8F3_MOUSE,GQTVGMVAAR,2,0.936821487445088,0.985326880254328,3,0.03745,0.00368410214898876,137300233.333333,495.26349,0.0128126158813779,2,1,0,1| 2| 24,NaN,0.00449950580472595|,NaN| 0.553779385706535| 0.544612018665093| NaN| NaN| NaN| NaN| NaN| NaN| NaN| 0.348856673198909| NaN,NaN,NaN,0.00572441736519703,0,0.160457015533856,0.0285886459493633,0.020102493135883,0.054797506864117,0.00403181663818101,0.999770463878572,0.99985081457023
NT8F3_MOUSE,TGETFYTYLSR,2,0.976118323146699,0.987553863108103,2,0.19559,0.0089906385456357,222651200,669.32227,0.0035558618676619,0,2,0,3| 16,NaN,0.0161551964724209|0.00195757494623468|,NaN| NaN| NaN| 0.358891839733084| NaN| NaN| NaN| NaN| 0.251567143892306| NaN| NaN| NaN,NaN,NaN,0.00244405701089319,0,0.989997838579773,0.0625212528116144,0,0.794605421301204,0.0471435360710725,1,1
NT8F3_MOUSE,TYLSSHSScFWVAESR,3,-2.31229568105216,-0.743764432972207,2,0.40909,1.24135135224753,3326833.5,639.62469,0.00712283148374784,1,1,0,16| 24,NaN,,NaN| NaN| NaN| NaN| NaN| NaN| NaN| NaN| 0.0739223203061746| NaN| 0.0948297506692659| NaN,NaN,NaN,0.00563558423694486,0,1.18644792642783,0.061179395624035,0,1.22200119446429,0.0639774985017216,-1,-1

