proteinName,peptideSeq,charge,old_Rsquared,new_Rsquared,NDP,rateconstant,sigma,Abundance,MassToCharge,RMSE,selected_A1A0_count, selected_A2A0_count, selected_A2A1_count,improved_timePoints,new_k,I0_percentatediffI0_percentatediff,selected_io_t,i0,I0_asymptote,new_rmse,lowerci_old,upperci_old,sigma_old,lowerci_new,upperci_new,sigma_new,old_pearson,new_pearson
OSBP1_MOUSE,ITSNAMINAcR,2,-0.113009559787234,0.486461184240855,6,0.19142,0.0548280435562772,11272960.8333333,625.80261,0.0560182854015021,1,0,4,1| 2| 6| 7| 21,NaN,,0.509395010834674| 0.384464859514241| 0.349932500797364| NaN| 0.27585531611533| 0.252575743969693| NaN| NaN| NaN| 0.306640795546433| NaN| NaN,0.509395010834674,0.180737041898804,0.0430909702632067,0.0392350916682962,0.343604908331704,0.0592025144944141,0.0439680521026603,0.33887194789734,0.0573613124870101,0.717262521679615,0.848641239750569
OSBP1_MOUSE,IPMPVNFNEPLSMLQR,2,0.738425640775471,0.940485682849296,3,0.08661,0.0181001731812998,24569216.6666667,943.48676,0.0103308009994886,1,1,1,0| 1| 3,NaN,0.02904698086187|,0.314236464597178| 0.283826892072051| NaN| 0.247747174373819| NaN| NaN| NaN| NaN| NaN| NaN| NaN| NaN,0.314236464597178,0.0764909343229457,0.00331499264435581,0,0.657365120423938,0.13265191412676,0.0253970621000822,0.147822937899918,0.0142267902488817,0.996995217381719,0.994155642721651

