proteinName,peptideSeq,charge,old_Rsquared,new_Rsquared,NDP,rateconstant,sigma,Abundance,MassToCharge,RMSE,selected_A1A0_count, selected_A2A0_count, selected_A2A1_count,improved_timePoints,new_k,I0_percentatediffI0_percentatediff,selected_io_t,i0,I0_asymptote,new_rmse,lowerci_old,upperci_old,sigma_old,lowerci_new,upperci_new,sigma_new,old_pearson,new_pearson
PA1B2_MOUSE,IIVLGLLPR,2,0.928429402449351,0.976978013471946,11,0.10363,0.00846657242354882,27526652.7272727,497.34457,0.017380880671363,2,0,5,3| 7| 9| 13| 21| 24| 31,NaN,-0.00672782375139324|-0.0159990181141851|-0.0374361428555962|,0.55343606987204| NaN| 0.508278263330349| 0.488268998790116| 0.414924544640984| 0.417956743122879| 0.417957034752749| 0.37875543830394| 0.351072458919531| 0.34575484518244| 0.340819827012898| 0.334780573044107,0.55343606987204,0.31449142975883,0.0103065699730327,0.0855814584947296,0.12167854150527,0.00810027682716574,0.0929275183793914,0.114332481620609,0.00480332794975526,0.970548558419081,0.989682099947331
PA1B2_MOUSE,ELFSPLHALNFGIGGDTTR,3,0.947946527379255,0.985167867933733,10,0.17792,0.0150067084752607,14479952.2,682.35321,0.0163653494010077,2,3,2,1| 2| 3| 6| 7| 21| 31,NaN,-0.00111982940192578|,0.321523794424692| 0.306497389356843| 0.235793390390388| 0.209198188878171| 0.145753221544507| 0.136696852776393| 0.119998437512907| NaN| 0.0833759951432937| 0.0872318765298458| NaN| 0.0699515025084932,0.321523794424692,0.067951937291731,0.0096915753156747,0.142024478979106,0.213815521020894,0.0158678281135415,0.156662638672416,0.199177361327584,0.0093969427410513,0.986848626838125,0.992671456439134
PA1B2_MOUSE,DKEPDVLFVGDSMVQLMQQYEIWR,3,-0.206564720843375,0.620794102829329,3,0.16111,0.0336491084852983,2689633.33333333,976.14197,0.0113934816973676,1,0,2,0| 2| 3,NaN,,0.151632261319392| NaN| 0.114041183585848| 0.113433687255358| NaN| NaN| NaN| NaN| NaN| NaN| NaN| NaN,0.151632261319392,0.0200092801448041,0.00550076454030576,0,0.460099920629329,0.0694896705379171,0,0.406191201533106,0.0569604885466557,0.983781743507306,0.965783616410496

