proteinName,peptideSeq,charge,old_Rsquared,new_Rsquared,NDP,rateconstant,sigma,Abundance,MassToCharge,RMSE,selected_A1A0_count, selected_A2A0_count, selected_A2A1_count,improved_timePoints,new_k,I0_percentatediffI0_percentatediff,selected_io_t,i0,I0_asymptote,new_rmse,lowerci_old,upperci_old,sigma_old,lowerci_new,upperci_new,sigma_new,old_pearson,new_pearson
PGRC1_MOUSE,GLATFcLDK,2,-1.42871367482569,-0.568136195538158,4,1.92471,1.61760200591144,55647087.5,512.76025,0.0519308475291423,0,3,1,0| 1| 6| 7,NaN,-0.0151684585858215|,0.426475292908472| 0.353693132572942| NaN| NaN| 0.30982291168031| 0.309825658186732| NaN| NaN| NaN| NaN| NaN| NaN,0.54412,0.324108880569761,0.0344659168503591,0,5.25044502103784,1.04502470813543,0,4.32873574143715,0.755401823327296,0.852369653456876,0.970973635719925
PGRC1_MOUSE,FYGPEGPYGVFAGR,2,0.946335691361112,0.986269544021441,8,0.22571,0.0200003897432423,54081282.5,758.86462,0.0170556388698892,1,1,1,1| 2| 6,NaN,,0.411620916575436| 0.338313557761739| 0.305895227339658| NaN| 0.186387897924521| 0.180860529022114| 0.16155620878672| 0.1504810725949| NaN| NaN| NaN| 0.143483168466084,0.411620916575436,0.120967963610885,0.00914565993015918,0.170456844422577,0.280963155577423,0.0233665689396613,0.196081876724512,0.255338123275488,0.0125297383983688,0.985003652728983,0.995735865784096
PGRC1_MOUSE,EALKDEYDDLSDLTPAQQETLSDWDSQFTFK,3,0.43311898597225,0.619077617733808,2,0.18757,0.114256058120539,4846516.5,1212.5564,0.011057939116433,0,1,1,0| 1,NaN,,0.118524730367334| 0.0997201086947015| NaN| NaN| NaN| NaN| NaN| NaN| NaN| NaN| NaN| NaN,0.118524730367334,0.00771659170714778,0.00236906635679952,0,8.66114662224201,0.666884943085287,0,7.48946294150183,0.574671437551702,1,1

