proteinName,peptideSeq,charge,old_Rsquared,new_Rsquared,NDP,rateconstant,sigma,Abundance,MassToCharge,RMSE,selected_A1A0_count, selected_A2A0_count, selected_A2A1_count,improved_timePoints,new_k,I0_percentatediffI0_percentatediff,selected_io_t,i0,I0_asymptote,new_rmse,lowerci_old,upperci_old,sigma_old,lowerci_new,upperci_new,sigma_new,old_pearson,new_pearson
PP1G_MOUSE,NVQLQENEIR,2,0.821632362238368,0.860598201827973,4,0.08037,0.00958521249876214,14588952.5,621.82544,0.0239561625756391,0,1,0,9,NaN,,0.500230115346785| NaN| NaN| NaN| NaN| NaN| 0.317036758065357| 0.268135086296852| NaN| NaN| 0.274319207955813| NaN,0.500230115346785,0.154098231824315,0.0203588397961433,0.0190539591867043,0.141686040813296,0.0192669521924025,0.0282613432854605,0.132478656714539,0.0163737740469317,0.926267844176225,0.96014313986348
PP1G_MOUSE,IcGDIHGQYYDLLR,3,NaN,NaN,1,0.33945,0.00266417680597239,16617010,574.94714,0.000498226702866118,NaN,NaN,NaN,NaNNaN,NaN,NaN,NaN,NaN,NaNNaN,NaN,NaN,NaN,NaN,NaN,NaN,NaN

