proteinName,peptideSeq,charge,old_Rsquared,new_Rsquared,NDP,rateconstant,sigma,Abundance,MassToCharge,RMSE,selected_A1A0_count, selected_A2A0_count, selected_A2A1_count,improved_timePoints,new_k,I0_percentatediffI0_percentatediff,selected_io_t,i0,I0_asymptote,new_rmse,lowerci_old,upperci_old,sigma_old,lowerci_new,upperci_new,sigma_new,old_pearson,new_pearson
PSB2_MOUSE,VAASNIVQMK,2,0.645994583954317,0.69934777046685,10,0.09969,0.0172571564894255,54901840,530.79462,0.0510087751931123,3,0,3,1| 3| 7| 9| 13| 16,NaN,-0.0312971446256803|,0.567229772133051| 0.436870183622358| 0.45651452373325| 0.426595893477575| 0.346250838677283| 0.318475407787982| 0.327101960676948| 0.288490951526135| 0.288820461815421| NaN| 0.246557580041692| NaN,0.567229772133051,0.221136929321994,0.0468453748923383,0.0609791747113549,0.138400825288645,0.0171123500744288,0.0641388008941007,0.135241199105899,0.0157156185674068,0.946994213565211,0.952982294278536
PSB2_MOUSE,FILNLPTFSVR,2,0.782016509774417,0.876488368979499,6,0.07679,0.0115378724845118,38343681.6666667,653.87952,0.0207360788871592,4,0,1,1| 3| 6| 13| 21,NaN,0.0376591488963577|,0.475259737178292| 0.435567854690249| NaN| 0.393179895873753| 0.3577549247925| NaN| NaN| 0.317120252653625| NaN| 0.293890111407498| NaN| NaN,0.475259737178292,0.245789091062625,0.0157793338259782,0.0385125579324204,0.11506744206758,0.014890575180265,0.0476623843270627,0.105917615672937,0.011331137285349,0.946793217622742,0.97570701755752
PSB2_MOUSE,NGYELSPTAAANFTR,2,0.458084902139456,0.783998645537173,10,0.04523,0.0154146011763998,16881089.6,806.39172,0.077844785233653,5,1,0,1| 3| 9| 13| 24| 31,NaN,,0.394829798216855| 0.35783459045258| 0.347266932414456| 0.385734677969927| 0.320226035225905| 0.280269646962639| 0.201160871022354| 0.185724533929287| NaN| NaN| 0.172581570360887| 0.160809521077282,0.394829798216855,0.0874688735138504,0.0373284579879554,0.00489976641324021,0.0855602335867598,0.0178282191240846,0.0258906771979767,0.0645693228020233,0.00854906242692997,0.730107748359026,0.92672032071408
PSB2_MOUSE,YYTPTISR,2,-0.291509120997686,0.55474556492498,5,0.129,0.032962433106993,43615594,500.75854,0.0272461665451171,2,1,1,2| 9| 24| 31,NaN,,NaN| NaN| 0.459414361383469| 0.481264816407678| NaN| NaN| 0.444726928482766| NaN| NaN| NaN| 0.391063955763774| 0.355459134426905,NaN,NaN,0.0199413452579997,0,0.273028071418987,0.0518749933694421,0.0129839631238899,0.24501603687611,0.0417858205307036,0.843402381033107,0.905767914727997

