proteinName,peptideSeq,charge,old_Rsquared,new_Rsquared,NDP,rateconstant,sigma,Abundance,MassToCharge,RMSE,selected_A1A0_count, selected_A2A0_count, selected_A2A1_count,improved_timePoints,new_k,I0_percentatediffI0_percentatediff,selected_io_t,i0,I0_asymptote,new_rmse,lowerci_old,upperci_old,sigma_old,lowerci_new,upperci_new,sigma_new,old_pearson,new_pearson
PTMS_MOUSE,SVEAAAELSAK,2,0.973129901992097,0.994230761304254,5,0.20573,0.00918773878376783,183124100,538.2851,0.0127485232984204,2,1,0,2| 3| 6,NaN,,0.57496008446685| NaN| 0.422081487803351| 0.387221300229685| 0.251918872610509| 0.246971985391246| NaN| NaN| NaN| NaN| NaN| NaN,0.57496008446685,0.139955858132653,0.00595968036598636,0.163373746912884,0.248086253087116,0.0152555701565752,0.185929296499594,0.225530703500406,0.00713167476780105,0.993307990004884,0.997187241842511
PTMS_MOUSE,TAEEEDEADPKR,3,0.977503244673158,0.992970730670987,8,0.20924,0.0127052856357166,8401424.5,463.87579,0.0162209694502708,3,2,1,1| 2| 3| 9| 16| 21,NaN,-0.0426970617856695|,0.502293267693191| 0.407161901080403| 0.388072722342361| 0.307437259261152| 0.214637250637638| NaN| 0.165217742299361| NaN| 0.109005691707838| 0.113683552211178| NaN| NaN,0.502293267693191,0.101272421526477,0.00944317692160111,0.172484157000503,0.245995842999497,0.0155440522881928,0.187842269771179,0.230637730228821,0.00904910377188168,0.994306424632672,0.996542625074006
PTMS_MOUSE,TAEEEDEADPKR,2,0.688082336008147,0.901668081065679,2,0.23022,0.00997467733605667,8625448.5,695.31006,0.00562532956584479,1,1,0,1| 2,NaN,-0.0971789422839857|-0.00356804601835481|,NaN| 0.414090541309925| 0.329240514749375| NaN| NaN| NaN| NaN| NaN| NaN| NaN| NaN| NaN,NaN,NaN,0.00543117277869861,0,2.52824944757057,0.180858839858573,0,3.43328086164935,0.252086356877075,1,1
PTMS_MOUSE,RTAEEEDEADPKR,3,0.965747819130791,0.965747819130791,2,0.21363,0.00564600380719929,2107610.5,515.90948,0.00359413603726886,0,0,0,,NaN,,NaN| 0.371338661509837| NaN| 0.276200223346244| NaN| NaN| NaN| NaN| NaN| NaN| NaN| NaN,NaN,NaN,0.00359413603726886,0,2.69660109939983,0.195414063520623,0,2.69660109939983,0.195414063520623,1,1

