proteinName,peptideSeq,charge,old_Rsquared,new_Rsquared,NDP,rateconstant,sigma,Abundance,MassToCharge,RMSE,selected_A1A0_count, selected_A2A0_count, selected_A2A1_count,improved_timePoints,new_k,I0_percentatediffI0_percentatediff,selected_io_t,i0,I0_asymptote,new_rmse,lowerci_old,upperci_old,sigma_old,lowerci_new,upperci_new,sigma_new,old_pearson,new_pearson
PTPRK_MOUSE,GLNPGTLNILVR,2,-0.0276400949943922,0.578836448328173,3,0.08567,0.0906172671694571,2778811,633.88007,0.0457142395343851,0,1,0,0,NaN,,0.510671627373501| 0.445678270142922| 0.441910500632792| NaN| NaN| NaN| NaN| NaN| NaN| NaN| NaN| NaN,0.510671627373501,0.229302425174267,0.0102419771448891,0,1.27853986310867,0.277240562516477,0,0.72007493991058,0.147445071623892,0.886147245753928,0.900387880956128
PTPRK_MOUSE,YLcEGTESPYQTGQLHPAIR,3,-10.4418155541272,0.300757573017396,2,0.07261,0.148892428381922,4445485,774.03906,0.0311107150673451,0,1,1,0| 1,NaN,,0.270208887066567| 0.208321605211465| NaN| NaN| NaN| NaN| NaN| NaN| NaN| NaN| NaN| NaN,0.270208887066567,0.0356565632661921,0.0105635446763873,0,17.4968949610297,1.3713209666432,0,5.31893226687399,0.412894516958486,1,1
PTPRK_MOUSE,GSGVSNFAQLIVR,2,0.488662790935573,0.945654342617545,7,0.12172,0.0186442154656037,3678466.28571429,674.37262,0.0355314774298495,1,1,2,1| 7| 16| 21,NaN,,NaN| 0.394724267591278| 0.353320176151626| NaN| NaN| 0.279716336529615| 0.259178836898652| 0.201252302155682| 0.177357769465703| 0.177377541696669| NaN| NaN,NaN,NaN,0.0141612305784231,0.0572025141132411,0.186237485886759,0.0263669023712629,0.0960062650227146,0.147433734977285,0.0105086478561273,0.903288167564019,0.991085903509613

