proteinName,peptideSeq,charge,old_Rsquared,new_Rsquared,NDP,rateconstant,sigma,Abundance,MassToCharge,RMSE,selected_A1A0_count, selected_A2A0_count, selected_A2A1_count,improved_timePoints,new_k,I0_percentatediffI0_percentatediff,selected_io_t,i0,I0_asymptote,new_rmse,lowerci_old,upperci_old,sigma_old,lowerci_new,upperci_new,sigma_new,old_pearson,new_pearson
REEP5_MOUSE,HESQVDSVVK,2,0.965825434263795,0.990152590625521,4,0.23024,0.0155825919504141,54249982.5,564.28821,0.0109099923981025,3,0,0,1| 2| 7,NaN,-0.03321758197448|-0.0376396184140589|,0.561610860006033| 0.47159786680202| 0.433062578053868| NaN| NaN| 0.286984006944402| NaN| NaN| NaN| NaN| NaN| NaN,0.561610860006033,0.218946372628846,0.00567447034266443,0.140512236504463,0.319967763495537,0.0281945883437543,0.183571082709316,0.276908917290684,0.0146644790887381,0.993421036770296,0.996838690484796

