proteinName,peptideSeq,charge,old_Rsquared,new_Rsquared,NDP,rateconstant,sigma,Abundance,MassToCharge,RMSE,selected_A1A0_count, selected_A2A0_count, selected_A2A1_count,improved_timePoints,new_k,I0_percentatediffI0_percentatediff,selected_io_t,i0,I0_asymptote,new_rmse,lowerci_old,upperci_old,sigma_old,lowerci_new,upperci_new,sigma_new,old_pearson,new_pearson
RET4_MOUSE,FSGLWYAIAK,2,-6.24585228446288,0.980055926748207,7,1.73417,17.4610188029626,19708704.2857143,578.31348,0.0700925258014704,1,4,0,0| 3| 13| 16| 24,NaN,,0.495279324439453| NaN| NaN| 0.221919505606904| NaN| 0.238501939246989| NaN| 0.222689925885489| 0.222689925885489| 0.224554440846685| 0.222689925885489| NaN,0.495279324439453,0.244358185466701,0.0101989816186775,0.894674305332781,2.57366569466722,0.343083750368657,1.35066337226872,2.11767662773128,0.156730871842576,0.657148608558346,0.998249552795138
RET4_MOUSE,YWGVASFLQR,2,0.915480615219401,0.993756602964523,8,0.84878,0.161495328177178,24710357.5,613.81946,0.0194778798107048,6,1,0,2| 3| 6| 13| 16| 21| 24,NaN,0.00675869127275404|,0.483055958608761| NaN| 0.259446347231992| 0.23749260298009| 0.219740486134953| NaN| NaN| 0.202694288391355| 0.209871293436603| 0.204335675799794| 0.194186810798312| NaN,0.483055958608761,0.206923337729595,0.0057934084173314,0.635804796887863,1.06175520311214,0.0900672498059379,0.785433663212635,0.912126336787365,0.0267891766569397,0.994691716533414,0.996902385835389
RET4_MOUSE,LQNLDGTcADSYSFVFSR,2,0.631989708711861,0.862214514719055,10,0.06409,0.0152765846216862,14267704.8,1040.47571,0.043709666001169,3,2,3,0| 1| 2| 3| 6| 13| 16| 31,NaN,,0.349108353192994| 0.241927655172592| 0.291798841512362| 0.244233365711922| 0.232991037440651| 0.211410190816406| 0.190795223331264| 0.185434861580946| 0.119368787480558| NaN| NaN| 0.110517656313024,0.29909,0.0694545003533696,0.023291078980916,0.0241858180095209,0.103994181990479,0.0176398804872573,0.042826706558585,0.085353293441415,0.00939956506717853,0.80750783711385,0.929970429851553

