proteinName,peptideSeq,charge,old_Rsquared,new_Rsquared,NDP,rateconstant,sigma,Abundance,MassToCharge,RMSE,selected_A1A0_count, selected_A2A0_count, selected_A2A1_count,improved_timePoints,new_k,I0_percentatediffI0_percentatediff,selected_io_t,i0,I0_asymptote,new_rmse,lowerci_old,upperci_old,sigma_old,lowerci_new,upperci_new,sigma_new,old_pearson,new_pearson
RM21_MOUSE,VNELIATGQYGR,2,0.709258270985894,0.886037048291088,7,0.06167,0.0125252410229924,6739638.85714286,660.84894,0.0360297326787922,1,2,1,0| 3| 6| 7,NaN,,0.496735364203264| 0.448819365712876| 0.443129312430385| 0.398911699554231| 0.32244320804463| 0.336767194240518| NaN| 0.293148749867454| NaN| NaN| NaN| NaN,0.496735364203264,0.160401264835676,0.0181056351620546,0.0183269554819828,0.105013044518017,0.0177133657267077,0.0398892846710231,0.083450715328977,0.00890130771157758,0.881112970669439,0.958763883631861
RM21_MOUSE,INTIEIAPR,2,-0.211110160657709,0.591172496108007,2,0.03892,0.00311613907609195,6319510.5,513.80072,0.0080538754892537,0,1,0,9,NaN,0.0322592449053427|,NaN| NaN| NaN| NaN| 0.506803794299353| NaN| 0.45575881997418| NaN| NaN| NaN| NaN| NaN,NaN,NaN,0.00666219624744261,0,0.411457210537036,0.0293193143251956,0,0.402311596591427,0.0285995388977111,1,1

