proteinName,peptideSeq,charge,old_Rsquared,new_Rsquared,NDP,rateconstant,sigma,Abundance,MassToCharge,RMSE,selected_A1A0_count, selected_A2A0_count, selected_A2A1_count,improved_timePoints,new_k,I0_percentatediffI0_percentatediff,selected_io_t,i0,I0_asymptote,new_rmse,lowerci_old,upperci_old,sigma_old,lowerci_new,upperci_new,sigma_new,old_pearson,new_pearson
RM41_MOUSE,YGFEPTQEGK,2,0.821468862811903,0.867477937550361,4,0.05461,0.00565989973168535,47160067.5,578.26947,0.0134518795376226,3,0,0,2| 6| 9,NaN,-0.0543148279427899|,0.539047897999432| NaN| 0.476902844567113| NaN| 0.458698485404188| NaN| 0.419373981448327| NaN| NaN| NaN| NaN| NaN,0.539047897999432,0.210150106319012,0.00907465679126829,0.0205049522585027,0.0887150477414973,0.0107166137219438,0.0316026869893302,0.0776173130106698,0.00722944263805261,0.973471812199942,0.95290488752174
RM41_MOUSE,EMVPEFVVPDLTGFK,2,0.469163399108536,0.887737103832281,3,0.10654,0.0251292779881747,6643640.66666667,854.43677,0.00997971773739351,0,1,0,1,NaN,,0.341900810547175| 0.32726358308464| 0.290235227022181| NaN| NaN| NaN| NaN| NaN| NaN| NaN| NaN| NaN,0.341900810547175,0.12715911610797,0.00364250642665739,0,1.06680536254709,0.22317984342722,0.00995897027525076,0.203121029724749,0.0224468568092835,0.749980892167101,0.96218093354248

