proteinName,peptideSeq,charge,old_Rsquared,new_Rsquared,NDP,rateconstant,sigma,Abundance,MassToCharge,RMSE,selected_A1A0_count, selected_A2A0_count, selected_A2A1_count,improved_timePoints,new_k,I0_percentatediffI0_percentatediff,selected_io_t,i0,I0_asymptote,new_rmse,lowerci_old,upperci_old,sigma_old,lowerci_new,upperci_new,sigma_new,old_pearson,new_pearson
RN181_MOUSE,AVVESLPR,2,-1.17263904631538,0.753114858422534,7,0.01099,0.0043106969251558,373329367.142857,435.7558,0.058095540444877,3,2,1,7| 9| 13| 21| 24| 31,NaN,0.00644493507429653|0.0325900514328405|,NaN| NaN| NaN| NaN| NaN| 0.582242740495414| 0.559991294844336| 0.566615690251101| 0.553342729335134| 0.543683163291179| 0.546644529907571| 0.506538345231374,NaN,NaN,0.00830816394096208,0,0.0253867642745512,0.00588364646997324,0.00885674352058916,0.0131232564794108,0.00087181582717304,-0.556307143290605,0.922844006975806

