proteinName,peptideSeq,charge,old_Rsquared,new_Rsquared,NDP,rateconstant,sigma,Abundance,MassToCharge,RMSE,selected_A1A0_count, selected_A2A0_count, selected_A2A1_count,improved_timePoints,new_k,I0_percentatediffI0_percentatediff,selected_io_t,i0,I0_asymptote,new_rmse,lowerci_old,upperci_old,sigma_old,lowerci_new,upperci_new,sigma_new,old_pearson,new_pearson
RRAS2_MOUSE,QVTQEEGQQLAR,2,0.0315816355486939,0.715907037686044,4,0.08661,0.0200074325813846,11036231,693.85223,0.0224185739007031,0,2,0,0| 3,NaN,,0.45008570907508| 0.432586466877532| 0.428032341966871| 0.351730466573414| NaN| NaN| NaN| NaN| NaN| NaN| NaN| NaN,0.45008570907508,0.0907463280601574,0.0116284468544247,0,0.356254087370617,0.0847285583254283,0.0205564486342765,0.152663551365724,0.0207555902080657,0.794926502444249,0.870971542260014
RRAS2_MOUSE,MNVDQAFHELVR,3,0.863783451728677,0.902621717069202,7,0.14398,0.0123026499813212,14118652.8571429,486.91013,0.0181302919496095,2,2,0,1| 2| 6| 7,NaN,0.0609101418902482|,0.419434070081567| 0.328630432017657| 0.325712201075471| 0.318048283402363| 0.247596375162844| 0.229908522465585| 0.203531906976306| NaN| NaN| NaN| NaN| NaN,0.419434070081567,0.129208631354867,0.0163471552149389,0.102074733954027,0.185885266045973,0.0171257767330754,0.106196168924318,0.181763831075682,0.0154414353177586,0.954597599555735,0.972004073258679
RRAS2_MOUSE,LDILDTAGQEEFGAMR,2,0.92631530336248,0.996765582799585,6,0.13118,0.00784780078472881,14162697.1666667,883.42487,0.0110352489844145,2,0,1,1| 2| 3,NaN,-0.0284523990591157|-0.0529581556125703|,0.367039548677525| 0.328856372809325| 0.296067161576692| 0.272124088871458| 0.208401219480397| 0.196174838274155| NaN| NaN| NaN| NaN| NaN| NaN,0.367039548677525,0.0705979048028132,0.00245795103695599,0.10051799911417,0.16184200088583,0.0119280391976484,0.124350457958954,0.138009542041046,0.00265680786687452,0.980232875610135,0.999498129322095

