proteinName,peptideSeq,charge,old_Rsquared,new_Rsquared,NDP,rateconstant,sigma,Abundance,MassToCharge,RMSE,selected_A1A0_count, selected_A2A0_count, selected_A2A1_count,improved_timePoints,new_k,I0_percentatediffI0_percentatediff,selected_io_t,i0,I0_asymptote,new_rmse,lowerci_old,upperci_old,sigma_old,lowerci_new,upperci_new,sigma_new,old_pearson,new_pearson
RS29_MOUSE,GHQQLYWSHPR,3,0.607324951026825,0.811418908319414,3,0.06027,0.0105929430841531,13102758.3333333,470.23383,0.0251306087787427,1,1,0,1| 9,NaN,,NaN| 0.398544073153208| NaN| NaN| NaN| NaN| 0.248536390331956| NaN| NaN| 0.184857410000753| NaN| NaN,NaN,NaN,0.0194502183931328,0,0.194860580335092,0.0312808373784196,0,0.207788937425026,0.0342855783840196,0.977521981035579,0.984571181088644
RS29_MOUSE,YGLNMcR,2,0.407894201741895,0.642901428852088,2,0.05543,0.00522241793613722,27192105,457.20456,0.0101275759457855,2,0,0,24| 31,NaN,0.0245456613690972|,NaN| NaN| NaN| NaN| NaN| NaN| NaN| NaN| NaN| NaN| 0.401231061405845| 0.364369486100814,NaN,NaN,0.00449637295082848,0,0.313382089344949,0.0203012697105962,0,0.326414995440245,0.0213269816651896,1,1

