proteinName,peptideSeq,charge,old_Rsquared,new_Rsquared,NDP,rateconstant,sigma,Abundance,MassToCharge,RMSE,selected_A1A0_count, selected_A2A0_count, selected_A2A1_count,improved_timePoints,new_k,I0_percentatediffI0_percentatediff,selected_io_t,i0,I0_asymptote,new_rmse,lowerci_old,upperci_old,sigma_old,lowerci_new,upperci_new,sigma_new,old_pearson,new_pearson
RTN3_MOUSE,TQIDHYVGIAR,3,0.981120581563362,0.992095130508858,4,0.22752,0.0132699374369783,164780095,424.89468,0.0079010681452268,2,0,1,1| 2| 9,NaN,-0.0433989693151066|-0.0166089292464651|,0.50011610144407| 0.418893362484652| 0.387541733400035| NaN| NaN| NaN| 0.228355283650736| NaN| NaN| NaN| NaN| NaN,0.50011610144407,0.18600225401401,0.00506458252499791,0.151376079525248,0.303663920474752,0.0239262231558015,0.178711767754309,0.276328232245691,0.0153367025137326,0.995624405955771,0.997016718169226
RTN3_MOUSE,TQIDHYVGIAR,2,0.729209989856187,0.943954808101607,9,0.13377,0.0196063021949149,26531844.4444444,636.83838,0.037645048071578,3,2,1,3| 6| 7| 9| 13| 24,NaN,0.0161473888196342|0.00831887689118852|,0.514184459872423| 0.43243296576446| 0.427106132051197| 0.401786347515888| 0.362826606433389| 0.297748798861774| 0.287467766963775| 0.255853470256075| NaN| NaN| 0.234600867187478| NaN,0.514184459872423,0.191234531819893,0.0181982612078612,0.0860646339197311,0.181475366080269,0.0206874590352359,0.11070840870399,0.15683159129601,0.0100006721344684,0.905367946486147,0.981907246669683

