proteinName,peptideSeq,charge,old_Rsquared,new_Rsquared,NDP,rateconstant,sigma,Abundance,MassToCharge,RMSE,selected_A1A0_count, selected_A2A0_count, selected_A2A1_count,improved_timePoints,new_k,I0_percentatediffI0_percentatediff,selected_io_t,i0,I0_asymptote,new_rmse,lowerci_old,upperci_old,sigma_old,lowerci_new,upperci_new,sigma_new,old_pearson,new_pearson
S2545_MOUSE,MQISSSMPR,2,0.81600621588351,0.991704891660376,4,0.03427,0.00331700177270384,7228097.25,518.74933,0.018404412042605,2,0,0,6| 9,NaN,,NaN| NaN| NaN| NaN| 0.466533176556299| NaN| 0.43944581493039| NaN| NaN| 0.361687611462504| NaN| 0.303925877252735,NaN,NaN,0.00337509015092861,0.0131576399295698,0.0553823600704302,0.00663400354540768,0.0303983132342607,0.0381416867657393,0.00121657567628342,0.907409899663572,0.998491952912738
S2545_MOUSE,LQTQSTYQGIVDcVVK,2,NaN,NaN,1,0.46346,3144.63255972429,542915,919.96948,0.013120898050575,NaN,NaN,NaN,NaNNaN,NaN,NaN,NaN,NaN,NaNNaN,NaN,NaN,NaN,NaN,NaN,NaN,NaN

