proteinName,peptideSeq,charge,old_Rsquared,new_Rsquared,NDP,rateconstant,sigma,Abundance,MassToCharge,RMSE,selected_A1A0_count, selected_A2A0_count, selected_A2A1_count,improved_timePoints,new_k,I0_percentatediffI0_percentatediff,selected_io_t,i0,I0_asymptote,new_rmse,lowerci_old,upperci_old,sigma_old,lowerci_new,upperci_new,sigma_new,old_pearson,new_pearson
S47A1_MOUSE,VGNALGAGNIDQAK,2,-1.50925672027639,-1.20450214535899,4,0.01811,0.0562386615415964,64257490,664.35187,0.0762947868288137,3,0,0,1| 2| 3,NaN,,0.502005933691287| 0.445508635277626| 0.352355758210845| 0.306253954747077| NaN| NaN| NaN| NaN| NaN| NaN| NaN| NaN,0.502005933691287,0.122197476199756,0.0657401928848352,0,0.359753720134386,0.107352548131849,0,0.320018658094584,0.0948668505798144,0.990078413583273,0.992185208003507
S47A1_MOUSE,TEESAPGPGGADAASER,2,0.987470954242012,0.996543183006245,5,0.1925,0.00700500355235176,24903556.6,801.35553,0.00779586343119652,0,2,0,1| 2,NaN,-0.0401820014525484|,0.439658012628051| 0.357458811487156| 0.311095223078212| 0.260073326311066| NaN| NaN| 0.112576025771996| NaN| NaN| NaN| NaN| NaN,0.439658012628051,0.0437346366348389,0.00414275357923269,0.159214142499545,0.225785857500455,0.0119886604057148,0.174811759753766,0.210188240246234,0.0063708229684005,0.997208128839795,0.999117137219826
S47A1_MOUSE,KDETQLDQPMNQQQALPIRPK,4,0.721071645395339,0.753963875672781,3,0.04438,0.0121091788272808,29627236.6666667,620.32471,0.0203266030914106,1,1,1,0| 1| 16,NaN,,0.25442302073822| 0.207523849954348| NaN| NaN| NaN| NaN| NaN| NaN| 0.151794556210089| NaN| NaN| NaN,0.25442302073822,0.0253085308215174,0.0104039156807727,0,0.172243784557992,0.029717430754736,0,0.153604029369566,0.0253852765328651,0.886267386755205,0.922273903907992
S47A1_MOUSE,DLVGYIFTTDR,2,-0.63218034661066,0.559916665033428,7,0.02691,0.0053986298349386,7219418.28571429,650.33264,0.026821815132121,2,1,1,3| 6| 16| 31,NaN,-0.0271936670816763|,NaN| NaN| NaN| 0.433454351415979| 0.382244831277551| NaN| 0.434105608980933| 0.423033477411307| 0.386959487961142| NaN| 0.373069149020967| 0.310122361282285,NaN,NaN,0.0206585840450305,0.00822827939737827,0.0455917206026217,0.0076348155308022,0.0125210448426419,0.0412989551573581,0.00588045505251787,0.337267947102535,0.796800521240135

