proteinName,peptideSeq,charge,old_Rsquared,new_Rsquared,NDP,rateconstant,sigma,Abundance,MassToCharge,RMSE,selected_A1A0_count, selected_A2A0_count, selected_A2A1_count,improved_timePoints,new_k,I0_percentatediffI0_percentatediff,selected_io_t,i0,I0_asymptote,new_rmse,lowerci_old,upperci_old,sigma_old,lowerci_new,upperci_new,sigma_new,old_pearson,new_pearson
SGTA_MOUSE,LGNYVGAVQDcER,2,0.861785051580105,0.945047938499631,3,0.52272,0.0787482420602778,5911373,740.84607,0.0221019012009028,1,0,0,0,NaN,,0.472469237197577| 0.299362484902716| 0.227656946099183| NaN| NaN| NaN| NaN| NaN| NaN| NaN| NaN| NaN,0.472469237197577,0.138850187614566,0.0120446874343879,0,1.43108447637038,0.211117311441345,0.0704282259875815,0.975011774012418,0.10511928394435,0.991775412888805,0.996109780725341
SGTA_MOUSE,AIELNPANAVYFcNR,2,0.943766027714736,0.981190302468828,4,0.18249,0.0138062402026432,21799907.5,876.4303,0.0104002099873718,2,1,0,1| 2| 6,NaN,-0.0558931973630196|,0.375207135789794| 0.329273693395451| 0.268029355474117| NaN| 0.170015184191289| NaN| NaN| NaN| NaN| NaN| NaN| NaN,0.375207135789794,0.0831217543612708,0.00608283445972714,0.0975786168565248,0.267401383143475,0.0266811675691455,0.132827359722989,0.232152640277011,0.0156051777524125,0.990886961699074,0.996197870293838

