proteinName,peptideSeq,charge,old_Rsquared,new_Rsquared,NDP,rateconstant,sigma,Abundance,MassToCharge,RMSE,selected_A1A0_count, selected_A2A0_count, selected_A2A1_count,improved_timePoints,new_k,I0_percentatediffI0_percentatediff,selected_io_t,i0,I0_asymptote,new_rmse,lowerci_old,upperci_old,sigma_old,lowerci_new,upperci_new,sigma_new,old_pearson,new_pearson
SMAP1_MOUSE,LNEQHQLILSK,3,0.87062262503272,0.976781025114505,3,0.20363,0.0346699649874436,7698844.66666667,441.58572,0.0253593716558693,1,1,1,0| 6| 7,NaN,,0.451325035931609| NaN| NaN| NaN| 0.249180698239054| 0.212736130285481| NaN| NaN| NaN| NaN| NaN| NaN,0.451325035931609,0.160133393916621,0.00799540401267236,0,0.548105160397017,0.0800611116057025,0.0884260821610018,0.318833917838998,0.0267750908741636,0.99047947984749,0.996948037681086

