proteinName,peptideSeq,charge,old_Rsquared,new_Rsquared,NDP,rateconstant,sigma,Abundance,MassToCharge,RMSE,selected_A1A0_count, selected_A2A0_count, selected_A2A1_count,improved_timePoints,new_k,I0_percentatediffI0_percentatediff,selected_io_t,i0,I0_asymptote,new_rmse,lowerci_old,upperci_old,sigma_old,lowerci_new,upperci_new,sigma_new,old_pearson,new_pearson
SYLC_MOUSE,QGDScESIIR,2,-10654.8192919664,-20693662152.3055,2,2.25614,42091.7648348191,1749731,582.76929,0.119644698159746,0,2,0,0| 6,NaN,,0.154971747584792| NaN| NaN| NaN| 0.15496806214553| NaN| NaN| NaN| NaN| NaN| NaN| NaN,0.52951,0.170984552064998,0.108218700497065,0,7.80908653185646,0.437026369966655,0,7.2459924251258,0.392709902663693,-1,-2
SYLC_MOUSE,QTGEGVGPQEYTLVK,2,-4.9105293635119,-7.42745420660896,2,0.07722,0.0857163083786154,5824357.5,803.40961,0.0420057505660782,0,1,1,0| 2,NaN,,0.380534242878679| NaN| 0.370005741397694| NaN| NaN| NaN| NaN| NaN| NaN| NaN| NaN| NaN,0.380534242878679,0.106687070638734,0.00623891605713646,0,8.53069621273883,0.6653030065495,0,4.3098427090284,0.333114631548001,1,1
SYLC_MOUSE,QEFEFWYPVDLR,2,0.875018213474834,0.990698418348821,5,0.31146,0.0705500512995677,1645855.6,814.89081,0.0283779729207008,1,1,2,0| 3| 7| 13,NaN,,0.363828531044286| NaN| NaN| 0.208993220393326| 0.156709680566995| 0.151951687178251| NaN| 0.141199495718382| NaN| NaN| NaN| NaN,0.363828531044286,0.129088999814867,0.00516811941040985,0,0.630157333159252,0.114786109968807,0.249672841653936,0.373247158346064,0.0222540536573218,0.993804488973302,0.996407597430124
SYLC_MOUSE,SFITTDVNPYYDSFVR,2,-0.759302636986994,-0.291025195790155,7,0.00145,0.0235600834587926,11524223.7142857,962.45978,0.0792210140075318,1,3,2,0| 1| 2| 3| 7| 13,NaN,0.0182208040944884|,0.385958014089099| 0.394341931339425| 0.268022502112842| 0.374805392293333| NaN| 0.323332918587437| 0.311957237344102| 0.31635148436988| NaN| NaN| NaN| NaN,0.3163,0.123310894774649,0.0375084404990404,0,0.0839029979740663,0.0336967586061243,0,0.0407743237087941,0.0160710013695452,0.866132701430229,0.473759275608386

