proteinName,peptideSeq,charge,old_Rsquared,new_Rsquared,NDP,rateconstant,sigma,Abundance,MassToCharge,RMSE,selected_A1A0_count, selected_A2A0_count, selected_A2A1_count,improved_timePoints,new_k,I0_percentatediffI0_percentatediff,selected_io_t,i0,I0_asymptote,new_rmse,lowerci_old,upperci_old,sigma_old,lowerci_new,upperci_new,sigma_new,old_pearson,new_pearson
SYTC_MOUSE,VNTPTTTVYR,2,0.239756793328174,0.90180994228027,10,2.07008,2.7910670725353,44884711,576.3064,0.0730404913108636,1,7,0,2| 3| 6| 7| 9| 16| 21| 24,NaN,-0.047876318076081|,0.534812632305699| 0.351663140769229| 0.336980106217496| 0.308437674474675| 0.309203146777338| 0.30920585970299| 0.309206370824628| NaN| 0.309206370824628| 0.309206370824628| 0.309206370824628| NaN,0.534812632305699,0.33392796080108,0.0191390070574847,1.64729397698661,2.49286602301339,0.186895070782769,1.95929617950486,2.18086382049514,0.0489726453714106,0.931514981241021,0.992819092245353
SYTC_MOUSE,QLENSLNEFGEK,2,0.911238916480098,0.957983464941726,4,0.1963,0.0175061072482082,4671154.75,704.34113,0.0153672836516785,2,1,1,0| 2| 6| 9,NaN,-0.00482654003280826|-0.039048707079904|,0.414862173862221| NaN| 0.357864422337889| NaN| 0.220076064476659| NaN| 0.184868507867858| NaN| NaN| NaN| NaN| NaN,0.414862173862221,0.12192051066992,0.0112365433023332,0.0848755073460614,0.307724492653939,0.0350122144964164,0.114826516134832,0.277773483865168,0.0256008981949513,0.999787757257478,0.988716183422105
SYTC_MOUSE,WELNPGDGAFYGPK,2,0.992190209963545,0.992190209963545,4,0.23462,0.00821102731923232,10771370.5,775.86737,0.00509193622472202,0,0,0,,NaN,,0.404567013328852| NaN| 0.303472535676547| NaN| 0.175961817764706| NaN| 0.160044332872252| NaN| NaN| NaN| NaN| NaN,0.404567013328852,0.124628764833962,0.00509193622472202,0.18572390919331,0.28351609080669,0.0153643097543831,0.18572390919331,0.28351609080669,0.0153643097543831,0.997011335778876,0.997011335778876

