proteinName,peptideSeq,charge,old_Rsquared,new_Rsquared,NDP,rateconstant,sigma,Abundance,MassToCharge,RMSE,selected_A1A0_count, selected_A2A0_count, selected_A2A1_count,improved_timePoints,new_k,I0_percentatediffI0_percentatediff,selected_io_t,i0,I0_asymptote,new_rmse,lowerci_old,upperci_old,sigma_old,lowerci_new,upperci_new,sigma_new,old_pearson,new_pearson
TGFI1_MOUSE,GSLDTMLGLLQSDLSR,2,-5271.68783582701,-7.035797172494,2,0.02567,0.0473654362098064,4666805,853.44312,0.0239101791902883,0,2,0,0| 2,NaN,,0.343214497682732| NaN| 0.321829354110678| NaN| NaN| NaN| NaN| NaN| NaN| NaN| NaN| NaN,0.343214497682732,0.0962240587903918,0.0123743111659796,0,4.4537142268615,0.348494638551854,0,1.22614109138885,0.0944791238867161,1,1
TGFI1_MOUSE,cGFcNQPIR,2,0.00637336550952772,0.741290477095041,5,0.04998,0.00535468391225857,2174219.6,576.25787,0.0222519430641061,2,1,0,6| 21| 31,NaN,-0.0335650952371905|,NaN| NaN| NaN| NaN| 0.40079840041626| NaN| 0.366688416842269| NaN| NaN| 0.315427067369675| 0.295763467314581| 0.268390505017957,NaN,NaN,0.0157710841127314,0.0242296250005215,0.0757303749994784,0.00927458459450352,0.0317293991926379,0.0682306008073621,0.00657336994478031,0.931889928001202,0.992451251038377

