proteinName,peptideSeq,charge,old_Rsquared,new_Rsquared,NDP,rateconstant,sigma,Abundance,MassToCharge,RMSE,selected_A1A0_count, selected_A2A0_count, selected_A2A1_count,improved_timePoints,new_k,I0_percentatediffI0_percentatediff,selected_io_t,i0,I0_asymptote,new_rmse,lowerci_old,upperci_old,sigma_old,lowerci_new,upperci_new,sigma_new,old_pearson,new_pearson
TPR_MOUSE,ASTALSNEQQAR,2,0.80296411453215,0.948002227625884,2,0.18016,0.0260693998098002,2053266.5,638.31799,0.0091745803710279,1,0,0,1,NaN,,0.521760647056099| 0.438931126344817| NaN| NaN| NaN| NaN| NaN| NaN| NaN| NaN| NaN| NaN,0.521760647056099,0.100357600763844,0.00385542178262713,0,6.60011097659123,0.505261099592391,0,7.68882992281748,0.590945138913424,1,1
TPR_MOUSE,NIEELQQQNQR,2,-0.0371346004400328,-0.233427050898516,3,0.00258,0.0181520772362185,1192923.33333333,700.34985,0.0582266151862281,0,0,1,9,NaN,,0.5293894534164| 0.307230959711025| NaN| NaN| NaN| NaN| 0.417525653771479| NaN| NaN| NaN| NaN| NaN,0.46561,0.103149211079594,0.0503637021156252,0,0.184513165270812,0.0422839528770021,0,0.157092174055981,0.0359109097947103,-0.524559594077965,0.106516057218095
TPR_MOUSE,SNASLTNNQNLIQSLR,2,-4.50921850637333,-63.5457978484482,3,0.1148,0.0665718955817284,1406990.33333333,886.96606,0.0612189423031283,0,0,1,31,NaN,,NaN| NaN| NaN| NaN| NaN| NaN| NaN| NaN| 0.183220013421843| NaN| 0.162500925149933| 0.179311296028396,NaN,NaN,0.0361072091990299,0,0.370938427267883,0.0595303510080917,0,0.263286343084164,0.0345104177377627,-0.583499038432768,0.425731224221781
TPR_MOUSE,TSTSNVEQYR,2,-29000.6871219006,0.78974908856334,2,0.22941,0.0727094643830698,15934545,592.78076,0.0441768722749178,0,0,2,2| 3,NaN,,NaN| NaN| 0.402159987651939| 0.354633372076789| NaN| NaN| NaN| NaN| NaN| NaN| NaN| NaN,NaN,NaN,0.00444836291524322,0,2.9915295904721,0.217383526225714,0,1.06905731056476,0.0660816764727076,-1,1

