proteinName,peptideSeq,charge,old_Rsquared,new_Rsquared,NDP,rateconstant,sigma,Abundance,MassToCharge,RMSE,selected_A1A0_count, selected_A2A0_count, selected_A2A1_count,improved_timePoints,new_k,I0_percentatediffI0_percentatediff,selected_io_t,i0,I0_asymptote,new_rmse,lowerci_old,upperci_old,sigma_old,lowerci_new,upperci_new,sigma_new,old_pearson,new_pearson
TRPV4_MOUSE,VFNRPILFDIVSR,3,0.323666925224273,0.974066326226365,2,0.1705,0.0685834368231548,2723898,525.97168,0.0135231064744655,0,1,0,0,NaN,,0.386318079708383| 0.349441532052516| NaN| NaN| NaN| NaN| NaN| NaN| NaN| NaN| NaN| NaN,0.386318079708383,0.150607739729576,0.00121220663545771,0,10.4268183456912,0.807189759549391,0,9.10021799349351,0.702784047556407,1,1
TRPV4_MOUSE,GSTADLDGLLSFLLTHK,3,0.999871795314151,0.999871795314151,2,0.52378,846.629503954556,2837623,596.65613,0.000546951879804561,0,0,0,,NaN,,0.346709611592852| NaN| NaN| NaN| NaN| NaN| NaN| NaN| NaN| NaN| NaN| 0.110061637588299,0.346709611592852,0.11195631363871,0.000546951879804561,0.102241184209277,0.945318815790723,0.0331758242958397,0.102241184209277,0.945318815790723,0.0331758242958397,1,1

