proteinName,peptideSeq,charge,old_Rsquared,new_Rsquared,NDP,rateconstant,sigma,Abundance,MassToCharge,RMSE,selected_A1A0_count, selected_A2A0_count, selected_A2A1_count,improved_timePoints,new_k,I0_percentatediffI0_percentatediff,selected_io_t,i0,I0_asymptote,new_rmse,lowerci_old,upperci_old,sigma_old,lowerci_new,upperci_new,sigma_new,old_pearson,new_pearson
U5S1_MOUSE,IYADTFGDINYQEFAK,2,0.111993548939664,0.111993548939664,3,0.18224,0.0631867406803726,1510924,947.94653,0.0252619630743703,0,0,0,,NaN,,0.342947943397088| 0.216076542578948| 0.250127640868877| NaN| NaN| NaN| NaN| NaN| NaN| NaN| NaN| NaN,0.342947943397088,0.0961493272874227,0.0252619630743703,0.0384407783636835,0.326039221636316,0.0334210615330567,0.0384407783636835,0.326039221636316,0.0334210615330567,0.74286334927598,0.74286334927598
U5S1_MOUSE,AFIPAIDSFGFETDLR,2,0.240576830181083,0.240576830181083,2,0.67809,0.0566616130794291,4039371,899.95416,0.00930060939675251,0,0,0,,NaN,,NaN| 0.195804675622161| NaN| 0.143519917327434| NaN| NaN| NaN| NaN| NaN| NaN| NaN| NaN,NaN,NaN,0.00930060939675251,0,3.12193084954489,0.19233444606854,0,3.12193084954489,0.19233444606854,1,1
U5S1_MOUSE,FFDDPMLLELAK,2,0.282541832223013,0.725903062677103,2,0.20237,0.0338375506412998,13600517,719.86798,0.0163078832497274,1,0,0,3,NaN,,NaN| NaN| 0.334512065903979| 0.27765322310335| NaN| NaN| NaN| NaN| NaN| NaN| NaN| NaN,NaN,NaN,0.00607637386609532,0,2.34774535779756,0.168844702439577,0,1.71525349755692,0.119066513485538,1,1
U5S1_MOUSE,GLAEDIENEVVQITWNR,3,0.99604301318262,0.996794884960277,2,0.08382,0.000825945555527274,23435545,662.66907,0.000896346065850148,1,0,0,2,NaN,-0.00891077091101277|,NaN| NaN| 0.281777863698172| NaN| NaN| 0.209482171899605| NaN| NaN| NaN| NaN| NaN| NaN,NaN,NaN,0.000835465668006479,0.0474655237334367,0.120174476266563,0.00286115933291788,0.0499347430035714,0.117705256996429,0.00266682756183239,1,1

