proteinName,peptideSeq,charge,old_Rsquared,new_Rsquared,NDP,rateconstant,sigma,Abundance,MassToCharge,RMSE,selected_A1A0_count, selected_A2A0_count, selected_A2A1_count,improved_timePoints,new_k,I0_percentatediffI0_percentatediff,selected_io_t,i0,I0_asymptote,new_rmse,lowerci_old,upperci_old,sigma_old,lowerci_new,upperci_new,sigma_new,old_pearson,new_pearson
UMPS_MOUSE,SGLSSPVYIDLR,2,0.959067887288829,0.95959533258656,3,0.04237,0.0032710186938131,20652168.3333333,653.8537,0.00962128867842585,0,1,0,31,NaN,,0.490600680454843| NaN| NaN| NaN| NaN| 0.383473348541559| NaN| NaN| NaN| NaN| NaN| 0.25869870184203,0.490600680454843,0.191262753347892,0.00952430641150058,0.010864321903146,0.0738756780968539,0.00732238460218278,0.0111818980808261,0.0735581019191739,0.00724857521117982,0.992255333653877,0.992018480413806
UMPS_MOUSE,THVDILNDFTLDVMEELTALAK,3,-0.73695735684538,-1.4643982618997,3,0.00688,0.0781439660505689,613672.333333333,830.09283,0.049382402438187,3,0,0,0| 2| 3,NaN,,0.230782735138758| NaN| 0.149672187906742| 0.153960606219682| NaN| NaN| NaN| NaN| NaN| NaN| NaN| NaN,0.230782735138758,0.0487744117794559,0.0292510174859093,0,0.805369005682522,0.18558063033107,0,0.456795298657835,0.104566955996023,0.961866703730664,0.929434001211203

