proteinName,peptideSeq,charge,old_Rsquared,new_Rsquared,NDP,rateconstant,sigma,Abundance,MassToCharge,RMSE,selected_A1A0_count, selected_A2A0_count, selected_A2A1_count,improved_timePoints,new_k,I0_percentatediffI0_percentatediff,selected_io_t,i0,I0_asymptote,new_rmse,lowerci_old,upperci_old,sigma_old,lowerci_new,upperci_new,sigma_new,old_pearson,new_pearson
WASH1_MOUSE,YVFLDPLAGAVTK,2,-0.292536919486401,0.95909399191342,4,0.12233,0.0095869281948002,4469925,697.38995,0.0128275031595886,0,2,1,3| 7| 9,NaN,,NaN| NaN| NaN| 0.350149687086963| 0.300210773198749| 0.274089800977333| 0.252677200170706| NaN| NaN| NaN| NaN| NaN,NaN,NaN,0.00424851607505618,0.0613102315803426,0.183349768419657,0.0191738563896004,0.102120028986792,0.142539971013208,0.00635045153203831,0.808800618896077,0.993738091665727

