Protein,Peptide,charge,time,RSS,theta,min_rss_decoy,diff,abs_diff,perc_diff,abs_perc_diff,exp_RIA_decoy,theoRIA,min_kl,min_kl_decoy
NDUB3_MOUSE,YMGGFAGNITFPSVILK,2,6,0.0054256320607425,0.59,0.00953260364610076,-0.000703980392557202,0.000703980392557202,-0.00350684066695978,0.00350684066695978,0.133764158499671,0.200744903864569,0.0226168783811495,0.0369943494494375
NDUB3_MOUSE,YMGGFAGNITFPSVILK,2,9,0.0007997312082773,0.62,0.00548022581529043,-0.0175706305255995,0.0175706305255995,-0.103507024592898,0.103507024592898,0.201448884257126,0.169753024924698,0.00288119200122125,0.0221815833240856
NDUB3_MOUSE,YMGGFAGNITFPSVILK,2,16,0.00212320615829494,0.890000000000001,0.0125629849679377,-0.00215201150715227,0.00215201150715227,-0.0163511617759309,0.0163511617759309,0.201448884257126,0.131612146992519,0.00780367014568579,0.0404704875519515
NDUB3_MOUSE,YMGGFAGNITFPSVILK,2,31,0.0071970230895142,0.990000000000001,0.0181964068444572,0.000280313788448602,0.000280313788448602,0.00254037389367118,0.00254037389367118,0.201448884257126,0.110343516419747,0.0220762840395061,0.0579137408847422

