Protein,Peptide,charge,time,RSS,theta,min_rss_decoy,diff,abs_diff,perc_diff,abs_perc_diff,exp_RIA_decoy,theoRIA,min_kl,min_kl_decoy
SRSF5_MOUSE,LNEGVVEFASYGDLK,2,13,0.000443836612064844,0.860000000000001,0.015372765405563,-0.0427875302911869,0.0427875302911869,-0.380728834059005,0.380728834059005,0.191464275710782,0.11238321467545,0.00143122586468184,0.0784857347896303
SRSF5_MOUSE,QAGEVTFADAHRPK,3,2,0.0106720893597332,0.65,0.00468624038562866,-0.00478649704030348,0.00478649704030348,-0.0256404220919757,0.0256404220919757,0.155170744966637,0.186677778670478,0.0587449602635599,0.0125494322020037
SRSF5_MOUSE,QAGEVTFADAHRPK,3,31,0.0284305795106304,0.940000000000001,0.00717260592048291,0.00900403032765984,0.00900403032765984,0.107501788356267,0.107501788356267,0.155170744966637,0.083757028281427,0.0728524527456906,0.0317530897454033

