Protein,Peptide,charge,time,RSS,theta,min_rss_decoy,diff,abs_diff,perc_diff,abs_perc_diff,exp_RIA_decoy,theoRIA,min_kl,min_kl_decoy
IF4H_MOUSE,VGNLPFNTVQGDIDAIFK,2,1,0.0212722047099786,0,0.0209776355602745,-0.0367922249612894,0.0367922249612894,-0.146000836587279,0.146000836587279,0.280447597888426,0.25200009685763,-0.108559789087433,0.0108748001576419
IF4H_MOUSE,VGNLPFNTVQGDIDAIFK,2,6,0.0128696267582204,0.28,0.0935537168109222,-0.122143695352694,0.122143695352694,-0.771577285184892,0.771577285184892,0.0998566756431769,0.158303902535732,-0.0732609239304412,0.252090412747047
IF4H_MOUSE,TVATPLNQVANPNSAIFGGAR,2,1,0.0100777550224193,0,0.00570070372918655,-0.0105188600122612,0.0105188600122612,-0.0427516858547786,0.0427516858547786,0.23858478407421,0.246045502111713,-0.0276072556096939,0.00875236665919966
IF4H_MOUSE,TVATPLNQVANPNSAIFGGAR,2,3,0.0145194689207238,0.42,0.0870091101475963,-0.011095361578559,0.011095361578559,-0.0650826378112405,0.0650826378112405,0.288792321818919,0.170481129095273,0.0650122778413444,-0.276701289746853
IF4H_MOUSE,GFcYVEFDEVDSLK,2,0,0.00430872751291223,0,0.165834972687421,-0.0487120435508739,0.0487120435508739,-0.13476095817322,0.13476095817322,0.0998566756431769,0.36147,-0.0296798665859031,0.479135071926155
IF4H_MOUSE,GFcYVEFDEVDSLK,2,6,100,NaN,100,NaN,NaN,NaN,NaN,0.410182043550874,0.135991348911446,0,0
IF4H_MOUSE,TVATPLNQVANPNSAIFGGAR,3,0,0.00568937939615584,0.990000000000001,0.133272251306811,0.0600852159257896,0.0600852159257896,0.201175933055846,0.201175933055846,0.0998566756431769,0.29867,0.011203806345392,0.37957435405165
IF4H_MOUSE,TVATPLNQVANPNSAIFGGAR,3,3,0.0465847839547296,0.65,0.106480681892275,-0.0359754414332577,0.0359754414332577,-0.563161339604668,0.563161339604668,0.256564362123974,0.0638812342099192,0.192010994030109,-0.130715820326455

