Protein,Peptide,charge,time,RSS,theta,min_rss_decoy,diff,abs_diff,perc_diff,abs_perc_diff,exp_RIA_decoy,theoRIA,min_kl,min_kl_decoy
PMM2_MOUSE,NGMLNVSPIGR,2,0,0.0134495749315641,0,0.117187076264468,0,0,0,0,0.238706305188702,0.529620039039067,0.0422078173297998,0.25508513634329
PMM2_MOUSE,NGMLNVSPIGR,2,1,0.500832922878298,0.990000000000001,0.00937494371266214,0.378996574195498,0.378996574195498,0.866810559455403,0.866810559455403,0.24447561242587,0.437231145907605,0.983102835824606,0.0214890296631822
PMM2_MOUSE,NGMLNVSPIGR,2,2,0.0125022456345687,0.850000000000001,0.0334495410785555,0.124692435920268,0.124692435920268,0.32152330468391,0.32152330468391,0.168459653709043,0.387817723019654,0.0517609169852429,0.092240531839212
PMM2_MOUSE,NGMLNVSPIGR,2,6,0.00759935202865758,0.940000000000001,0.0138791216451086,0.0305362978103739,0.0305362978103739,0.111036273971343,0.111036273971343,0.263125287099385,0.275011910236244,0.0239189186294415,0.0608752722976275
PMM2_MOUSE,NGMLNVSPIGR,2,7,0.0045162121899175,0.840000000000001,0.0107176525208631,-0.00956313082983384,0.00956313082983384,-0.0367795279889629,0.0367795279889629,0.271240825671607,0.260012331661886,0.0148380371608539,0.0249024223214075
PMM2_MOUSE,NGMLNVSPIGR,2,9,0.00509204947162362,0.8,0.515848633540775,-0.0328463509909154,0.0328463509909154,-0.137498976554436,0.137498976554436,0.058234571712107,0.23888433073472,0.0155901897208155,1.00540514972495
PMM2_MOUSE,NGMLNVSPIGR,2,13,0.0150136006436674,0.950000000000001,0.0116602093031101,-0.0210768832211988,0.0210768832211988,-0.0968475816856511,0.0968475816856511,0.271240825671607,0.217629421967503,0.0369568120757394,0.0296685516537221
PMM2_MOUSE,NGMLNVSPIGR,2,21,0.0106831501212468,0.860000000000001,0.00458479710142446,-0.0649559495954995,0.0649559495954995,-0.314884691651046,0.314884691651046,0.26957546249172,0.206284876076108,0.0252532193178826,0.0155695646110901
PMM2_MOUSE,NGMLNVSPIGR,2,31,0.0221325818724952,0.990000000000001,0.0126891225166888,0.0360297967254436,0.0360297967254436,0.176193914399446,0.176193914399446,0.271240825671607,0.204489450434486,0.0734973549964451,0.0331644622937058

