Protein,Peptide,charge,time,RSS,theta,min_rss_decoy,diff,abs_diff,perc_diff,abs_perc_diff,exp_RIA_decoy,theoRIA,min_kl,min_kl_decoy
PEPL1_MOUSE,ELGITPTIIR,2,0,0.00485441737827837,0,0.0571145551098876,0,0,0,0,0.317004256593188,0.551028349121516,-0.0288823625431552,0.0940053987230848
PEPL1_MOUSE,ELGITPTIIR,2,13,0.00713428593299293,0.71,0.0649900438859007,0.0927141048631959,0.0927141048631959,0.226287405166892,0.226287405166892,0.551028349121516,0.409718361456384,0.0236912966150435,-0.067962353213451

