Protein,Peptide,charge,time,RSS,theta,min_rss_decoy,diff,abs_diff,perc_diff,abs_perc_diff,exp_RIA_decoy,theoRIA,min_kl,min_kl_decoy
PGP_MOUSE,TILTLTGVSSLEDVK,2,7,0.0119078598498319,0.74,0.0128393392979224,0.00180594284276814,0.00180594284276814,0.00739502004358565,0.00739502004358565,0.197820453269142,0.244210675849972,0.0480749476991651,0.0361512613732919
PGP_MOUSE,TILTLTGVSSLEDVK,2,13,0.00855293108571923,0.970000000000001,0.00380551654037429,0.00118595187433498,0.00118595187433498,0.00595936534545183,0.00595936534545183,0.20539609091866,0.199006405143477,0.0297924071837534,0.0118224752813271
PGP_MOUSE,TILTLTGVSSLEDVK,2,31,0.00293337699892937,0.63,0.0178194784914102,-0.102685771962926,0.102685771962926,-0.588912800001477,0.588912800001477,0.197820453269142,0.174364985720582,-0.0190196340250388,0.0474823302689194
PGP_MOUSE,AVVVGFDPHFSYMK,3,13,0.00317755182876066,0.77,0.0167115219459444,0.0065111302457582,0.0065111302457582,0.0318045772086443,0.0318045772086443,0.242404733007203,0.204723056151443,0.0498704195805655,0.0801334228699705
PGP_MOUSE,AVVVGFDPHFSYMK,3,31,0.000484723327543308,0.79,0.0387188268587771,-0.0431275463506572,0.0431275463506572,-0.283570546214047,0.283570546214047,0.0832685659030005,0.152087538450144,0.00126150876525692,0.121758981915989
PGP_MOUSE,FIFDcVSQEYGINPER,2,6,0.00408291835351524,0.42,0.00937584851451936,-0.00133552982639951,0.00133552982639951,-0.00654477190129691,0.00654477190129691,0.277050757683508,0.20406056109226,0.0294592814310978,-0.0551388328974191
PGP_MOUSE,FIFDcVSQEYGINPER,2,31,0.0126593554413214,0.940000000000001,0.0759561597306476,5.87169282845745E-05,5.87169282845745E-05,0.000704654301562434,0.000704654301562434,0.242404733007203,0.0833272828312851,0.0754028209937466,0.367862400356318

