Protein,Peptide,charge,time,RSS,theta,min_rss_decoy,diff,abs_diff,perc_diff,abs_perc_diff,exp_RIA_decoy,theoRIA,min_kl,min_kl_decoy
RL10_MOUSE,VHIGQVIMSIR,3,1,0.00033163603778305,0.01,NaN,-0.0481859454987718,0.0481859454987718,-0.118440535046494,0.118440535046494,NaN,0.406836607753051,0.00555350773553774,0
RL10_MOUSE,FNADEFEDMVAEK,2,1,0.000691910248045144,0.19,0.0264559886555222,0.0043290371809695,0.0043290371809695,0.0126127944818909,0.0126127944818909,0.230352884295244,0.343225855870798,0.00565969154508431,0.0906649591095743
RL10_MOUSE,FNADEFEDMVAEK,2,2,0.0015780672830599,0.33,NaN,-0.0106860069258188,0.0106860069258188,-0.0355941588055064,0.0355941588055064,NaN,0.300217993188413,0.00839038092205418,0
RL10_MOUSE,FNADEFEDMVAEKR,3,13,100,NaN,100,NaN,NaN,NaN,NaN,0.455022553251822,0.136495658934256,0,0
RL10_MOUSE,MVSDEYEQLSSEALEAAR,2,2,0.00653573089327378,0.24,0.00917805415012944,-0.0135052155829965,0.0135052155829965,-0.062279736107828,0.062279736107828,0.310904000114232,0.216847668712248,0.0210982897498042,0.0662712613985042
RL10_MOUSE,MVSDEYEQLSSEALEAAR,2,13,100,NaN,100,NaN,NaN,NaN,NaN,0.338896818689829,0.0515880364345666,0,0
RL10_MOUSE,VDEFPLcGHMVSDEYEQLSSEALEAAR,3,13,100,NaN,100,NaN,NaN,NaN,NaN,0.230352884295244,0.163441948012552,0,0

