Protein,Peptide,charge,time,RSS,theta,min_rss_decoy,diff,abs_diff,perc_diff,abs_perc_diff,exp_RIA_decoy,theoRIA,min_kl,min_kl_decoy
LCLT1_MOUSE,TTGFTFVVDR,2,21,0.0692962946054301,0.990000000000001,0.0493849937301831,0.201963548688459,0.201963548688459,0.6058730297306,0.6058730297306,0.521102431018897,0.333343025317138,0.1713915433779,0.0806355764129197
LCLT1_MOUSE,TTGFTFVVDR,2,31,0.0623414569976897,0.990000000000001,0.0493849937301831,0.201002106272019,0.201002106272019,0.604570498355046,0.604570498355046,0.521102431018897,0.332470914176127,0.158387918275281,0.0806355764129197
LCLT1_MOUSE,YPADSLPTSK,2,0,0.122026643407238,0,0.0275397364228861,0.296562379144061,0.296562379144061,0.555391462336949,0.555391462336949,0.386896283984316,0.53397,0.214309647226478,0.0774408564919143
LCLT1_MOUSE,YPADSLPTSK,2,2,0.000291196546075714,0.48,0.0411144366487126,-0.0896211331978116,0.0896211331978116,-0.301475360320901,0.301475360320901,0.237407620855939,0.297275150786505,0.00155754778671008,0.063184864959907
LCLT1_MOUSE,YPADSLPTSK,2,3,0.0036000887637326,0.990000000000001,0.0961547271195282,0.081344698008247,0.081344698008247,0.311411179048553,0.311411179048553,0.50418957771555,0.261213159581417,0.00886984855468948,0.176388998980034
LCLT1_MOUSE,YPADSLPTSK,2,13,0.00288434206225054,0.12,0.00275696499275007,-0.288195867776275,0.288195867776275,-1.33427898366716,1.33427898366716,0.521102431018897,0.215993709939274,0.0157220315730516,0.0121224334506359
LCLT1_MOUSE,YPADSLPTSK,2,21,0.00222347267438122,0.05,0.0220604238931726,-0.297881343585685,0.297881343585685,-1.3344677557617,1.3344677557617,0.386896283984316,0.223221087433212,0.017118126421688,0.0611918486827675

