Protein,Peptide,charge,time,RSS,theta,min_rss_decoy,diff,abs_diff,perc_diff,abs_perc_diff,exp_RIA_decoy,theoRIA,min_kl,min_kl_decoy
RBBP4_MOUSE,TPSSDVLVFDYTK,2,0,0.0169181135336201,0,0.113170464744655,0.107286655084819,0.107286655084819,0.255706211323066,0.255706211323066,0.157808720273095,0.41957,0.0276775165623952,0.313560287692001
RBBP4_MOUSE,TPSSDVLVFDYTK,2,2,0.000620197203778198,0.900000000000001,0.00609710889147778,-0.027611603300875,0.027611603300875,-0.126770290132925,0.126770290132925,0.199076447765823,0.217808157352348,0.00715456442726869,0.0147482754588252
RBBP4_MOUSE,TPSSDVLVFDYTK,2,6,0.003296409389405,0.990000000000001,0.0126318145204887,0.0179117107504798,0.0179117107504798,0.0825469503633495,0.0825469503633495,0.157808720273095,0.216988158516303,0.0072868808266555,0.0335467625644682
RBBP4_MOUSE,TPSSDVLVFDYTK,2,9,0.00711026481929048,0.990000000000001,0.0157009088770402,0.0408041536922301,0.0408041536922301,0.188047847850952,0.188047847850952,0.312283344915181,0.216988145084073,0.0213723522073884,0.0328382245467012
RBBP4_MOUSE,TPSSDVLVFDYTK,2,13,0.0126310721832561,0.990000000000001,0.0157009088770402,0.0591794248075182,0.0591794248075182,0.272731142918119,0.272731142918119,0.312283344915181,0.216988145080613,0.0335444928767934,0.0328382245467012
RBBP4_MOUSE,TPSSDVLVFDYTK,2,16,0.0099140314679206,0.990000000000001,0.0157009088770402,0.0435694555482229,0.0435694555482229,0.200791870597523,0.200791870597523,0.312283344915181,0.216988145080613,0.0304643504397964,0.0328382245467012
RBBP4_MOUSE,TPSSDVLVFDYTK,2,21,0.0073715476180763,0.990000000000001,0.00329608111098478,0.0356042970971637,0.0356042970971637,0.164084065901095,0.164084065901095,0.199076447765823,0.216988145080613,0.0200458536374276,0.00728600854993799
RBBP4_MOUSE,TPSSDVLVFDYTK,2,24,0.0110763676677399,0.990000000000001,0.00711026481929048,0.0501361649426252,0.0501361649426252,0.231054857508456,0.231054857508456,0.176183991391843,0.216988145080613,0.0307179956401235,0.0213723522073884

