Protein,Peptide,charge,time,RSS,theta,min_rss_decoy,diff,abs_diff,perc_diff,abs_perc_diff,exp_RIA_decoy,theoRIA,min_kl,min_kl_decoy
ACSS3_MOUSE,PVGTPDAGAYFR,2,13,0.00893857608275783,0.830000000000001,0.0874305505247838,-0.038495923106945,0.038495923106945,-0.250762107637643,0.250762107637643,0.330601431900874,0.153515710446063,-0.0602241223713219,-0.162747701902116
ACSS3_MOUSE,IAIIYDSPVTDTK,2,0,0.106129444578132,0,0.0354525100157056,0.25828184827312,0.25828184827312,0.600976913868161,0.600976913868161,0.330601431900874,0.42977,0.201348037718959,-0.0282638123440559
ACSS3_MOUSE,IAIIYDSPVTDTK,2,2,0.0325081269463911,0.2,0.0276433288946768,0.0991306840696101,0.0991306840696101,0.230680185132868,0.230680185132868,0.44737432930297,0.429732115970484,-0.0688342116439285,-0.0576063055442716
ACSS3_MOUSE,IAIIYDSPVTDTK,2,3,0.0173301179628595,0,0.106129444578132,-5.915139865037E-05,5.915139865037E-05,-0.000132236511462668,0.000132236511462668,0.17148815172688,0.447315177904319,-0.0414487211045884,0.201348037718959
ACSS3_MOUSE,IAIIYDSPVTDTK,2,7,0.0245970885298115,0,0.0785614215581795,-0.138490591676773,0.138490591676773,-0.322342936693195,0.322342936693195,0.192011633553008,0.429637432411271,-0.0407720580542813,0.191984016270352

