Protein,Peptide,charge,time,RSS,theta,min_rss_decoy,diff,abs_diff,perc_diff,abs_perc_diff,exp_RIA_decoy,theoRIA,min_kl,min_kl_decoy
HS71L_MOUSE,TTYSDNQPGVLIQVYEGER,3,6,0.0383920223607382,0.63,NaN,-0.00058538575038955,0.00058538575038955,-0.00408673291673313,0.00408673291673313,NaN,0.143240520561715,-0.0702471916645994,0
HS71L_MOUSE,TTYSDNQPGVLIQVYEGER,3,9,100,NaN,100,NaN,NaN,NaN,NaN,0.143825906312105,0.108827295116482,0,0

