Protein,Peptide,charge,time,RSS,theta,min_rss_decoy,diff,abs_diff,perc_diff,abs_perc_diff,exp_RIA_decoy,theoRIA,min_kl,min_kl_decoy
RS24_MOUSE,TTGFGmIYDSLDYAK,2,1,0.0106745717210235,0.05,0.0160711082014817,-0.00540310489617901,0.00540310489617901,-0.0144840785236113,0.0144840785236113,0.286018581657959,0.373037531339747,0.00942656368619645,-0.0133776728796569
RS24_MOUSE,TTGFGmIYDSLDYAK,2,6,0.0238601185637616,0.56,0.0170181551826221,0.0615538014630533,0.0615538014630533,0.188131412306506,0.188131412306506,0.286018581657959,0.327185134626901,0.0429737941697064,-0.0662643636625356
RS24_MOUSE,TTGFGmIYDSLDYAK,2,7,0.0403995974240991,0.42,0.0380933476224944,0.0334847454069438,0.0334847454069438,0.103733125693226,0.103733125693226,0.268851998646932,0.322797035018204,-0.0907832514316189,0.129905084301558
RS24_MOUSE,TTGFGmIYDSLDYAK,2,9,0.0146153520276159,0.57,0.0292352728001036,0.0606600907725715,0.0606600907725715,0.192978433443893,0.192978433443893,0.378440636235926,0.314336113575137,0.00532597554993671,0.0429936091814969
RS24_MOUSE,TTGFGmIYDSLDYAK,2,13,0.0189125130247622,0.52,0.0468893672628833,0.0190967483555505,0.0190967483555505,0.0639530195402442,0.0639530195402442,0.274878390966976,0.298605890587126,0.0258231346389631,0.0710857863660693
RS24_MOUSE,TTGFGmIYDSLDYAK,2,16,0.0211618453024709,0.42,0.013151948432606,-0.00900274194627704,0.00900274194627704,-0.0312837085186536,0.0312837085186536,0.286018581657959,0.287777324766626,0.0503048434346559,-0.0592353480174974
RS24_MOUSE,TTGFGmIYDSLDYAK,2,21,0.0119842890402198,0.29,0.0512334247830106,-0.0146145475882996,0.0146145475882996,-0.0538479379586105,0.0538479379586105,0.274878390966976,0.271404034069659,-0.0478331672327537,0.0721535252046744
RS24_MOUSE,TTGFGmIYDSLDYAK,2,24,0.0368559755511095,0.55,0.0468611506415514,-0.00635345177384827,0.00635345177384827,-0.0242037597904118,0.0242037597904118,0.274878390966976,0.262498546873084,0.12917244274624,0.0723178242668363
RS24_MOUSE,TTGFGmIYDSLDYAK,2,31,0.0468567510646378,0.54,0.0368683254801867,-0.0307873906873559,0.0307873906873559,-0.126130789959839,0.126130789959839,0.268851998646932,0.244091000279621,0.0718719265048757,0.129017950134412

