Protein,Peptide,charge,time,RSS,theta,min_rss_decoy,diff,abs_diff,perc_diff,abs_perc_diff,exp_RIA_decoy,theoRIA,min_kl,min_kl_decoy
DCUP_MOUSE,LRDPAAAASELGYVFQAITLTR,3,1,0.00786650880049755,0.35,0.049940474014994,0.00550651988967596,0.00550651988967596,0.0355436399806264,0.0355436399806264,0.0879505174590902,0.154922790481711,0.0276310895496034,0.150537012369732
DCUP_MOUSE,LRDPAAAASELGYVFQAITLTR,3,7,0.0212519185140843,0.64,0.192868218347874,-0.05717691828153,0.05717691828153,-1.85798605979189,1.85798605979189,0.282275902688484,0.0307735991775602,0.0560556285737688,-0.339043306048473
DCUP_MOUSE,AAWGEETDYTPVWcMR,2,0,0.00789692259334407,0,0.0129815424198509,0,0,0,0,0.248255289048256,0.301178950544623,-0.04478288086859,0.01561632053613
DCUP_MOUSE,AAWGEETDYTPVWcMR,2,1,0.0107110944905612,0.16,0.0265542788735109,0.00247440784047617,0.00247440784047617,0.00986882635435982,0.00986882635435982,0.149416270592035,0.250729696888732,0.00669755991801791,0.0784129907052716
DCUP_MOUSE,AAWGEETDYTPVWcMR,2,3,0.0701881570993481,0,0.0420812265709238,-0.110419310125163,0.110419310125163,-0.642508433794758,0.642508433794758,0.149416270592035,0.171856592563321,-0.0854905901255672,0.134732169189311

