Protein,Peptide,charge,time,RSS,theta,min_rss_decoy,diff,abs_diff,perc_diff,abs_perc_diff,exp_RIA_decoy,theoRIA,min_kl,min_kl_decoy
HNRDL_MOUSE,GFGFVLFK,2,1,0.000851850758859675,0,0.0187223555209458,-0.0122864842826936,0.0122864842826936,-0.0218485264670327,0.0218485264670327,0.433544065466855,0.562348417465714,0.00551666844862449,0.0340504815624437
HNRDL_MOUSE,GFGFVLFK,2,2,0.000294301651864316,0,0.114010336391582,-0.023032806580647,0.023032806580647,-0.0426503226806242,0.0426503226806242,0.265216575272048,0.540038272467999,0.00530929935687797,0.261857941969649
HNRDL_MOUSE,GFGFVLFK,2,31,0.000166484183453603,0.880000000000001,0.00826322039818198,-0.0116574286169978,0.0116574286169978,-0.0276316612065305,0.0276316612065305,0.463609103606847,0.421886636849857,0.00102604219328038,0.0151064585097944
HNRDL_MOUSE,FGEVVDcTIK,2,0,0.00523315289758962,0,0.0546015064814151,0,0,0,0,0.306715045678179,0.463609103606847,0.0126054099927393,0.118931998612817
HNRDL_MOUSE,FGEVVDcTIK,2,1,0.00271511489889673,0.28,0.0490581230924578,-0.0149969572700162,0.0149969572700162,-0.0342963671234004,0.0342963671234004,0.265216575272048,0.437275388849677,0.0248499229785969,0.107148082672661
HNRDL_MOUSE,FGEVVDcTIK,2,3,0.00196838370327542,0.77,0.0188868345487325,0.0171561482382753,0.0171561482382753,0.0477072806579047,0.0477072806579047,0.452272346119693,0.359612788691462,0.0164629477700622,0.0756413852351404
HNRDL_MOUSE,FGEVVDcTIK,2,6,0.00182332434129835,0.940000000000001,0.0913392571019508,0.00415123567911208,0.00415123567911208,0.0133537663235367,0.0133537663235367,0.563071079048646,0.310866281357291,0.00834458042098263,0.312135192385244
HNRDL_MOUSE,FGEVVDcTIK,2,9,0.00328623775403456,0.990000000000001,0.0358136670046295,0.0290498578900975,0.0290498578900975,0.0987195772821651,0.0987195772821651,0.452272346119693,0.294266433162145,0.0140719910906152,0.118732154974402
HNRDL_MOUSE,FGEVVDcTIK,2,31,0.00571932945762661,0.990000000000001,0.10783834313314,0.0536331217921593,0.0536331217921593,0.187726754954802,0.187726754954802,0.574634901748408,0.285697804796511,0.0158608794283948,0.342530511513644

