Protein,Peptide,charge,time,RSS,theta,min_rss_decoy,diff,abs_diff,perc_diff,abs_perc_diff,exp_RIA_decoy,theoRIA,min_kl,min_kl_decoy
RM19_MOUSE,SGNGLGATFTLR,2,0,0.000627172790140269,0,0.0452803281033733,0,0,0,0,0.321460595593715,0.52710964820858,0.0030320524339632,0.109351830183438
RM19_MOUSE,SGNGLGATFTLR,2,3,5.94553147566188E-05,0.32,0.0483260721195991,-0.0013677695452608,0.0013677695452608,-0.00337597357716854,0.00337597357716854,0.218538156780362,0.405148178442782,0.000584228878896456,0.118325714240463
RM19_MOUSE,SGNGLGATFTLR,2,7,0.000370912211437423,0.59,0.00948234617357785,-0.00166363596553931,0.00166363596553931,-0.00520216317088694,0.00520216317088694,0.406515947988043,0.319796959628175,0.00265103692667092,0.0284718982307418
RM19_MOUSE,SGNGLGATFTLR,2,16,0.00031806534392749,0.930000000000001,0.015245492600291,0.016081390392127,0.016081390392127,0.0685424150968299,0.0685424150968299,0.321460595593715,0.234619547172489,0.00384098171515929,0.0459161678619462
RM19_MOUSE,SGNGLGATFTLR,2,21,0.000558584022701337,0.890000000000001,0.115518426548597,-0.0150652866117484,0.0150652866117484,-0.0695504391955081,0.0695504391955081,0.52710964820858,0.216609510824216,0.00480311824675154,0.322313552687446

