Protein,Peptide,charge,time,RSS,theta,min_rss_decoy,diff,abs_diff,perc_diff,abs_perc_diff,exp_RIA_decoy,theoRIA,min_kl,min_kl_decoy
SC5A1_MOUSE,IAcVLPEEcQK,2,9,0.00874629234926952,0.34,0.0177706382493063,-0.151924923548229,0.151924923548229,-0.794580107935399,0.794580107935399,0.400952605062156,0.191201518929267,0.0461262482280616,0.0765778853919434
SC5A1_MOUSE,FLMVMPGMISR,2,0,0.00476386875327395,0,0.0191189854920701,-0.0581131577804069,0.0581131577804069,-0.140777998499048,0.140777998499048,0.400952605062156,0.4128,-0.00193904351334464,0.107869579429794
SC5A1_MOUSE,FLMVMPGMISR,2,1,0.0186683130206304,0.1,0.00781435358864595,-8.48918800983034E-06,8.48918800983034E-06,-2.11729956214024E-05,2.11729956214024E-05,0.470913157780407,0.400944115874146,0.099799341496396,-0.000351095663359112

