Protein,Peptide,charge,time,RSS,theta,min_rss_decoy,diff,abs_diff,perc_diff,abs_perc_diff,exp_RIA_decoy,theoRIA,min_kl,min_kl_decoy
MFN1_MOUSE,VLLGLSEPIFQVPR,2,13,0.011591501203665,0.76,0.00633417614707908,-0.0221911492017879,0.0221911492017879,-0.185895837021629,0.185895837021629,0.148315298707004,0.119374105183463,-0.0333754086235892,0.0215853239225234
MFN1_MOUSE,VLLGLSEPIFQVPR,2,16,0.00612069949961469,0.8,0.0117405572804088,-0.0295343887356642,0.0295343887356642,-0.248645920820025,0.248645920820025,0.141565254385251,0.11878090997134,0.0223940119592475,-0.0376936493211045
MFN1_MOUSE,VLLGLSEPIFQVPR,2,24,0.00713652460482668,0.79,0.0116679217458789,-0.0336247324443966,0.0336247324443966,-0.283570732797944,0.283570732797944,0.141565254385251,0.118576173615052,0.0383099384592719,-0.0367137082062747

