Protein,Peptide,charge,time,RSS,theta,min_rss_decoy,diff,abs_diff,perc_diff,abs_perc_diff,exp_RIA_decoy,theoRIA,min_kl,min_kl_decoy
PDCD6_MOUSE,YITDWQNVFR,2,2,0.000584334221553221,0.49,0.00202503319435909,-0.00235434245065047,0.00235434245065047,-0.00677143914074585,0.00677143914074585,0.373487234406826,0.347687160988225,0.00273645495020774,0.0224475018957962
PDCD6_MOUSE,YITDWQNVFR,2,6,0.0040942087412551,0.910000000000001,0.019341539335583,0.00326903679265034,0.00326903679265034,0.0120900833449229,0.0120900833449229,0.373487234406826,0.270389930274809,0.0117554862879369,0.0900504865005668
PDCD6_MOUSE,SIISMFDR,2,0,0.0013353179645531,0,0.0443053101430464,0,0,0,0,0.36925815069686,0.55981636964639,0.014905370540291,0.0719347856895617
PDCD6_MOUSE,SIISMFDR,2,13,0.00179448662752832,0.73,0.0175422918312684,0.00665111043024397,0.00665111043024397,0.0176933933745119,0.0176933933745119,0.267120893482159,0.375909261127103,0.0203504762542598,0.0526140374653215
PDCD6_MOUSE,SIISMFDR,2,16,0.000489746146071996,0.77,0.0152253054172819,0.00153707666986103,0.00153707666986103,0.00430039544451931,0.00430039544451931,0.267120893482159,0.357426820321831,0.00689403392395261,0.0467915822755096
PDCD6_MOUSE,SIISMFDR,2,21,0.00187592622182214,0.71,0.000651539713633299,-0.0377307689388501,0.0377307689388501,-0.112375405448295,0.112375405448295,0.350041503438876,0.335756465467976,0.0211135843406345,0.00331310478211322

