Protein,Peptide,charge,time,RSS,theta,min_rss_decoy,diff,abs_diff,perc_diff,abs_perc_diff,exp_RIA_decoy,theoRIA,min_kl,min_kl_decoy
NDRG3_MOUSE,YFLQGMGYIPSASMTR,2,2,0.00796427304927058,0.42,0.0601353604088678,0.00418145607950474,0.00418145607950474,0.0188487066436447,0.0188487066436447,0.314162666306701,0.221843130065087,-0.0520097828753985,0.20934559754419
NDRG3_MOUSE,LHIAQDINQENLQLFLGSYNGR,3,7,0.0528215629354598,0.46,0.0367960215350801,-0.0864915593397538,0.0864915593397538,-0.379896950877963,0.379896950877963,0.217661673985582,0.227671106966947,0.146426854264933,-0.110074899587232

