Protein,Peptide,charge,time,RSS,theta,min_rss_decoy,diff,abs_diff,perc_diff,abs_perc_diff,exp_RIA_decoy,theoRIA,min_kl,min_kl_decoy
IGJ_MOUSE,cYTTMVPLR,2,16,0.00373803980513203,0.76,0.126192372519355,0.0293447314276358,0.0293447314276358,0.0765174645426427,0.0765174645426427,0.664491833601562,0.383503708637421,-0.0396329373046055,0.0378575190216757
IGJ_MOUSE,IVVPLNNR,2,0,0.00924403410742022,0,0.0710401025396594,-0.0830018336015622,0.0830018336015622,-0.142739915736405,0.142739915736405,0.354158977209785,0.58149,-0.0130483601253271,0.128986870323227
IGJ_MOUSE,IVVPLNNR,2,1,0.00388684250940561,0,0.00924403410742022,-0.0166324296946226,0.0166324296946226,-0.02760065646343,0.02760065646343,0.664491833601562,0.602609931276818,-0.0171916315543249,-0.0130483601253271

