Protein,Peptide,charge,time,RSS,theta,min_rss_decoy,diff,abs_diff,perc_diff,abs_perc_diff,exp_RIA_decoy,theoRIA,min_kl,min_kl_decoy
CREG1_MOUSE,IWVLDYFGGPK,2,2,0.00856082658214818,0.69,0.00572686750524816,0.0716032637276549,0.0716032637276549,0.196242755175258,0.196242755175258,0.286053668087549,0.364870864474505,-0.0312962451454897,0.0493486863287127
CREG1_MOUSE,IWVLDYFGGPK,2,3,0.00370670111889311,0.63,0.0188940046878355,0.0235539554505881,0.0235539554505881,0.0693999016638182,0.0693999016638182,0.295091178709582,0.339394651662281,-0.0334564150310406,0.0290723508279591
CREG1_MOUSE,IWVLDYFGGPK,2,9,0.00527631242727231,0.78,0.00480080482988822,-0.0162853678505295,0.0162853678505295,-0.0603679818430154,0.0603679818430154,0.315840696211693,0.269768300237019,0.0586053338137278,-0.0364875332700631
CREG1_MOUSE,IWVLDYFGGPK,2,24,0.0189290326202823,0.63,0.00880790059742399,-0.0448087993803503,0.0448087993803503,-0.179032976673947,0.179032976673947,0.29326760074685,0.250282379329232,0.029156459222235,-0.0296014616721791
CREG1_MOUSE,IWVLDYFGGPK,2,31,0.00661166308257291,0.990000000000001,0.0136172806291525,0.0359690312698061,0.0359690312698061,0.143935893791818,0.143935893791818,0.29326760074685,0.249896188659029,-0.0420993278461715,-0.0335360127042537

