Protein,Peptide,charge,time,RSS,theta,min_rss_decoy,diff,abs_diff,perc_diff,abs_perc_diff,exp_RIA_decoy,theoRIA,min_kl,min_kl_decoy
PSD10_MOUSE,DHYDATAMHR,2,1,0.0246542686786689,0.53,0.0250791782938298,0.121106874276914,0.121106874276914,0.263264471772152,0.263264471772152,0.405372852953498,0.46001981756858,-0.126207593346436,-0.132183804610586
PSD10_MOUSE,DHYDATAMHR,2,3,0.015862781126345,0.17,0.0393681506996403,0.00948913601286522,0.00948913601286522,0.0228729945505675,0.0228729945505675,0.284215513569774,0.414861988966363,-0.0810900172136761,0.110845486378729
PSD10_MOUSE,DHYDATAMHR,2,6,0.0239261177131314,0.67,0.0213964840631256,0.0756994504301842,0.0756994504301842,0.210241032414419,0.210241032414419,0.299405716120427,0.360060305834915,0.0656410300143785,0.0690626882519442
PSD10_MOUSE,DHYDATAMHR,2,9,0.0210563318129226,0.62,0.00950826182503769,0.0182349732564381,0.0182349732564381,0.0574075484227499,0.0574075484227499,0.255592137599001,0.317640689376866,0.0632509703174279,0.0468716684919244
PSD10_MOUSE,DHYDATAMHR,2,13,0.0180997420249261,0.57,0.0285036054957423,-0.00861477757457779,0.00861477757457779,-0.0312581805831169,0.0312581805831169,0.338912943291666,0.275600735995197,0.0428216978963396,-0.157836505882658
PSD10_MOUSE,DHYDATAMHR,2,24,0.0087730213459108,0.69,0.0508823364471825,-0.0428928958300659,0.0428928958300659,-0.20165984360519,0.20165984360519,0.405372852953498,0.212699241768935,0.042471642926428,-0.161493177357894

