Protein,Peptide,charge,time,RSS,theta,min_rss_decoy,diff,abs_diff,perc_diff,abs_perc_diff,exp_RIA_decoy,theoRIA,min_kl,min_kl_decoy
ICAM1_MOUSE,cVLELADQILETQR,3,1,0.00375887674408404,0,0.0599900636641241,-0.0286319618622558,0.0286319618622558,-0.0739156455841385,0.0739156455841385,0.166652366406974,0.387359964673025,0.0279760085937381,0.162503680351707
ICAM1_MOUSE,cVLELADQILETQR,3,2,0.00203614201751461,0,0.00893913248043719,-0.0513350076086646,0.0513350076086646,-0.151271105324452,0.151271105324452,0.343651859217059,0.339357655241293,-0.0269831202464441,-0.00830754941279059
ICAM1_MOUSE,LFcSLEGLFPASEAR,2,3,0.0139334586247351,0.63,0.0697644018727228,0.123857633372917,0.123857633372917,0.491792032359019,0.491792032359019,0.343651859217059,0.251849613705207,0.0384814418637664,-0.0159158597889042
ICAM1_MOUSE,LDTPDLLEVGTQQK,2,0,0.0134280983625956,0,0.080578321267608,0.0686481407829411,0.0686481407829411,0.166500462728453,0.166500462728453,0.166652366406974,0.4123,0.0067803218681566,0.22369473727794
ICAM1_MOUSE,LDTPDLLEVGTQQK,2,2,0.0138843234124382,0.36,0.0288500666879399,0.00422965771264766,0.00422965771264766,0.0146281208520911,0.0146281208520911,0.166652366406974,0.289145663712712,0.0697778721839585,0.0738386435147391
ICAM1_MOUSE,LDTPDLLEVGTQQK,2,7,0.00325768469214578,0.78,0.0759035759104008,-0.00678528007152981,0.00678528007152981,-0.0392482224311533,0.0392482224311533,0.415991926535281,0.172881207128097,0.0136972447296133,0.291699441694116
ICAM1_MOUSE,cVLELADQILETQR,2,0,100,NaN,100,NaN,NaN,NaN,NaN,0.284916006000065,0.381,0,0
ICAM1_MOUSE,cVLELADQILETQR,2,7,0.0107032965263894,0.59,0.00738061738027894,0.0823567930611855,0.0823567930611855,0.330738006734714,0.330738006734714,0.179666487199626,0.249009159468159,0.0430680813999687,0.0229524118368414

