Protein,Peptide,charge,time,RSS,theta,min_rss_decoy,diff,abs_diff,perc_diff,abs_perc_diff,exp_RIA_decoy,theoRIA,min_kl,min_kl_decoy
DDX46_MOUSE,LLVATSVAAR,2,1,0.00393117785104599,0.06,0.111227841615731,-0.0691686608185186,0.0691686608185186,-0.149654832441499,0.149654832441499,0.260778281711671,0.462187954041224,0.0032345081410582,0.239679296170513
DDX46_MOUSE,LLVATSVAAR,2,7,0.00259944327782758,0.890000000000001,0.113408524950944,0.0207354703783336,0.0207354703783336,0.0736570424158324,0.0736570424158324,0.531356614859742,0.281513752090005,-0.0415431058167444,0.248505691008276

