Protein,Peptide,charge,time,RSS,theta,min_rss_decoy,diff,abs_diff,perc_diff,abs_perc_diff,exp_RIA_decoy,theoRIA,min_kl,min_kl_decoy
AKAP2_MOUSE,STASLLATQESDVMVGPFK,2,2,0.0229595275579569,0.23,NaN,-0.016805327360101,0.016805327360101,-0.0869019772819212,0.0869019772819212,NaN,0.193382566032788,-0.0804599793911526,0
AKAP2_MOUSE,STASLLATQESDVMVGPFK,2,3,100,NaN,100,NaN,NaN,NaN,NaN,0.210187893392889,0.158098472410224,0,0
AKAP2_MOUSE,STASLLATQESDVMVGPFK,2,24,0.063349776826477,0.56,NaN,-0.106509551544465,0.106509551544465,-1.71377131286185,1.71377131286185,NaN,0.0621492206953818,-0.126803543047866,0

