Protein,Peptide,charge,time,RSS,theta,min_rss_decoy,diff,abs_diff,perc_diff,abs_perc_diff,exp_RIA_decoy,theoRIA,min_kl,min_kl_decoy
SMD1_MOUSE,NREPVQLETLSIR,2,2,100,NaN,100,NaN,NaN,NaN,NaN,NaN,0.389950668181509,0,0
SMD1_MOUSE,NREPVQLETLSIR,2,9,100,NaN,100,NaN,NaN,NaN,NaN,NaN,0.320676192569365,0,0
SMD1_MOUSE,NREPVQLETLSIR,2,21,100,NaN,100,NaN,NaN,NaN,NaN,0.230746283182055,0.239487257067793,0,0
SMD1_MOUSE,NREPVQLETLSIR,2,24,100,NaN,100,NaN,NaN,NaN,NaN,0.230746283182055,0.224670224890996,0,0
SMD1_MOUSE,NREPVQLETLSIR,2,31,0.0172757941599196,0.69,NaN,0.00145572515916834,0.00145572515916834,0.00741249867650566,0.00741249867650566,NaN,0.196387914885211,-0.11389339287622,0
SMD1_MOUSE,NREPVQLETLSIR,3,0,0.000839021378857913,0,NaN,0,0,0,0,NaN,0.413572629461027,0.00620362997816412,0
SMD1_MOUSE,NREPVQLETLSIR,3,13,0.00456877221637062,0.56,0.0198388387713959,0.0120292860666253,0.0120292860666253,0.0495489974705956,0.0495489974705956,0.194932189726043,0.24277556924868,0.0588462011340952,-0.0785093164220681

