Protein,Peptide,charge,time,RSS,theta,min_rss_decoy,diff,abs_diff,perc_diff,abs_perc_diff,exp_RIA_decoy,theoRIA,min_kl,min_kl_decoy
RRFM_MOUSE,VALNQIGQISMK,2,7,0.00257258602610517,0.61,0.0175494217448505,0.00667530593594517,0.00667530593594517,0.0240972474246814,0.0240972474246814,0.169839255307021,0.277015288024476,0.0148236998380634,0.00762196375736249
RRFM_MOUSE,VALNQIGQISMK,2,13,0.00572376462724286,0.920000000000001,0.0142718234786807,0.0413543942603487,0.0413543942603487,0.195812678766919,0.195812678766919,0.27033998208853,0.211193649567369,-0.0388873459673534,0.0648539732433508
RRFM_MOUSE,ESGMNLNPEVEGTLIR,2,0,0.0205078364414981,0,0.0516656763815326,0.037742117084194,0.037742117084194,0.105142960452959,0.105142960452959,0.169839255307021,0.35896,-0.0944855419929239,0.124584410713982
RRFM_MOUSE,ESGMNLNPEVEGTLIR,2,21,0.0131061104141933,0.58,0.0181070257584758,-0.0867017908890951,0.0867017908890951,-0.790742611233024,0.790742611233024,0.27033998208853,0.109646033560654,-0.059007526546258,0.114889912821341
RRFM_MOUSE,ESGMNLNPEVEGTLIR,2,31,0.00870425173747597,0.820000000000001,0.0478949833880288,-0.0115502614622138,0.0115502614622138,-0.128405252881979,0.128405252881979,0.27033998208853,0.0899516273904307,0.0581152794886547,0.247668884140695

