Protein,Peptide,charge,time,RSS,theta,min_rss_decoy,diff,abs_diff,perc_diff,abs_perc_diff,exp_RIA_decoy,theoRIA,min_kl,min_kl_decoy
ATLA3_MOUSE,GGSDPETTGIQIWSEVFTVK,2,1,0.000371798278552751,0.09,0.106311681774691,-0.0309330449467946,0.0309330449467946,-0.129826545873175,0.129826545873175,0.540943729752108,0.238264406857227,0.00125096171458692,-0.0388709464708044
ATLA3_MOUSE,EGGHSDWLGDPEEPLTGFSWR,3,1,0.0999803818667886,0,0.120250586607366,-0.307918197611826,0.307918197611826,-1.40352615657319,1.40352615657319,0.540943729752108,0.219388998323786,-0.076387440392836,-0.0202062926494566
ATLA3_MOUSE,EQHSFELEER,2,0,0.00721217957432813,0,0.00468758006747348,-0.0611237297521078,0.0611237297521078,-0.127388874478154,0.127388874478154,0.527307195935612,0.47982,-0.0418668076514137,-0.0474398994739777

