Protein,Peptide,charge,time,RSS,theta,min_rss_decoy,diff,abs_diff,perc_diff,abs_perc_diff,exp_RIA_decoy,theoRIA,min_kl,min_kl_decoy
PPCE_MOUSE,VLYVQDSLEGEAR,2,0,0.0103094476235773,0,0.0117027311156881,-0.0853371110500036,0.0853371110500036,-0.198916368033388,0.198916368033388,0.525372637647853,0.42901,-0.0613537990677324,0.00571124948541502
PPCE_MOUSE,VLYVQDSLEGEAR,2,2,0.0117027311156881,0,0.0119056217447367,-0.103244025389399,0.103244025389399,-0.244579548486484,0.244579548486484,0.485929157133751,0.422128612258454,0.00571124948541502,0.0218948742327299
PPCE_MOUSE,VLYVQDSLEGEAR,2,31,0.00110583365764592,0.39,0.0149873593822454,0.0295721615891872,0.0295721615891872,0.0875638041202458,0.0875638041202458,0.409141686567979,0.337721298044311,0.0093927269242546,0.0233057730706651
PPCE_MOUSE,TFPLDVGSVVGYSGR,2,0,0.0167417838549514,0.990000000000001,0.0167996311151183,-0.0854791571337509,0.0854791571337509,-0.213457752862407,0.213457752862407,0.308149136455124,0.40045,0.0257240779816789,0.0495363119570142
PPCE_MOUSE,TFPLDVGSVVGYSGR,2,6,0.0117469066938503,0.13,0.0310419421207061,-6.33464583720822E-05,6.33464583720822E-05,-0.000154851655932478,0.000154851655932478,0.525372637647853,0.409078340109607,0.0345886285362205,0.0292390279448448
PPCE_MOUSE,TFPLDVGSVVGYSGR,2,7,0.0121194192574105,0.12,0.0117523377073624,-7.48957303622899E-05,7.48957303622899E-05,-0.000180661314206591,0.000180661314206591,0.409141686567979,0.414564295024693,0.0286298362911872,0.0357655505891169
PPCE_MOUSE,TFPLDVGSVVGYSGR,2,31,0.0767999493598211,0.1,0.0280788072218603,-0.0789800974924183,0.0789800974924183,-0.197386180601334,0.197386180601334,0.525372637647853,0.40012982292786,0.180394706873309,0.0257853854798742

