Protein,Peptide,charge,time,RSS,theta,min_rss_decoy,diff,abs_diff,perc_diff,abs_perc_diff,exp_RIA_decoy,theoRIA,min_kl,min_kl_decoy
RM15_MOUSE,VDPTQPIDLTQLVNGR,2,3,0.0271889332945898,0.22,0.0172923438877262,0.0360027749736366,0.0360027749736366,0.11851670929832,0.11851670929832,0.26975996324057,0.303778051101753,0.0184692891528246,-0.0338289007200933
RM15_MOUSE,VDPTQPIDLTQLVNGR,2,6,0.0269677373408213,0.27,0.069499302981327,0.00476019378051873,0.00476019378051873,0.0185132090386444,0.0185132090386444,0.113576624189783,0.257124184714942,-0.0114691691330156,0.23032830520828
RM15_MOUSE,VDPTQPIDLTQLVNGR,2,7,0.0171468115047548,0.26,0.0133717957972698,-0.0256507332250421,0.0256507332250421,-0.10507891579278,0.10507891579278,0.253417715739307,0.244109230015528,-0.0407173291758427,-0.0475101415503796
RM15_MOUSE,VDPTQPIDLTQLVNGR,2,21,0.0130625377981777,0.31,0.0282902891861361,-0.109680462786483,0.109680462786483,-0.763062188356151,0.763062188356151,0.267775276128117,0.143737252952823,-0.0597690657670458,0.0137008700691607
RM15_MOUSE,FGYVLPDITKDELFR,3,1,0.000404266241832158,0.41,0.0142536010275709,-0.0108825484936637,0.0108825484936637,-0.0432765952485362,0.0432765952485362,0.213812542047472,0.251464987741424,0.00217628194088592,0.0684706179777999
RM15_MOUSE,FGYVLPDITKDELFR,3,2,0.0108772046401031,0.56,0.0282489345415299,-0.0106245031676614,0.0106245031676614,-0.052289018715053,0.052289018715053,0.252363990934423,0.203188038879811,0.0476099152296523,-0.017560897267719
RM15_MOUSE,FGYVLPDITKDELFR,3,21,0.0073025572306147,0.990000000000001,0.0709338455964107,0.0155523463237935,0.0155523463237935,0.120440411334018,0.120440411334018,0.267775276128117,0.129128970513576,0.0248062988845096,0.0912863789959112

