Protein,Peptide,charge,time,RSS,theta,min_rss_decoy,diff,abs_diff,perc_diff,abs_perc_diff,exp_RIA_decoy,theoRIA,min_kl,min_kl_decoy
CSN5_MOUSE,VNLGAFR,2,1,0.0957847993874217,0.990000000000001,0.0698783506209242,0.214544523736665,0.214544523736665,0.598501707170438,0.598501707170438,0.220692702252227,0.358469359679819,0.188920173845839,0.247663061322482
CSN5_MOUSE,VNLGAFR,2,3,0.0787303849725016,0.990000000000001,0.0765949369706321,0.229660328016457,0.229660328016457,0.640677058362245,0.640677058362245,0.143924835943153,0.358465041035705,0.173204851264305,0.147355474294286
CSN5_MOUSE,VNLGAFR,2,6,0.0877635221571086,0.990000000000001,0.056056419583214,0.251588410057655,0.251588410057655,0.701849221700244,0.701849221700244,0.220692702252227,0.358465041035704,0.227218426639165,0.207764816191076
CSN5_MOUSE,VNLGAFR,2,31,0.0064128284726497,0.990000000000001,0.0782340134415143,0.064239582679242,0.064239582679242,0.179207385171051,0.179207385171051,0.128804713019248,0.358465041035704,0.00835695217258397,0.172012525829159
CSN5_MOUSE,LEQSEAQLGR,2,21,0.00624671783593438,0.79,0.0372357729000225,-0.0768475509914614,0.0768475509914614,-0.534238035261616,0.534238035261616,0.200858434133245,0.143845151260766,0.0210826745858714,0.14185590844918
CSN5_MOUSE,LEQSEAQLGR,2,24,0.037076324785953,0.820000000000001,0.0278706933711253,-0.0600748793581044,0.0600748793581044,-0.426718017271663,0.426718017271663,0.294225458356462,0.14078355477514,0.14024451551671,0.0549542699041441

