Protein,Peptide,charge,time,RSS,theta,min_rss_decoy,diff,abs_diff,perc_diff,abs_perc_diff,exp_RIA_decoy,theoRIA,min_kl,min_kl_decoy
HTRA1_MOUSE,LPVLLLGR,2,3,0.00107401190633062,0.23,NaN,-0.0170905532363987,0.0170905532363987,-0.0332572973342385,0.0332572973342385,NaN,0.513888818584303,0.017341856621393,0
HTRA1_MOUSE,LPVLLLGR,2,24,0.00112475491731915,0.43,NaN,-0.0145722052393588,0.0145722052393588,-0.031163330303595,0.031163330303595,NaN,0.467607444306994,-0.00848835684381815,0
HTRA1_MOUSE,IAPAVVHIELYR,3,0,0.00789988387621013,0,NaN,-5.55111512312578E-17,5.55111512312578E-17,-1.2393282457695E-16,1.2393282457695E-16,NaN,0.447913225739408,-0.0555805946854582,0
HTRA1_MOUSE,IAPAVVHIELYR,3,1,0.00109228499968676,0.13,NaN,-0.00345968190419421,0.00345968190419421,-0.00903492696231994,0.00903492696231994,NaN,0.382923062756653,-0.00423532895594033,0
HTRA1_MOUSE,IAPAVVHIELYR,3,7,0.0113175666431127,0.67,0.0925148800193244,0.0200607554610366,0.0200607554610366,0.0905500235858957,0.0905500235858957,0.447913225739408,0.221543348820964,-0.0133744547302524,-0.122634022140982
HTRA1_MOUSE,IAPAVVHIELYR,3,21,0.0758024322466761,0.51,NaN,-0.0269158988987975,0.0269158988987975,-0.184620334422086,0.184620334422086,NaN,0.145790543512186,0.140706073138452,0
HTRA1_MOUSE,IAPAVVHIELYR,3,31,0.00543052330248209,0.77,0.114880428671722,-0.0417984947765635,0.0417984947765635,-0.297867941067147,0.297867941067147,0.482179649546353,0.140325590685642,0.0284686225473462,0.164461803847865

