Protein,Peptide,charge,time,RSS,theta,min_rss_decoy,diff,abs_diff,perc_diff,abs_perc_diff,exp_RIA_decoy,theoRIA,min_kl,min_kl_decoy
NP1L4_MOUSE,EAATVEELNPK,2,6,0.00687649704988667,0.76,0.0215577136186172,0.0801122953334216,0.0801122953334216,0.238643134037995,0.238643134037995,0.121474695924893,0.335699141969309,-0.0170194379517138,0.0759747939067376
NP1L4_MOUSE,EAATVEELNPK,2,16,0.0331303603079332,0.18,0.0413684954469581,-0.178435924065477,0.178435924065477,-0.84220143959736,0.84220143959736,0.309898554143777,0.211868462431961,-0.0541107632675075,0.0545501657943769
NP1L4_MOUSE,GIPEFWFTIFR,2,1,0.00931605381892559,0.7,0.0226736882407431,0.0746986243822632,0.0746986243822632,0.194225617225129,0.194225617225129,0.394200649830733,0.38459717852604,-0.0395383424303129,0.0428330198602023
NP1L4_MOUSE,GIPEFWFTIFR,2,2,0.00382233030004125,0.05,0.0550319273205181,-0.0348883329266219,0.0348883329266219,-0.0970975145723505,0.0970975145723505,0.197456382826274,0.359312316904111,0.0035964754100788,0.158739817493744
NP1L4_MOUSE,GIPEFWFTIFR,2,6,0.00457742365104185,0.58,0.0506284247539748,0.0175641041059394,0.0175641041059394,0.0559658608708205,0.0559658608708205,0.121474695924893,0.313836039196834,0.0234327332917593,0.177732410166932
NP1L4_MOUSE,QVPNESFFNFFSPLK,2,1,0.00342399887589033,0.17,0.00994150292245286,-0.00307222998885842,0.00307222998885842,-0.0112171818272218,0.0112171818272218,0.309898554143777,0.273886082634654,0.0707457387104624,-0.0411227099112045
NP1L4_MOUSE,QVPNESFFNFFSPLK,2,3,0.0025088505477084,0.49,0.0158423157920449,0.00322398128634274,0.00322398128634274,0.0160652553158292,0.0160652553158292,0.276958312623513,0.200680364112616,0.0100687809173028,0.234327553228331
NP1L4_MOUSE,QVPNESFFNFFSPLK,2,16,0.000261969973583192,0.890000000000001,0.0581351548617304,-0.0174551618535131,0.0174551618535131,-0.167806576037295,0.167806576037295,0.309898554143777,0.10401953407138,0.00059092430339285,-0.0922941864358804

