Protein,Peptide,charge,time,RSS,theta,min_rss_decoy,diff,abs_diff,perc_diff,abs_perc_diff,exp_RIA_decoy,theoRIA,min_kl,min_kl_decoy
IF4B_MOUSE,DSDKTDTDWR,2,1,0.00053933999641035,0.21,0.0696924707015476,-0.0489346592518811,0.0489346592518811,-0.118035751770491,0.118035751770491,0.525042514763043,0.414574893774809,-0.0158622196872486,0.244731879971492
IF4B_MOUSE,DSDKTDTDWR,2,13,0.0151694137288531,0.880000000000001,0.128891126353893,-0.00716758456066557,0.00716758456066557,-0.0262628514771331,0.0262628514771331,0.103005753342498,0.272917225568836,0.0199432770657206,0.439233221689536
IF4B_MOUSE,VAAVQPPEEGPSR,2,1,0.0113597785852945,0,0.255696054308824,-0.152538119477572,0.152538119477572,-0.376550882322868,0.376550882322868,0.116764830735396,0.405092981157272,0.00604086525494636,0.767187391916675
IF4B_MOUSE,VAAVQPPEEGPSR,2,13,0.013669867712937,0.880000000000001,0.00292806495567213,-0.00245873171194919,0.00245873171194919,-0.0200040530773023,0.0200040530773023,0.158464254101406,0.122911677071033,0.106160896134032,0.00991436006286277
IF4B_MOUSE,AASIFGGAKPVDTAAR,3,13,0.0840166564735539,0.11,0.0254226219893563,-0.113613930060889,0.113613930060889,-0.276144959988955,0.276144959988955,0.280084810129502,0.411428584702154,0.227686027308469,0.0227550315843533
IF4B_MOUSE,TISLTDFLAEDGGTGGGSTYVPK,2,1,0.00678899233365439,0.06,0.112314606283756,-0.0172526800148394,0.0172526800148394,-0.07214619459978,0.07214619459978,0.557631100634844,0.239134996801231,0.0130162393434164,0.152842032193832
IF4B_MOUSE,TISLTDFLAEDGGTGGGSTYVPK,2,13,0.0166650610186264,0.81,0.232391693061433,0.00572861879256482,0.00572861879256482,0.0467667358102865,0.0467667358102865,0.46350955302669,0.122493449527961,0.0625698542457422,0.147516076900895
IF4B_MOUSE,SPPYTAFLGNLPYDVTEDSIKDFFR,3,1,0.00144129732294925,0.27,0.0373667517781095,-0.00720605192562751,0.00720605192562751,-0.0476407349946768,0.0476407349946768,0.256387676816071,0.151258202175779,-0.00474247638876197,0.187047062332832
IF4B_MOUSE,SPPYTAFLGNLPYDVTEDSIKDFFR,3,13,0.00806352211269432,0.62,0.0238016204724955,-0.00322487517884372,0.00322487517884372,-0.0323195710259684,0.0323195710259684,0.158464254101406,0.0997808781636541,0.0182435768665086,0.0768863568891206

