Protein,Peptide,charge,time,RSS,theta,min_rss_decoy,diff,abs_diff,perc_diff,abs_perc_diff,exp_RIA_decoy,theoRIA,min_kl,min_kl_decoy
AGK_MOUSE,RTDEATFSK,2,1,0.000272976785057737,0.02,0.19762060657086,-0.0289144545258493,0.0289144545258493,-0.0553782733969937,0.0553782733969937,0.165189029875157,0.522126327748943,-0.00417783898939098,0.519884062473525
AGK_MOUSE,RTDEATFSK,2,2,0.00262615978915809,0.15,0.0810542011897156,-0.0506811349938166,0.0506811349938166,-0.111046509241046,0.111046509241046,0.260565645325922,0.456395571010742,0.0300359130695516,0.208193130796725
AGK_MOUSE,RTDEATFSK,2,13,0.00380998911754025,0.74,0.00920962220126881,0.00370202821677934,0.00370202821677934,0.0111439417248424,0.0111439417248424,0.260565645325922,0.33220096696366,0.0121318244638347,0.0388052937305001
AGK_MOUSE,EDFMNIcIEPDTVSK,2,3,0.0428705812108869,0.28,0.0750569415325532,0.126926094405596,0.126926094405596,0.402302647282983,0.402302647282983,0.0816469292069352,0.315499028561735,-0.0344505378844492,0.27183787439188
AGK_MOUSE,IPIGFIPLGQTSSLSHTLFAESGNK,3,1,0.00602015112618238,0,0.121388387952297,-0.059528117889959,0.059528117889959,-0.296104506701718,0.296104506701718,0.507076706004558,0.201037527435963,0.0146889265798616,0.363553631324233
AGK_MOUSE,IPIGFIPLGQTSSLSHTLFAESGNK,3,3,0.00266727422571832,0.12,0.142698066706142,0.0151010280144135,0.0151010280144135,0.0837596270764029,0.0837596270764029,0.507076706004558,0.18029005788957,0.0112174900283119,0.36337209960936
AGK_MOUSE,IPIGFIPLGQTSSLSHTLFAESGNK,3,7,0.00545750417118629,0.28,0.0245847677223165,-0.0186241560720192,0.0186241560720192,-0.127641134895341,0.127641134895341,0.260565645325922,0.145910298332039,0.0199808922794567,0.169352359996117
AGK_MOUSE,IPIGFIPLGQTSSLSHTLFAESGNK,3,13,0.00817907844323499,0.52,0.0641093923726289,0.0265722774964722,0.0265722774964722,0.245541233445722,0.245541233445722,0.260565645325922,0.108219206703407,0.0255753496418269,0.400745208209737

