Protein,Peptide,charge,time,RSS,theta,min_rss_decoy,diff,abs_diff,perc_diff,abs_perc_diff,exp_RIA_decoy,theoRIA,min_kl,min_kl_decoy
TOP2B_MOUSE,DLIQMLVQR,2,2,0.00683029936831416,0.54,0.0161962325478258,-0.00717741660566718,0.00717741660566718,-0.0205971622090983,0.0205971622090983,0.444140046945936,0.348466285442793,-0.0243463309586553,0.0992789898871516
TOP2B_MOUSE,DLIQMLVQR,2,31,0.00213444438763473,0.8,NaN,-0.0459391243062372,0.0459391243062372,-0.202720753256039,0.202720753256039,NaN,0.226612833508049,0.0104451799803191,0
TOP2B_MOUSE,LLFPAVDDNLLK,2,1,0.0011543499441461,0,0.0144051977170125,-0.10871124425859,0.10871124425859,-0.324096330987773,0.324096330987773,0.416639065731902,0.335428802687346,0.0123241567722307,-0.0355960925497829
TOP2B_MOUSE,VSIDPESNIISIWNNGK,2,0,0.0177548234874131,0,0.0180723519186432,-0.0812890657319016,0.0812890657319016,-0.242400673123309,0.242400673123309,0.444140046945936,0.33535,-0.099870901206125,0.0803428086425773
TOP2B_MOUSE,VSIDPESNIISIWNNGK,2,31,100,NaN,100,NaN,NaN,NaN,NaN,0.272551957814286,0.332118906115431,0,0

