Protein,Peptide,charge,time,RSS,theta,min_rss_decoy,diff,abs_diff,perc_diff,abs_perc_diff,exp_RIA_decoy,theoRIA,min_kl,min_kl_decoy
SYYC_MOUSE,VDAQFGGVDQR,2,6,0.00188108782798316,0.47,0.0375096281748772,-0.000461744950884302,0.000461744950884302,-0.00135884018148408,0.00135884018148408,0.191365172653822,0.339808137245397,0.00743279328499272,0.0972943308289872
SYYC_MOUSE,VDAQFGGVDQR,2,9,0.000623226460182736,0.57,0.00342732255006349,-0.0283589041671374,0.0283589041671374,-0.0980544020357128,0.0980544020357128,0.340269882196281,0.289216022721843,0.00174305349120687,0.0159772635430685
SYYC_MOUSE,VDAQFGGVDQR,2,13,0.00116394628785305,0.940000000000001,0.0376839747211734,0.0524107294114423,0.0524107294114423,0.214995530597651,0.214995530597651,0.340269882196281,0.243775902065264,0.0298351166076916,0.118351544730915

