Protein,Peptide,charge,time,RSS,theta,min_rss_decoy,diff,abs_diff,perc_diff,abs_perc_diff,exp_RIA_decoy,theoRIA,min_kl,min_kl_decoy
HA1B_MOUSE,YMEVGYVDDTEFVR,2,1,100,NaN,100,NaN,NaN,NaN,NaN,0.192361580091665,0.265407374066286,0,0
HA1B_MOUSE,YMEVGYVDDTEFVR,2,2,0.0245408607758224,0.32,NaN,-0.00521230898357783,0.00521230898357783,-0.0244247702033323,0.0244247702033323,NaN,0.213402580257099,-0.0426813382087469,0
HA1B_MOUSE,YMEVGYVDDTEFVR,2,13,100,NaN,100,NaN,NaN,NaN,NaN,0.154015129135369,0.130530878541287,0,0
HA1B_MOUSE,YMEVGYVDDTEFVR,2,24,100,NaN,100,NaN,NaN,NaN,NaN,0.271218496065383,0.130132366016169,0,0
HA1B_MOUSE,YMEVGYVDDTEFVR,2,31,0.0206639882519879,0.79,0.0736157475133915,-0.023884624250172,0.023884624250172,-0.183543622390794,0.183543622390794,0.271218496065383,0.130130504885197,-0.118525277612096,-0.245576253466169
HA1B_MOUSE,GGSHTIQVISGcEVGSDGR,3,1,0.0340167063676456,0,0.0761527005902632,0.0529628941245252,0.0529628941245252,0.163374258138319,0.163374258138319,0.22912125915773,0.324181390189908,-0.0817819778559301,0.211914975723996
HA1B_MOUSE,GGSHTIQVISGcEVGSDGR,3,13,0.00827284823209726,0.48,0.0568369390789818,-0.0405874127758582,0.0405874127758582,-0.267419769079708,0.267419769079708,0.218614889240677,0.151774167315807,0.0621829325500643,-0.113177275864628
HA1B_MOUSE,GGSHTIQVISGcEVGSDGR,3,31,0.0231901814223688,0.54,0.0658461904665224,-0.152989273415788,0.152989273415788,-2.009526901536,2.009526901536,0.218614889240677,0.0761319857419424,-0.0643902737000481,-0.119166512884596

