Protein,Peptide,charge,time,RSS,theta,min_rss_decoy,diff,abs_diff,perc_diff,abs_perc_diff,exp_RIA_decoy,theoRIA,min_kl,min_kl_decoy
NAGAB_MOUSE,DLGYVYLNIDDcWIGGR,2,1,0.00782696014711659,0.24,0.0372235249320886,-0.0350035271764838,0.0350035271764838,-0.137460703572493,0.137460703572493,0.143458077463119,0.254643881973323,-0.00577244063307129,0.105356490892988
NAGAB_MOUSE,DLGYVYLNIDDcWIGGR,2,2,0.0038642168418564,0.5,0.00638978612999204,0.0236195868351439,0.0236195868351439,0.101216561631232,0.101216561631232,0.154895567974602,0.233356937387365,0.0462326945058068,0.0248172552848952
NAGAB_MOUSE,DLGYVYLNIDDcWIGGR,2,3,0.00394523994621287,0.54,0.0153969980731954,0.0289113744888456,0.0289113744888456,0.13818846951956,0.13818846951956,0.119453774367384,0.209216981629233,0.0665767831415074,0.0460245823821466
NAGAB_MOUSE,DLGYVYLNIDDcWIGGR,2,7,0.00288062270886423,0.71,0.00631796088264551,-0.00548584196616134,0.00548584196616134,-0.0367167661217143,0.0367167661217143,0.119453774367384,0.149409726008441,0.0272434599721458,0.0168559692604685
NAGAB_MOUSE,DLGYVYLNIDDcWIGGR,2,16,0.00362159533616562,0.870000000000001,0.0149412825843755,-0.0343981622987328,0.0343981622987328,-0.315406098078147,0.315406098078147,0.209737350552221,0.109059915164386,0.0172563615466121,0.134556010339778
NAGAB_MOUSE,DLGYVYLNIDDcWIGGR,2,31,0.00118613942922733,0.970000000000001,0.0520384977451228,-0.0178565462223247,0.0178565462223247,-0.175758202741804,0.175758202741804,0.289647409149807,0.101597228145059,0.00293526299242744,0.0667415138401951
NAGAB_MOUSE,LDGcFSSSR,2,0,0.00309590268040135,0,0.225033703286366,0,0,0,0,0.154895567974602,0.562022952782524,0.0210344508157084,0.572217734706198

