Protein,Peptide,charge,time,RSS,theta,min_rss_decoy,diff,abs_diff,perc_diff,abs_perc_diff,exp_RIA_decoy,theoRIA,min_kl,min_kl_decoy
LICH_MOUSE,LYDEIISLMK,2,0,0.0114767033592209,0,0.0352920763121878,-0.0960185432790541,0.0960185432790541,-0.207410341035672,0.207410341035672,0.299233593928953,0.46294,0.00779343626164972,0.0699383144133589
LICH_MOUSE,LYDEIISLMK,2,6,0.00327140353243862,0.74,0.0809388947890302,0.0248438123672982,0.0248438123672982,0.0766601184921466,0.0766601184921466,0.558958543279054,0.324077406296251,0.0180117510250721,0.117990229884756

