Protein,Peptide,charge,time,RSS,theta,min_rss_decoy,diff,abs_diff,perc_diff,abs_perc_diff,exp_RIA_decoy,theoRIA,min_kl,min_kl_decoy
NHRF2_MOUSE,SDLPGSEKDNEDGSTWK,3,2,0.00666296254451357,0.25,0.0106506198733106,0.0307590323834181,0.0307590323834181,0.101844714897703,0.101844714897703,0.206455842912775,0.302018935536457,0.0312052020561605,0.0284765755907691
NHRF2_MOUSE,SDLPGSEKDNEDGSTWK,3,6,0.00696595094518586,0.48,0.0181151126189083,-0.00160313482939056,0.00160313482939056,-0.00717250774829233,0.00717250774829233,0.187110432657132,0.223511062748206,-0.0511408632555109,-0.0225767944930595
NHRF2_MOUSE,SDLPGSEKDNEDGSTWK,3,7,0.0100211975649666,0.44,0.0071556759733303,-0.00491470766524163,0.00491470766524163,-0.0235438417274629,0.0235438417274629,0.225114197577597,0.20874705675195,0.0888685265600066,-0.0455742675747377
NHRF2_MOUSE,SDLPGSEKDNEDGSTWK,3,9,0.00211204649428474,0.49,0.0175387505525402,-0.0227530226557381,0.0227530226557381,-0.123857775421749,0.123857775421749,0.187110432657132,0.183702820257037,0.0153171101388784,-0.0254811337011487
NHRF2_MOUSE,SDLPGSEKDNEDGSTWK,3,24,0.01194632258291,0.69,0.0133871232802308,-0.0851951720059552,0.0851951720059552,-0.835941265926317,0.835941265926317,0.225114197577597,0.101915260651177,-0.0682509174361267,-0.0613723933874971

