Protein,Peptide,charge,time,RSS,theta,min_rss_decoy,diff,abs_diff,perc_diff,abs_perc_diff,exp_RIA_decoy,theoRIA,min_kl,min_kl_decoy
EIF3M_MOUSE,LLTFMGMAVENK,2,1,0.0663400034326737,0,0.121259245498545,-0.1335908938281,0.1335908938281,-0.358064715754559,0.358064715754559,0.129031735903274,0.373091477462616,0.17700079820365,0.376464705555588
EIF3M_MOUSE,LLTFMGMAVENK,2,13,0.00137233936258229,0.990000000000001,0.0393632735416558,0.0169546979462681,0.0169546979462681,0.0811095612821164,0.0811095612821164,0.344621399522845,0.209034516748229,0.0174885800077121,0.14806533885364
EIF3M_MOUSE,LQLLSNLFHGMDK,3,0,0.0034339370067518,0.990000000000001,0.0589999660281874,0.0472286004771548,0.0472286004771548,0.120527243785006,0.120527243785006,0.192079818801961,0.39185,0.00497350770254777,0.151969795173547
EIF3M_MOUSE,LQLLSNLFHGMDK,3,6,0.0015046211201432,0.980000000000001,0.0586223513161213,0.00143473779084655,0.00143473779084655,0.00884467314088717,0.00884467314088717,0.344621399522845,0.162214902460786,0.00382105924471758,0.217938201413639
EIF3M_MOUSE,LQLLSNLFHGMDK,3,7,0.00384677736712849,0.990000000000001,0.00317408084601164,-0.00684017733461872,0.00684017733461872,-0.0424640570050205,0.0424640570050205,0.192079818801961,0.161081578564432,0.0126839088013855,0.0320934315811008
EIF3M_MOUSE,LQLLSNLFHGMDK,3,9,0.00233600294142289,0.990000000000001,0.172553724642233,0.00226981241325527,0.00226981241325527,0.0141572060692858,0.0141572060692858,0.506682371290717,0.160329121589863,0.00985921419658838,0.512637267528476
EIF3M_MOUSE,LQLLSNLFHGMDK,3,21,0.00523800426066447,0.990000000000001,NaN,0.031099862226887,0.031099862226887,0.194214399843857,0.194214399843857,NaN,0.160131598130161,0.0183340610307973,0
EIF3M_MOUSE,LQLLSNLFHGMDK,3,24,100,NaN,100,NaN,NaN,NaN,NaN,0.16078016466994,0.160131583676431,0,0

