Protein,Peptide,charge,time,RSS,theta,min_rss_decoy,diff,abs_diff,perc_diff,abs_perc_diff,exp_RIA_decoy,theoRIA,min_kl,min_kl_decoy
MK01_MOUSE,DVYIVQDLMETDLYK,2,16,0.00115639726891345,0.990000000000001,0.189080930220441,0.00770077314363182,0.00770077314363182,0.0580106435287985,0.0580106435287985,0.478718401358055,0.132747590359153,0.00317267428026129,0.335001274444321
MK01_MOUSE,GQVFDVGPR,2,0,0.0129791614298044,0,0.274987654286623,0.0877815986419452,0.0877815986419452,0.154954278273513,0.154954278273513,0.125046817215522,0.5665,0.0135990763868892,0.779048779413245

