proteinName,peptideSeq,charge,old_Rsquared,new_Rsquared,NDP,rateconstant,sigma,Abundance,MassToCharge,RMSE,selected_A1A0_count, selected_A2A0_count, selected_A2A1_count,improved_timePoints,new_k,I0_percentatediffI0_percentatediff,selected_io_t,i0,I0_asymptote,new_rmse,lowerci_old,upperci_old,sigma_old,lowerci_new,upperci_new,sigma_new,old_pearson,new_pearson
ACMSD_MOUSE,VIQQNcWDPEVR,2,0.593258293560248,0.737682027783728,7,0.03077,0.0107854537060828,20809305.6,772.36975,0.0446304060396704,3,2,2,0| 1| 2| 3| 6| 9| 24,NaN,0.00402351713057756|-0.0232767379271614|,0.423511704069425| 0.403001121336208| 0.376059434149448| 0.431024849992346| 0.289222593035308| NaN| 0.338789396174371| NaN| NaN| NaN| 0.225664436489799| NaN,0.423511704069425,0.130464765618435,0.0274770260334171,0,0.0732102144389608,0.0173443985819851,0.00779208447567931,0.0537479155243207,0.00939057756200063,0.838566278422032,0.89418328001483
ACMSD_MOUSE,FGYGGWVQLQQQGK,2,0.31639391594729,0.602801599421577,7,0.65273,0.14897414456155,10462745.8,798.40192,0.0350214278148953,1,0,5,0| 1| 2| 3| 6| 24,NaN,,0.285109122582239| 0.228983523812046| 0.168723310249631| 0.1574697778324| 0.124191459543639| NaN| 0.11803642222956| NaN| NaN| NaN| 0.100953418307231| NaN,0.38213,0.112301115111471,0.0295874588173705,0.137211538685618,1.16824846131438,0.210681255681874,0.217200034621315,1.08825996537869,0.17799168580523,0.926960039556196,0.981886664889165
ACMSD_MOUSE,DTLELcQFLNNDLAATVAR,3,0.487076980807806,0.977550441110955,7,0.34958,0.0820942296933173,2473452.2,722.02826,0.0366578094200065,1,1,2,1| 3| 9| 24,NaN,,0.301855359547228| 0.206585693418501| 0.171071244256495| 0.148911470990559| 0.0655336233695606| NaN| 0.0729817893232853| NaN| NaN| NaN| 0.0593749355138566| NaN,0.301855359547228,0.0553889272849083,0.00946693972822771,0.0788120511083557,0.620347948891644,0.110657009887583,0.279653730726145,0.419506269273855,0.0285773552671676,0.839016914407263,0.990777229860977

