proteinName,peptideSeq,charge,old_Rsquared,new_Rsquared,NDP,rateconstant,sigma,Abundance,MassToCharge,RMSE,selected_A1A0_count, selected_A2A0_count, selected_A2A1_count,improved_timePoints,new_k,I0_percentatediffI0_percentatediff,selected_io_t,i0,I0_asymptote,new_rmse,lowerci_old,upperci_old,sigma_old,lowerci_new,upperci_new,sigma_new,old_pearson,new_pearson
ALAT1_MOUSE,ALELEQELR,2,0.908373851632327,0.994429951019804,8,0.45708,0.0635615798991786,4025775.5,550.8009,0.0321827082726012,0,2,2,1| 2| 3| 21,NaN,,0.54609719732844| 0.420605819449281| 0.322429142725741| 0.277238294669377| 0.184739588215226| NaN| 0.168973077413593| 0.157926423384809| NaN| 0.15287454435885| NaN| NaN,0.54609719732844,0.168227801427325,0.00819940742961676,0.270615144277748,0.643544855722252,0.0788560193625998,0.409573080743205,0.504586919256795,0.0200906842753866,0.954977136974565,0.998143397744693
ALAT1_MOUSE,VLTLDTMNPcVR,2,0.313897259419301,0.976508542254283,8,0.17669,0.0546621154363655,10245385,709.86017,0.0491762311908475,1,2,3,1| 2| 3| 9| 13| 21,NaN,-0.0324351020551968|,0.451727162516482| 0.413553860174722| 0.414960423194956| 0.360927884303585| 0.299457952636644| NaN| 0.270004467639265| 0.245861416541095| NaN| 0.211047358462303| NaN| NaN,0.451727162516482,0.222870659669629,0.0104365787595262,0.044000161673332,0.309379838326668,0.0561145553127376,0.148529485972182,0.204850514027818,0.0119090861966293,0.805309710822132,0.990716416795769
ALAT1_MOUSE,LTEQVFNEAPGIR,2,0.60672668917278,0.721299609440168,8,0.12914,0.033823321043793,10903302.75,737.38843,0.058299131751948,3,2,0,0| 1| 2| 9| 13,NaN,,0.362034379333892| 0.328686156456876| 0.275838574943731| 0.348415636708696| 0.270886853869931| NaN| 0.185191018252891| 0.166887171373863| NaN| 0.134810109441397| NaN| NaN,0.42465,0.113578018723491,0.0351664988125624,0.0244223252509283,0.233857674749072,0.044285122553707,0.0659734677712507,0.192306532228749,0.0267131372783622,0.795531026394904,0.938639325225695

