proteinName,peptideSeq,charge,old_Rsquared,new_Rsquared,NDP,rateconstant,sigma,Abundance,MassToCharge,RMSE,selected_A1A0_count, selected_A2A0_count, selected_A2A1_count,improved_timePoints,new_k,I0_percentatediffI0_percentatediff,selected_io_t,i0,I0_asymptote,new_rmse,lowerci_old,upperci_old,sigma_old,lowerci_new,upperci_new,sigma_new,old_pearson,new_pearson
CSN8_MOUSE,KPASGTLDVSLNR,2,-0.30428593635469,0.382146855698631,7,0.0167,0.00733069903324246,2209475.33333333,679.37531,0.0395676955432702,1,2,1,1| 6| 9| 24,NaN,,0.429627264763424| 0.347623331252729| 0.437631195664974| 0.432718019883526| 0.404486180260962| NaN| 0.399831374148559| NaN| NaN| NaN| 0.331194806363549| NaN,0.429627264763424,0.145421771320482,0.0236042586942103,0,0.0352749055747635,0.0075911625370035,0.000608256026220645,0.0327917439737794,0.00657634804748455,0.104908640256944,0.643350772895154
CSN8_MOUSE,SANSELGGIWSVGQR,2,0.310584193521594,0.732260432677207,7,0.16907,0.0604562295881393,6294143.14285714,780.89191,0.0711968547058368,2,1,3,1| 2| 3| 6| 9| 24,NaN,,0.388434969961976| 0.337239282891254| 0.258922404906677| 0.363253397469245| 0.186637293073126| NaN| 0.144694050215498| NaN| NaN| NaN| 0.16052532012576| NaN,0.388434969961976,0.0820931737509519,0.0370852353888478,0,0.404694313380013,0.0962945654468179,0.0541008705106649,0.284039129489335,0.0469853989393676,0.731949771289421,0.890522424985715

