proteinName,peptideSeq,charge,old_Rsquared,new_Rsquared,NDP,rateconstant,sigma,Abundance,MassToCharge,RMSE,selected_A1A0_count, selected_A2A0_count, selected_A2A1_count,improved_timePoints,new_k,I0_percentatediffI0_percentatediff,selected_io_t,i0,I0_asymptote,new_rmse,lowerci_old,upperci_old,sigma_old,lowerci_new,upperci_new,sigma_new,old_pearson,new_pearson
GALT3_MOUSE,TPTFAGGLFSISK,2,0.305130804484202,0.61475190056969,4,0.00664,0.00276061807282903,8223255.33333333,663.35864,0.0192293651522509,1,0,0,7,NaN,,0.449982565163435| NaN| 0.48334451989264| NaN| NaN| 0.433074172475676| NaN| NaN| NaN| NaN| NaN| 0.400320568513735,0.449982565163435,0.1838877637704,0.0107349068592286,0,0.0278157847834118,0.00665393309233576,0,0.0220097562204745,0.00482954141169126,0.570004495647619,0.850247665445887
GALT3_MOUSE,TIAPGEQIWEIR,2,-2.22420427042899,-0.450937577335341,4,0.69278,0.508210901665157,2333641,706.88025,0.0797567981425965,1,1,1,0| 7| 31,NaN,,0.317455324977175| NaN| 0.202155452867674| NaN| NaN| 0.274928793148206| NaN| NaN| NaN| NaN| NaN| 0.108743725312556,0.43324,0.121463724614821,0.0550629099094451,0,2.37763397578866,0.529421022168481,0,1.89916826173319,0.379075763144329,0.18547548273435,0.665742647730275

