proteinName,peptideSeq,charge,old_Rsquared,new_Rsquared,NDP,rateconstant,sigma,Abundance,MassToCharge,RMSE,selected_A1A0_count, selected_A2A0_count, selected_A2A1_count,improved_timePoints,new_k,I0_percentatediffI0_percentatediff,selected_io_t,i0,I0_asymptote,new_rmse,lowerci_old,upperci_old,sigma_old,lowerci_new,upperci_new,sigma_new,old_pearson,new_pearson
GRB2_MOUSE,FNSLNELVDYHR,3,0.589863663032159,0.993248439413072,6,0.24352,0.0546189218219724,10276316,502.91605,0.0328853234727783,0,1,3,1| 2| 9| 16,NaN,,0.421243220844603| 0.382231742825497| 0.320436136522597| NaN| 0.225572333101472| NaN| 0.184743759528493| NaN| 0.162357137185702| NaN| NaN| NaN,0.421243220844603,0.156667998368735,0.00570589638143764,0.0368428585721236,0.450197141427876,0.080400918824215,0.207659676035865,0.279380323964135,0.0139502751786249,0.888185853867369,0.997820423415188
GRB2_MOUSE,VLNEEcDQNWYK,2,0.564895535324723,0.709800024779038,6,0.05913,0.0158366996473396,10516391,799.3512,0.0368914007174591,2,1,0,0| 1| 2,NaN,,0.410785151890676| 0.405980589846122| 0.37901623533527| NaN| 0.227473723660779| NaN| 0.288055564051669| NaN| 0.247584672656939| NaN| NaN| NaN,0.410785151890676,0.152778452736336,0.0285439742176041,0,0.126631295488356,0.0262591505843068,0.0103332350801205,0.10792676491988,0.0189827704607413,0.781246550033576,0.8597452571357
GRB2_MOUSE,GAcHGQTGMFPR,3,0.754922597102196,0.954596830368924,6,0.17779,0.0362503433665953,3742178,440.19751,0.0384907312412572,1,0,4,0| 1| 6| 9| 16,NaN,,0.413177811082023| 0.394040362373796| 0.342245447514085| NaN| 0.230601528027469| NaN| 0.19851642021237| NaN| 0.175882388793077| NaN| NaN| NaN,0.413177811082023,0.121425506827069,0.014242428369553,0.033429233377984,0.322150766622016,0.0561587904612496,0.124373299103863,0.231206700896137,0.0207800040340038,0.900724456823936,0.9938476477058

