proteinName,peptideSeq,charge,old_Rsquared,new_Rsquared,NDP,rateconstant,sigma,Abundance,MassToCharge,RMSE,selected_A1A0_count, selected_A2A0_count, selected_A2A1_count,improved_timePoints,new_k,I0_percentatediffI0_percentatediff,selected_io_t,i0,I0_asymptote,new_rmse,lowerci_old,upperci_old,sigma_old,lowerci_new,upperci_new,sigma_new,old_pearson,new_pearson
HMGB3_MOUSE,mSAYAFFVQTcR,3,0.571229192644465,0.627319124653291,9,0.06758,0.0130542976991246,10577608.75,499.56021,0.0398120811053782,1,1,1,1| 6| 7,NaN,,0.42462573410382| 0.347304719566938| 0.343055170437298| 0.346456925511888| 0.325300594947035| 0.331863001274714| 0.207749517993856| 0.219499565753203| NaN| 0.209734216669674| NaN| NaN,0.42462573410382,0.150660288113698,0.037892030569051,0.0337305254145763,0.101429474585424,0.0146788438363927,0.035363012338837,0.099796987661163,0.0139709149565602,0.917289451842718,0.900212194033254
HMGB3_MOUSE,LGEMWNNLSDNEK,2,0.608359399089602,0.76950610666699,9,0.10212,0.0192556763750378,4602682.22222222,775.3512,0.0430445689511702,1,2,1,2| 3| 6| 13,NaN,,0.431017170452246| 0.433324753398434| 0.403972925837036| 0.335446562759671| 0.267780912742207| 0.253937815960907| 0.264196167083801| 0.176691699493536| NaN| 0.27397188322319| NaN| NaN,0.431017170452246,0.145892231563149,0.0353732395451465,0.0530553102487563,0.151184689751244,0.0212769305154799,0.0617995352800982,0.142440464719902,0.0174849923753051,0.807749526321284,0.880261782872382

