protien,peptide,charge,rsquared,rateconstant,mo,io_e,io_a1a0,io_a2a0,io_a2a1
AP1G1_MOUSE,YVALTSLLK,2,0.910054926241901,0.16037,0.54048,0.59533771791217,0.584099864070186,0.584735393630647,0.58531589465138
AP1G1_MOUSE,SPDMLAHFR,3,0.774993605927316,0.16009,0.51266,0.628403245408833,0.616695165055333,0.619367283070617,0.619367283070617
AP1G1_MOUSE,VVSIYGSSIDVELQQR,2,-0.11848386573658,0.07566,0.35686,0.367540533987378,0.305195274895949,0.338522472766518,0.380842310995167
AP1G1_MOUSE,TFQLQLLSPSSSVVPAFNTGTITQVIK,3,0.94910018909691,0.20556,0.18232,0.179813036216041,0.168824894631612,0.172624609284474,0.176292526888058

