protien,peptide,charge,rsquared,rateconstant,mo,io_e,io_a1a0,io_a2a0,io_a2a1
RDH16_MOUSE,VVNVSSVMGR,2,0.651192453531281,0.18512,0.53425,0.41333116387507,0.375519880544617,0.376824471524358,0.37914565940719
RDH16_MOUSE,QVVSHLQDK,2,-6.82980818566392,0.03142,0.5486,0.47253970479584,0.454975025544563,0.473671631218447,0.496938899583771
RDH16_MOUSE,YGVEAFSDSLR,2,-0.39511750905932,0.36022,0.48566,0.474023483514518,0.513391415513277,0.434943288055337,0.337532007769954
RDH16_MOUSE,TESIVTATQWVK,2,0.768187423117718,0.46203,0.45033,0.483173359619673,0.477846382281731,0.490184586403472,0.507894042443055
RDH16_MOUSE,VAIIEPGFFLTGVTSSAR,3,0.965355642925279,0.26071,0.3276,0.314268073550702,0.273782461395627,0.316261210877883,0.366359537040664
RDH16_MOUSE,LcSNTQMLWDQTSSEIR,2,0.883597164150006,0.12208,0.2994,0.295871098487974,0.235484674951926,0.264202792558271,0.311115250705892
RDH16_MOUSE,LcSNTQMLWDQTSSEIR,3,0.798221704979924,0.1705,0.2994,0.288983549388785,0.24985722470854,0.271079163269091,0.307161670143582
RDH16_MOUSE,GLWGLVNNAGISTPSGPNEWMK,2,-0.304821136029201,0.09778,0.2443,0.259384566893562,0.264721054116157,0.232818268129843,0.196255276677642

