protien,peptide,charge,rsquared,rateconstant,mo,io_e,io_a1a0,io_a2a0,io_a2a1
PSB3_MOUSE,TLMSMVANLLYEK,2,0.188951534160316,5.69089,0.37973,0.312856767191735,0.198491350509912,0.392930732042999,0.454225690047882
PSB3_MOUSE,DAVSGMGVIVHVIEK,3,0.956004153070218,0.17951,0.38963,0.437384092744745,0.4209892026696,0.446903249469181,0.499693243759961
PSB3_MOUSE,FGIQAQMVTTDFQK,2,0.129664463369402,0.30397,0.37201,0.408881205191797,0.395128219820278,0.412367728299218,0.440867783066297
PSB3_MOUSE,FGPYYTEPVIAGLDPK,2,0.878398802029901,0.11113,0.3377,0.355476915287303,0.314263817793494,0.351472749560076,0.397087725794132
PSB3_MOUSE,LYIGLAGLATDVQTVAQR,2,0.916433607761972,0.1999,0.33154,0.384315314515532,0.328677817290623,0.368338296427515,0.417465414329008
PSB3_MOUSE,LYIGLAGLATDVQTVAQR,3,0.884415744420767,0.22376,0.33154,0.342987646697916,0.338131446865604,0.325949207907199,0.31290206860855

