protien,peptide,charge,rsquared,rateconstant,mo,io_e,io_a1a0,io_a2a0,io_a2a1
MPU1_MOUSE,GLLVPILLPEK,2,0.896929171019442,0.17722,0.47734,0.518441176691104,0.478486795154148,0.541969590599501,0.554189741238873
MPU1_MOUSE,GLGLGIVAGSLLVK,2,0.840842520039013,0.1417,0.45902,0.575088692171143,0.565471302898366,0.544220919391181,0.516227903013882

