protien,peptide,charge,rsquared,rateconstant,mo,io_e,io_a1a0,io_a2a0,io_a2a1
RL17_MOUSE,QWGWTQGR,2,0.975879715933703,0.11888,0.54551,0.555146900790257,0.562288630814643,0.552922123705482,0.539809243042417
RL17_MOUSE,YSLDPENPTK,2,-0.949147500615083,4.91356,0.51185,0.246198739307148,0.16402749204943,0.251640079190042,0.364940986750556
RL17_MOUSE,EQIVPKPEEEVAQK,3,0.97157637135426,0.12017,0.39258,0.430060532165784,0.431337961443761,0.411379943723295,0.385573960815128
RL17_MOUSE,MSSPcHIEMILTEK,3,0.920370281346047,0.0586,0.35262,0.399793406751798,0.374640767720678,0.402446283387747,0.452228605637752
RL17_MOUSE,GLDVDSLVIEHIQVNK,2,0.57395328963639,0.05689,0.3576,0.446560259410142,0.431223961411655,0.391611504734565,0.341233014115102
RL17_MOUSE,GLDVDSLVIEHIQVNK,3,0.981394603036203,0.13068,0.3576,0.370074296101072,0.356922909593431,0.376670649208354,0.401886906997642

