protien,peptide,charge,rsquared,rateconstant,mo,io_e,io_a1a0,io_a2a0,io_a2a1
SETD3_MOUSE,EILNLTSELLQK,2,0.609276984308972,0.48301,0.44359,0.408661808459567,0.348207540677829,0.398055381252095,0.459837859801471

