protien,peptide,charge,rsquared,rateconstant,mo,io_e,io_a1a0,io_a2a0,io_a2a1
PSA1_MOUSE,THAVLVALK,2,0.845417951038005,0.1432,0.564,0.593371045684138,0.57533016520462,0.586399867648226,0.601008193913668
PSA1_MOUSE,ETLPAEQDLTTK,2,0.977627915839928,0.27229,0.46944,0.472346636111029,0.445423770559496,0.46944,0.503628566679333
PSA1_MOUSE,AQPSQAAEEPAEK,2,0.273900646212945,0.11224,0.47166,0.502180776533733,0.479176940751417,0.469588829792346,0.455337459020431
PSA1_MOUSE,NQYDNDVTVWSPQGR,2,0.980994506045004,0.22925,0.36325,0.38824211266003,0.406019177139253,0.349764098020637,0.283015751301306
PSA1_MOUSE,ILHVDNHIGISIAGLTADAR,4,0.728762396306073,0.14743,0.29919,0.324534150134817,0.2989311053334,0.307468770250498,0.317203679765644

