protien,peptide,charge,rsquared,rateconstant,mo,io_e,io_a1a0,io_a2a0,io_a2a1
HDAC1_MOUSE,YYAVNYPLR,2,-0.207573409221153,0.60199,0.48805,0.426018812078172,0.419346830021704,0.421589685303468,0.424582113502965
HDAC1_MOUSE,YGEYFPGTGDLR,2,0.796341779212934,0.5396,0.44123,0.414829299106311,0.40918075514274,0.408054844284397,0.407236192349091

