protien,peptide,charge,rsquared,rateconstant,mo,io_e,io_a1a0,io_a2a0,io_a2a1
ECI3_MOUSE,EFVNcFIDFPK,2,0.568653517785485,0.13624,0.41586,0.411789533985699,0.405108235211519,0.383993180592644,0.352808463543271
ECI3_MOUSE,TGTGDYYSSGNDLK,2,0.918882273450496,0.10336,0.4379,0.48464438152988,0.457383938647413,0.472411661111966,0.495273453975511
ECI3_MOUSE,NLINDAGEIQDVVATSTK,2,0.855162820637728,0.06894,0.34803,0.382721442731089,0.363741402736759,0.376983447019254,0.392947924642706
ECI3_MOUSE,NAISFQMYLDIMHALK,3,-0.270020804123244,0.1326,0.2976,0.271487826532367,0.256736733370753,0.246178295698991,0.231235325776995
ECI3_MOUSE,SQLSQIPEAcSTYMFPK,2,0.0233990900072097,0.0077,0.29934,0.330690872027917,0.331589003872575,0.308638611833025,0.272116872247127
ECI3_MOUSE,NASTDNSVITVFTGTGDYYSSGNDLK,3,0.899380176457264,0.11613,0.21497,0.225884522863663,0.205298487703804,0.223896176703785,0.247362243684705
ECI3_MOUSE,NASTDNSVITVFTGTGDYYSSGNDLK,2,0.917959842208959,0.07977,0.21497,0.251772389491434,0.244286936665125,0.224725301128262,0.202601670462632
ECI3_MOUSE,ATFHTPFSQLSQIPEAcSTYMFPK,3,0.955537194478179,0.06082,0.18113,0.18353617259735,0.197244646701604,0.173936528760183,0.145862023924498

