protien,peptide,charge,rsquared,rateconstant,mo,io_e,io_a1a0,io_a2a0,io_a2a1
ERAP1_MOUSE,TQEFPHILTLIGR,3,0.751211381748675,0.0383,0.40152,0.464000864620575,0.463567048859266,0.443213064616344,0.418645367881794

