protien,peptide,charge,rsquared,rateconstant,mo,io_e,io_a1a0,io_a2a0,io_a2a1
CADH1_MOUSE,VTDDDAPNTPAWK,2,0.974848859590059,0.18291,0.44104,0.462623765560994,0.461545193305408,0.437174505965513,0.404703382987979
CADH1_MOUSE,PANPDEIGNFIDENLK,2,-0.379442378990668,0.01867,0.35782,0.420779960486547,0.446233650908905,0.342130310497921,0.224934057897549
CADH1_MOUSE,DTANWLEINPETGAIFTR,2,0.911317445312897,0.28128,0.30283,0.327132788464118,0.329532774863574,0.305842923680843,0.27789586545569
CADH1_MOUSE,RVEVPEDFGVGQEITSYTAR,3,-2.10417577928076,0.04465,0.27385,0.228496354654425,0.321642681985759,0.151707665982696,0.0395362528138843
CADH1_MOUSE,VFYSITGQGADKPPVGVFIIER,3,0.889632166037325,0.39469,0.23536,0.243439421925129,0.199916037761723,0.230190248441326,0.265877104865495
CADH1_MOUSE,DNVYYYDEEGGGEEDQDFDLSQLHR,3,0.639628669548786,0.23663,0.18416,0.232003553717908,0.16255527254545,0.186122588744222,0.216995435342661

