protien,peptide,charge,rsquared,rateconstant,mo,io_e,io_a1a0,io_a2a0,io_a2a1
HSPB1_MOUSE,AVTQSAEITIPVTFEAR,2,-0.00276045465489472,0.00252,0.34493,0.561068240455587,0.724017750980534,0.493542477188131,0.200902628981073

