protien,peptide,charge,rsquared,rateconstant,mo,io_e,io_a1a0,io_a2a0,io_a2a1
PYRD2_MOUSE,DPYSFTPMLEEGTLNR,2,-0.568532973135844,0.03624,0.32514,0.364348261020141,0.350528474205708,0.342891357042164,0.331574344963966
PYRD2_MOUSE,LVLAIDPLLDAAPVDTTAFQHGSLLQR,3,0.106092636449198,0.07747,0.18348,0.18159954143654,0.114995793810886,0.18348,0.27626346446726

