protien,peptide,charge,rsquared,rateconstant,mo,io_e,io_a1a0,io_a2a0,io_a2a1
MTPN_MOUSE,GPDGLTALEATDNQAIK,2,0.583522060522735,0.04251,0.38254,0.467228648602881,0.483237223809315,0.470012086410451,0.449209341205428

