protien,peptide,charge,rsquared,rateconstant,mo,io_e,io_a1a0,io_a2a0,io_a2a1
TMIG1_MOUSE,METMDFHLLVK,3,0.855349123744042,0.15089,0.41131,0.408433826567211,0.405337749026001,0.413454287438188,0.433222534324681
TMIG1_MOUSE,SNPQAQMMWYK,2,-0.00404255995493519,0.02573,0.40882,0.430240681142319,0.414250656569499,0.437632737430538,0.508882003257519

