protien,peptide,charge,rsquared,rateconstant,mo,io_e,io_a1a0,io_a2a0,io_a2a1
COPT1_MOUSE,YNSMPVPGPNGTILMETHK,3,0.794929532288511,0.06789,0.27484,0.306657440528511,0.269500172362915,0.303396790551113,0.367172480924109

