protien,peptide,charge,rsquared,rateconstant,mo,io_e,io_a1a0,io_a2a0,io_a2a1
ANT3_MOUSE,TSDQIHFFFAK,3,0.963290426930521,0.66236,0.43934,0.455074820245548,0.447559344015095,0.43934,0.429170694025412
ANT3_MOUSE,NPVDDIcIAKPR,3,0.872908697807556,0.43415,0.4465,0.442762024922471,0.412192233347031,0.434336041123808,0.473982824283175
ANT3_MOUSE,ATEEDGSEQKVPEATNR,3,0.934092620187197,0.66896,0.3656,0.391441698173107,0.367723841988812,0.383301238370986,0.405301904961063

