protien,peptide,charge,rsquared,rateconstant,mo,io_e,io_a1a0,io_a2a0,io_a2a1
GDIR2_MOUSE,YVQHTYR,2,0.981522040940887,0.08658,0.56191,0.570724724636578,0.575865504248248,0.531761523409738,0.474240364956517

