protien,peptide,charge,rsquared,rateconstant,mo,io_e,io_a1a0,io_a2a0,io_a2a1
CSN5_MOUSE,VNLGAFR,2,-21.044660982237,11.05192,0.63082,0.145100175348039,0.0300264330645053,0.341267268330086,0.449727704701615
CSN5_MOUSE,LEQSEAQLGR,2,0.446191370330024,0.19279,0.53643,0.485874262103498,0.480126639924207,0.455800044703694,0.423707211057459

