protien,peptide,charge,rsquared,rateconstant,mo,io_e,io_a1a0,io_a2a0,io_a2a1
GCAB_MOUSE,APQVYVLPPPAEEMTK,2,0.490557030070145,0.03472,0.33413,0.521447741600936,0.52467840019056,0.468667622543465,0.468667622543465
GCAB_MOUSE,VVSALPIQHQDWMSGK,3,0.843133934836509,0.03535,0.33385,0.379150962342313,0.393971171036,0.388481050194646,0.380177910679566
GCAB_MOUSE,VVSALPIQHQDWMSGK,2,0.606481457928568,0.05697,0.33385,0.30423401390768,0.263172220197942,0.270193601484453,0.278756927790064
GCAB_MOUSE,NTATVLDSDGSYFMYSK,2,0.90464711860873,0.04431,0.32125,0.350871939770614,0.363087071948828,0.336359607582234,0.29772857918242
GCAB_MOUSE,ITGFLPAEIAVDWTSNGR,3,0.853173719161234,0.07659,0.31665,0.379348499006229,0.279913709066806,0.406046316543083,0.435396452583194
GCAB_MOUSE,EFSLTcMITGFLPAEIAVDWTSNGR,3,0.732095900291729,0.08974,0.1835,0.178714911465532,0.153586216816478,0.169410761555075,0.190566945024962

