protien,peptide,charge,rsquared,rateconstant,mo,io_e,io_a1a0,io_a2a0,io_a2a1
EIF3C_MOUSE,ELLGQGLLLR,2,0.959714531092092,0.28347,0.51898,0.568670681620139,0.563457761826815,0.558651541039865,0.552672240474498
EIF3C_MOUSE,LGSLVENNER,2,0.892034801579222,0.20285,0.53643,0.51590824663134,0.529036835909009,0.484868443943622,0.426129540576988
EIF3C_MOUSE,FEELTNLIR,2,0.807521321093111,0.19011,0.51323,0.527090607192461,0.515783773434013,0.497296311925367,0.473187592734084
EIF3C_MOUSE,DAHNALLDIQSSGR,2,-0.452761053382628,0.01982,0.43726,0.329794854527723,0.238826958059109,0.322297512094376,0.427270069430539
EIF3C_MOUSE,TEPTAQQNLALQLAEK,2,0.952680747579873,0.28471,0.3691,0.387112727103292,0.379895603599488,0.356682802657023,0.328017262217355
EIF3C_MOUSE,MIINEELMASLDQPTQTVVMHR,3,-0.433527813641595,0.15223,0.20757,0.225062949160102,0.252837470188015,0.214832839176185,0.16232963221345

