proteinName,peptideSeq,charge,old_Rsquared,new_Rsquared,NDP,rateconstant,sigma,Abundance,MassToCharge,RMSE,selected_A1A0_count, selected_A2A0_count, selected_A2A1_count,improved_timePoints,new_k,I0_percentatediffI0_percentatediff,selected_io_t,i0,I0_asymptote,new_rmse,lowerci_old,upperci_old,sigma_old,lowerci_new,upperci_new,sigma_new,old_pearson,new_pearson
K22O_MOUSE,AQYEDIAQK,2,-0.0958235446383049,-0.261113346395659,9,4E-05,0.00148912522415366,82296007.7777778,533.26416,0.0245147348962941,2,3,0,1| 3| 7| 9| 16,NaN,-0.00950106213499658|-0.0198293859574622|0.031430981793217|0.0437190935535331|,0.566015506510058| 0.507636445824489| 0.552888387578951| 0.566961676022928| NaN| 0.565946729523378| 0.56724782851409| NaN| 0.559483938820373| NaN| 0.562419564114405| 0.562611242056641,0.566015506510058,0.191586950602116,0.0174151874966324,0,0.00415478293749163,0.00178437795268179,0,0.00295982801827941,0.00126618507478706,-0.34372986284093,-0.291649629568519
K22O_MOUSE,LALDVEIATYR,2,0.524160610855672,0.70906796837811,9,0.03039,0.00623691622144753,44434492.8571429,632.35077,0.0414559532183764,2,3,1,1| 3| 7| 9| 24| 31,NaN,-0.0263728769607002|-0.0222820635727162|,0.503760649907269| 0.499040130370938| 0.489078484660211| 0.473232698535365| NaN| 0.393757746740146| 0.428987712394756| NaN| 0.385126231433096| NaN| 0.430738244519112| 0.300816033991152,0.503760649907269,0.196393223181549,0.0293170688265712,0.013953671429386,0.046826328570614,0.00712762319907843,0.0187664589027173,0.0420135410972827,0.00504055518387213,0.746658687367455,0.859365757693505

