proteinName,peptideSeq,charge,old_Rsquared,new_Rsquared,NDP,rateconstant,sigma,Abundance,MassToCharge,RMSE,selected_A1A0_count, selected_A2A0_count, selected_A2A1_count,improved_timePoints,new_k,I0_percentatediffI0_percentatediff,selected_io_t,i0,I0_asymptote,new_rmse,lowerci_old,upperci_old,sigma_old,lowerci_new,upperci_new,sigma_new,old_pearson,new_pearson
K2C6A_MOUSE,TAAENEFVTLK,2,0.949967286122988,0.996495309886264,3,0.00754,0.000242029568983986,62566355,611.81934,0.00211718148081643,1,1,0,7| 31,NaN,0.00748113922984577|0.0150651134790312|,NaN| NaN| NaN| NaN| NaN| 0.478106700094092| NaN| NaN| 0.456926985664359| NaN| NaN| 0.428819087549023,NaN,NaN,0.000597561325254263,0.00498917686125349,0.0100908231387465,0.000592848946676508,0.00682004600971155,0.00825995399028845,0.000167327933604916,0.987322724536904,0.999272883243695
K2C6A_MOUSE,YEELQVTAGR,2,-0.470927580051792,-0.600256252912315,3,1.25981,50.6463292563759,6089067,583.29602,0.0178638918803287,1,0,1,7| 31,NaN,-0.000491956986379556|,NaN| NaN| NaN| NaN| NaN| 0.172230031197098| NaN| NaN| 0.175202480947666| NaN| NaN| 0.158599477186306,NaN,NaN,0.00457219866560678,0.792298351246692,1.72732164875331,0.108656607474008,0.818144300546556,1.70147569945344,0.102649627379806,-2,-2
K2C6A_MOUSE,YEDEINKR,2,-0.951805095835716,-49.2239749746406,2,0.00966,0.00336515142761267,6979307,533.76178,0.0272069970986963,0,0,2,16| 31,NaN,,NaN| NaN| NaN| NaN| NaN| NaN| NaN| NaN| 0.489184773288971| NaN| NaN| 0.495079424559858,NaN,NaN,0.00852723118251634,0,0.162677827449069,0.0120427641949388,0,0.0597201938700421,0.00393982270157703,-1,-1
K2C6A_MOUSE,SLDLDSIIAEVK,2,-852.778686398789,-1898.11217890287,2,0.46346,46.7164603992834,77550630,651.86121,0.133718819139467,2,0,0,16| 31,NaN,,NaN| NaN| NaN| NaN| NaN| NaN| NaN| NaN| 0.496143025521043| NaN| NaN| 0.481779880572758,NaN,NaN,0.127767157180828,0,2.4351584069872,0.15517602997459,0,2.33724298145432,0.147469918860628,1,1
K2C6A_MOUSE,KYEDEINKR,2,NaN,NaN,1,0.46346,13267.6198564433,3194440,597.80927,0.0661800601140837,NaN,NaN,NaN,NaNNaN,NaN,NaN,NaN,NaN,NaNNaN,NaN,NaN,NaN,NaN,NaN,NaN,NaN
K2C6A_MOUSE,KYEDEINKR,3,NaN,NaN,1,0.46346,13418.1588016385,10245430,398.87527,0.0669309616736946,NaN,NaN,NaN,NaNNaN,NaN,NaN,NaN,NaN,NaNNaN,NaN,NaN,NaN,NaN,NaN,NaN,NaN

