proteinName,peptideSeq,charge,old_Rsquared,new_Rsquared,NDP,rateconstant,sigma,Abundance,MassToCharge,RMSE,selected_A1A0_count, selected_A2A0_count, selected_A2A1_count,improved_timePoints,new_k,I0_percentatediffI0_percentatediff,selected_io_t,i0,I0_asymptote,new_rmse,lowerci_old,upperci_old,sigma_old,lowerci_new,upperci_new,sigma_new,old_pearson,new_pearson
LAT4_MOUSE,APTLATAHR,2,-1.0667822507584,0.135646349670657,9,3.0053,3.64447334184457,8028081.44444444,469.26431,0.066632550622088,1,3,2,0| 2| 3| 6| 16| 24,NaN,,0.411294022069597| 0.232954358597067| 0.193383218355995| 0.227412722340897| 0.218976070271613| 0.211229234329909| NaN| 0.210865975523835| 0.199604402109336| NaN| 0.206784701088796| NaN,0.58491,0.217538643689323,0.0511520218911384,1.73757185057645,4.27302814942355,0.54975103041631,1.92080977546427,4.08979022453573,0.470289800448172,0.841525137608494,0.986813245906757
LAT4_MOUSE,LcLSTVDLEVK,2,-1.30650923293083,-0.182009369377227,9,68.78338,NaN,36267253.3333333,638.84448,0.0966061182161501,4,1,2,0| 2| 3| 6| 7| 13| 24,NaN,,0.462883525832289| 0.142334468294874| 0.280724446493032| 0.318958428179303| 0.362352176950799| 0.335912574174134| NaN| 0.37564317483967| 0.374666394633784| NaN| 0.358126648521055| NaN,0.462883525832289,0.250933238495352,0.0776323995111439,NaN,NaN,NaN,NaN,NaN,NaN,-0.0566902024548576,0.549981455582415

