proteinName,peptideSeq,charge,old_Rsquared,new_Rsquared,NDP,rateconstant,sigma,Abundance,MassToCharge,RMSE,selected_A1A0_count, selected_A2A0_count, selected_A2A1_count,improved_timePoints,new_k,I0_percentatediffI0_percentatediff,selected_io_t,i0,I0_asymptote,new_rmse,lowerci_old,upperci_old,sigma_old,lowerci_new,upperci_new,sigma_new,old_pearson,new_pearson
MYDGF_MOUSE,SYLYFTQFK,2,0.965454482432467,0.989305751966569,11,0.19142,0.0152739863487812,20434468.1818182,598.80298,0.0103224227814083,4,1,1,1| 2| 6| 9| 21| 31,NaN,-0.0117182364590127|0.0128487452684506|-0.0155607988013237|-0.0194719991635637|-0.0124310492446976|,0.484011541733018| 0.441750168436224| 0.429146173361264| 0.408293123098373| 0.366687157488886| 0.350978379880231| 0.346165184276038| 0.330823477236219| NaN| 0.317808154197224| 0.322622309970852| 0.309541458918802,0.484011541733018,0.316782902505284,0.00551111682892429,0.165417770646748,0.217422229353252,0.0116699322116025,0.177537471952771,0.205302528047229,0.00623054889009242,0.989460390448895,0.996579148322585
MYDGF_MOUSE,GAEIEYAMAYSK,2,0.934318758138716,0.99273445823804,11,0.15496,0.0154224524882944,79694128.3333333,666.81061,0.0267830755516637,6,2,1,1| 2| 3| 6| 9| 13| 21| 24| 31,NaN,-0.0746198230364478|,0.45889311324637| 0.418592319379703| 0.36560465092173| 0.345511990267745| 0.24204440753346| 0.252697550167159| 0.22312184103088| 0.166883856968453| NaN| 0.125973007700288| 0.125973007700288| 0.122011320860228,0.45889311324637,0.122736772891504,0.00948322048852931,0.119739176068473,0.190180823931527,0.0158072841422073,0.142489182804788,0.167430817195212,0.00559696591066342,0.970731997033504,0.996640684561042

