proteinName,peptideSeq,charge,old_Rsquared,new_Rsquared,NDP,rateconstant,sigma,Abundance,MassToCharge,RMSE,selected_A1A0_count, selected_A2A0_count, selected_A2A1_count,improved_timePoints,new_k,I0_percentatediffI0_percentatediff,selected_io_t,i0,I0_asymptote,new_rmse,lowerci_old,upperci_old,sigma_old,lowerci_new,upperci_new,sigma_new,old_pearson,new_pearson
PO210_MOUSE,AVDPSSVAVVTLGSSK,2,-0.803040362083355,-0.862637251770783,3,3E-05,0.00147089269515003,9215753.5,758.91449,0.0116825964869283,0,1,0,13,NaN,,NaN| NaN| NaN| NaN| NaN| 0.434819819120534| NaN| 0.437023742980515| NaN| 0.418591786393291| NaN| NaN,NaN,NaN,0.00560847060522502,0,0.0155416850677828,0.0036051445566437,0,0.00749144158229325,0.00173414915191831,-2,-2
PO210_MOUSE,ITLAAYLPLK,2,0.166730907947966,0.163244892482022,5,0.01993,0.0112615222560575,1715552,551.84717,0.0504553571622811,0,1,2,3| 7| 13,NaN,,NaN| NaN| 0.517221546395902| 0.466142584831064| NaN| 0.566267235197935| NaN| 0.45521974799592| NaN| 0.427389711988037| NaN| NaN,NaN,NaN,0.0291590282954499,0,0.07793951644825,0.0208934498078741,0,0.0574018988236937,0.0134963586186245,0.42242025673202,0.606739367229845
PO210_MOUSE,IQALDSEGNTFSTLAGLVFDWTIVK,3,-0.140376488088598,-0.772462329741155,5,0.00894,0.019162123128041,1309777.5,909.14099,0.0694621430334991,0,3,1,2| 3| 7| 21,NaN,,NaN| NaN| 0.153365353695247| 0.18452255928059| NaN| 0.20021005818518| NaN| 0.1696219544374| NaN| 0.177824015119434| NaN| NaN,NaN,NaN,0.0133629277553185,0,0.107294863715374,0.0354247463902011,0,0.0211738370663469,0.00440629531762181,0.767185040048219,-0.107715383496188

