proteinName,peptideSeq,charge,old_Rsquared,new_Rsquared,NDP,rateconstant,sigma,Abundance,MassToCharge,RMSE,selected_A1A0_count, selected_A2A0_count, selected_A2A1_count,improved_timePoints,new_k,I0_percentatediffI0_percentatediff,selected_io_t,i0,I0_asymptote,new_rmse,lowerci_old,upperci_old,sigma_old,lowerci_new,upperci_new,sigma_new,old_pearson,new_pearson
PPM1A_MOUSE,YGLSSMQGWR,2,-0.228155814659567,0.069881533634828,10,0.10733,0.0419649395683517,12260817.25,592.77948,0.0835132604600853,3,1,3,1| 2| 3| 6| 7| 24| 31,NaN,-0.0450207262121133|,0.475818836909232| 0.445810334132443| 0.430335164677822| 0.375232047791765| 0.332732145516986| 0.323847679332877| 0.479933929053426| NaN| 0.249438283342749| NaN| 0.244166701385356| 0.389424407912372,0.475818836909232,0.203823221995727,0.0719262906012687,0,0.22482213855617,0.0519380971853428,0.010230565106681,0.204429434893319,0.0429233814968826,0.454900127998395,0.64688411210722
PPM1A_MOUSE,VcNEVVDTcLYK,2,0.83305336194643,0.878050444530313,10,0.16863,0.0354927904427107,4761288.71428571,750.34711,0.0325391343855125,0,1,2,0| 2| 31,NaN,0.0587095646925457|,0.436221856706908| 0.352409346696622| 0.349456516814129| 0.30195357401606| 0.248068206835912| 0.245443406399746| 0.245649662551431| NaN| 0.233098019570163| NaN| 0.222189187402095| 0.207626001517666,0.436221856706908,0.225599951509081,0.0223038268385268,0.0759187818678197,0.26134121813218,0.04098354423278,0.105081445489905,0.232178554510095,0.0280920156930792,0.927315346745069,0.962514522569132
PPM1A_MOUSE,DNMSVILIcFPSAPK,2,0.406581195723512,0.58190350257846,10,0.01188,0.00421985159075857,11070384.75,846.42841,0.0353542380597787,3,1,1,2| 3| 16| 24| 31,NaN,,0.371048704455588| 0.33109405660004| 0.372631987186586| 0.344701153446004| 0.352435347498301| 0.369518828795189| 0.344058204495749| NaN| 0.28209184560679| NaN| 0.313871569188128| 0.284374384424894,0.371048704455588,0.119815672084827,0.0188388460991707,0.00121362235072076,0.0225463776492792,0.0047151355466986,0.00619631798624418,0.0175636820137558,0.00251250536783708,0.659621605518455,0.804131041071503

