proteinName,peptideSeq,charge,old_Rsquared,new_Rsquared,NDP,rateconstant,sigma,Abundance,MassToCharge,RMSE,selected_A1A0_count, selected_A2A0_count, selected_A2A1_count,improved_timePoints,new_k,I0_percentatediffI0_percentatediff,selected_io_t,i0,I0_asymptote,new_rmse,lowerci_old,upperci_old,sigma_old,lowerci_new,upperci_new,sigma_new,old_pearson,new_pearson
RBM47_MOUSE,DYAFVHFTSR,3,0.956200172269465,0.956200172269465,3,0.84176,0.0656884925487781,10695733,414.86826,0.00990941198265839,0,0,0,,NaN,,0.500927892390911| 0.315793374059784| 0.287328529707924| NaN| NaN| NaN| NaN| NaN| NaN| NaN| NaN| NaN,0.500927892390911,0.235774601920291,0.00990941198265839,0.260802269931528,1.42271773006847,0.135023151194998,0.260802269931528,1.42271773006847,0.135023151194998,0.984745511096599,0.984745511096599
RBM47_MOUSE,NLMIETTEETIKK,3,0.959047121337069,0.959047121337069,3,0.49548,0.0285863199874198,7417370,517.27625,0.00644949455159609,0,0,0,,NaN,,0.397244775587351| 0.326236049757499| 0.241320386657628| NaN| NaN| NaN| NaN| NaN| NaN| NaN| NaN| NaN,0.397244775587351,0.162336186126902,0.00644949455159609,0.192711299415151,0.798248700584849,0.0703679147730125,0.192711299415151,0.798248700584849,0.0703679147730125,0.981868427158467,0.981868427158467

