proteinName,peptideSeq,charge,old_Rsquared,new_Rsquared,NDP,rateconstant,sigma,Abundance,MassToCharge,RMSE,selected_A1A0_count, selected_A2A0_count, selected_A2A1_count,improved_timePoints,new_k,I0_percentatediffI0_percentatediff,selected_io_t,i0,I0_asymptote,new_rmse,lowerci_old,upperci_old,sigma_old,lowerci_new,upperci_new,sigma_new,old_pearson,new_pearson
SF01_MOUSE,AYIVQLQIEDLTR,2,0.845338312963632,0.97501447973104,6,0.54088,0.12637308271687,6596751.75,781.43286,0.0327800210227371,2,1,2,0| 1| 6| 7| 31,NaN,,0.392026099231375| 0.298212420034016| 0.251277249415455| NaN| 0.136791835887928| 0.123291507795919| NaN| NaN| NaN| NaN| NaN| 0.111211533802679,0.392026099231375,0.120765477461625,0.0116147668729739,0.0376209020956725,1.04413909790433,0.195776337908533,0.36256293623706,0.71919706376294,0.0693683668620878,0.922851464431112,0.988352286565751
SF01_MOUSE,VMIPQDEYPEINFVGLLIGPR,3,0.896156700791493,0.981609218902049,6,0.58049,0.0807801701540634,13732468.5,800.75922,0.0138551709571287,1,0,4,1| 2| 6| 7| 31,NaN,0.0609065510755039|,0.237132113516626| 0.145122893194045| 0.0988696697569569| NaN| 0.0570595427957802| 0.0591199363366104| NaN| NaN| NaN| NaN| NaN| 0.0479568214840021,0.237132113516626,0.0396008639495454,0.0063997921946289,0.284675103966104,0.876304896033896,0.115077019542167,0.44385120510165,0.71712879489835,0.0531548122882015,0.978275152816322,0.996689016222468
SF01_MOUSE,ILRPWQSSETR,3,0.0320604527391201,0.72879118491551,4,0.01265,0.00616822014079178,14240091.5,458.24924,0.0396649565547603,1,0,1,0| 1,NaN,,0.483485714746204| 0.463975705100376| 0.408043763362504| NaN| NaN| NaN| NaN| NaN| NaN| NaN| NaN| 0.358014451363841,0.483485714746204,0.156122808569631,0.0147823109175901,0,0.0415954015416649,0.00909533068828249,0,0.035236552153909,0.00709722961183441,0.400151136671271,0.85992891000027

