proteinName,peptideSeq,charge,old_Rsquared,new_Rsquared,NDP,rateconstant,sigma,Abundance,MassToCharge,RMSE,selected_A1A0_count, selected_A2A0_count, selected_A2A1_count,improved_timePoints,new_k,I0_percentatediffI0_percentatediff,selected_io_t,i0,I0_asymptote,new_rmse,lowerci_old,upperci_old,sigma_old,lowerci_new,upperci_new,sigma_new,old_pearson,new_pearson
TCO2_MOUSE,LAQDGGGFTYGTQASLSGPYLTSVLGK,3,0.265809337476335,0.979558796223194,5,0.23761,0.056397672975986,2254467.75,896.7887,0.0267246111657721,1,1,1,3| 6| 21,NaN,,0.22343192860023| NaN| 0.141223940790373| 0.112744916501594| 0.0890354125506474| NaN| NaN| NaN| NaN| 0.0207970976959252| NaN| NaN,0.22343192860023,0.026833375798205,0.00611736772472636,0,0.515931594686097,0.100243867300791,0.177497408061756,0.297722591938244,0.0216509203899908,0.814579505649606,0.990335908435063
TCO2_MOUSE,VASALSPYEQTFFVFAGSSLEDVLK,3,0.880121738131836,0.979124011424096,5,0.92483,0.181969115334807,3330405.5,902.46179,0.0116644168580405,0,1,4,0| 2| 3| 6| 21,NaN,,0.179184169003346| NaN| 0.0503164800016925| 0.0372234702890234| 0.0194681703498052| NaN| NaN| NaN| NaN| 0.0255076498106615| NaN| NaN,0.179184169003346,0.0205293324869389,0.00553691245124842,0.0497507170814665,1.79990928291853,0.315179753168247,0.509443835703132,1.34021616429687,0.149610796745122,0.987386447704164,0.998745971448058
TCO2_MOUSE,LSSEQLNPSVFVGLR,2,0.90775753232719,0.936923155223633,5,0.6534,0.100099681172577,1586684.5,823.44904,0.0201407221597656,0,1,1,2| 3,NaN,,0.394103667347931| NaN| 0.216966293687575| 0.176908524682865| 0.143358435065282| NaN| NaN| NaN| NaN| 0.109660408247668| NaN| NaN,0.394103667347931,0.105408015328011,0.0161354619755664,0.221433960259966,1.08536603974003,0.155582416861998,0.307336360688944,0.999463639311056,0.124642709006652,0.95853515175973,0.992155469602912

