proteinName,peptideSeq,charge,old_Rsquared,new_Rsquared,NDP,rateconstant,sigma,Abundance,MassToCharge,RMSE,selected_A1A0_count, selected_A2A0_count, selected_A2A1_count,improved_timePoints,new_k,I0_percentatediffI0_percentatediff,selected_io_t,i0,I0_asymptote,new_rmse,lowerci_old,upperci_old,sigma_old,lowerci_new,upperci_new,sigma_new,old_pearson,new_pearson
WDFY1_MOUSE,VQSLcYLQLTR,2,0.771347760080775,0.836112815581608,5,0.06151,0.00660826984982148,15420200,690.86884,0.0166006976633746,2,1,1,2| 6| 9| 24,NaN,0.0239424187340461|,NaN| NaN| 0.411763024405655| NaN| 0.33155722782099| 0.351277044430572| 0.309876892938956| NaN| NaN| NaN| 0.260041702754478| NaN,NaN,NaN,0.0130120361019532,0.029731200444514,0.093288799555486,0.0114458591300164,0.0366009934342688,0.0864190065657312,0.00897154657217991,0.913300229119854,0.952191537802782

