proteinName,peptideSeq,charge,old_Rsquared,new_Rsquared,NDP,rateconstant,sigma,Abundance,MassToCharge,RMSE,selected_A1A0_count, selected_A2A0_count, selected_A2A1_count,improved_timePoints,new_k,I0_percentatediffI0_percentatediff,selected_io_t,i0,I0_asymptote,new_rmse,lowerci_old,upperci_old,sigma_old,lowerci_new,upperci_new,sigma_new,old_pearson,new_pearson
ACD11_MOUSE,AVLTVTQYR,2,0.0306267593234647,0.914439927657972,7,0.32358,0.112570900639338,12155947,525.80072,0.0446902822837245,3,1,1,0| 1| 3| 7| 9,NaN,,0.587685944270225| 0.426731587892396| NaN| 0.409817181316729| NaN| 0.291847178101397| 0.309882555070085| NaN| NaN| NaN| 0.291215384828489| 0.314740438183994,0.587685944270225,0.318589729346639,0.0224872998843013,0,0.703258421110562,0.155166366517577,0.127567541165133,0.519592458834867,0.080106056437497,0.776662485081623,0.958509986533254
ACD11_MOUSE,ALFSIGFPVAK,2,0.758382379219276,0.971245565131369,4,0.3577,0.0730021216238307,5141433.25,575.33698,0.0282788804389265,1,2,0,1| 2| 13,NaN,,NaN| 0.412449838182427| 0.365305618771647| NaN| 0.234711347783772| NaN| NaN| 0.192942099852363| NaN| NaN| NaN| NaN,NaN,NaN,0.00884192633649836,0,0.798654188107358,0.138558249172896,0.212418189567813,0.502981810432187,0.0456509855968335,0.88207751852672,0.99610399931068
ACD11_MOUSE,VPASNLILGEGR,2,-0.116640970507638,-1.35293358446662,3,0.00341,0.0120816301284843,37388866.6666667,613.34857,0.0284400653940855,1,1,0,2| 6,NaN,,NaN| NaN| 0.44678951052377| 0.436349990619612| 0.498273126160064| NaN| NaN| NaN| NaN| NaN| NaN| NaN,NaN,NaN,0.0207600667661994,0,0.123207154111329,0.0278426267783681,0,0.0858908289251675,0.0191697620295698,-0.9520423999237,-0.92026469777193
ACD11_MOUSE,QWLEPLLR,2,0.766578258724585,0.871913797233707,3,0.01954,0.00132337935207307,143658133.333333,527.80585,0.00694989362515008,1,2,0,6| 16| 24,NaN,-0.0116547995957687|-0.00135786136365061|,NaN| NaN| NaN| NaN| 0.493674471872471| NaN| NaN| NaN| 0.434113410339591| NaN| 0.424966881267538| NaN,NaN,NaN,0.00545120960211646,0.00559250306076984,0.0334874969392301,0.00324160414871403,0.00860015928567835,0.0304798407143216,0.00254258045012147,0.945379333175411,0.958994423684348

