proteinName,peptideSeq,charge,old_Rsquared,new_Rsquared,NDP,rateconstant,sigma,Abundance,MassToCharge,RMSE,selected_A1A0_count, selected_A2A0_count, selected_A2A1_count,improved_timePoints,new_k,I0_percentatediffI0_percentatediff,selected_io_t,i0,I0_asymptote,new_rmse,lowerci_old,upperci_old,sigma_old,lowerci_new,upperci_new,sigma_new,old_pearson,new_pearson
AGK_MOUSE,DVQLSTIELSITTR,2,-0.177064898457751,-0.407075678657211,2,2.50868,1070773.10910837,275614,788.43304,0.0469073577739035,1,1,0,7| 9,NaN,,NaN| NaN| NaN| NaN| NaN| 0.133084280998339| 0.202445105923139| NaN| NaN| NaN| NaN| NaN,NaN,NaN,0.0167945107605368,0,5.87157194693906,0.264665336093113,0.374296783186574,4.64306321681342,0.167979602182461,-2,-2
AGK_MOUSE,VQHITDATLAIVK,3,-257.559750585405,0.097750875352741,2,0.03149,0.0105169001184398,7496626,470.27679,0.018045095535915,0,0,1,7,NaN,,NaN| NaN| NaN| 0.435801334765559| NaN| 0.396328212666734| NaN| NaN| NaN| NaN| NaN| NaN,NaN,NaN,0.00765348247007354,0,0.820156639253167,0.0620694106253863,0,0.687704730666777,0.0516452193473707,-1,1
AGK_MOUSE,IPIGFIPLGQTSSLSHTLFAESGNK,3,-70.590740273865,-324.21367980891,2,4E-05,0.0281120321771385,98070080,872.13403,0.0481161359596578,0,0,2,6| 7,NaN,,NaN| NaN| NaN| NaN| 0.315119245209624| 0.304309220223708| NaN| NaN| NaN| NaN| NaN| NaN,NaN,NaN,0.0397928898424344,0,1.23801785890739,0.0974309705079245,0,1.02391940872624,0.0805810570500194,-2,-2

