proteinName,peptideSeq,charge,old_Rsquared,new_Rsquared,NDP,rateconstant,sigma,Abundance,MassToCharge,RMSE,selected_A1A0_count, selected_A2A0_count, selected_A2A1_count,improved_timePoints,new_k,I0_percentatediffI0_percentatediff,selected_io_t,i0,I0_asymptote,new_rmse,lowerci_old,upperci_old,sigma_old,lowerci_new,upperci_new,sigma_new,old_pearson,new_pearson
AGO2_MOUSE,LTDNQTSTMIR,2,0.280097150743792,0.816381687026393,5,0.02713,0.00513473764125493,670786,640.31915,0.0234429909360214,1,2,0,1| 6| 16,NaN,,0.499219978310955| 0.468132548634879| NaN| NaN| 0.42385329058162| NaN| NaN| NaN| 0.390788640988729| 0.381600388214366| NaN| NaN,0.499219978310955,0.22416039111259,0.0124478464552113,0.00378884249466522,0.0504711575053348,0.00840684999038821,0.0147362254382879,0.0395237745617121,0.00446390045271702,0.687273414378547,0.957493291101398

