proteinName,peptideSeq,charge,old_Rsquared,new_Rsquared,NDP,rateconstant,sigma,Abundance,MassToCharge,RMSE,selected_A1A0_count, selected_A2A0_count, selected_A2A1_count,improved_timePoints,new_k,I0_percentatediffI0_percentatediff,selected_io_t,i0,I0_asymptote,new_rmse,lowerci_old,upperci_old,sigma_old,lowerci_new,upperci_new,sigma_new,old_pearson,new_pearson
CRK_MOUSE,TALALEVGELVK,2,0.746315326184625,0.965998782619426,7,0.08767,0.0120945229435938,5007771.57142857,621.86884,0.0319414982189886,1,1,2,0| 3| 6| 21,NaN,,0.4994229669448| NaN| NaN| 0.42377598749774| 0.342705157832765| 0.353632331288792| NaN| 0.246203371359086| 0.26864897660665| 0.234293666497378| NaN| NaN,0.4994229669448,0.185744464715032,0.0127831379000597,0.0458174364121156,0.129522563587884,0.0171042383772629,0.0709204070990355,0.104419592900965,0.00684519668905401,0.875397818621535,0.984772853056187
CRK_MOUSE,IGDQEFDSLPALLEFYK,2,0.359051076418528,0.468612455265179,3,0.08357,0.0388964303263978,4585727,992.99872,0.0173934618140272,1,1,0,0| 2,NaN,-0.0164519475262546|,0.345525881771871| 0.290521583995328| 0.261627603764166| NaN| NaN| NaN| NaN| NaN| NaN| NaN| NaN| NaN,0.3024,0.0702231465674511,0.0126839014796575,0,0.915530585599651,0.193359919532288,0,0.857886098877009,0.179962490006061,0.983306826430297,0.988214975419354

