proteinName,peptideSeq,charge,old_Rsquared,new_Rsquared,NDP,rateconstant,sigma,Abundance,MassToCharge,RMSE,selected_A1A0_count, selected_A2A0_count, selected_A2A1_count,improved_timePoints,new_k,I0_percentatediffI0_percentatediff,selected_io_t,i0,I0_asymptote,new_rmse,lowerci_old,upperci_old,sigma_old,lowerci_new,upperci_new,sigma_new,old_pearson,new_pearson
CYB5B_MOUSE,VEGSEPSVTYYR,2,0.634701426006868,0.898012341457026,11,0.02005,0.00509166772250917,55367557.2727273,693.83044,0.0437220207756266,4,6,0,0| 1| 2| 3| 6| 7| 9| 13| 21| 31,NaN,0.0133077937095462|-0.057223436710863|-0.0533435891711178|,0.469856416817206| 0.467431056042677| 0.454019259568822| 0.447716360898039| 0.39345587201411| 0.395280940496644| 0.41177073763025| 0.388766442121471| 0.362350413913191| 0.355689769096429| NaN| 0.313330266913326,0.469856416817206,0.159038678416924,0.0147274605358704,0.00762223797134222,0.0324777620286578,0.00557764253387846,0.0158637942487718,0.0242362057512282,0.00187879034051143,0.977229141546677,0.96148973316719
CYB5B_MOUSE,NSAEETWMVIHGR,2,0.474142600745381,0.65132112618466,12,0.0222,0.00635106511894598,4341459.66666667,765.36188,0.056941934661041,2,4,2,0| 1| 3| 6| 16| 21| 24| 31,0.0205260671392444,0.067892127055551|0.0758016449132029|,0.375731166031312| 0.378528152036355| 0.435173290900388| 0.388020887356079| 0.301483202567474| 0.359152506224862| 0.279591669103032| 0.332526722403955| 0.327891342301243| 0.284674608557886| 0.249212072198497| 0.2495731684387,0.375731166031312,0.105340473825207,0.0332892166055035,0.00759982839853569,0.0368001716014643,0.00663347117236867,0.013664493122479,0.030735506877521,0.00387803926961457,0.699141428999987,0.838853711529244
CYB5B_MOUSE,NSAEETWMVIHGR,3,0.897845949247075,0.933638889123968,5,0.03395,0.00348447101050638,44273466,510.57703,0.0146098475956539,2,0,0,1| 2,NaN,,NaN| 0.411982930531603| 0.412691885945092| NaN| 0.346310026647075| NaN| NaN| 0.28895262465655| NaN| NaN| 0.24455680426772| NaN,NaN,NaN,0.0110842332918908,0.0171933740878824,0.0507066259121176,0.00603528082769792,0.0212370439216556,0.0466629560783444,0.00457886095240169,0.982543793303653,0.985938052031747

