proteinName,peptideSeq,charge,old_Rsquared,new_Rsquared,NDP,rateconstant,sigma,Abundance,MassToCharge,RMSE,selected_A1A0_count, selected_A2A0_count, selected_A2A1_count,improved_timePoints,new_k,I0_percentatediffI0_percentatediff,selected_io_t,i0,I0_asymptote,new_rmse,lowerci_old,upperci_old,sigma_old,lowerci_new,upperci_new,sigma_new,old_pearson,new_pearson
CYTB_MOUSE,QIVAGTNLFIK,2,0.935580716820476,0.960557510184418,9,0.05971,0.00483202349920219,19015231.1111111,602.3584,0.0182752290158109,4,1,1,1| 3| 13| 16| 21| 24,NaN,-0.00443749949122756|0.0431246834851033|,0.507226329107309| 0.515356808131316| NaN| 0.46122770978126| NaN| 0.401767286692814| 0.404652573069976| 0.330786941133725| 0.345446906718008| 0.313344618045853| 0.282102722791979| NaN,0.507226329107309,0.238739123225825,0.0137586084872559,0.047405168879541,0.072014831120459,0.00533599698850808,0.0504462389964181,0.0689737610035819,0.00401723520895652,0.977093288385633,0.985948357397408
CYTB_MOUSE,VFQPLPHENKPLTLSSYQTNK,4,0.592098705081245,0.754091963356061,6,0.049,0.00669602622548707,15571220,611.07605,0.0155998578084142,0,2,0,7| 9,NaN,,0.248176810988742| NaN| NaN| 0.201035560634392| 0.201483522550935| 0.220380361082061| 0.185267144124967| 0.136201732386744| NaN| NaN| NaN| NaN,0.248176810988742,0.0455391859143225,0.0119919999899976,0.0228268658933445,0.0751731341066555,0.0101817937685133,0.028880058664642,0.069119941335358,0.00782699895535664,0.793198208758165,0.869976560256288

