proteinName,peptideSeq,charge,old_Rsquared,new_Rsquared,NDP,rateconstant,sigma,Abundance,MassToCharge,RMSE,selected_A1A0_count, selected_A2A0_count, selected_A2A1_count,improved_timePoints,new_k,I0_percentatediffI0_percentatediff,selected_io_t,i0,I0_asymptote,new_rmse,lowerci_old,upperci_old,sigma_old,lowerci_new,upperci_new,sigma_new,old_pearson,new_pearson
DNPEP_MOUSE,LTAFEEAIPK,2,0.704133476913703,0.872324756751399,8,0.0827,0.0108439301391792,18426055.25,559.80823,0.0336589190649009,3,1,1,0| 2| 6| 7| 31,NaN,,0.448561205484856| NaN| 0.469697518290194| NaN| 0.346142961188345| 0.367485078576559| 0.326914568366621| 0.310250800139181| 0.275570304183018| NaN| NaN| 0.225926568927064,0.51128,0.19015431048448,0.0224335257552098,0.049126976586777,0.116273023413223,0.014198037341029,0.0603237233296601,0.10507627667034,0.0094629312292903,0.893734683864084,0.969592619457352
DNPEP_MOUSE,GFFELFPSVSR,2,0.927727755829282,0.979902947891781,12,0.06527,0.00526310369240488,13395802.75,643.3324,0.0196940169070842,1,0,2,16| 21| 31,0.0660643535559278,,0.442845643556582| 0.429073195993218| 0.399676863814358| 0.408319089371073| 0.352918620632576| 0.346697137198503| 0.326165560803053| 0.290645171718035| 0.266093032685786| 0.259922374857718| 0.250739823006865| 0.189415975887213,0.442845643556582,0.180971222872839,0.0109003602435647,0.0526116735237842,0.0779283264762157,0.00575120937359303,0.0582637950534727,0.0722762049465272,0.00318321317098999,0.967253555241873,0.990079136187869
DNPEP_MOUSE,NDSPcGTTIGPILASR,2,-2.95721604564555,0.586118836258833,2,1.11801,0.45128123478291,880790.5,829.91199,0.0286809937118949,1,0,0,7,NaN,,NaN| NaN| 0.124441700893345| NaN| NaN| 0.104387617737588| NaN| NaN| NaN| NaN| NaN| NaN,NaN,NaN,0.00263351030052685,0,7.77042826382406,0.523556671878659,0,6.25359167036749,0.404179042998575,-1,1
DNPEP_MOUSE,ETAcTTGVLQTLTLFK,2,-2.10975130543532,0.149982504077424,4,3.61868,1.28314182613385,16176510.5,891.96893,0.0071711834457053,0,2,0,24| 31,NaN,,NaN| 0.14767638352822| NaN| NaN| NaN| NaN| NaN| 0.147033726058371| NaN| NaN| 0.137557511105048| 0.144301355532916,NaN,NaN,0.00213308722186064,1.79286931140409,5.4444906885959,0.573712959658785,1.18936672112589,6.04799327887411,0.763347766483428,-0.548074114555539,0.509175792753358

