proteinName,peptideSeq,charge,old_Rsquared,new_Rsquared,NDP,rateconstant,sigma,Abundance,MassToCharge,RMSE,selected_A1A0_count, selected_A2A0_count, selected_A2A1_count,improved_timePoints,new_k,I0_percentatediffI0_percentatediff,selected_io_t,i0,I0_asymptote,new_rmse,lowerci_old,upperci_old,sigma_old,lowerci_new,upperci_new,sigma_new,old_pearson,new_pearson
FLOT2_MOUSE,MALVLEALPQIAAK,2,0.939873476183247,0.90858872393894,3,0.07118,0.00450821633809866,5303111.33333333,734.43378,0.00385758154275542,1,0,0,3,NaN,-0.0653351415363558|,0.429314091433681| 0.402317556944949| NaN| 0.376382492057232| NaN| NaN| NaN| NaN| NaN| NaN| NaN| NaN,0.429314091433681,0.0996950607348528,0.0032669191612444,0.0248464986241642,0.117513501375836,0.0107685895855552,0.0319409581872529,0.110419041812747,0.00911973247142257,0.999997023539557,0.984750551026451
FLOT2_MOUSE,VDYLSSLGK,2,0.0536286037364572,-1.70494638959343,6,0.03493,0.00876211802969534,1894943.83333333,491.2662,0.0359177605105834,1,3,0,9| 13| 16| 21,NaN,0.0175293657716662|,NaN| NaN| 0.471578590400524| NaN| 0.494961026002605| NaN| 0.471181403075091| 0.456637369028731| 0.472236203087779| 0.419092253839768| NaN| NaN,NaN,NaN,0.0268819948368723,3.63698015886857E-05,0.0698236301984113,0.0135742148826055,0.00881449687566029,0.0610455031243397,0.0101593743374194,0.389588395227824,0.704909784925314

