proteinName,peptideSeq,charge,old_Rsquared,new_Rsquared,NDP,rateconstant,sigma,Abundance,MassToCharge,RMSE,selected_A1A0_count, selected_A2A0_count, selected_A2A1_count,improved_timePoints,new_k,I0_percentatediffI0_percentatediff,selected_io_t,i0,I0_asymptote,new_rmse,lowerci_old,upperci_old,sigma_old,lowerci_new,upperci_new,sigma_new,old_pearson,new_pearson
ICA_MOUSE,ILFNQQELFGR,2,-0.496536106441279,0.755239643295326,5,0.02889,0.0118756567363106,6335825,682.86969,0.0554742801066589,1,3,0,1| 7| 13| 24,NaN,,0.451343164236119| 0.445737017589311| NaN| NaN| NaN| 0.330266077622806| NaN| 0.352290087397304| NaN| NaN| 0.297911735620283| NaN,0.451343164236119,0.160139825970454,0.0198357189598057,0,0.0773839447075341,0.0174661997163269,0.00892759479321192,0.0488524052067881,0.00718991532371329,0.21807092219964,0.907869827813315
ICA_MOUSE,EPYFGSWGALK,2,-11.5360866721907,0.658934505389718,2,0.01223,0.00293576213691815,64867255,627.81128,0.00561652074426685,0,1,0,7,NaN,0.0604312971526125|,NaN| NaN| NaN| 0.448520975845467| NaN| 0.428717913497851| NaN| NaN| NaN| NaN| NaN| NaN,NaN,NaN,0.00236072623329183,0,0.267322043634462,0.0200761792315825,0,0.237515455663347,0.0177303498836177,-1,1

