protien,peptide,charge,rsquared,rateconstant,mo,io_e,io_a1a0,io_a2a0,io_a2a1
RM40_MOUSE,DTSLFPFEK,2,0.347128356594929,9.3628,0.51964,0.431349848394646,0.596866281097369,0.304387684995002,0.267089934359086
RM40_MOUSE,ASQELIPIEDFITPVR,2,-3.16111205166088,0.11261,0.33932,0.304528828054647,0.381560062313244,0.195941318743099,0.0626440329138095

