protien,peptide,charge,rsquared,rateconstant,mo,io_e,io_a1a0,io_a2a0,io_a2a1
COX1_MOUSE,LGLSGMPR,2,0.834554613987653,0.01929,0.59755,0.619326655323254,0.586224078209456,0.693753047884712,0.66743795862336
COX1_MOUSE,AELGQPGAL,2,0.0210362633626487,0.02773,0.61284,0.721160091934892,0.726554679238441,0.677966309471011,0.581223115587809
COX1_MOUSE,MIGAPDMAFPR,2,0.981106323807616,0.03293,0.45383,0.472182386560526,0.461764221510987,0.484174520886431,0.562724303541498
COX1_MOUSE,MIGAPDmAFPR,2,0.0314348185950685,0.0214,0.45383,0.490226933576439,0.494211084048507,0.548181798528754,0.562724303541498
COX1_MOUSE,VFSWLATLHGGN,2,0.375234531971049,0.04432,0.45375,0.281852140710724,0.327267449900455,0.2250620599412,0.190035459802058
COX1_MOUSE,AYFTSATMIIAIPTGVK,3,0.838513544446754,0.03641,0.32725,0.347686426394088,0.331832529616002,0.338054915387268,0.345734984769696
COX1_MOUSE,AYFTSATMIIAIPTGVK,2,0.933966947973095,0.033,0.32725,0.340133508767363,0.329987901167155,0.343156537853022,0.361600658971042
COX1_MOUSE,AYFTSATmIIAIPTGVK,2,0.85345935276323,0.03539,0.32725,0.345508610168877,0.281001138883867,0.334694370121512,0.415555738302076
COX1_MOUSE,ASTNLEWLHGcPPPYHTFEEPTYVK,3,0.183804061296751,0.00666,0.16726,0.196165953853072,0.195671370999202,0.171733813278582,0.144616684619191
COX1_MOUSE,SVSYASTNLEWLHGcPPPYHTFEEPTYVK,3,0.0759819142579328,0.02934,0.13042,0.151157389186823,0.143791063790366,0.141275024845638,0.137791040972164
COX1_MOUSE,EVMSVSYASTNLEWLHGcPPPYHTFEEPTYVK,4,0.946869649617662,0.0302,0.10472,0.1056945909684,0.0922911129923809,0.0990132194868337,0.10829784725191

