protien,peptide,charge,rsquared,rateconstant,mo,io_e,io_a1a0,io_a2a0,io_a2a1
CALM1_MOUSE,MKDTDSEEEIR,3,0.755854417747122,0.20168,0.46419,0.497195949465729,0.504833146685544,0.470921717140927,0.399817196262755
CALM1_MOUSE,MKDTDSEEEIR,2,0.934894219170663,0.09094,0.46419,0.484163412350763,0.458497223261099,0.46419,0.478893647392828
CALM1_MOUSE,VFDKDGNGYISAAELR,2,0.227758845892322,0.05004,0.36228,0.572869501633599,0.682700090889269,0.472443761524299,0.180612484875864
CALM1_MOUSE,VFDKDGNGYISAAELR,3,0.987190038128081,0.09361,0.36228,0.35370311826298,0.33510512926454,0.367938547206363,0.408748890737823
CALM1_MOUSE,EADIDGDGQVNYEEFVQMMTAK,3,0.953496087440196,0.0851,0.22674,0.254428671988171,0.245117633432102,0.236108648785941,0.221693290715121
CALM1_MOUSE,EADIDGDGQVNYEEFVQMMTAK,2,0.74763514616068,0.07192,0.22674,0.234939098352036,0.20975929686883,0.223698655396962,0.245855451618773

