protien,peptide,charge,rsquared,rateconstant,mo,io_e,io_a1a0,io_a2a0,io_a2a1
K1C17_MOUSE,LEQEIATYR,2,NaN,0.46346,0.52387,0.508338511541351,0.473390601346178,0.545177760800974,0.645634075345754
K1C17_MOUSE,MSVEADINGLR,2,NaN,0.46346,0.49262,0.410241001993624,0.441208207617799,0.373166687886003,0.278419890823587
K1C17_MOUSE,YcVQLSQIQGLIGSVEEQLAQLR,3,-0.114588310553772,0.00104,0.21766,0.197483842211206,0.143528948429701,0.164287191441812,0.19059310678704

