protien,peptide,charge,rsquared,rateconstant,mo,io_e,io_a1a0,io_a2a0,io_a2a1
CSK21_MOUSE,TPALVFEHVNNTDFK,3,0.66997061537191,0.35104,0.35735,0.356256099851887,0.380233070329847,0.343461090451525,0.300124761259921
CSK21_MOUSE,LIDWGLAEFYHPGQEYNVR,3,0.971373478230843,0.09053,0.24746,0.261398407794379,0.302122684458708,0.258379587863879,0.21266260378234
CSK21_MOUSE,EYWDYESHVVEWGNQDDYQLVR,3,-0.0084103625454961,0.0019,0.1888,0.133375611784372,0.0307492575337462,0.081085661814039,0.173206458105567

