protien,peptide,charge,rsquared,rateconstant,mo,io_e,io_a1a0,io_a2a0,io_a2a1
HEMH_MOUSE,DLMTLPIQNK,2,-0.282694259249192,0.0496,0.48733,0.533043469459408,0.529419294559522,0.506788026668429,0.458794451617204
HEMH_MOUSE,YYNEVGQKPTMK,3,0.463892965271409,0.03539,0.40781,0.467798191555276,0.44606182876983,0.454994278689036,0.47071399739774
HEMH_MOUSE,GDPYPQEVGATVHK,3,0.964659754181739,0.06342,0.41921,0.464361685511854,0.447731199379034,0.454622355451959,0.463592821308845
HEMH_MOUSE,TGILMLNMGGPETLGEVQDFLQR,3,-7.39469077902939,2E-05,0.21647,0.322402629991547,0.313768304196265,0.322314214963327,0.322314214963327
HEMH_MOUSE,AIAFTQYPQYScSTTGSSLNAIYR,3,0.0760169405006328,0.05371,0.20613,0.238510357636542,0.344459965468718,0.187127534485052,0.0593478669515648

