protien,peptide,charge,rsquared,rateconstant,mo,io_e,io_a1a0,io_a2a0,io_a2a1
RL13A_MOUSE,cEGINISGNFYR,2,0.60754608019461,0.02225,0.43617,0.446384321491345,0.427676110800864,0.382920468893073,0.31841114300305

