protien,peptide,charge,rsquared,rateconstant,mo,io_e,io_a1a0,io_a2a0,io_a2a1
MIF_MOUSE,LLcGLLSDR,2,0.859743978342522,0.03286,0.54568,0.565471344307146,0.552464710334203,0.577050456618219,0.627258631717524
MIF_MOUSE,SGTNDPcALcSLHSIGK,3,0.846996358233518,0.0367,0.35891,0.319825391742103,0.290988145577919,0.331078037813924,0.415072383638409
MIF_MOUSE,ASVPEGFLSELTQQLAQATGK,3,0.996350032993927,0.04441,0.2858,0.295473690484601,0.297825197930649,0.291223622337006,0.284459616597326
MIF_MOUSE,ASVPEGFLSELTQQLAQATGK,2,0.986632256477272,0.04193,0.2858,0.302339107686359,0.301283781034847,0.298144964063336,0.293973080081034

