protien,peptide,charge,rsquared,rateconstant,mo,io_e,io_a1a0,io_a2a0,io_a2a1
PSB4_MOUSE,TQNPMVTGTSVLGVK,2,0.703262968322434,0.02627,0.40203,0.441373243538775,0.421700136777277,0.418380404895316,0.413645692290749
PSB4_MOUSE,FDGGVVIAADMLGSYGSLAR,2,0.602087479201495,0.11385,0.30014,0.301880937946563,0.293994664333381,0.291381257193698,0.287095653271954
PSB4_MOUSE,VNDSTMLGASGDYADFQYLK,2,0.483443718449342,0.09215,0.2706,0.30823097846174,0.273524313293642,0.262676624852501,0.249142628022324

