protien,peptide,charge,rsquared,rateconstant,mo,io_e,io_a1a0,io_a2a0,io_a2a1
NP1L4_MOUSE,GIPEFWFTIFR,2,0.954232284782924,0.08927,0.4033,0.407921839612905,0.411132962286489,0.410621847097274,0.409392986128377
NP1L4_MOUSE,QVPNESFFNFFSPLK,2,0.678190526974034,0.22172,0.32873,0.330468056870776,0.322842202587601,0.33536914891518,0.349907369572494
NP1L4_MOUSE,NVDMLSELVQEYDEPILK,2,0.808942409750036,0.19897,0.27902,0.267590562984624,0.250435966008991,0.27723952026824,0.316037253855358
NP1L4_MOUSE,VLEFHFEPNDYFTNPVLTK,3,-0.128103976895434,0.00016,0.24393,0.33536185944026,0.531811192498257,0.274850030056508,0.0644429051047624

