protien,peptide,charge,rsquared,rateconstant,mo,io_e,io_a1a0,io_a2a0,io_a2a1
RS23_MOUSE,ANPFGGASHAK,3,0.940778214276709,0.04483,0.54241,0.553122594228621,0.542132442804786,0.563968849143903,0.593998871037683
RS23_MOUSE,ANPFGGASHAK,2,0.814710752295644,0.09778,0.54241,0.56123276823695,0.544791099749504,0.586350374602502,0.648611437634266
RS23_MOUSE,VANVSLLALYK,2,0.831496913514497,0.05379,0.48568,0.474939958556467,0.443533515557159,0.462138755066882,0.48568

