protien,peptide,charge,rsquared,rateconstant,mo,io_e,io_a1a0,io_a2a0,io_a2a1
ACTZ_MOUSE,VMAGALEGDIFIGPK,2,-1.540853857284,0.07197,0.38932,0.438153267923411,0.408098756203297,0.3903726958127,0.363873606056743
ACTZ_MOUSE,AQYYLPDGSTIEIGPSR,2,-0.659920181174086,0.00043,0.33685,0.320209228181757,0.258904862648397,0.338031165731579,0.442137414440148
ACTZ_MOUSE,DQLQTFSEEHPVLLTEAPLNPR,3,-1.28211413355102,0.06183,0.22945,0.301512241549536,0.301322203317335,0.262909287012673,0.220978239172972

