protien,peptide,charge,rsquared,rateconstant,mo,io_e,io_a1a0,io_a2a0,io_a2a1
PRS4_MOUSE,VVGSELIQK,2,0.921614388751145,0.10233,0.56843,0.607937965741855,0.58821839548595,0.608946648076565,0.641563081767768
PRS4_MOUSE,GVILYGPPGTGK,2,0.840328573667686,0.06402,0.49724,0.523460804071447,0.512352281144035,0.486216315385721,0.452314817044723
PRS4_MOUSE,IKDYLLMEEEFIR,3,-3.74371543797372,4E-05,0.34784,0.567495981391071,0.558333054651761,0.432976654794519,0.432976654794519

