protien,peptide,charge,rsquared,rateconstant,mo,io_e,io_a1a0,io_a2a0,io_a2a1
S27A1_MOUSE,LLPQVDTTGTFK,2,0.811282333553683,0.08554,0.45821,0.554998214751731,0.566465347445616,0.500417157958933,0.410074123139927
S27A1_MOUSE,LLGQTDVAVYGVAVPGVEGK,2,0.879434129786977,0.14013,0.31301,0.304966426048477,0.239176803705757,0.29886607468535,0.373898111863328
S27A1_MOUSE,AGMAAIADPHSQLDPNSMYQELQK,3,-1478.48016406099,0.02524,0.20893,0.273396452211853,0.246814094193828,0.247146671446281,0.247146671446281

