protien,peptide,charge,rsquared,rateconstant,mo,io_e,io_a1a0,io_a2a0,io_a2a1
CYB_MOUSE,DVNYGWLIR,2,0.00651198025022026,0.00101,0.50286,0.541341843988722,0.550029120245827,0.530061835476022,0.503967571621773
CYB_MOUSE,IINHSFIDLPAPS,2,0.963325526647349,0.02793,0.42519,0.442710130116886,0.439562716033345,0.433430491248446,0.42519
CYB_MOUSE,IGTTLVEWIWGGFSVDK,2,0.873737817037061,0.01914,0.31115,0.323819405806411,0.301990254522705,0.335037507383116,0.373797955720979

