protien,peptide,charge,rsquared,rateconstant,mo,io_e,io_a1a0,io_a2a0,io_a2a1
GLRX1_MOUSE,TQEILSQLPFK,2,0.96146562080192,0.0357,0.4593,0.475400256338803,0.443164994811536,0.472334945827612,0.50849743927418
GLRX1_MOUSE,DcIGGcSDLISMQQTGELMTR,2,NaN,6E-05,0.24873,0.397125247115482,0.278002192647293,0.366680545445998,0.366680545445998
GLRX1_MOUSE,QGLLEFVDITATNNTSAIQDYLQQLTGAR,3,-0.1612068483557,0.05704,0.16211,0.183419299026494,0.167952930535863,0.182940510022015,0.201919765616464

