protien,peptide,charge,rsquared,rateconstant,mo,io_e,io_a1a0,io_a2a0,io_a2a1
ARMC1_MOUSE,LLASEIYDILQSSNLADGDSFNEMNSR,3,-0.18916553855518,0.07146,0.17734,0.201440934172098,0.201811578608082,0.194708573953247,0.18633651057072

