protien,peptide,charge,rsquared,rateconstant,mo,io_e,io_a1a0,io_a2a0,io_a2a1
PALMD_MOUSE,VISPGPNFQER,2,0.705735635427445,0.02111,0.48411,0.523811183742974,0.50858512061824,0.517716961729911,0.528986048728832
PALMD_MOUSE,TGESVVLSSIPLPSDDFK,2,0.526993833403208,0.06407,0.33357,0.371088430707475,0.373886787868069,0.348391522342868,0.316586832540016

