protien,peptide,charge,rsquared,rateconstant,mo,io_e,io_a1a0,io_a2a0,io_a2a1
HDHD2_MOUSE,LLLDGAPLIAIHK,3,0.90537442400459,0.03694,0.43236,0.44024996466046,0.448508094413606,0.412816335192995,0.371262230482307
HDHD2_MOUSE,DGLALGPGPFVTALEYATDTK,2,0.455743292302622,0.02106,0.28349,0.337537040994889,0.355126874910362,0.318144163375876,0.275658085835304

