protien,peptide,charge,rsquared,rateconstant,mo,io_e,io_a1a0,io_a2a0,io_a2a1
AL1L2_MOUSE,AMVEAVQLIADGK,2,-13.1638025755907,0.07854,0.44347,0.415591654895871,0.37141543736266,0.427605395851119,0.543657424569462

