protien,peptide,charge,rsquared,rateconstant,mo,io_e,io_a1a0,io_a2a0,io_a2a1
ALDOB_MOUSE,LDQGGAPLAGTNK,2,-0.385574665299136,0.05439,0.49803,0.540535265343585,0.597170290336656,0.426999124232181,0.217831392094793
ALDOB_MOUSE,GILAADESVGTMGNR,2,-0.457695441227407,0.06701,0.42321,0.420049357739287,0.383294319934963,0.432492201941716,0.551901634963836

