protien,peptide,charge,rsquared,rateconstant,mo,io_e,io_a1a0,io_a2a0,io_a2a1
IGKC_MOUSE,DSTYSMSSTLTLTK,2,0.83106706628234,0.06205,0.40759,0.437629491479513,0.420177249901303,0.43517046594096,0.465231063568265
IGKC_MOUSE,QNGVLNSWTDQDSK,2,0.254325870684926,0.23533,0.41208,0.446817453426105,0.416154470505289,0.434400846202858,0.457877756430568

