protien,peptide,charge,rsquared,rateconstant,mo,io_e,io_a1a0,io_a2a0,io_a2a1
VP26A_MOUSE,LFLAGYDPTPTMR,2,0.219260180215548,0.02452,0.39511,0.445402952079614,0.503770886538913,0.388835085697407,0.233271156941957
VP26A_MOUSE,EYDLIVHQLATYPDVNNSIK,3,-0.149158046606981,0.01032,0.25394,0.386467525418105,0.397752594439434,0.352661907913333,0.344683665165384

