protien,peptide,charge,rsquared,rateconstant,mo,io_e,io_a1a0,io_a2a0,io_a2a1
MYOZ2_MOUSE,VATPFGGFEK,2,0.922989298608151,0.03411,0.52612,0.545807183231281,0.53660713291173,0.564412752313097,0.601477269629022
MYOZ2_MOUSE,FLAFANPLSGR,2,0.90143738379429,0.04208,0.48403,0.498397058882215,0.497560692181027,0.499161723882086,0.501359913011201
MYOZ2_MOUSE,DIMIEELSHF,2,0.543504259893692,0.02277,0.46595,0.559167784257217,0.500003454629481,0.562934860427484,0.562934860427484
MYOZ2_MOUSE,AQINHNIAMQNGR,3,0.731661273523005,0.01596,0.42601,0.46003759859402,0.445858566950297,0.398770646571873,0.327892781174422
MYOZ2_MOUSE,YTFENFQYESR,2,0.974509736291713,0.03965,0.41364,0.422627202012495,0.411663233920946,0.429562791893367,0.452648753150475
MYOZ2_MOUSE,EIHGHDVDGMDLGK,3,0.965493815271503,0.06161,0.40956,0.421798299918955,0.397632997855205,0.425200638541444,0.478008676626567
MYOZ2_MOUSE,EIHGHDVDGMDLGK,2,0.66732827172297,0.02956,0.40956,0.481463224980082,0.401000296688856,0.520076419187161,0.525253098874136
MYOZ2_MOUSE,VPDFELLLLTDPR,2,0.977681630034483,0.04899,0.3995,0.412803888428102,0.406310328927167,0.416536606784836,0.428544652858136
MYOZ2_MOUSE,DIMIEELSHFSNR,2,0.968280374799732,0.04161,0.38691,0.384754958017575,0.373876836254603,0.377615838207664,0.382752384464613
MYOZ2_MOUSE,DIMIEELSHFSNR,3,0.849915109799866,0.03816,0.38691,0.415453793357753,0.4183366712892,0.406163576726774,0.384825785421312
MYOZ2_MOUSE,SPPNPENIAPGYSGPLK,2,0.98661654816089,0.03204,0.36038,0.371530053983667,0.365998402783645,0.369575162664298,0.373585406664274
MYOZ2_MOUSE,SPPNPENIAPGYSGPLK,3,-0.796522975657545,0.00028,0.36038,0.433012390857181,0.417649288973443,0.392866139424413,0.361679843761354
MYOZ2_MOUSE,FKVPDFELLLLTDPR,2,0.535589925489234,0.03505,0.33169,0.355589783407368,0.31558587288647,0.379844335056666,0.404737318031025
MYOZ2_MOUSE,SDKYTFENFQYESR,2,-1.164606361675,0.00011,0.3465,0.485479754609997,0.490699597685836,0.437410545728933,0.36497869113729
MYOZ2_MOUSE,SDKYTFENFQYESR,3,0.952368721563415,0.03435,0.3465,0.369582135416658,0.358451643157742,0.375542130013497,0.396530698932937
MYOZ2_MOUSE,SPWEQAIGSDPELLEALYPK,3,0.973501501769949,0.0327,0.26341,0.279360000403355,0.281969773398533,0.27890842551933,0.27646733702379
MYOZ2_MOUSE,SPWEQAIGSDPELLEALYPK,2,0.993730405147939,0.04029,0.26341,0.269488771489018,0.269515097598223,0.261101573612282,0.252063963444084

