protien,peptide,charge,rsquared,rateconstant,mo,io_e,io_a1a0,io_a2a0,io_a2a1
AKAP1_MOUSE,KVDLIIWEIEVPK,3,-0.322046633452325,0.00917,0.37818,0.624717570033874,0.651477945863444,0.45237160999212,0.45237160999212
AKAP1_MOUSE,TYVScLSSPLSGPTK,2,0.986005319716706,0.12502,0.39538,0.376417291681157,0.393515050533946,0.362805241170386,0.31834955842661

