protien,peptide,charge,rsquared,rateconstant,mo,io_e,io_a1a0,io_a2a0,io_a2a1
ABCB7_MOUSE,VAISLGFLGGAK,2,0.325464005311371,0.02977,0.50385,0.476194917588899,0.467932513674486,0.468781810458908,0.470667600722868
ABCB7_MOUSE,VQNQDSLGWDAK,2,-0.138669343845521,0.06136,0.46185,0.297765450322209,0.252512739688734,0.29285374985682,0.339828150653228
ABCB7_MOUSE,QALIDMNTLFTLLK,2,0.917193290383324,0.03761,0.36529,0.385419453778537,0.36273011016534,0.377271819440853,0.398966004168144
ABCB7_MOUSE,NPPVILYDEATSSLDSITEETILGAMR,3,-0.649696219193918,3E-05,0.17987,0.187265195859609,0.175231327048126,0.176236546663015,0.178044186542835

