protien,peptide,charge,rsquared,rateconstant,mo,io_e,io_a1a0,io_a2a0,io_a2a1
SURF4_MOUSE,MWFQWSEQR,2,0.739059068209126,0.0643,0.43768,0.469668043912561,0.433204153247126,0.464195634365063,0.525803918560045
SURF4_MOUSE,LcLISTFLEDGIR,2,0.903043907939491,0.20579,0.40267,0.419192250529116,0.422229944066098,0.419046433448243,0.414304183555247
SURF4_MOUSE,NLALGGGLLLLLAESR,2,0.957687798757618,0.07666,0.38848,0.423468909446741,0.412170726550963,0.397913971098714,0.380402940878858
SURF4_MOUSE,GQNDLMGTAEDFADQFLR,3,0.976203635049397,0.10423,0.30403,0.319808115974864,0.306520123963427,0.309861241860684,0.315801327850733
SURF4_MOUSE,GQNDLMGTAEDFADQFLR,2,0.742117886506447,0.06323,0.30403,0.373353491782658,0.383522638987465,0.363338777565237,0.330513514227319

