protien,peptide,charge,rsquared,rateconstant,mo,io_e,io_a1a0,io_a2a0,io_a2a1
CLPP_MOUSE,YMSPMEAQEFGILDK,2,0.949174533396924,0.04158,0.32932,0.350836680399065,0.34106843360838,0.336307474644265,0.32932

