protien,peptide,charge,rsquared,rateconstant,mo,io_e,io_a1a0,io_a2a0,io_a2a1
UFM1_MOUSE,VLSVPESTPFTAVLK,2,-0.648012246197256,0.00225,0.38498,0.453980504432686,0.408890541933938,0.438180126682117,0.476084786011417

