protien,peptide,charge,rsquared,rateconstant,mo,io_e,io_a1a0,io_a2a0,io_a2a1
NSF1C_MOUSE,SPNELVDDLFK,2,-1.10029404590271,0.16789,0.47506,0.212985052293883,0.230436284231075,0.198960320735131,0.198960320735131
NSF1C_MOUSE,SYQDPSNAQFLESIR,2,0.603033727072143,0.0209,0.36569,0.389200327403868,0.350154535800803,0.407538334197803,0.48501885768655
NSF1C_MOUSE,ASSSILINEAEPTTNIQIR,2,0.881246621085415,0.0577,0.31342,0.313753293520307,0.256277326182406,0.316063964486881,0.392984085947638

