protien,peptide,charge,rsquared,rateconstant,mo,io_e,io_a1a0,io_a2a0,io_a2a1
MUTA_MOUSE,ILFDGIPLEK,2,0.962813000055469,0.06976,0.4952,0.505849827632528,0.492824324197899,0.495893838941028,0.499376594752876
MUTA_MOUSE,LTGTIQNDILK,2,0.887911371812127,0.07805,0.49686,0.519741275075807,0.53567499034243,0.502705672767741,0.457066032529064
MUTA_MOUSE,NTYIFPPEPSMK,2,-0.254151814483071,0.00771,0.40736,0.408667437084836,0.403379021442703,0.349695293745478,0.27802873247554
MUTA_MOUSE,NTQIIIQEESGIPK,2,0.943374705733736,0.06702,0.40701,0.467535667958807,0.441393673897063,0.454340085364952,0.470360269738273
MUTA_MOUSE,GDVGMAGVAIDTVEDTK,2,0.231566971767204,0.01544,0.37897,0.370523399489398,0.362901218585031,0.354307714118376,0.341602819295834
MUTA_MOUSE,ADTLDLPEELPGVKPF,2,0.0422901811020362,0.12422,0.35522,0.390423246223568,0.385606656428909,0.400573739928884,0.418835175058973
MUTA_MOUSE,IIADIFQYTAQHMPK,3,0.958574805956802,0.07329,0.32969,0.337553551026238,0.330867235897474,0.318788349981842,0.303937523669582
MUTA_MOUSE,YQLEKEDSVEVLAIDNTSVR,3,0.335300646150375,0.04242,0.26953,0.33099702124047,0.283213463459984,0.328686710246071,0.389743200111945
MUTA_MOUSE,VADPWGGSYMMESLTNDVYEAALK,3,0.871176449846961,0.05856,0.19801,0.234354154744275,0.240938567750678,0.223311574219797,0.199720325195691
MUTA_MOUSE,cGGVIPPQDYEFLYEVGVSNVFGPGTR,3,0.272519987042417,0.02796,0.17234,0.211252382094734,0.194399399171449,0.206138481300011,0.220796061875519
MUTA_MOUSE,DQALAEQcLSALTQcAASGDGNILALAVDAAR,3,-0.998099769449754,6E-05,0.16039,0.172512657623748,0.163083800867131,0.180826336342574,0.205462441760893

