protien,peptide,charge,rsquared,rateconstant,mo,io_e,io_a1a0,io_a2a0,io_a2a1
RAB14_MOUSE,GAAGALMVYDITR,2,-0.228827611005938,5E-05,0.44325,0.532794012414829,0.513637999924006,0.523795442210058,0.554552905580824
RAB14_MOUSE,STYNHLSSWLTDAR,3,0.838925495683501,0.08756,0.38556,0.383330265383078,0.401697323185242,0.380045224254399,0.353586242127953

