proteinName,peptideSeq,charge,old_Rsquared,new_Rsquared,NDP,rateconstant,sigma,Abundance,MassToCharge,RMSE,selected_A1A0_count, selected_A2A0_count, selected_A2A1_count,improved_timePoints,new_k,I0_percentatediffI0_percentatediff,selected_io_t,i0,I0_asymptote,new_rmse,lowerci_old,upperci_old,sigma_old,lowerci_new,upperci_new,sigma_new,old_pearson,new_pearson
ITIH1_MOUSE,QYYDGSEIVVAGR,2,-0.0360123359959368,-0.0181816723103561,7,0.00585,0.0115429269451049,20826715.4285714,728.85699,0.0835106247432417,1,0,3,0| 1| 3| 7,NaN,,0.464094084780496| 0.29322986773754| 0.485404235126299| 0.438351538295067| NaN| 0.371947405680971| 0.395174481157336| NaN| NaN| NaN| 0.3841359772967| NaN,0.464094084780496,0.136388881368873,0.0462268475430841,0,0.0436353188497603,0.0154420433388763,0,0.0253037804743463,0.00795033971750502,0.0250616597950693,0.203680664991807
ITIH1_MOUSE,LWAYLTIQELLAK,2,-1.32847213225595,-0.340886588955396,2,0.08611,0.144786332952911,2284488.5,781.45306,0.0307438578911408,1,1,0,0| 1,NaN,,0.412481326039102| 0.370180741576861| NaN| NaN| NaN| NaN| NaN| NaN| NaN| NaN| NaN| NaN,0.412481326039102,0.16080759213315,0.00999854419825151,0,15.8171554566741,1.23806012758641,0,10.7658418196642,0.840513122643893,1,1
ITIH1_MOUSE,GSLVPASNANLQAAQDFVR,2,-1.00041699988397,-1.00052633225399,2,3E-05,0.0830862407356075,2265201,979.50812,0.0232186345337469,1,0,0,1,NaN,,0.317603670287632| 0.381321930911714| NaN| NaN| NaN| NaN| NaN| NaN| NaN| NaN| NaN| NaN,0.317603670287632,0.0381430652866345,0.0183962976253344,0,3.67848099414798,0.289500371712616,0,2.9156465917061,0.229464002215393,-2,-2
ITIH1_MOUSE,FSLAGATNLNGGLLR,2,-3.13875811147653,0.0584879898379987,3,0.06209,0.0200827555845065,3528963.33333333,752.41754,0.0442995350600049,0,0,2,3| 24,NaN,,NaN| NaN| NaN| 0.353142795393991| NaN| 0.184534145229587| NaN| NaN| NaN| NaN| 0.194215158083619| NaN,NaN,NaN,0.037503730945805,0,0.247979370843748,0.0432034334443233,0,0.265378868172084,0.0472473334337494,0.548214613320988,0.696952318859759
ITIH1_MOUSE,MSLDYHFVTPLTSLTIR,3,NaN,NaN,0,0.46346,NaN,0,665.35205,0,NaN,NaN,NaN,NaNNaN,NaN,NaN,NaN,NaN,NaNNaN,NaN,NaN,NaN,NaN,NaN,NaN,NaN

