proteinName,peptideSeq,charge,old_Rsquared,new_Rsquared,NDP,rateconstant,sigma,Abundance,MassToCharge,RMSE,selected_A1A0_count, selected_A2A0_count, selected_A2A1_count,improved_timePoints,new_k,I0_percentatediffI0_percentatediff,selected_io_t,i0,I0_asymptote,new_rmse,lowerci_old,upperci_old,sigma_old,lowerci_new,upperci_new,sigma_new,old_pearson,new_pearson
KAP0_MOUSE,HNIQALLK,2,0.85710139785263,0.901477179515154,2,0.2093,0.0333941323407126,44886385,468.78488,0.0155769713267654,1,0,0,0,NaN,,0.614720004850335| NaN| NaN| 0.425312088804555| NaN| NaN| NaN| NaN| NaN| NaN| NaN| NaN,0.614720004850335,0.303287170578575,0.0121355907718578,0,1.72823802426221,0.119543015071263,0,1.36799239247931,0.0911910689735956,1,1
KAP0_MOUSE,MYEEFLSK,2,0.991062380382208,0.998748048353781,4,0.34424,0.0214751946186515,19200725,523.74677,0.00531150922289968,1,1,0,21| 24,NaN,0.00438513786416157|,0.537568070047119| NaN| 0.408509587684719| NaN| NaN| NaN| NaN| NaN| NaN| 0.293110276934989| 0.29382363045137| NaN,0.537568070047119,0.291420388068628,0.00205744856556657,0.275718517315455,0.412761482684545,0.021531072677305,0.317697746123832,0.370782253876168,0.00834020477721145,0.997410426983362,0.999489346708504
KAP0_MOUSE,VLGPcSDILK,2,-19.5848671268481,-7.73111097297538,3,10.06035,12712.6707389982,37221506.6666667,551.30225,0.136987841453427,0,1,2,0| 1| 24,NaN,,0.34135437528783| 0.320493225574784| NaN| NaN| NaN| NaN| NaN| NaN| NaN| NaN| 0.254990682946297| NaN,0.52216,0.270044402564473,0.0543608966530244,0,22.6482067676843,2.925603705047,5.31643992815555,14.8042600718444,1.1025547191026,0.460317098428846,0.686901268538134
KAP0_MOUSE,VSILESLDKWER,3,0.950974030305239,0.98331690234448,8,0.35462,0.0406154974931812,11397594.375,492.26819,0.017710950810688,0,4,2,2| 3| 6| 16| 21| 24,NaN,-0.000213945914015271|-0.0602863873100575|,0.432998419373986| NaN| 0.312057784193918| 0.241250280054536| 0.18509801052037| NaN| NaN| 0.18626145654498| 0.160524051787351| 0.153609864540159| 0.16265544525828| NaN,0.432998419373986,0.161039970029983,0.00966506477193583,0.244411342306291,0.464828657693709,0.0466072601797217,0.294477897725343,0.414762102274657,0.0254341053337259,0.978870028454214,0.991723897047233

