proteinName,peptideSeq,charge,old_Rsquared,new_Rsquared,NDP,rateconstant,sigma,Abundance,MassToCharge,RMSE,selected_A1A0_count, selected_A2A0_count, selected_A2A1_count,improved_timePoints,new_k,I0_percentatediffI0_percentatediff,selected_io_t,i0,I0_asymptote,new_rmse,lowerci_old,upperci_old,sigma_old,lowerci_new,upperci_new,sigma_new,old_pearson,new_pearson
KTN1_MOUSE,QMQSSFTASER,2,0.47204091864193,0.45639511614638,3,0.10076,0.0514296857898708,941374.666666667,636.28784,0.0431188397405395,1,1,0,0| 1,NaN,,0.490658071878712| 0.411831700525396| NaN| 0.283124749678946| NaN| NaN| NaN| NaN| NaN| NaN| NaN| NaN,0.490658071878712,0.131232713233656,0.0315330174016799,0,1.07391123621055,0.226174710657468,0,0.655142242264592,0.128846615584737,0.925415985130918,0.999901740060817
KTN1_MOUSE,QSDQVSFVSLIEDLKR,3,0.150595601149243,0.738458940014499,7,0.05475,0.01581960324131,5855547.42857143,621.99854,0.0498889514598329,1,1,3,1| 2| 6| 16| 21,NaN,,0.333034400772118| 0.342520175453664| 0.295764264863876| NaN| 0.178359005671778| NaN| NaN| 0.22148563231219| 0.178087983475372| 0.184397103902456| NaN| NaN,0.333034400772118,0.0773370487348668,0.0267907405511773,0.00578911539109773,0.103710884608902,0.0200092555800991,0.0247233386847407,0.0847766613152593,0.0122712476556205,0.546453159267687,0.866382494497445

