proteinName,peptideSeq,charge,old_Rsquared,new_Rsquared,NDP,rateconstant,sigma,Abundance,MassToCharge,RMSE,selected_A1A0_count, selected_A2A0_count, selected_A2A1_count,improved_timePoints,new_k,I0_percentatediffI0_percentatediff,selected_io_t,i0,I0_asymptote,new_rmse,lowerci_old,upperci_old,sigma_old,lowerci_new,upperci_new,sigma_new,old_pearson,new_pearson
MFAP4_MOUSE,ADGEYWLGLQNLHLLTLK,3,0.428986777548472,0.644462984564585,12,0.00347,0.00152034566301215,33309191.6666667,695.37732,0.0155590570152374,4,5,1,1| 2| 3| 7| 9| 13| 16| 21| 24| 31,0.00360604744361653,0.0313360920247448|0.043384002254743|-0.0222142645905387|0.0253062902400521|0.0156157759065365|,0.30330267880146| 0.299392072485567| 0.300081994811768| 0.295717934022282| 0.297027887214869| 0.294898323965219| 0.295734260124517| 0.294143414599701| 0.30317587193097| 0.292560811415169| 0.2843260036118| 0.272718601596983,0.30330267880146,0.0850343298238342,0.00486596488537652,6.28358749938385E-05,0.00687716412500616,0.00154801776442753,0.00240443793060478,0.00453556206939522,0.00048412960221603,0.810453614299285,0.809163054780156
MFAP4_MOUSE,ADGEYWLGLQNLHLLTLK,2,-4.84555381782623,-0.231005099046472,3,0.00027,0.0467557774789569,2154240.66666667,1042.56238,0.0345223236535063,1,1,1,0| 2| 3,NaN,,0.245512930986912| NaN| 0.299134652812206| 0.277914638960052| NaN| NaN| NaN| NaN| NaN| NaN| NaN| NaN,0.28477,0.0798384841163386,0.0122317888258313,0,0.49617152198914,0.11525483303833,0,0.176133484055281,0.0408732693762018,0.187448783018862,-0.740384554907578
MFAP4_MOUSE,DQDLFVQNcAALSSGAFWFR,3,-0.873038697488421,-0.120751694233334,7,0.0002,0.00468659891023605,3175163.28571429,778.03204,0.028352100899395,3,1,1,0| 2| 3| 6| 16,NaN,,0.243024142188552| NaN| 0.256063537224271| 0.243991620504417| 0.236265543653385| NaN| 0.252402489392837| NaN| 0.233843148140329| 0.254837189107228| NaN| NaN,0.243024142188552,0.0369363462937954,0.00666369812594989,0,0.0164683215754858,0.00664851149776714,0,0.00404212954654166,0.00157019532393465,0.822764437582997,-0.0411988716787941

