proteinName,peptideSeq,charge,old_Rsquared,new_Rsquared,NDP,rateconstant,sigma,Abundance,MassToCharge,RMSE,selected_A1A0_count, selected_A2A0_count, selected_A2A1_count,improved_timePoints,new_k,I0_percentatediffI0_percentatediff,selected_io_t,i0,I0_asymptote,new_rmse,lowerci_old,upperci_old,sigma_old,lowerci_new,upperci_new,sigma_new,old_pearson,new_pearson
MYPN_MOUSE,NEAGIVScTAR,2,-245.929949075978,0.98585325739065,2,1.16478,0.71798119907714,9257206,589.28516,0.0810223326504404,1,0,0,0,NaN,,0.503922935760433| 0.267394696573979| NaN| NaN| NaN| NaN| NaN| NaN| NaN| NaN| NaN| NaN,0.503922935760433,0.155235822462562,0.00574256082374806,0,21.5616049891424,1.60526494046215,0,6.5621982464936,0.424786028448988,-1,1
MYPN_MOUSE,YGTVSSIAQLDVR,2,0.983612361387696,0.983612361387696,3,0.11999,0.00912944897765995,692792.666666667,704.87518,0.00868636904314733,0,0,0,,NaN,,0.472138492513399| NaN| NaN| NaN| NaN| NaN| NaN| 0.195528539701208| NaN| NaN| 0.174171546851967| NaN,0.472138492513399,0.159811123550755,0.00868636904314733,0.0409529006761554,0.199027099323844,0.0183693884420124,0.0409529006761554,0.199027099323844,0.0183693884420124,0.996096958750803,0.996096958750803

