proteinName,peptideSeq,charge,old_Rsquared,new_Rsquared,NDP,rateconstant,sigma,Abundance,MassToCharge,RMSE,selected_A1A0_count, selected_A2A0_count, selected_A2A1_count,improved_timePoints,new_k,I0_percentatediffI0_percentatediff,selected_io_t,i0,I0_asymptote,new_rmse,lowerci_old,upperci_old,sigma_old,lowerci_new,upperci_new,sigma_new,old_pearson,new_pearson
NFS1_MOUSE,FTTEEEVDYTAEK,2,0.0746643116713003,-0.343432776516633,3,0.03371,0.0783861072729288,4191516.66666667,781.34882,0.0420388688047078,0,1,0,1,NaN,,0.376316441355413| 0.352660306504358| 0.261498959041385| NaN| NaN| NaN| NaN| NaN| NaN| NaN| NaN| NaN,0.376316441355413,0.1215166817621,0.0286873962121996,0,1.33650276917778,0.302788268309484,0,0.756215004449065,0.167920826947893,0.528053944325864,0.94376066505917
NFS1_MOUSE,DVALSSGSAcTSASLEPSYVLR,2,0.32307412171374,-5.99360799298378,2,0.07823,0.0081848458819729,1414992.5,1135.55212,0.0120630377965109,0,1,1,7| 9,NaN,,NaN| NaN| NaN| NaN| NaN| 0.163245954688612| 0.177496408102862| NaN| NaN| NaN| NaN| NaN,NaN,NaN,0.00769260981412365,0,0.474138895591611,0.0311587058303737,0,0.297063268047951,0.017222551705529,1,-1
NFS1_MOUSE,IPLDVNDMK,2,0.589029392272158,-1.17405883290409,3,0.11201,0.0220980546908033,12431778.6666667,522.77332,0.0229890774956011,1,0,1,9| 31,NaN,,NaN| NaN| NaN| NaN| NaN| NaN| 0.345416609222307| 0.308433530102107| NaN| NaN| NaN| 0.28811912727066,NaN,NaN,0.0174866479614745,0,0.262421337498564,0.0349578148518944,0,0.316340072095386,0.04748932459332,0.924139393911329,0.958983426018013
NFS1_MOUSE,IDLMSISGHK,3,-0.0897314969418892,-0.0926459899609648,3,0.01827,0.0057923317411334,8780300.33333333,367.53046,0.0274305888080044,0,1,0,13,NaN,0.000753415154676909|,NaN| NaN| NaN| NaN| NaN| NaN| 0.455906441968607| 0.465186377380141| 0.349550437645681| NaN| NaN| NaN,NaN,NaN,0.0274186533387838,0,0.079499869259558,0.0142307253467629,0,0.0794726258130311,0.0142243935676866,0.765714168477913,0.767386362173461

