proteinName,peptideSeq,charge,old_Rsquared,new_Rsquared,NDP,rateconstant,sigma,Abundance,MassToCharge,RMSE,selected_A1A0_count, selected_A2A0_count, selected_A2A1_count,improved_timePoints,new_k,I0_percentatediffI0_percentatediff,selected_io_t,i0,I0_asymptote,new_rmse,lowerci_old,upperci_old,sigma_old,lowerci_new,upperci_new,sigma_new,old_pearson,new_pearson
OX2G_MOUSE,THGVVIQPAYK,3,0.98229592396286,0.98301015600452,8,0.08532,0.00366870105600421,4492751,404.89603,0.00959648001696229,0,1,0,16,NaN,,0.499463900315704| 0.469849856694603| NaN| 0.432348103434601| 0.375185110447676| NaN| 0.354477778033455| 0.28627720352545| 0.297566048716688| 0.24792089458882| NaN| NaN,0.499463900315704,0.213951894158237,0.00906533550232929,0.0747990482392964,0.0958409517607036,0.00444931229824246,0.075381360275224,0.095258639724776,0.00420305243869777,0.996429166098913,0.992973146149421

