proteinName,peptideSeq,charge,old_Rsquared,new_Rsquared,NDP,rateconstant,sigma,Abundance,MassToCharge,RMSE,selected_A1A0_count, selected_A2A0_count, selected_A2A1_count,improved_timePoints,new_k,I0_percentatediffI0_percentatediff,selected_io_t,i0,I0_asymptote,new_rmse,lowerci_old,upperci_old,sigma_old,lowerci_new,upperci_new,sigma_new,old_pearson,new_pearson
OXSR1_MOUSE,ADIWSFGITAIELATGAAPYHK,3,0.59875606180645,0.59875606180645,2,0.04511,0.00412062111509789,5484660.5,778.07056,0.000888932977994438,0,0,0,,NaN,,0.259990361122497| 0.253115397622066| NaN| NaN| NaN| NaN| NaN| NaN| NaN| NaN| NaN| NaN,0.259990361122497,0.0343081342016728,0.000888932977994438,0,6.99696848837954,0.547123128643322,0,6.99696848837954,0.547123128643322,1,1
OXSR1_MOUSE,LLSGGSVLDIIK,2,0.0642062660591605,0.476668318828133,2,0.03513,0.0137351843050931,5134507,607.87134,0.0205368812851866,2,0,0,2| 7,NaN,0.018646375750666|,NaN| NaN| 0.514002184954591| NaN| NaN| 0.429679118702539| NaN| NaN| NaN| NaN| NaN| NaN,NaN,NaN,0.0124517181857048,0,1.24962029534674,0.0955824591665343,0,1.005981974976,0.0764077075053114,1,1

