proteinName,peptideSeq,charge,old_Rsquared,new_Rsquared,NDP,rateconstant,sigma,Abundance,MassToCharge,RMSE,selected_A1A0_count, selected_A2A0_count, selected_A2A1_count,improved_timePoints,new_k,I0_percentatediffI0_percentatediff,selected_io_t,i0,I0_asymptote,new_rmse,lowerci_old,upperci_old,sigma_old,lowerci_new,upperci_new,sigma_new,old_pearson,new_pearson
PMM2_MOUSE,IGVVGGSDFEK,2,0.64339862050863,0.840401599707115,7,0.02837,0.0045481854962597,25526652.8571429,554.28766,0.0261826374950108,2,2,0,2| 6| 13| 24,NaN,0.0713825338351722|,NaN| 0.529624454661753| 0.492324020738743| NaN| 0.507923144782639| 0.506487622554633| NaN| 0.462194812840736| 0.419478812444118| NaN| 0.370417848752104| NaN,NaN,NaN,0.0160432529946983,0.0126312045485822,0.0441087954514178,0.00643210561299908,0.0187261481417975,0.0380138518582025,0.00394123386758216,0.803880811700309,0.937351098560697
PMM2_MOUSE,LQEQLGNDVVEK,2,-8.62692499587264,-0.378867728010365,2,0.04773,0.0190092358731657,4740885,686.35938,0.0122010937196436,1,0,0,2,NaN,,NaN| 0.479677074787789| 0.439821209746954| NaN| NaN| NaN| NaN| NaN| NaN| NaN| NaN| NaN,NaN,NaN,0.00955317915483172,0,3.03889461428945,0.235409760539978,0,2.98661107438497,0.231294956710627,1,1

