proteinName,peptideSeq,charge,old_Rsquared,new_Rsquared,NDP,rateconstant,sigma,Abundance,MassToCharge,RMSE,selected_A1A0_count, selected_A2A0_count, selected_A2A1_count,improved_timePoints,new_k,I0_percentatediffI0_percentatediff,selected_io_t,i0,I0_asymptote,new_rmse,lowerci_old,upperci_old,sigma_old,lowerci_new,upperci_new,sigma_new,old_pearson,new_pearson
PP2BB_MOUSE,YENNVMNIR,2,-11.0111757931716,-11.0111757931716,2,0.02193,0.00126271135621122,4927437,576.77692,0.00582533743481808,0,0,0,,NaN,,NaN| NaN| NaN| NaN| NaN| NaN| NaN| NaN| 0.405253935654289| 0.413488373320183| NaN| NaN,NaN,NaN,0.00582533743481808,0,0.107864742321681,0.00676321089630741,0,0.107864742321681,0.00676321089630741,-1,-1
PP2BB_MOUSE,LFEVGGSPANTR,2,-2.16887522235607,-1.40266165361515,7,0.01392,0.00639376303825022,18065732.8571429,624.32257,0.065727551221329,4,1,2,0| 3| 6| 9| 16| 24| 31,NaN,-0.061858146426836|,0.360091106521636| NaN| NaN| 0.434935918816152| 0.470626877919384| NaN| 0.456807374241762| NaN| 0.412590759218558| NaN| 0.416598716062797| 0.400787390788663,0.48837,0.15769999752976,0.0403795516665608,0,0.0348394702573949,0.00854933546083004,0.000327357356888333,0.0275126426431117,0.00555501933487376,-0.891183331550985,0.0727086181976754
PP2BB_MOUSE,EGAAILR,2,-58.5386689776174,-71.0741311275198,6,5.9952,31666.3653960062,5303966.66666667,365.21631,0.15345935361206,0,6,0,2| 3| 6| 7| 9| 13,NaN,,NaN| NaN| 0.242708734874204| 0.24860390091955| 0.249705118939441| 0.249709020986471| 0.249709756140765| 0.249709756140765| NaN| NaN| NaN| NaN,NaN,NaN,0.0153576504400382,4.1145914674643,7.8758085325357,0.731588664909487,5.32662178978275,6.66377821021725,0.260088280861359,-2,-2
PP2BB_MOUSE,SAPNYLDVYNNK,2,-3983.85947387335,NaN,2,5.33541,NaN,7056568,699.33838,0.0303812940808018,0,2,0,16| 21,NaN,,NaN| NaN| NaN| NaN| NaN| NaN| NaN| NaN| 0.167529191146701| 0.167529191146701| NaN| NaN,NaN,NaN,0.00553679479130234,NaN,NaN,NaN,NaN,NaN,NaN,-2,-2

