proteinName,peptideSeq,charge,old_Rsquared,new_Rsquared,NDP,rateconstant,sigma,Abundance,MassToCharge,RMSE,selected_A1A0_count, selected_A2A0_count, selected_A2A1_count,improved_timePoints,new_k,I0_percentatediffI0_percentatediff,selected_io_t,i0,I0_asymptote,new_rmse,lowerci_old,upperci_old,sigma_old,lowerci_new,upperci_new,sigma_new,old_pearson,new_pearson
PTCD3_MOUSE,VAVLQALASTVNR,2,-10.8217789430424,-1.35768078612156,2,3E-05,0.00800568139920737,10414624.5,671.39606,0.023517464910586,1,0,1,0| 9,NaN,,0.509901253655912| NaN| NaN| NaN| NaN| NaN| 0.465990608827301| NaN| NaN| NaN| NaN| NaN,0.46237,0.135882203946539,0.0137627967437707,0,0.352603279219745,0.0277481188555821,0,0.206307120929449,0.0162343614961536,-2,-2
PTCD3_MOUSE,IPALQILR,2,0.856948392757391,0.874174430388753,4,0.03348,0.00230584089563309,7059537.5,462.30545,0.0117789130372131,1,0,0,16,NaN,-0.0152853130116936|,NaN| NaN| NaN| NaN| 0.479779118885122| 0.503827323450031| NaN| NaN| 0.426107446368285| NaN| NaN| 0.36524641086993,NaN,NaN,0.0109242774735295,0.0188035703235557,0.0481564296764443,0.00461168179126618,0.0198684392728182,0.0470915607271818,0.00427707474775065,0.974665255516783,0.977250884328349

