proteinName,peptideSeq,charge,old_Rsquared,new_Rsquared,NDP,rateconstant,sigma,Abundance,MassToCharge,RMSE,selected_A1A0_count, selected_A2A0_count, selected_A2A1_count,improved_timePoints,new_k,I0_percentatediffI0_percentatediff,selected_io_t,i0,I0_asymptote,new_rmse,lowerci_old,upperci_old,sigma_old,lowerci_new,upperci_new,sigma_new,old_pearson,new_pearson
RM37_MOUSE,GTSSTILSAK,2,-0.23068426705544,-0.311391778390859,6,0.01912,0.0182523719078885,3593957.5,482.7691,0.110147159032023,2,1,1,1| 2| 6| 24,NaN,0.0259213169398394|0.013169967749142|,0.568481040661506| 0.334639805651334| 0.571481490340516| NaN| 0.537602375188933| NaN| NaN| NaN| 0.507497329545258| NaN| 0.460482065672996| NaN,0.568481040661506,0.267570229362679,0.0662063864360775,0,0.0827560632506832,0.024755509585448,0,0.0524649283279055,0.0129717435472987,-0.0646589330563409,0.0938696649400017
RM37_MOUSE,ESLLLQVR,2,-59.0898262376511,-0.375740797560823,2,0.76608,259.896219056506,16206730,479.29001,0.0485665287848481,0,0,2,13| 21,NaN,,NaN| NaN| NaN| NaN| NaN| NaN| NaN| 0.274347206512011| NaN| 0.253091530413635| NaN| NaN,NaN,NaN,0.0050890604647243,0,159229987.792945,12531671.7567824,0,16686974.1784645,1313293.28930283,-2,-2

