proteinName,peptideSeq,charge,old_Rsquared,new_Rsquared,NDP,rateconstant,sigma,Abundance,MassToCharge,RMSE,selected_A1A0_count, selected_A2A0_count, selected_A2A1_count,improved_timePoints,new_k,I0_percentatediffI0_percentatediff,selected_io_t,i0,I0_asymptote,new_rmse,lowerci_old,upperci_old,sigma_old,lowerci_new,upperci_new,sigma_new,old_pearson,new_pearson
RS13_MOUSE,LILIESR,2,0.904300628353817,0.904300628353817,2,0.04673,0.00519666502655032,54941880,422.26852,0.0107787647878199,0,0,0,,NaN,,0.639687977833574| NaN| NaN| NaN| NaN| NaN| NaN| 0.468993263680922| NaN| NaN| NaN| NaN,0.639687977833574,0.346780490007071,0.0107787647878199,0,0.336309747364625,0.0227904203796311,0,0.336309747364625,0.0227904203796311,1,1
RS13_MOUSE,GLTPSQIGVILR,2,0.97088716896746,0.982494157640224,12,0.07517,0.0041440094664751,51804055,627.38245,0.0155826600800748,5,2,2,1| 2| 3| 7| 9| 13| 16| 21| 24,0.082618777085917,0.0088811447509538|-0.0132420891962246|-0.021922819406613|0.00669361670003687|-0.00234513797654075|,0.498726070567839| 0.475374454362823| 0.44387777001107| 0.439021352761134| 0.391261514536209| 0.346792790356325| 0.327054075728997| 0.302433867732172| 0.271579075326829| 0.265787537089298| 0.239213661692864| 0.224703722346236,0.498726070567839,0.194430471100743,0.0120924462607298,0.0664222231298375,0.0839177768701625,0.0039744824427075,0.0683815555906558,0.0819584444093442,0.0030842754129065,0.990131586393841,0.993589324369268
RS13_MOUSE,GLSQSALPYR,2,0.924076179238554,0.977850025443426,9,0.02794,0.00163203803376535,89383172.2222222,546.29584,0.01322062886851,4,2,0,1| 6| 13| 16| 21| 24,NaN,-0.0111485389880124|-0.0452573551061228|0.0333279487645334|-0.0102567077195476|,NaN| 0.516528612482018| 0.518231627561341| 0.510600801872149| 0.455941106615313| NaN| 0.451048310391794| 0.424226177985583| 0.407834846682322| 0.373605756279982| 0.363973630032309| NaN,NaN,NaN,0.00723799501169784,0.023330689266266,0.032549310733734,0.00199883021177012,0.0254165067206752,0.0304634932793248,0.00109431429063734,0.962921511252321,0.989709591311146
RS13_MOUSE,GLAPDLPEDLYHLIK,3,-9.54853852046206,-24.8925607792887,2,0.09399,0.00598319956629261,31840090,565.31018,0.00427194604081726,0,0,1,2,NaN,0.00744268283438227|,NaN| NaN| 0.316663763295644| 0.312594565092657| NaN| NaN| NaN| NaN| NaN| NaN| NaN| NaN,NaN,NaN,0.00422659588003273,0,1.69865295622886,0.12628971353452,0,1.65199631903236,0.122617756552427,1,1

