proteinName,peptideSeq,charge,old_Rsquared,new_Rsquared,NDP,rateconstant,sigma,Abundance,MassToCharge,RMSE,selected_A1A0_count, selected_A2A0_count, selected_A2A1_count,improved_timePoints,new_k,I0_percentatediffI0_percentatediff,selected_io_t,i0,I0_asymptote,new_rmse,lowerci_old,upperci_old,sigma_old,lowerci_new,upperci_new,sigma_new,old_pearson,new_pearson
RTCB_MOUSE,GMAAAGNYAWVNR,2,0.659439328568555,0.857464264544967,11,0.04661,0.0122285595574858,2973754.90909091,690.82751,0.0708526084094159,2,3,2,0| 1| 2| 3| 9| 24| 31,NaN,0.0214237016337266|,0.44742155620508| 0.347922525713807| 0.47810341005| 0.439069160749704| 0.351113724031487| 0.334231275259747| 0.335872840478257| NaN| 0.223904395276427| 0.20645838415338| 0.215848313770726| 0.182684803800937,0.44742155620508,0.114162948535409,0.0360275431788823,0.0167624851156608,0.0764575148843391,0.0133957158308607,0.0314329633965747,0.0617870366034252,0.00681153088563264,0.833232388679941,0.932098702508364
RTCB_MOUSE,NLDFQDVLDK,2,-0.529442118316041,-0.481203067577671,2,0.12484,0.0490429189059338,4670343,603.80371,0.0305066489273923,1,0,0,2,NaN,,NaN| NaN| 0.53841071373737| 0.429809122365074| NaN| NaN| NaN| NaN| NaN| NaN| NaN| NaN,NaN,NaN,0.0269797468071329,0,4.03051978196251,0.30738366515346,0,3.74981823324295,0.28529197416073,1,1

