proteinName,peptideSeq,charge,old_Rsquared,new_Rsquared,NDP,rateconstant,sigma,Abundance,MassToCharge,RMSE,selected_A1A0_count, selected_A2A0_count, selected_A2A1_count,improved_timePoints,new_k,I0_percentatediffI0_percentatediff,selected_io_t,i0,I0_asymptote,new_rmse,lowerci_old,upperci_old,sigma_old,lowerci_new,upperci_new,sigma_new,old_pearson,new_pearson
S12A7_MOUSE,DGIIPFLQVFGHGK,3,0.89156425554197,0.897712965184464,3,0.05415,0.00651797187997711,15142063.3333333,509.94879,0.0123368879265985,0,0,1,3,NaN,,0.418431838291295| NaN| NaN| 0.337762468037886| NaN| NaN| NaN| NaN| NaN| 0.235237167694573| NaN| NaN,0.418431838291295,0.155622394177426,0.011987961252752,0.0163550049578185,0.0919449950421815,0.00878411468833231,0.0145767801213486,0.0937232198786514,0.00919740038628676,0.968715007407112,0.970581276582611

