proteinName,peptideSeq,charge,old_Rsquared,new_Rsquared,NDP,rateconstant,sigma,Abundance,MassToCharge,RMSE,selected_A1A0_count, selected_A2A0_count, selected_A2A1_count,improved_timePoints,new_k,I0_percentatediffI0_percentatediff,selected_io_t,i0,I0_asymptote,new_rmse,lowerci_old,upperci_old,sigma_old,lowerci_new,upperci_new,sigma_new,old_pearson,new_pearson
STK24_MOUSE,ADIWSLGITAIELAK,2,0.979214985194392,0.99179068357143,3,0.25831,0.0368253178864989,3307722.66666667,800.95087,0.00831918232743586,0,1,0,1,NaN,,0.403558327607167| 0.323241826871325| NaN| NaN| NaN| NaN| NaN| NaN| NaN| 0.125964783580868| NaN| NaN,0.403558327607167,0.113142132698954,0.00528373604042008,0,1.04401541008617,0.182609534033205,0.0531098276047494,0.46351017239525,0.047691548745376,0.993570730879779,0.997887430780942
STK24_MOUSE,LADFGVAGQLTDTQIK,2,0.529493937629877,0.972044468662436,2,0.2536,0.0822871319192209,555263.5,838.94635,0.02696695599277,0,2,0,0| 2,NaN,0.0088813742391404|,0.369036987265984| NaN| 0.276060367069414| NaN| NaN| NaN| NaN| NaN| NaN| NaN| NaN| NaN,0.369036987265984,0.103463685241341,0.00317323334826905,0,4.91610537907753,0.366947131415478,0,1.89370134274605,0.129078775040558,1,1

