proteinName,peptideSeq,charge,old_Rsquared,new_Rsquared,NDP,rateconstant,sigma,Abundance,MassToCharge,RMSE,selected_A1A0_count, selected_A2A0_count, selected_A2A1_count,improved_timePoints,new_k,I0_percentatediffI0_percentatediff,selected_io_t,i0,I0_asymptote,new_rmse,lowerci_old,upperci_old,sigma_old,lowerci_new,upperci_new,sigma_new,old_pearson,new_pearson
TIM29_MOUSE,LALSEADSLVQSDVSR,2,-0.913256754088712,-0.00262635483390761,6,7E-05,0.00393041514277269,7049652.33333333,845.43634,0.0379216340906187,0,2,0,2| 9,NaN,,NaN| NaN| 0.371715101214877| NaN| 0.403400472869456| 0.398664002560686| 0.358740521868271| 0.431195488495469| NaN| NaN| 0.385073802775252| NaN,NaN,NaN,0.0165408345098819,0,0.0157521204028703,0.00610061122769468,0,0.00688520184329799,0.00265122928635462,0.616345469917074,-0.153886423944002

