proteinName,peptideSeq,charge,old_Rsquared,new_Rsquared,NDP,rateconstant,sigma,Abundance,MassToCharge,RMSE,selected_A1A0_count, selected_A2A0_count, selected_A2A1_count,improved_timePoints,new_k,I0_percentatediffI0_percentatediff,selected_io_t,i0,I0_asymptote,new_rmse,lowerci_old,upperci_old,sigma_old,lowerci_new,upperci_new,sigma_new,old_pearson,new_pearson
UCP3_MOUSE,LQIQGENPGAQSVQYR,2,-0.622301170172009,0.273442215058752,5,0.01993,0.0280813422772596,1974955.6,894.45538,0.0552103141531787,0,1,1,0| 6,NaN,,0.465603599952811| 0.356473852766744| 0.370897264173869| 0.338618570978323| 0.265826435970203| NaN| NaN| NaN| NaN| NaN| NaN| NaN,0.36216,0.055043367516065,0.0353232176200259,0,0.163223141199385,0.0516102914964442,0,0.118233875949818,0.035406381984054,0.252232860799299,0.918540771798047

