proteinName,peptideSeq,charge,old_Rsquared,new_Rsquared,NDP,rateconstant,sigma,Abundance,MassToCharge,RMSE,selected_A1A0_count, selected_A2A0_count, selected_A2A1_count,improved_timePoints,new_k,I0_percentatediffI0_percentatediff,selected_io_t,i0,I0_asymptote,new_rmse,lowerci_old,upperci_old,sigma_old,lowerci_new,upperci_new,sigma_new,old_pearson,new_pearson
ADPGK_MOUSE,APQEFTTSHLESGSR,3,-0.475468222331426,0.222359879616293,9,0.03223,0.0107095729755841,11852270.3333333,549.59717,0.0718971620565465,1,2,3,1| 3| 9| 13| 24| 31,NaN,-0.00109759463909904|,NaN| 0.431048551479437| 0.352766330217038| 0.314089869936753| 0.297946947586055| 0.306469885594562| 0.319145548141109| 0.287095754079516| NaN| NaN| 0.266544952328728| 0.272266079113573,NaN,NaN,0.0361902093629988,0.00198330926805781,0.0624766907319422,0.0131164945766406,0.0170050030903036,0.0474549969096964,0.00660232853786251,0.231085578319942,0.753241136974243
ADPGK_MOUSE,IVLNPDKPVVEWHR,4,0.00748492767994102,0.0234859744937885,9,0.00529,0.00991348959927787,9559012.25,426.24133,0.0894378998174727,1,3,1,2| 6| 9| 13| 24,NaN,,NaN| 0.301079037175473| 0.346269655336423| 0.329407042261719| 0.302995930198969| 0.355056087925701| 0.43370697822408| 0.401287248234745| NaN| NaN| 0.155827525735114| 0.337660913665222,NaN,NaN,0.0629429831865631,0,0.0330597596614855,0.0120423720142656,0,0.0246670444177826,0.00840286629270038,0.364544929507015,0.304416139846253

