proteinName,peptideSeq,charge,old_Rsquared,new_Rsquared,NDP,rateconstant,sigma,Abundance,MassToCharge,RMSE,selected_A1A0_count, selected_A2A0_count, selected_A2A1_count,improved_timePoints,new_k,I0_percentatediffI0_percentatediff,selected_io_t,i0,I0_asymptote,new_rmse,lowerci_old,upperci_old,sigma_old,lowerci_new,upperci_new,sigma_new,old_pearson,new_pearson
AFAD_MOUSE,ISETTMLQSGMR,2,0.271477577471957,0.84344995599189,9,0.53835,0.248390285044693,26202085,677.32867,0.0817210848118211,1,1,6,1| 2| 3| 6| 7| 13| 21| 31,NaN,,0.457260048986004| 0.365614180219777| 0.212998871650429| 0.211296752316004| 0.194769452300614| 0.169376173824381| NaN| 0.183112928732004| NaN| 0.215794476497408| NaN| 0.228910104324306,0.457260048986004,0.162239179564825,0.0312417146507103,0.0328853951801339,1.04381460481987,0.219195012325828,0.34511246544965,0.73158753455035,0.0837975663650499,0.665612864878621,0.9404729826806
AFAD_MOUSE,SPGTWTIYFEGADYESHLMR,3,-0.060755559531956,-0.138150881159941,4,0.0005,0.059789690678567,2149769.66666667,787.35992,0.0432791567569353,1,1,1,0| 1| 3,NaN,,0.18623751394715| 0.224605783357957| 0.283334045687401| 0.339624089895048| NaN| NaN| NaN| NaN| NaN| NaN| NaN| NaN,0.23724,0.0435323365759742,0.0358736510947165,0,0.381622914120555,0.119757845881621,0,0.315762778630868,0.0990630315225407,-0.969708251849329,-0.996058454843843
AFAD_MOUSE,IDDVLHTLTGAMSLLR,3,0.623233984031715,0.876002975442229,9,0.04398,0.0106891347958244,11348070.5,585.65381,0.0395752098915735,1,1,4,0| 1| 3| 6| 21| 31,NaN,,0.366376547104803| 0.352016930674382| 0.327487770888943| 0.328015129775918| 0.2845178136639| 0.239254823097632| NaN| 0.237387644980796| NaN| 0.225794947240367| NaN| 0.195399236190534,0.366376547104803,0.118306981537337,0.0177974084528312,0.0137910321393362,0.0741689678606638,0.0130914630207993,0.0304036881305833,0.0575563118694167,0.00588737533583897,0.789709470832363,0.937999203422431

