proteinName,peptideSeq,charge,old_Rsquared,new_Rsquared,NDP,rateconstant,sigma,Abundance,MassToCharge,RMSE,selected_A1A0_count, selected_A2A0_count, selected_A2A1_count,improved_timePoints,new_k,I0_percentatediffI0_percentatediff,selected_io_t,i0,I0_asymptote,new_rmse,lowerci_old,upperci_old,sigma_old,lowerci_new,upperci_new,sigma_new,old_pearson,new_pearson
ATTY_MOUSE,LGWILIHDR,3,0.503949624221993,0.777774001312358,8,0.40437,0.124819224260442,5930872.16666667,374.88547,0.0402892488674992,1,2,2,3| 6| 7| 16| 21,NaN,-0.037959395490689|,0.493411641523662| NaN| 0.351093054802689| 0.338221930547737| 0.371699517025309| 0.287937126205438| NaN| NaN| 0.269733267265984| 0.285989700443784| 0.290818068258285| NaN,0.493411641523662,0.267482799039386,0.0263628210282716,0.0371417857249996,0.771598214275,0.1553008745975,0.164078310241711,0.644661689758289,0.101619396678568,0.838115833520793,0.922260123036426
ATTY_MOUSE,TAcLVVNNPSNPcGSVFSK,2,0.948995796856609,0.999693667732645,3,1.76787,0.827061906674144,459324,1025.98792,0.0103887872571491,0,0,1,21,NaN,,0.280745029533597| NaN| 0.0730597494015753| NaN| NaN| NaN| NaN| NaN| NaN| 0.0625937692059375| NaN| NaN,0.280745029533597,0.0651944423181917,0.000879156512681313,0.880624459801101,2.6551155401989,0.206208958967194,1.69278638574305,1.84295361425695,0.017450540160449,0.988686787040915,0.999856475557718

