proteinName,peptideSeq,charge,old_Rsquared,new_Rsquared,NDP,rateconstant,sigma,Abundance,MassToCharge,RMSE,selected_A1A0_count, selected_A2A0_count, selected_A2A1_count,improved_timePoints,new_k,I0_percentatediffI0_percentatediff,selected_io_t,i0,I0_asymptote,new_rmse,lowerci_old,upperci_old,sigma_old,lowerci_new,upperci_new,sigma_new,old_pearson,new_pearson
CSK22_MOUSE,TPALVFEYINNTDFK,2,-0.0585262483810942,0.0753683580570256,3,0.0013,0.00817758898903017,30829917,886.44867,0.0520075248942073,1,1,1,0| 6| 31,NaN,0.0608297427123397|,0.390769061541229| NaN| NaN| NaN| 0.334452895858347| NaN| NaN| NaN| NaN| NaN| NaN| 0.322252055516752,0.34327,0.133825263513417,0.0143477422050103,0,0.087630647292146,0.0200645166399896,0,0.0249440013504413,0.00549521489079609,0.89171000792044,0.769481328336572

