proteinName,peptideSeq,charge,old_Rsquared,new_Rsquared,NDP,rateconstant,sigma,Abundance,MassToCharge,RMSE,selected_A1A0_count, selected_A2A0_count, selected_A2A1_count,improved_timePoints,new_k,I0_percentatediffI0_percentatediff,selected_io_t,i0,I0_asymptote,new_rmse,lowerci_old,upperci_old,sigma_old,lowerci_new,upperci_new,sigma_new,old_pearson,new_pearson
DCPS_MOUSE,DLTPEHLPLLR,3,0.11996435500836,0.478635963539875,5,0.16414,0.076043479308094,8695759.8,435.25046,0.0705890702450603,0,2,1,2| 3| 9,NaN,,0.487312658014595| 0.414964109581347| 0.376294421515743| 0.229557465149037| NaN| NaN| 0.272050295457682| NaN| NaN| NaN| NaN| NaN,0.487312658014595,0.199142904362898,0.0438054751926656,0,0.516153039346739,0.126785521059626,0,0.393735456288557,0.0826940377336249,0.629917945898373,0.809724537979307
DCPS_MOUSE,TPFQVEHVAQLLTGSPELK,3,0.856793611152233,0.911985491767624,2,0.45365,0.241887838226109,12581985,698.71252,0.0225725958889105,1,0,1,0| 6,NaN,,0.347944255497109| NaN| NaN| NaN| 0.0702496397161872| NaN| NaN| NaN| NaN| NaN| NaN| NaN,0.28971,0.0531603154165633,0.016816630112215,0,2.66780752147585,0.174257976120194,0,2.54398516395457,0.164512945240139,1,1
DCPS_MOUSE,WNQQQLDDLYLIAIcHR,3,0.310066982598429,0.498096963308819,2,0.26375,0.14412657149116,39981355,729.36523,0.0239276902393556,0,0,1,0,NaN,,0.331673416460181| 0.215358348129024| NaN| NaN| NaN| NaN| NaN| NaN| NaN| NaN| NaN| NaN,0.27404,0.05791654993605,0.0168205530467417,0,11.558468471101,0.888913621786735,0,9.18282876334198,0.701946721984174,1,1
DCPS_MOUSE,TITLPYLESQSLSIQWVYNILDK,3,0.131727619750121,0.157195259305394,2,0.2192,0.136658427751718,3410863,908.82135,0.0180882622589501,1,0,0,1,NaN,,0.208963216125845| 0.116503271296562| NaN| NaN| NaN| NaN| NaN| NaN| NaN| NaN| NaN| NaN,0.208963216125845,0.0441630000786385,0.0173265259760153,0,2.11980180250448,0.149580605852318,0,1.72770871361572,0.118722210522373,1,1

