proteinName,peptideSeq,charge,old_Rsquared,new_Rsquared,NDP,rateconstant,sigma,Abundance,MassToCharge,RMSE,selected_A1A0_count, selected_A2A0_count, selected_A2A1_count,improved_timePoints,new_k,I0_percentatediffI0_percentatediff,selected_io_t,i0,I0_asymptote,new_rmse,lowerci_old,upperci_old,sigma_old,lowerci_new,upperci_new,sigma_new,old_pearson,new_pearson
DJB11_MOUSE,FQDLGAAYEVLSDSEK,2,-0.978762827607018,0.222208102071278,8,0.04297,0.023230431786987,14008987.875,886.42285,0.105428164705257,3,0,2,1| 2| 3| 13| 24,NaN,,0.382802471011721| 0.334632006891347| 0.310376145333904| 0.342152055774666| 0.158359795220853| NaN| NaN| 0.251364355144174| 0.232329591271915| NaN| 0.233554987777679| NaN,0.382802471011721,0.0809027821777612,0.0498766525236485,0,0.112040664305729,0.0292099957430754,0.0100552839289807,0.0758847160710193,0.0139196390534682,-0.294519734864204,0.667923331718107
DJB11_MOUSE,FQMTQEVVcDEcPNVK,2,0.881223928833651,0.89114957262235,9,0.14553,0.0213838928733234,6313489.33333333,992.43408,0.0229913119257818,1,1,1,3| 24| 31,NaN,,0.295273483858415| 0.282408849296655| 0.21215050093935| 0.190463483296182| 0.111686916276243| 0.165697721529267| NaN| 0.132524550775043| NaN| NaN| 0.0885110938338178| 0.0697911261078005,0.295273483858415,0.0753412326118419,0.0217166750012613,0.0817878178733506,0.209272182126649,0.0276418334017776,0.0853216805450598,0.20573831945494,0.0261093718515586,0.944260278540172,0.949159460362637
DJB11_MOUSE,QYDTYGEEGLK,2,-0.452103975368605,-3020988488.62786,2,10.94414,NaN,7348998.5,651.79602,0.0261655006358243,0,2,0,7| 13,NaN,,NaN| NaN| NaN| NaN| NaN| 0.169979050785106| NaN| 0.16997957896466| NaN| NaN| NaN| NaN,NaN,NaN,0.00592584790647714,NaN,NaN,NaN,NaN,NaN,NaN,-2,-2
DJB11_MOUSE,GSLIITFDVDFPK,2,0.472556672448806,0.436646860119813,5,0.05967,0.014933501811781,26873520,726.3927,0.0317464699985149,1,1,0,1| 7,NaN,,NaN| 0.392315756845516| NaN| NaN| 0.308721813932944| 0.411497343401453| 0.3363078468908| 0.27082188778902| NaN| NaN| NaN| NaN,NaN,NaN,0.0252205149970594,0,0.162939109243237,0.0371947239484794,0.00261812966992741,0.116721870330073,0.0205485317266883,0.815255226936015,0.661185690261248

