proteinName,peptideSeq,charge,old_Rsquared,new_Rsquared,NDP,rateconstant,sigma,Abundance,MassToCharge,RMSE,selected_A1A0_count, selected_A2A0_count, selected_A2A1_count,improved_timePoints,new_k,I0_percentatediffI0_percentatediff,selected_io_t,i0,I0_asymptote,new_rmse,lowerci_old,upperci_old,sigma_old,lowerci_new,upperci_new,sigma_new,old_pearson,new_pearson
DNJB1_MOUSE,NPFDTFFGQR,2,0.191016904137049,0.25503249030764,3,0.03914,0.016177838390353,3841037.66666667,614.79089,0.0414502665315619,1,0,1,3| 24,NaN,,0.496303563755189| NaN| NaN| 0.35881269836322| NaN| NaN| NaN| NaN| NaN| NaN| 0.329776233460103| NaN,0.496303563755189,0.233598042659373,0.0313447323944345,0,0.138539951847875,0.0231020159169743,0,0.0898924170705611,0.0117956108146152,0.814015166678111,0.757260911774147
DNJB1_MOUSE,KKQDPPVTHDLR,4,-0.178288787885048,0.16907170056266,2,0.33636,0.365968827880641,385766.5,359.20193,0.0165291066387501,0,1,1,13| 24,NaN,,NaN| NaN| NaN| NaN| NaN| NaN| NaN| 0.17246381413548| NaN| NaN| 0.149453331117238| NaN,NaN,NaN,0.00428155857036931,0,0.910950429221219,0.0452212475051836,0,1.25072183698684,0.0719618372267681,1,1

