proteinName,peptideSeq,charge,old_Rsquared,new_Rsquared,NDP,rateconstant,sigma,Abundance,MassToCharge,RMSE,selected_A1A0_count, selected_A2A0_count, selected_A2A1_count,improved_timePoints,new_k,I0_percentatediffI0_percentatediff,selected_io_t,i0,I0_asymptote,new_rmse,lowerci_old,upperci_old,sigma_old,lowerci_new,upperci_new,sigma_new,old_pearson,new_pearson
F1142_MOUSE,SVISGGLDALEFIGK,2,-0.466680593544004,-0.265377610827879,6,5E-05,0.00537368644204828,27664850,753.41412,0.0542906087564667,1,3,0,0| 1| 2| 16,NaN,,0.399608631914413| 0.544980573622651| 0.4190911833527| NaN| 0.428040610494744| NaN| NaN| NaN| 0.396041463937031| NaN| NaN| 0.440352975065038,0.399608631914413,0.123101312197197,0.0399580489362133,0,0.0214709483066013,0.00833311276727605,0,0.0158228669696184,0.00613591318366464,0.0647728940793267,0.176905277096837

