proteinName,peptideSeq,charge,old_Rsquared,new_Rsquared,NDP,rateconstant,sigma,Abundance,MassToCharge,RMSE,selected_A1A0_count, selected_A2A0_count, selected_A2A1_count,improved_timePoints,new_k,I0_percentatediffI0_percentatediff,selected_io_t,i0,I0_asymptote,new_rmse,lowerci_old,upperci_old,sigma_old,lowerci_new,upperci_new,sigma_new,old_pearson,new_pearson
FBX3_MOUSE,SEDLLDVDTAAGGFQQR,2,0.584711072148149,0.909591494490079,2,0.06937,0.0211955393388682,3357763,911.43433,0.0304695699077799,0,1,0,0,NaN,,0.341956677178777| NaN| NaN| NaN| NaN| NaN| 0.23475305191378| NaN| NaN| NaN| NaN| NaN,0.341956677178777,0.0598604895379817,0.00657973641751206,0,0.959995424807499,0.0700937410743455,0,0.240390931396614,0.0134596392037637,1,1
FBX3_MOUSE,LSQLSTHDPLWR,3,-0.276195537064324,-2.26596589675103,4,9.15696,922.042752476663,4531795,484.92465,0.0266887930186357,1,1,0,13| 24,NaN,,NaN| 0.130852165542412| NaN| NaN| NaN| NaN| NaN| 0.146591343865931| NaN| NaN| 0.139825146975587| 0.146984812638512,NaN,NaN,0.00683047409072575,6.72891567256996,11.58500432743,0.762949031886688,7.04439808874825,11.2695219112518,0.663816985044997,-2,-2

