proteinName,peptideSeq,charge,old_Rsquared,new_Rsquared,NDP,rateconstant,sigma,Abundance,MassToCharge,RMSE,selected_A1A0_count, selected_A2A0_count, selected_A2A1_count,improved_timePoints,new_k,I0_percentatediffI0_percentatediff,selected_io_t,i0,I0_asymptote,new_rmse,lowerci_old,upperci_old,sigma_old,lowerci_new,upperci_new,sigma_new,old_pearson,new_pearson
FLOT1_MOUSE,VSAQcLSEIEMAK,2,-0.115177902323151,0.145151325989424,3,0.05349,0.0701812795307879,8006701.66666667,733.35486,0.0695867004096585,1,0,0,2,NaN,,0.467639603547046| NaN| 0.262033649336364| 0.364894688165726| NaN| NaN| NaN| NaN| NaN| NaN| NaN| NaN,0.41952,0.102118883014732,0.0388038405017517,0,0.556937291259552,0.117008581189614,0,0.246284839151182,0.0448083662011988,0.508656320584978,0.669093479189531
FLOT1_MOUSE,VASSDLVNMGISVVSYTLK,3,0.876004756727052,0.979632087696379,10,0.21075,0.0293664316544662,5325312,661.68707,0.0202942558160868,3,0,4,1| 3| 6| 7| 13| 21| 24,NaN,,0.287632164775978| 0.263103856886189| 0.202921251705674| 0.178977321521491| 0.14497691319874| 0.117703399006105| NaN| 0.0764599612332905| NaN| 0.0930260777250973| 0.0764599612332905| 0.0830184097006451,0.287632164775978,0.0806409243207326,0.00965610051840539,0.129747075843607,0.291752924156393,0.0358078233899911,0.172208435084922,0.249291564915078,0.0170375275217031,0.963390217539395,0.990528239667296
FLOT1_MOUSE,ATYDIEVNTR,2,-0.75024695876791,0.740917838367531,4,0.12862,0.0271722638244821,36978312.5,591.29346,0.0281305914348031,2,0,1,6| 24| 31,NaN,0.0147360547844642|,NaN| NaN| NaN| 0.376967399578661| 0.364518063250574| NaN| NaN| NaN| NaN| NaN| 0.249404684242858| 0.269333588556118,NaN,NaN,0.0165458982838968,0,0.292667953935285,0.0515477523305323,0.0268948379856706,0.230345162014329,0.0319644550968707,0.976888244073212,0.967661111849484
FLOT1_MOUSE,VTGEVLDILSR,2,-52.8792414491926,-2.33043364729503,2,0.03206,0.00831315379365886,204713550,601.34296,0.0192582135287282,1,1,0,6| 9,NaN,,NaN| NaN| NaN| NaN| 0.435929908285846| NaN| 0.41713435577451| NaN| NaN| NaN| NaN| NaN,NaN,NaN,0.00700164147569104,0,0.235736798972921,0.0160297117198796,0,0.18354204509009,0.011921895501975,-1,1

