proteinName,peptideSeq,charge,old_Rsquared,new_Rsquared,NDP,rateconstant,sigma,Abundance,MassToCharge,RMSE,selected_A1A0_count, selected_A2A0_count, selected_A2A1_count,improved_timePoints,new_k,I0_percentatediffI0_percentatediff,selected_io_t,i0,I0_asymptote,new_rmse,lowerci_old,upperci_old,sigma_old,lowerci_new,upperci_new,sigma_new,old_pearson,new_pearson
FUS_MOUSE,AAIDWFDGK,2,0.959801913455734,0.971317919652961,9,0.25891,0.0268046292626344,81706955.5555556,511.75073,0.0184298039671422,3,0,2,1| 3| 6| 24| 31,NaN,-0.039005368356111|,0.56359060127605| 0.467042715325152| 0.447369285979364| 0.407749681384079| 0.312944459374298| NaN| NaN| 0.276446495304742| 0.25331172344681| NaN| 0.268185135963583| 0.266085454035484,0.56359060127605,0.278061227025313,0.0155058052405177,0.206000027001102,0.311819972998898,0.0229444397749388,0.214394510954938,0.303425489045062,0.0193041670512221,0.994509802158688,0.994417161169103
FUS_MOUSE,cPNPTcENMNFSWR,2,0.742802361680202,0.897457431207996,10,0.14208,0.026292596242994,22930952,906.86615,0.0338149858963847,5,0,4,1| 2| 3| 6| 7| 13| 16| 21| 31,NaN,,0.349424984563226| 0.294023514122615| 0.270195468084144| 0.207772493779185| 0.208027813468793| 0.160906422748561| NaN| 0.16216178003678| 0.112790738239337| 0.126048600779706| NaN| 0.101308121750298,0.349424984563226,0.107642004398522,0.0230155087217649,0.0784986308858327,0.205661369114167,0.0281065215835699,0.0988045847780961,0.185355415221904,0.0191301541460731,0.930059620619497,0.96883004498214
FUS_MOUSE,APKPDGPGGGPGGSHMGGNYGDDR,4,0.896310050989744,0.999932200148109,2,0.25879,0.0308345858867999,11671855,563.9989,0.00919158561965115,0,1,1,0| 2,NaN,-0.0514918488424313|,0.27499| NaN| 0.174526934350739| NaN| NaN| NaN| NaN| NaN| NaN| NaN| NaN| NaN,0.27499,0.0248953167830363,0.000168855487239942,0,2.02280135340172,0.138830704371898,0.233857298741894,0.283722701258106,0.00196224614477792,1,1
FUS_MOUSE,APKPDGPGGGPGGSHMGGNYGDDR,3,0.937190038095594,0.947848663035986,3,0.39595,0.0304378678751535,3899871.33333333,751.66278,0.00801557206962504,1,0,0,3,NaN,,0.254986602256139| 0.205818979186594| NaN| 0.0939365355642618| NaN| NaN| NaN| NaN| NaN| NaN| NaN| NaN,0.254986602256139,0.0230843748448912,0.0076947727946129,0.0683855558809101,0.72351444411909,0.076130811546624,0.0814953420920985,0.710404657907901,0.0730839037354158,0.985551612137278,0.982577582400458

