proteinName,peptideSeq,charge,old_Rsquared,new_Rsquared,NDP,rateconstant,sigma,Abundance,MassToCharge,RMSE,selected_A1A0_count, selected_A2A0_count, selected_A2A1_count,improved_timePoints,new_k,I0_percentatediffI0_percentatediff,selected_io_t,i0,I0_asymptote,new_rmse,lowerci_old,upperci_old,sigma_old,lowerci_new,upperci_new,sigma_new,old_pearson,new_pearson
GPX4_MOUSE,DIDGHMVcLDK,3,0.910548607364754,0.956483463029317,3,0.3396,0.0591844354728697,26141453.3333333,434.86542,0.0152302589861775,0,2,0,0| 6,NaN,,0.431103730191484| 0.388181282370948| NaN| NaN| 0.241584374150327| NaN| NaN| NaN| NaN| NaN| NaN| NaN,0.431103730191484,0.20291006333688,0.00846295833467113,0,1.32020992873186,0.227908220887038,0,1.12217730060259,0.181882515219451,0.983396750981975,0.993587460014427
GPX4_MOUSE,ILAFPcNQFGR,2,0.975186849773562,0.990175247305406,6,0.28191,0.0294068422170248,117793690,661.83734,0.0116827684923294,2,0,0,1| 31,NaN,,0.449992859882976| 0.383930362762354| 0.322367662534729| NaN| NaN| NaN| NaN| 0.168659431871308| NaN| NaN| 0.191846415073784| 0.158040648272595,0.449992859882976,0.167360510862906,0.00791571933580497,0.166351174464571,0.397468825535429,0.0449543461222001,0.203612528787222,0.360207471212778,0.0304590463349169,0.991917704680048,0.995198641394191
GPX4_MOUSE,YGPMEEPQVIEK,2,0.775365843514986,0.903809144269286,3,0.32312,0.0505891623606081,43491066.6666667,710.34485,0.0194231329729025,1,0,1,1| 3,NaN,,0.40315087885332| 0.284547759233734| NaN| 0.21372324013334| NaN| NaN| NaN| NaN| NaN| NaN| NaN| NaN,0.40315087885332,0.118478772285341,0.0121188469115399,0.17413863873203,0.47210136126797,0.0346254672699697,0.0814253469058657,0.564814653094134,0.0561734047052021,0.943227888427324,0.97840642152551
GPX4_MOUSE,IcVNGDDAHPLWK,3,0.784144637984237,0.989271767714737,2,0.48589,0.0309670552820705,48596350,508.91364,0.00734742966393632,1,1,0,1| 3,NaN,-0.0221790308158471|,NaN| 0.315526545066647| NaN| 0.209916609053441| NaN| NaN| NaN| NaN| NaN| NaN| NaN| NaN,NaN,NaN,0.0022328689922839,0.101716131761091,0.870063868238909,0.0302351391480746,0.0716670219221989,0.900112978077801,0.0326000553809759,1,1
GPX4_MOUSE,YAEcGLR,2,-22.9608174358763,-8.52845313811106,2,0.05743,0.0140979659081778,8797387.5,434.7027,0.033423771556881,1,0,1,6| 24,NaN,-0.00783810541512881|,NaN| NaN| NaN| NaN| 0.412021288124219| NaN| NaN| NaN| NaN| NaN| 0.366037225490124| NaN,NaN,NaN,0.0289742977220062,0,0.487947161135549,0.0338824353989444,0,0.400490029621813,0.0269994098747699,1,1

