proteinName,peptideSeq,charge,old_Rsquared,new_Rsquared,NDP,rateconstant,sigma,Abundance,MassToCharge,RMSE,selected_A1A0_count, selected_A2A0_count, selected_A2A1_count,improved_timePoints,new_k,I0_percentatediffI0_percentatediff,selected_io_t,i0,I0_asymptote,new_rmse,lowerci_old,upperci_old,sigma_old,lowerci_new,upperci_new,sigma_new,old_pearson,new_pearson
H10_MOUSE,YSDMIVAAIQAEK,2,0.961738030520732,0.99182058610574,12,0.04801,0.00240664860863081,371414375,719.86597,0.0143232053779064,0,4,2,1| 6| 7| 9| 21| 24,0.0488468354277124,-0.00878544633665975|0.00509047662831794|,0.421646411048513| 0.402576754915125| 0.391506093398529| 0.381599097454555| 0.334495233880046| 0.323907270327377| 0.303692625851487| 0.277675319429473| 0.247299527601635| 0.230223417154251| 0.197293209291379| 0.191456440782951,0.421646411048513,0.107586227925522,0.00699139473009235,0.0425253808583405,0.0534946191416595,0.00249189283254527,0.0453328661914805,0.0506871338085195,0.00121633433004354,0.986167813256084,0.996528301430236
H10_MOUSE,YSDMIVAAIQAEK,3,0.726328732315467,0.90517849800063,12,0.0334,0.00528974827804586,24714022.2222222,480.2464,0.0407906201382288,1,4,3,0| 1| 3| 7| 16| 21| 24| 31,0.0335535397556931,-0.0361424222521683|,0.425896898817212| 0.43626132680042| 0.387849539595694| 0.383556462863022| 0.354522140186033| 0.388319799426386| 0.335163680659664| 0.309369283318736| 0.28891197389802| 0.268430537288063| 0.217618807553964| 0.259869574898698,0.425896898817212,0.10867077159504,0.0205453835841271,0.0212396408883244,0.0455603591116756,0.00552496188502748,0.0272750810450179,0.0395249189549821,0.00278280793062002,0.875249011598207,0.956217967993917

