proteinName,peptideSeq,charge,old_Rsquared,new_Rsquared,NDP,rateconstant,sigma,Abundance,MassToCharge,RMSE,selected_A1A0_count, selected_A2A0_count, selected_A2A1_count,improved_timePoints,new_k,I0_percentatediffI0_percentatediff,selected_io_t,i0,I0_asymptote,new_rmse,lowerci_old,upperci_old,sigma_old,lowerci_new,upperci_new,sigma_new,old_pearson,new_pearson
HTRA2_MOUSE,LAQNAEDVYEAVR,2,-1.8594534026973,-0.446125308048308,11,0.05542,0.0180654592263501,23134730.9090909,739.36768,0.0970694548478449,3,1,3,0| 1| 3| 9| 13| 21| 24,NaN,,0.243084922469472| 0.400822690318294| 0.326580643160724| 0.305239191187726| 0.269138083943482| 0.325156188113966| 0.319634685303941| 0.254779425428224| 0.204749018852781| 0.247200493681959| 0.19069958096918| NaN,0.43242,0.0913891202866251,0.0675287906132007,0.0113257581053503,0.0995142418946497,0.0197897190599236,0.0247447393547329,0.086095260645267,0.0137672123201516,0.178617635443177,0.667304942472126
HTRA2_MOUSE,NSWFGTSGSQR,2,0.890675189458636,0.944833938797562,11,0.21918,0.0255098134983315,96710262.5,613.78107,0.0285587677470215,5,2,2,1| 2| 3| 6| 7| 9| 16| 21| 24,NaN,-0.0263265570240924|,0.514085824395163| 0.40580867539444| 0.38302418213962| 0.339145662440585| 0.273890771794714| 0.276206945505065| 0.242736428821027| 0.201344861834685| 0.199867324424974| 0.219454596084918| 0.236339643410607| NaN,0.514085824395163,0.191197847495907,0.0214703881273677,0.163216257037748,0.275143742962252,0.0251168112473917,0.177106641194625,0.261253358805375,0.018882736495505,0.970883805485303,0.983328271879364
HTRA2_MOUSE,VTAGISFAIPSDR,2,0.264488846028842,0.617603980118167,11,0.00987,0.00496490400883554,22898367,667.35913,0.0540588975331394,0,3,1,0| 1| 2| 3,NaN,,0.487158688678563| 0.521461639303898| 0.466204450959279| 0.46978937020833| 0.454766307695748| 0.434684651268194| 0.424252792794585| 0.414999682537048| 0.435686360981851| 0.389234426004928| 0.388224181141672| NaN,0.487158688678563,0.143167152473883,0.0230228154515411,0,0.023725858292345,0.00621857936904208,0.00470898669843285,0.0150310133015671,0.00231628890562546,0.650831808328086,0.901065057418115

