proteinName,peptideSeq,charge,old_Rsquared,new_Rsquared,NDP,rateconstant,sigma,Abundance,MassToCharge,RMSE,selected_A1A0_count, selected_A2A0_count, selected_A2A1_count,improved_timePoints,new_k,I0_percentatediffI0_percentatediff,selected_io_t,i0,I0_asymptote,new_rmse,lowerci_old,upperci_old,sigma_old,lowerci_new,upperci_new,sigma_new,old_pearson,new_pearson
ICT1_MOUSE,AGELVLTSESSR,2,0.280078365086228,0.439136344981753,2,0.03116,0.0139200851348659,20415010.5,624.82513,0.00923745801427319,1,0,0,2,NaN,,0.490717227797399| NaN| 0.445364337108795| NaN| NaN| NaN| NaN| NaN| NaN| NaN| NaN| NaN,0.490717227797399,0.137578114257528,0.00693310857204615,0,1.51222982656532,0.116562723278121,0,1.72324034884521,0.133169611539643,1,1
ICT1_MOUSE,QVDGTTFQSIYSLDK,2,-1.09440210701753,-5.16889577027323,3,0.47961,1.12863776814181,6221307.33333333,851.42017,0.0975417821591417,0,1,2,0| 6| 9,NaN,,0.213671089728195| NaN| NaN| NaN| 0.17945910761577| NaN| 0.121201882964022| NaN| NaN| NaN| NaN| NaN,0.37382,0.132634045417729,0.0474062123989881,0,1.67290038323723,0.277338297601079,0,1.22297179626421,0.172768253204478,-0.195512332898178,0.805589631984346

