protien,peptide,charge,rsquared,rateconstant,mo,io_e,io_a1a0,io_a2a0,io_a2a1
FNTA_MOUSE,ALELcEILAK,2,0.00684285246350236,0.7338,0.50333,0.321525679263126,0.293380407453747,0.329213496277157,0.379639947777895
FNTA_MOUSE,DPSQELEFIADILSQDAK,3,0.975490409420126,0.36085,0.31428,0.342590499906393,0.356813679607991,0.349590520959131,0.341113465265188

