protien,peptide,charge,rsquared,rateconstant,mo,io_e,io_a1a0,io_a2a0,io_a2a1
NSF_MOUSE,YVGESEANIR,2,-2.71555811736573,0.39555,0.52679,0.385883686562042,0.38544849630001,0.346875176797746,0.302685812675846

