protien,peptide,charge,rsquared,rateconstant,mo,io_e,io_a1a0,io_a2a0,io_a2a1
KCMF1_MOUSE,SLFVQELLLSTLVR,2,0.864640028972352,0.18978,0.37848,0.41454901763819,0.414816264006018,0.380871964524605,0.341379305747208
KCMF1_MOUSE,SLFVQELLLSTLVR,3,0.380677400895213,0.25375,0.37848,0.422687294726895,0.427646140979997,0.403057287195237,0.37295426291029

