protien,peptide,charge,rsquared,rateconstant,mo,io_e,io_a1a0,io_a2a0,io_a2a1
ERLEC_MOUSE,VNWPGTEFSLPTTGVLYK,2,0.59384130894704,0.06695,0.2948,0.346928616388749,0.286787443641475,0.341459258990753,0.366954685583671

