protien,peptide,charge,rsquared,rateconstant,mo,io_e,io_a1a0,io_a2a0,io_a2a1
CD38_MOUSE,MFTLEDTLLGYIADDLR,3,0.955715757806057,0.09303,0.29934,0.320038184877979,0.326814498959777,0.320120210952535,0.311796819072139
CD38_MOUSE,MFTLEDTLLGYIADDLR,2,0.863487822911878,0.07057,0.29934,0.357319788949317,0.382860370860513,0.348044089658792,0.298622297926433

