protien,peptide,charge,rsquared,rateconstant,mo,io_e,io_a1a0,io_a2a0,io_a2a1
AS3MT_MOUSE,ILDLGSGSGR,2,-1.15700201384908,0.02018,0.58261,0.576176909748416,0.583586855376545,0.54303283319149,0.485298945198208
AS3MT_MOUSE,LVTADIITVENK,2,0.537866898010348,0.1587,0.46713,0.525269024397801,0.503611809442218,0.514876067970305,0.531501252118594
AS3MT_MOUSE,TSADLQTNAcVTR,2,0.173849546198801,0.40968,0.45584,0.354112486626041,0.332425511225548,0.351871496438057,0.382412185458702
AS3MT_MOUSE,ESLQNVHEDVSSR,2,0.892059033236557,0.30952,0.44188,0.461569751204147,0.442938991820538,0.448781840674472,0.455787953085278
AS3MT_MOUSE,VLWGEcLGGALYWK,2,-0.609448024532675,2.33404,0.35659,0.354508687106603,0.36890279618589,0.370389302060295,0.373209198252619
AS3MT_MOUSE,GHVTGIDMTEVQVEVAK,3,0.801042326619788,0.16755,0.34302,0.404314453650179,0.340642650121847,0.392488346624973,0.462360526280987
AS3MT_MOUSE,FAPDFLFTPVDASLPAPQGR,2,-0.662159200735946,0.11799,0.27182,0.306386081696105,0.297996707646781,0.292623036802675,0.285521759195665

