protien,peptide,charge,rsquared,rateconstant,mo,io_e,io_a1a0,io_a2a0,io_a2a1
PON2_MOUSE,LLVGTLYQK,2,0.913145644462029,0.22174,0.53245,0.562479944630014,0.566474781615843,0.521527457021249,0.463452055662382
PON2_MOUSE,VSWGFDLASFNPH,2,0.729998645977374,0.16517,0.40574,0.434993573194097,0.455539916311974,0.445913248831435,0.434335665782169
PON2_MOUSE,YVYVADILAHEIHVLEK,4,0.915635876148219,0.2273,0.29419,0.263229339011992,0.203629285021032,0.263432896802379,0.336077106943556
PON2_MOUSE,YVYVADILAHEIHVLEK,3,0.559984303927901,0.22669,0.29419,0.313415602615073,0.314153327541167,0.304603328514486,0.293337909818315

