protien,peptide,charge,rsquared,rateconstant,mo,io_e,io_a1a0,io_a2a0,io_a2a1
SRBS1_MOUSE,SATVSPQQPQAQQR,2,0.387119128256243,0.15544,0.43063,0.47455870461751,0.454812431857183,0.43063,0.400926193137694
SRBS1_MOUSE,TPVDYIDLPYSSSPSR,2,-3.8697420062131,0.06333,0.35118,0.24127743560259,0.156601889803626,0.221642575177851,0.305187342237139

