protien,peptide,charge,rsquared,rateconstant,mo,io_e,io_a1a0,io_a2a0,io_a2a1
A1AG1_MOUSE,YEGGVETFAHLIVLR,3,0.371776393990797,0.55751,0.35883,0.343046913340046,0.309857478051227,0.347799143069039,0.393978046903031

