protien,peptide,charge,rsquared,rateconstant,mo,io_e,io_a1a0,io_a2a0,io_a2a1
HNRPQ_MOUSE,LYNNHEIR,3,-3.35281646774118,9.1827,0.54224,0.309919799708532,0.55630595608716,0.239025257252442,0.239025257252442
HNRPQ_MOUSE,LMMDPLTGLNR,2,-0.0835834929589903,0.19974,0.4494,0.380917120057832,0.371429338577336,0.387613580364837,0.424879830443417
HNRPQ_MOUSE,TGYTLDVTTGQR,2,0.437624609740298,0.04158,0.47922,0.473393369101635,0.476690141718213,0.453297288465787,0.421615932304842
HNRPQ_MOUSE,DYAFIHFDER,3,0.942130418158001,0.13481,0.45375,0.473497274808239,0.442287354497499,0.458309831447562,0.4798515715096
HNRPQ_MOUSE,NLANTVTEEILEK,2,0.674704382269602,0.03056,0.43403,0.40887480034557,0.423825814509183,0.389452499241564,0.34765557330997
HNRPQ_MOUSE,DLFEDELVPLFEK,2,0.917048678364705,0.24568,0.3823,0.404626018397897,0.426116438863019,0.37910099657505,0.322951983931172
HNRPQ_MOUSE,EFNEDGALAVLQQFK,3,-0.941858717581955,0.07624,0.36593,0.36648300513249,0.352607470634545,0.361274299788736,0.371831409245734
HNRPQ_MOUSE,EFNEDGALAVLQQFK,2,0.176040299073709,0.0386,0.36593,0.355161199857166,0.394154329947525,0.330253937607858,0.258503142786036
HNRPQ_MOUSE,VTEGLTDVILYHQPDDK,3,0.772531530088743,0.0815,0.32384,0.375048881914422,0.35742116760629,0.370519949759563,0.387467702713142
HNRPQ_MOUSE,LDEIYVAGLVAHSDLDER,3,-1.63293178141583,0.06028,0.31346,0.279348181392725,0.239919989474305,0.293771794991227,0.361914091228337

