protien,peptide,charge,rsquared,rateconstant,mo,io_e,io_a1a0,io_a2a0,io_a2a1
CAZA1_MOUSE,IQVHYYEDGNVQLVSHK,4,0.897024346139136,0.22871,0.3032,0.278303290196383,0.216102497802345,0.324837204725946,0.408686699225687
CAZA1_MOUSE,FITHAPPGEFNEVFNDVR,3,0.727558529017935,0.10928,0.2868,0.352371423300209,0.362326216845489,0.300774021545691,0.233723474095989
CAZA1_MOUSE,EGAAHAFAQYNMDQFTPVK,3,0.9763544697158,0.22713,0.2751,0.27239993907258,0.318507852439358,0.263777806117695,0.198826460057451

