protien,peptide,charge,rsquared,rateconstant,mo,io_e,io_a1a0,io_a2a0,io_a2a1
GCH1_MOUSE,AATAMQYFTK,2,-0.301935953437902,0.5328,0.49113,0.415269580177825,0.43268834042325,0.348986674359284,0.243598163873026

