protien,peptide,charge,rsquared,rateconstant,mo,io_e,io_a1a0,io_a2a0,io_a2a1
LYPA1_MOUSE,ScWLPLR,2,0.586249672081392,0.12388,0.56653,0.583342533936915,0.566942713706128,0.549926828220246,0.510619518074825
LYPA1_MOUSE,ALINPANVTFK,2,-0.805677961351609,0.0529,0.4897,0.480696753079977,0.513969900263052,0.451232946879021,0.374178653367825
LYPA1_MOUSE,ASFSQGPINSANR,2,0.96844227629659,0.16951,0.46992,0.474612819309041,0.462624509060276,0.480562896460954,0.504161212285976
LYPA1_MOUSE,LAGVTALScWLPLR,2,0.424567243520457,0.16128,0.38912,0.38377962790335,0.377765948924142,0.382021751105701,0.388225868685933
LYPA1_MOUSE,YIcPHAPVMPVTLNMN,2,0.867570496458334,0.22305,0.30546,0.280382340366195,0.285282530722418,0.270155725279316,0.245508854177128
LYPA1_MOUSE,IILGGFSQGGALSLYTALTTQQK,2,0.191905513223943,0.03702,0.24754,0.273472863116877,0.228715049684783,0.254389583167246,0.28478709353179
LYPA1_MOUSE,IILGGFSQGGALSLYTALTTQQK,3,0.446723639773158,0.09038,0.24754,0.254234512705658,0.270793402681671,0.249478470262236,0.225392892992567
LYPA1_MOUSE,AMPSWFDIVGLSPDSQEDESGIK,3,-0.0624564536277967,0.0646,0.22576,0.229727808475866,0.227713500279261,0.195708972029592,0.159671421486017
LYPA1_MOUSE,ATAAVIFLHGLGDTGHGWAEAFAGIK,3,0.928063911690843,0.1346,0.20798,0.239154430590938,0.242925268487206,0.24108530918094,0.239862191096333
LYPA1_MOUSE,ATAAVIFLHGLGDTGHGWAEAFAGIK,4,0.935150478502034,0.18001,0.20798,0.225579719138679,0.230418129220744,0.230293806496694,0.231469073037514
LYPA1_MOUSE,MAMPSWFDIVGLSPDSQEDESGIK,3,0.962823152548104,0.17747,0.20194,0.20129582121373,0.185995077142242,0.200050176778388,0.21975377802568
LYPA1_MOUSE,MAMPSWFDIVGLSPDSQEDESGIK,2,0.522274358599047,0.07158,0.20194,0.185168217296521,0.140323289462509,0.171255460347657,0.217700926138832
LYPA1_MOUSE,DISVLQcHGDcDPLVPLMFGSLTVER,3,0.938404499174254,0.10201,0.17309,0.175269743261295,0.136000301139014,0.164906311510393,0.210902981747922

