protien,peptide,charge,rsquared,rateconstant,mo,io_e,io_a1a0,io_a2a0,io_a2a1
PPM1B_MOUSE,DNMSVVLVcFSNAPK,2,-0.812516905384864,7.4283,0.36148,0.114294680689048,0.0255790039378926,0.113528637149402,0.340467441395959
PPM1B_MOUSE,VANYcSTHLLEHITTNEDFR,3,0.278848974339212,0.10504,0.24725,0.271082840485615,0.244559895856209,0.255159976216586,0.26889269168952

