proteinName,peptideSeq,charge,old_Rsquared,new_Rsquared,NDP,rateconstant,sigma,Abundance,MassToCharge,RMSE,selected_A1A0_count, selected_A2A0_count, selected_A2A1_count,improved_timePoints,new_k,I0_percentatediffI0_percentatediff,selected_io_t,i0,I0_asymptote,new_rmse,lowerci_old,upperci_old,sigma_old,lowerci_new,upperci_new,sigma_new,old_pearson,new_pearson
LIMS1_MOUSE,GLAYcETHYNQLFGDVcFHcNR,4,0.599671672326113,-0.63897958415151,4,0.07125,0.0178907840228004,3664687.5,691.0481,0.0148062359958784,0,1,2,2| 3| 6,NaN,-0.0521989100774964|,NaN| 0.187862427269691| 0.195896938927918| 0.164895497986942| 0.166240944321786| NaN| NaN| NaN| NaN| NaN| NaN| NaN,NaN,NaN,0.00995422204153386,0,0.25668917089206,0.0582693793138929,0,0.235929480096468,0.0517461928070271,0.939664152984817,0.734681693512308
LIMS1_MOUSE,cDLcQEVLADIGFVK,3,-1.29585492357317,-1.5255422530106,2,0.06592,0.0142774765330376,2245180,589.61993,0.0105635201313236,0,1,0,3,NaN,,NaN| NaN| 0.309521257143801| 0.280645996355171| NaN| NaN| NaN| NaN| NaN| NaN| NaN| NaN,NaN,NaN,0.009366937313533,0,1.42312709218069,0.106814514670004,0,1.38384762722562,0.103723153734856,-1,1

