proteinName,peptideSeq,charge,old_Rsquared,new_Rsquared,NDP,rateconstant,sigma,Abundance,MassToCharge,RMSE,selected_A1A0_count, selected_A2A0_count, selected_A2A1_count,improved_timePoints,new_k,I0_percentatediffI0_percentatediff,selected_io_t,i0,I0_asymptote,new_rmse,lowerci_old,upperci_old,sigma_old,lowerci_new,upperci_new,sigma_new,old_pearson,new_pearson
MOT1_MOUSE,LNDMYGDYK,2,0.674948151683918,0.927717190073861,3,0.15599,0.0385476750688711,3502817,559.74475,0.0158424706147951,0,0,1,3,NaN,,0.529999477863711| 0.502315459857009| NaN| 0.437600788052212| NaN| NaN| NaN| NaN| NaN| NaN| NaN| NaN,0.529999477863711,0.330922708586105,0.00520478752088912,0,0.773883087602323,0.143607473438454,0.0381804870957131,0.273799512904287,0.0273806696249825,0.982296135438832,0.995296621698808
MOT1_MOUSE,FLDLSLFTHR,3,0.715167234831222,0.918291426260812,9,0.14995,0.0286631696915539,22607160.2222222,416.89603,0.0326662767163812,0,4,1,9| 13| 16| 24| 31,NaN,0.047977081500298|,0.491363608678223| NaN| 0.424939914528264| NaN| 0.330277887466559| 0.334520645929558| 0.330034900770432| 0.330917397093727| 0.264631751595055| NaN| 0.266434518605251| 0.299674706592166,0.491363608678223,0.26637254238567,0.0171373753239044,0.0909961203802312,0.208903879619769,0.0255653833061482,0.119021627886578,0.180878372113422,0.0134121060940268,0.861164856529133,0.961263831504248
MOT1_MOUSE,SDANTDLIGGSPK,2,0.572509309202769,0.84904430002352,2,0.20628,0.0126286915587314,36716565,637.81476,0.00375671537679302,1,0,0,13,NaN,,NaN| NaN| NaN| NaN| NaN| NaN| NaN| 0.193307449309413| NaN| NaN| 0.174631101843572| NaN,NaN,NaN,0.00148119106130837,0,0.977236079902354,0.0606755593756468,0,1.0334816600955,0.0651021825382257,1,1
MOT1_MOUSE,LSVFQTINK,2,0.442033930693014,0.520850191335024,8,0.04318,0.0086801722997939,106885480,525.3031,0.0276158785326639,3,0,3,2| 3| 6| 7| 9| 13,NaN,0.0026672537012343|0.0173012170703058|,NaN| 0.504626183345668| 0.523016832599491| 0.463870852948406| 0.512889433181713| 0.48959301847308| 0.435498914445639| 0.426957441344867| 0.44205718426564| NaN| NaN| NaN,NaN,NaN,0.0198912780776938,0.0163060138979603,0.0700539861020397,0.0113650133168756,0.023823095240317,0.062536904759683,0.0081860383320877,0.692649274018896,0.767616825259803

