proteinName,peptideSeq,charge,old_Rsquared,new_Rsquared,NDP,rateconstant,sigma,Abundance,MassToCharge,RMSE,selected_A1A0_count, selected_A2A0_count, selected_A2A1_count,improved_timePoints,new_k,I0_percentatediffI0_percentatediff,selected_io_t,i0,I0_asymptote,new_rmse,lowerci_old,upperci_old,sigma_old,lowerci_new,upperci_new,sigma_new,old_pearson,new_pearson
MPI_MOUSE,MEVPSSVTEYK,2,-10.5142526826952,-15.2648494360881,4,8.9981,NaN,14373985.75,635.30518,0.0804314720999043,0,0,3,0| 9| 24,NaN,,0.240645278820752| NaN| NaN| NaN| 0.179584161641917| NaN| 0.175207391878274| NaN| NaN| NaN| 0.175207391878274| NaN,0.46345,0.189391302501773,0.0646403450078188,NaN,NaN,NaN,NaN,NaN,NaN,-0.320462067278623,0.997926528356838
MPI_MOUSE,VFPLScVVQQYAWGK,2,-23.9529686015881,-1.55534385810293,5,0.59102,0.320449047138826,13044880.2,891.45581,0.0543217510976566,1,1,2,1| 3| 21| 24,NaN,,0.175225786160784| 0.21150623167371| NaN| 0.159361621005793| NaN| NaN| NaN| NaN| NaN| 0.0973801242165167| 0.0973801242165167| NaN,0.33273,0.107442144640492,0.046210487062793,0,2.19858930023551,0.579002731683055,0,1.96330282210621,0.494258942693682,0.277140434762904,0.742596558065424
MPI_MOUSE,ISQQVFDGNNMEDIYGK,2,NaN,NaN,1,0.03543,0.0455577736537507,2000800,979.45166,0.0106002121811136,NaN,NaN,NaN,NaNNaN,NaN,NaN,NaN,NaN,NaNNaN,NaN,NaN,NaN,NaN,NaN,NaN,NaN
MPI_MOUSE,LFAPAQSQDDPYLSIYDPPVPDFTVMK,3,-0.0163611434961035,-0.0427270201860257,3,6E-05,0.0370222666021732,4109351.66666667,1018.83167,0.0114434246636174,1,0,0,0,NaN,,0.171553492907175| 0.140117556715335| 0.142363150293408| NaN| NaN| NaN| NaN| NaN| NaN| NaN| NaN| NaN,0.15434,0.0160932557556202,0.00731091767811908,0,0.389894148853471,0.0906032100053333,0,0.248723287018381,0.0577930180837268,-2,-2
MPI_MOUSE,VVVEQLNLLVK,2,0.720843586427437,0.654378809779447,4,0.0918,0.0227824664387091,11737203.5,627.39502,0.028964716039587,1,1,1,1| 7| 31,NaN,0.0168445505533683|,NaN| 0.435715219256029| NaN| NaN| NaN| 0.283792501935878| NaN| NaN| 0.29312832234345| NaN| NaN| 0.258765850627463,NaN,NaN,0.0234877711215774,0,0.323065818830112,0.0726691974242797,0,0.248032047554736,0.0490918094389671,0.861234965620322,0.897382320141722

