proteinName,peptideSeq,charge,old_Rsquared,new_Rsquared,NDP,rateconstant,sigma,Abundance,MassToCharge,RMSE,selected_A1A0_count, selected_A2A0_count, selected_A2A1_count,improved_timePoints,new_k,I0_percentatediffI0_percentatediff,selected_io_t,i0,I0_asymptote,new_rmse,lowerci_old,upperci_old,sigma_old,lowerci_new,upperci_new,sigma_new,old_pearson,new_pearson
MTHFS_MOUSE,cVQHQEVKPY,2,-0.471051991476329,-0.0433119362161214,5,0.02391,0.0104073238290353,1206057.6,644.31116,0.0302068704420787,2,1,0,1| 6| 9,NaN,0.0308065987599346|0.0238099241969114|,0.503370148275921| 0.437401367376644| 0.488506205333396| NaN| 0.461229451954456| NaN| 0.442784764601018| NaN| NaN| NaN| NaN| NaN,0.503370148275921,0.187212493083786,0.0168882621225418,0.00865805979965607,0.0391619402003439,0.00549333396586511,0.0162401712145701,0.0315798287854299,0.0027624636882868,0.0362041844848239,0.538573374946907
MTHFS_MOUSE,EEALSTGGLDLIFLPGLGFDK,2,0.74151638879667,0.925354883231924,4,0.09267,0.0177655768402459,11716665.25,1096.57788,0.0169113035115723,0,2,1,0| 1| 3,NaN,-0.0203039955554663|,0.261770719743035| 0.269834538446935| NaN| 0.214649250532409| NaN| 0.173010037758278| NaN| NaN| NaN| NaN| NaN| NaN,0.261770719743035,0.0527782400804518,0.00614957730642921,0,0.340538073696835,0.0778860191003112,0.0515513757733671,0.133788624226633,0.0129204455585154,0.970276670401695,0.965210777851439
MTHFS_MOUSE,EQIcPQIPVDEHDMK,3,0.243233761018489,0.705584071794555,5,0.12843,0.0349419057427429,10030546.8,613.61859,0.0481161099425933,1,1,1,1| 6| 7,NaN,,NaN| 0.26436698317905| 0.345299835846473| NaN| 0.224921166928957| 0.147641919942433| 0.109981923324727| NaN| NaN| NaN| NaN| NaN,NaN,NaN,0.0293122764819763,0,0.256941362799103,0.0462862970212804,0.0260640912456722,0.230795908754328,0.0368694157018867,0.547663593541346,0.856193373475706

