proteinName,peptideSeq,charge,old_Rsquared,new_Rsquared,NDP,rateconstant,sigma,Abundance,MassToCharge,RMSE,selected_A1A0_count, selected_A2A0_count, selected_A2A1_count,improved_timePoints,new_k,I0_percentatediffI0_percentatediff,selected_io_t,i0,I0_asymptote,new_rmse,lowerci_old,upperci_old,sigma_old,lowerci_new,upperci_new,sigma_new,old_pearson,new_pearson
PEF1_MOUSE,IDVAGFSALWK,2,0.726895288964253,0.901192679785018,5,9.73397,2979.44505319529,35270434,603.82953,0.049964503164697,0,3,0,1| 3| 9,NaN,,0.513807947776873| 0.158255171665868| 0.195868178831061| 0.198280301858448| NaN| NaN| 0.199173914309785| NaN| NaN| NaN| NaN| NaN,0.513807947776873,0.230710699760258,0.0266341491810213,8.29820445670699,11.169735543293,0.517123691962313,8.96861877569211,10.4993212243079,0.275658691358634,0.986089057124888,0.993138007468984

