proteinName,peptideSeq,charge,old_Rsquared,new_Rsquared,NDP,rateconstant,sigma,Abundance,MassToCharge,RMSE,selected_A1A0_count, selected_A2A0_count, selected_A2A1_count,improved_timePoints,new_k,I0_percentatediffI0_percentatediff,selected_io_t,i0,I0_asymptote,new_rmse,lowerci_old,upperci_old,sigma_old,lowerci_new,upperci_new,sigma_new,old_pearson,new_pearson
PTPM1_MOUSE,GVITMNEEYETR,2,-0.0868345754835504,-8.2434239266879,2,0.00343,0.0148440037107137,3784941,721.33502,0.0564194646827059,2,0,0,6| 13,NaN,,NaN| NaN| NaN| NaN| 0.464745102758825| NaN| NaN| 0.514369969458508| NaN| NaN| NaN| NaN,NaN,NaN,0.0307971244498454,0,0.637540455915663,0.0499055751963229,0,0.373954066857403,0.029160876481524,-1,-1
PTPM1_MOUSE,IDHTVLLGALPLK,3,0.0506444920587861,0.295108414197462,2,0.12614,0.0154695515991942,8071807,463.95364,0.0156076597350901,0,0,1,9,NaN,,NaN| NaN| NaN| NaN| NaN| 0.288431175905149| 0.228395427555097| NaN| NaN| NaN| NaN| NaN,NaN,NaN,0.0102888176657971,0,0.780930486957252,0.0515331289364959,0,0.596049343932357,0.0369826674206268,1,1

