proteinName,peptideSeq,charge,old_Rsquared,new_Rsquared,NDP,rateconstant,sigma,Abundance,MassToCharge,RMSE,selected_A1A0_count, selected_A2A0_count, selected_A2A1_count,improved_timePoints,new_k,I0_percentatediffI0_percentatediff,selected_io_t,i0,I0_asymptote,new_rmse,lowerci_old,upperci_old,sigma_old,lowerci_new,upperci_new,sigma_new,old_pearson,new_pearson
PTSS1_MOUSE,AVLQFTPASWTYVR,2,-0.179148622720104,-1.88623059058815,8,0.00109,0.00425261834225231,236670143.75,819.93555,0.0486877108975569,1,4,2,0| 2| 6| 16| 21| 24| 31,NaN,-0.00620106527090745|,0.331355751881817| NaN| 0.338284713314391| NaN| 0.340273491972388| NaN| 0.366939623086509| NaN| 0.359627846544843| 0.349822795779252| 0.348213684976348| 0.325662467336848,0.331355751881817,0.11215847858822,0.0180624196411497,0,0.0141788201745382,0.00553526428945076,0,0.00586089158194472,0.00201761086562652,-0.825312496381476,0.0269406211616174
PTSS1_MOUSE,SLMYWLDPNLR,2,-4.46889073602147,-4.46889073602147,2,0.35511,0.0390262278725016,26616210,704.35809,0.00964093396231224,0,0,0,,NaN,,NaN| NaN| NaN| 0.2410528469063| NaN| 0.220856393794377| NaN| NaN| NaN| NaN| NaN| NaN,NaN,NaN,0.00964093396231224,0,2.84867356946751,0.196247708994445,0,2.84867356946751,0.196247708994445,1,1

