proteinName,peptideSeq,charge,old_Rsquared,new_Rsquared,NDP,rateconstant,sigma,Abundance,MassToCharge,RMSE,selected_A1A0_count, selected_A2A0_count, selected_A2A1_count,improved_timePoints,new_k,I0_percentatediffI0_percentatediff,selected_io_t,i0,I0_asymptote,new_rmse,lowerci_old,upperci_old,sigma_old,lowerci_new,upperci_new,sigma_new,old_pearson,new_pearson
RAB1B_MOUSE,MGPGAASGGERPNLK,3,-0.867311441280696,-0.704108732193379,3,0.05133,0.0675483037834013,88460120,481.24539,0.0503294504443928,2,0,0,1| 2,NaN,,0.452309537836043| 0.351132306667572| 0.302409115889526| NaN| NaN| NaN| NaN| NaN| NaN| NaN| NaN| NaN,0.452309537836043,0.0869990871790452,0.0407504937159907,0,0.667798231648027,0.143276315884314,0,0.580379691946213,0.122958956991417,0.980415213726927,0.983022013186014
RAB1B_MOUSE,MGPGAASGGERPNLK,2,0.969531306838509,0.973095223125002,8,0.19585,0.0169149240183446,6241371.75,721.36444,0.0193627293281361,0,0,2,6| 16,NaN,,0.465926166944345| 0.394674572848253| 0.286440792484367| 0.287901759244361| 0.211063872515484| NaN| NaN| NaN| 0.116902871460899| NaN| 0.0991751576521328| 0.0956876778759496,0.465926166944345,0.0896181659376879,0.0174547719022295,0.148473165834967,0.243226834165033,0.0200356712678416,0.153141566711168,0.238558433288832,0.0180614037391955,0.989828244770387,0.989918690864732
RAB1B_MOUSE,EFADSLGVPFLETSAK,2,0.952175039280925,0.98764754126784,8,0.22962,0.0212884080070996,59678087.5,855.93286,0.0161928567318569,2,0,2,2| 3| 13| 16,NaN,,0.378059792995448| 0.301249283841357| 0.269988622481352| 0.232948325143617| NaN| 0.154544929300009| NaN| 0.115843845362368| 0.107820182193901| NaN| 0.112315702655648| NaN,0.378059792995448,0.0920267061724731,0.00864555314630817,0.168029164627336,0.291210835372663,0.0260467748085456,0.196735941963947,0.262504058036053,0.0139066737652399,0.987273735713294,0.997678238870978
RAB1B_MOUSE,NATNVEQAFMTMAAEIK,3,0.943612181056442,0.98976861681823,8,0.40212,0.0358991854931545,12023749.875,623.63422,0.0150747976057681,0,2,4,1| 2| 6| 7| 9| 13,NaN,0.0458286273841582|,0.32005031252336| 0.226027220235978| 0.175631820008284| 0.137278977719376| 0.0833003828377606| 0.0738971535813512| 0.0727970584817647| 0.081759434661234| NaN| NaN| NaN| NaN,0.32005031252336,0.0587276088602791,0.00692631012177276,0.291459724036884,0.512780275963115,0.0467982496230613,0.351275709447919,0.452964290552081,0.0215020591667136,0.985972481285291,0.996779463102787

