proteinName,peptideSeq,charge,old_Rsquared,new_Rsquared,NDP,rateconstant,sigma,Abundance,MassToCharge,RMSE,selected_A1A0_count, selected_A2A0_count, selected_A2A1_count,improved_timePoints,new_k,I0_percentatediffI0_percentatediff,selected_io_t,i0,I0_asymptote,new_rmse,lowerci_old,upperci_old,sigma_old,lowerci_new,upperci_new,sigma_new,old_pearson,new_pearson
RBSK_MOUSE,QNHISTEFTYQTR,2,0.740877522602459,0.831765481103533,6,0.13824,0.0341047876076325,4481702.33333333,812.88934,0.0424316713351676,1,3,2,0| 1| 2| 3| 7| 9,NaN,,0.476087414276029| 0.359784863965252| 0.328238906405536| 0.307314761717941| NaN| 0.239186539421514| 0.135592059647692| NaN| NaN| NaN| NaN| NaN,0.39437,0.121487527080262,0.0303734661621887,0.00242354069838221,0.274056459301618,0.0528349097721207,0.0410197750816626,0.235460224918337,0.0378203189657474,0.968573068052191,0.962196309801245
RBSK_MOUSE,VMIcQLEISPAASLEALTMAR,3,0.221061724960258,-0.23856800539799,4,0.01579,0.0101036705930233,13751697.75,768.73016,0.0157479400953338,0,1,1,0| 7,NaN,,0.228916874045727| NaN| 0.273409159310322| 0.255452666392308| NaN| 0.22464599475435| NaN| NaN| NaN| NaN| NaN| NaN,0.228916874045727,0.0250206225409586,0.0128017726652962,0,0.113764674010788,0.0307859629420619,0,0.106145190484906,0.0283917407633829,0.933668197234353,0.288408169188679
RBSK_MOUSE,HIPTEAVK,2,0.532587161892045,0.925661902137874,3,0.14395,0.00766480407902306,8605032,447.7558,0.0093927065421638,0,2,0,3| 7,NaN,-0.0120333097860717|,NaN| NaN| NaN| 0.483511220315618| 0.412138080372045| 0.415265607054561| NaN| NaN| NaN| NaN| NaN| NaN,NaN,NaN,0.00448962290393277,0.0631683017934298,0.22473169820657,0.0187748589720096,0.105337129379723,0.182562870620277,0.00897420104423105,0.882988251482125,0.974180375383063

