proteinName,peptideSeq,charge,old_Rsquared,new_Rsquared,NDP,rateconstant,sigma,Abundance,MassToCharge,RMSE,selected_A1A0_count, selected_A2A0_count, selected_A2A1_count,improved_timePoints,new_k,I0_percentatediffI0_percentatediff,selected_io_t,i0,I0_asymptote,new_rmse,lowerci_old,upperci_old,sigma_old,lowerci_new,upperci_new,sigma_new,old_pearson,new_pearson
RL19_MOUSE,LLADQAEAR,2,0.336560366326901,0.818019738635867,7,0.25491,0.0436698540843124,410744542.857143,493.76688,0.0498982029772037,0,2,4,0| 1| 2| 3| 6| 9,NaN,-0.00866822756071571|,0.504419366853048| 0.406187823382689| 0.418731810699485| 0.359727691456769| 0.26874562869342| 0.240292391392071| 0.229362437782478| NaN| NaN| NaN| NaN| NaN,0.57615,0.169320093872436,0.0313817919153258,0.103792394662337,0.406027605337663,0.0617584999128887,0.159869678655854,0.349950321344146,0.0388409256773108,0.907981528346436,0.979857232827406
RL19_MOUSE,VWLDPNETNEIANANSR,2,0.986823245412933,0.991706385170453,8,0.11898,0.00472220600846637,131812028.75,971.96631,0.008360485768057,1,3,0,6| 7| 9| 21,NaN,,0.351411431134597| 0.338222264104115| 0.293013769937623| 0.2678799068043| 0.199616941906499| 0.180847379752727| 0.16500507354581| NaN| NaN| 0.0828146058131417| NaN| NaN,0.351411431134597,0.0644822150429778,0.00648753442518964,0.104833059029155,0.133126940970845,0.00598274375510322,0.108002316512978,0.129957683487022,0.00464246422338456,0.996223420968094,0.997238400353936
RL19_MOUSE,ILMEHIHK,2,0.839817278978048,0.968550422317525,2,0.04728,0.00139977196922425,52201715,510.78656,0.00306901980224284,0,0,1,13,NaN,-0.0168426870848087|,NaN| NaN| NaN| NaN| NaN| NaN| 0.439493708879976| 0.408697029514293| NaN| NaN| NaN| NaN,NaN,NaN,0.00111482238261293,0,0.130272694051953,0.00653166667591746,0.0248995016265616,0.0696604983734384,0.00176138342159014,1,1
RL19_MOUSE,HmYHSLYLK,3,0.0415438744720926,0.187160739317209,3,0.10535,0.0348054131345443,10802538,403.20245,0.0307797833969993,1,1,0,2| 3,NaN,0.0234753096340272|,NaN| NaN| 0.432241846287648| 0.491384014592776| NaN| NaN| 0.358661385874804| NaN| NaN| NaN| NaN| NaN,NaN,NaN,0.0244735290405471,0,0.569955684939348,0.107981218592663,0,0.488216169178149,0.0889837486839153,0.794779518461453,0.800635094753932

