proteinName,peptideSeq,charge,old_Rsquared,new_Rsquared,NDP,rateconstant,sigma,Abundance,MassToCharge,RMSE,selected_A1A0_count, selected_A2A0_count, selected_A2A1_count,improved_timePoints,new_k,I0_percentatediffI0_percentatediff,selected_io_t,i0,I0_asymptote,new_rmse,lowerci_old,upperci_old,sigma_old,lowerci_new,upperci_new,sigma_new,old_pearson,new_pearson
RNT2A_MOUSE,IYWPDVIHR,3,0.831618903284893,0.896934706348117,11,0.12564,0.0203488216533483,32536485.4545455,400.2171,0.0275890302859537,4,2,0,0| 3| 13| 21| 24| 31,NaN,-0.0432312731092724|0.0271206411839404|,0.496911825385208| 0.416041328753257| 0.400789808960041| 0.409730903586593| 0.313701550522124| NaN| 0.343344855288553| 0.298055003399768| 0.291712206832586| 0.286430013723168| 0.276900285527859| 0.285510561153789,0.496911825385208,0.269380279555954,0.0213368435866956,0.075972518370467,0.175307481629533,0.0222910172763768,0.0872280922275849,0.164051907772415,0.0172394587299624,0.92453426935867,0.955511046559401
RNT2A_MOUSE,HGTcAAQVDALNSEK,3,0.130985215053893,0.643415011349557,10,0.17346,0.0660652599539673,3784001.8,534.25098,0.0912899781086633,0,2,8,0| 2| 6| 7| 9| 13| 16| 21| 24| 31,NaN,,0.377885828685877| NaN| 0.244257625819194| NaN| 0.172739409257614| 0.190438560257071| 0.0721711520136125| 0.0721711520136125| 0.116608885194642| 0.189118414776591| 0.0949665358510977| 0.137108614140676,0.377885828685877,0.0761893805730514,0.0481802908663064,0.000890003385113469,0.346029996614886,0.0762855912370112,0.0823823942872903,0.26453760571271,0.0402613961669748,0.633904994740124,0.864386822759566
RNT2A_MOUSE,QIDLNSVLQK,2,-60.8941869325793,-3410382816.66998,3,9.78197,NaN,20309190,579.32983,0.0263443326651899,0,3,0,7| 24| 31,NaN,,NaN| NaN| NaN| NaN| NaN| 0.215875528570132| NaN| NaN| NaN| NaN| 0.215876094225831| 0.215876094225831,NaN,NaN,0.00778605523563823,NaN,NaN,NaN,NaN,NaN,NaN,-2,-2
RNT2A_MOUSE,ScQDSLDYWTIHGLWPDR,3,0.910862352770987,0.977944233967345,6,0.61379,0.0890450890905383,4493362.66666667,750.34088,0.00964440389997513,0,2,2,13| 16| 24| 31,NaN,,NaN| 0.178599069574641| NaN| NaN| NaN| NaN| NaN| 0.0569289205168845| 0.0569289205168845| 0.0570025081629879| 0.0714021417472621| 0.0664301928656929,NaN,NaN,0.0046103322434548,0.259183225795446,0.968396774204554,0.137948058843684,0.444276667520533,0.783303332479467,0.0659435658445078,0.95801834128761,0.99197241170236

