proteinName,peptideSeq,charge,old_Rsquared,new_Rsquared,NDP,rateconstant,sigma,Abundance,MassToCharge,RMSE,selected_A1A0_count, selected_A2A0_count, selected_A2A1_count,improved_timePoints,new_k,I0_percentatediffI0_percentatediff,selected_io_t,i0,I0_asymptote,new_rmse,lowerci_old,upperci_old,sigma_old,lowerci_new,upperci_new,sigma_new,old_pearson,new_pearson
SMYD5_MOUSE,FKDQLELLLGLFK,3,0.685999727141402,0.817922299421698,8,0.09413,0.0217417888854474,1564045.83333333,521.97632,0.0371637760200842,1,1,4,2| 6| 9| 16| 21| 31,NaN,-0.0769670633456126|,NaN| NaN| 0.387313007142758| NaN| 0.26868040899487| 0.281185849398979| 0.24551166221664| NaN| 0.16715546169616| 0.196037454605636| 0.212589532549027| 0.196331866130648,NaN,NaN,0.0227118682412279,0.026816989133284,0.161443010866716,0.0284666838032321,0.0529930543651164,0.135266945634884,0.0173968213416823,0.867332017516835,0.918816251245267
SMYD5_MOUSE,EQLDTFIDQLYK,2,0.931460261131861,0.974709591161524,8,0.36019,0.0252548227164183,129448575,756.88263,0.00833970789591166,2,2,2,6| 7| 16| 21| 24| 31,NaN,-0.0226823079064552|0.0317719208362594|-0.0375874008380919|0.0302539952170345|,NaN| NaN| 0.291192084149939| NaN| 0.191116913127979| 0.18663356731652| 0.187267447770762| NaN| 0.169897794642385| 0.177607640509854| 0.169183794810214| 0.167989543088956,NaN,NaN,0.00496161818773858,0.282000566512993,0.438379433487007,0.0330663247887648,0.313672049956654,0.406707950043346,0.0196724490259466,0.970063207034029,0.992135397449654

