proteinName,peptideSeq,charge,old_Rsquared,new_Rsquared,NDP,rateconstant,sigma,Abundance,MassToCharge,RMSE,selected_A1A0_count, selected_A2A0_count, selected_A2A1_count,improved_timePoints,new_k,I0_percentatediffI0_percentatediff,selected_io_t,i0,I0_asymptote,new_rmse,lowerci_old,upperci_old,sigma_old,lowerci_new,upperci_new,sigma_new,old_pearson,new_pearson
SMYD5_MOUSE,FKDQLELLLGLFK,3,0.63051976594958,0.782956595206644,6,0.09413,0.0231676021404754,1564045.83333333,521.97632,0.0363945526836321,0,1,3,2| 6| 9| 16,NaN,,NaN| NaN| 0.387313007142758| NaN| 0.26868040899487| 0.281185849398979| 0.24551166221664| NaN| 0.16715546169616| NaN| 0.212589532549027| NaN,NaN,NaN,0.022427447631139,0.00186900340831417,0.186390996591686,0.0358910949046482,0.037275923857245,0.150984076142755,0.0221172013953684,0.847084770344407,0.919149676935998
SMYD5_MOUSE,EQLDTFIDQLYK,2,-0.133724173502479,-1.10710408366123,4,0.36019,0.552601916648271,129448575,756.88263,0.00689116795846853,2,0,2,16| 21| 24| 31,NaN,-0.0375874008380919|0.0302539952170345|,NaN| NaN| NaN| NaN| NaN| NaN| NaN| NaN| 0.169897794642385| 0.177607640509854| 0.169183794810214| 0.167989543088956,NaN,NaN,0.00316704490158164,0.235981059883562,0.484398940116438,0.0390293906675961,0.247652838822367,0.472727161177633,0.0353618412982722,-0.517954511852567,-0.0546681296495109

