proteinName,peptideSeq,charge,old_Rsquared,new_Rsquared,NDP,rateconstant,sigma,Abundance,MassToCharge,RMSE,selected_A1A0_count, selected_A2A0_count, selected_A2A1_count,improved_timePoints,new_k,I0_percentatediffI0_percentatediff,selected_io_t,i0,I0_asymptote,new_rmse,lowerci_old,upperci_old,sigma_old,lowerci_new,upperci_new,sigma_new,old_pearson,new_pearson
SNP23_MOUSE,ILGLAIESQDAGIK,2,0.737002174339802,0.98275642116937,5,0.19666,0.0528959981289202,20058752,714.40881,0.0419688058713001,1,2,1,0| 1| 6| 24,NaN,-0.0476527823007068|-0.012331373502683|,0.461744803768231| 0.383644821843921| 0.308128835777488| NaN| 0.209686710672322| NaN| NaN| NaN| NaN| NaN| 0.0990144467109369| NaN,0.461744803768231,0.117817632025139,0.0108212038438293,0,0.507759967334812,0.112049745467879,0.131072436047509,0.262247563952491,0.0236228563753773,0.895534416324066,0.994759541393798
SNP23_MOUSE,ATWGDGGDNSPSNVVSK,2,0.525844427052314,0.588154660456819,6,0.34096,0.0951365741558333,2534832.16666667,845.88702,0.0510479224548632,1,0,1,1| 3,NaN,,0.319882490661442| 0.3032419791217| 0.226932044622276| 0.326999919732453| 0.121597578359946| NaN| NaN| NaN| 0.0994864878533067| NaN| NaN| NaN,0.39051,0.0950573155179323,0.0420790778868619,0,0.792951105175914,0.175832217851714,0.0286594810264756,0.653260518973524,0.121490206905696,0.766433248403421,0.812257500195598
SNP23_MOUSE,ITNGQPQQTTGAASGGYIK,2,0.468155282299609,0.582747706624629,2,0.08827,0.0326190694877384,2281721.5,946.47906,0.0231229833461837,0,1,1,1| 3,NaN,,NaN| 0.304948158605677| NaN| 0.269006439125705| NaN| NaN| NaN| NaN| NaN| NaN| NaN| NaN,NaN,NaN,0.00473906423804408,0,3.43854986402064,0.263672743640811,0,1.88445618865581,0.141362918823218,1,1

