proteinName,peptideSeq,charge,old_Rsquared,new_Rsquared,NDP,rateconstant,sigma,Abundance,MassToCharge,RMSE,selected_A1A0_count, selected_A2A0_count, selected_A2A1_count,improved_timePoints,new_k,I0_percentatediffI0_percentatediff,selected_io_t,i0,I0_asymptote,new_rmse,lowerci_old,upperci_old,sigma_old,lowerci_new,upperci_new,sigma_new,old_pearson,new_pearson
SORCN_MOUSE,ELWAVLNGWR,2,0.971133848900902,0.993908412744055,12,0.19349,0.0128630514574397,40933823.3333333,622.33276,0.0137992260931849,4,1,3,1| 3| 6| 13| 16| 21| 24| 31,0.206631765195095,-0.015840747806393|-0.000357493740982983|,0.480146540180669| 0.423701209009502| 0.39406602018448| 0.350694887850952| 0.292292354306461| 0.280334349067924| 0.262972744216035| 0.235018114787074| 0.226639137796844| 0.229667916557856| 0.2105144870065| 0.224684222720539,0.480146540180669,0.215596011606761,0.00672954990855231,0.167905083016436,0.219074916983564,0.0116243023637404,0.181012852761135,0.205967147238865,0.0056688920364547,0.990632434539479,0.997719007464404
SORCN_MOUSE,QHFISFDSDR,3,0.948394973784185,0.989783108294435,12,0.17456,0.0170312796491894,25693544,417.86328,0.0246021616630581,4,2,3,2| 3| 6| 9| 13| 16| 21| 24| 31,0.190892577719358,0.0445645952523401|-0.0150703835144292|,0.513653136978392| 0.461265070546851| 0.406733781279642| 0.367910429531469| 0.307554641621672| 0.279145248499235| 0.254917039316838| 0.242755441953143| 0.21645399805053| 0.207992000536178| 0.221866681741603| 0.19453653951215,0.513653136978392,0.200249851168545,0.0103437469783832,0.143205541854979,0.20591445814502,0.0142456472367334,0.161377313610966,0.187742686389034,0.00598944810534011,0.976703755878572,0.996051862253531
SORCN_MOUSE,cLTQSGIAGGYKPFNLETcR,3,-0.0734812231910156,-0.134671866906736,10,0.01408,0.0108960382816215,6506181,758.03314,0.0726997391001098,3,3,1,1| 2| 3| 6| 13| 21| 24,NaN,,NaN| 0.251418387003263| 0.250518474680061| 0.226183968431871| 0.228376089150897| 0.22778812607768| 0.201476782732426| 0.23533861864067| 0.0830339693276026| 0.29651815630728| 0.230428819652826| NaN,NaN,NaN,0.0508005745253913,0,0.0438429163460274,0.0131568738189252,0,0.0341024119441183,0.00885102603644776,-0.0164817700300056,0.12097656994924

