proteinName,peptideSeq,charge,old_Rsquared,new_Rsquared,NDP,rateconstant,sigma,Abundance,MassToCharge,RMSE,selected_A1A0_count, selected_A2A0_count, selected_A2A1_count,improved_timePoints,new_k,I0_percentatediffI0_percentatediff,selected_io_t,i0,I0_asymptote,new_rmse,lowerci_old,upperci_old,sigma_old,lowerci_new,upperci_new,sigma_new,old_pearson,new_pearson
TIM16_MOUSE,QEFAASQAAADAR,2,-1.28022212065738,-0.356576479764892,7,0.01376,0.0122597350748514,23359292,668.31799,0.11474323580752,4,0,2,0| 1| 2| 3| 16| 24,NaN,,0.454366919757343| 0.473761064359769| 0.417587214093313| 0.278275135551306| 0.457273342694278| NaN| NaN| NaN| 0.370148054420109| NaN| 0.392055106379507| NaN,0.454366919757343,0.0571994260240208,0.0557439225239955,0,0.0524589724422633,0.0158154338196673,0,0.0356854143478203,0.00896044307388474,-0.81615310337305,0.253379608096525
TIM16_MOUSE,AGHQSAAASNLSGLSLQEAQQILNVSK,3,-2.54230748402127,0.537816935354571,3,0.21854,0.139312384852161,4135541,908.14209,0.0441245282184596,0,1,1,0| 2,NaN,,0.226035365107096| 0.178895710049578| 0.0633865530256314| NaN| NaN| NaN| NaN| NaN| NaN| NaN| NaN| NaN,0.226035365107096,0.00918848832630343,0.0232262655621467,0,1.97401950118646,0.407999346321603,0,1.3150099631142,0.254835802929918,-0.323842325161461,0.955087601089333

