proteinName,peptideSeq,charge,old_Rsquared,new_Rsquared,NDP,rateconstant,sigma,Abundance,MassToCharge,RMSE,selected_A1A0_count, selected_A2A0_count, selected_A2A1_count,improved_timePoints,new_k,I0_percentatediffI0_percentatediff,selected_io_t,i0,I0_asymptote,new_rmse,lowerci_old,upperci_old,sigma_old,lowerci_new,upperci_new,sigma_new,old_pearson,new_pearson
TMX1_MOUSE,VDVTEQTGLSGR,2,0.318952113846634,0.965687377683375,9,7.30219,314.771564190173,27345253.75,631.32275,0.0672561710750544,0,1,6,2| 7| 13| 16| 21| 24| 31,NaN,,0.491300939994398| 0.17577900986673| 0.223149860874303| NaN| NaN| 0.162504395414634| NaN| 0.162504937564596| 0.162504937564596| 0.162504937564596| 0.162504937564596| 0.162504937564596,0.491300939994398,0.174317134420283,0.0163894272529816,6.2122043614759,8.3921756385241,0.472672889838471,7.03657511226799,7.56780488773201,0.115184046588366,0.847655262170178,0.982986679575331

