proteinName,peptideSeq,charge,old_Rsquared,new_Rsquared,NDP,rateconstant,sigma,Abundance,MassToCharge,RMSE,selected_A1A0_count, selected_A2A0_count, selected_A2A1_count,improved_timePoints,new_k,I0_percentatediffI0_percentatediff,selected_io_t,i0,I0_asymptote,new_rmse,lowerci_old,upperci_old,sigma_old,lowerci_new,upperci_new,sigma_new,old_pearson,new_pearson
TT39C_MOUSE,IINLLGFPGDR,2,0.583865484046958,0.670314522380777,10,0.34806,0.0718276803078904,69241517,607.84821,0.0367705693973448,1,2,5,2| 3| 6| 7| 9| 13| 21| 24,NaN,0.00603798092796144|0.0284768888903098|-0.0599978473513692|,0.42166144164276| 0.307064037142029| 0.348216745972949| 0.309922917899762| 0.242699204422682| 0.252775818338318| 0.241416249677687| 0.223279042842636| NaN| 0.211656699247245| 0.221436732737362| NaN,0.48243,0.216621333646001,0.0336639346460959,0.1604379039661,0.535682096033899,0.0829394611220538,0.176289530231185,0.519830469768815,0.0759321556493723,0.919123857156999,0.946734410656511
TT39C_MOUSE,LcESEEAGVIETIK,2,-5.15735821579908,-25.7030584378341,2,9.75239,NaN,20980187.5,789.38995,0.112021626734224,0,0,2,0| 21,NaN,,0.225308262491759| NaN| NaN| NaN| NaN| NaN| NaN| NaN| NaN| 0.171880470282828| NaN| NaN,0.40843,0.104213962031246,0.056356253044803,NaN,NaN,NaN,NaN,NaN,NaN,-1,1
TT39C_MOUSE,cLGNSQDALQFFQR,2,0.910727676014758,0.971597500834459,6,0.5265,0.113235498817522,7216205.33333333,842.39905,0.0214074039793607,0,4,0,7| 9| 13| 16,NaN,,0.396257302224374| 0.234546620982936| NaN| NaN| NaN| 0.118498535074642| 0.100843516428676| 0.104494608820965| 0.077006391051853| NaN| NaN| NaN,0.396257302224374,0.0920186329779267,0.0133863981813741,0.163422351628507,0.889577648371493,0.141243372788714,0.299461636238393,0.753538363761606,0.0883217801865603,0.982685743783918,0.988161954784862
TT39C_MOUSE,SYVPPYAcYELGcLLLDSAETVGR,3,-12.0009412462498,-95.2303464390395,2,2E-05,0.0644487268638768,25866968.5,911.76813,0.0786274572268024,0,0,2,1| 7,NaN,,NaN| 0.309021221041741| NaN| NaN| NaN| 0.288527118385355| NaN| NaN| NaN| NaN| NaN| NaN,NaN,NaN,0.0410373502624886,0,2.83724095412934,0.223294131730445,0,1.48099223521194,0.116555042672038,-2,-2
TT39C_MOUSE,ALPNcSFPNLQR,2,NaN,NaN,0,0.94455,NaN,0,708.85626,0,NaN,NaN,NaN,NaNNaN,NaN,NaN,NaN,NaN,NaNNaN,NaN,NaN,NaN,NaN,NaN,NaN,NaN

