proteinName,peptideSeq,charge,old_Rsquared,new_Rsquared,NDP,rateconstant,sigma,Abundance,MassToCharge,RMSE,selected_A1A0_count, selected_A2A0_count, selected_A2A1_count,improved_timePoints,new_k,I0_percentatediffI0_percentatediff,selected_io_t,i0,I0_asymptote,new_rmse,lowerci_old,upperci_old,sigma_old,lowerci_new,upperci_new,sigma_new,old_pearson,new_pearson
YKT6_MOUSE,VAFTLLEK,2,0.663468447668531,0.964423892689345,9,0.28158,0.0785288619206431,9788158.44444444,460.77621,0.036326002582033,3,4,1,1| 2| 3| 6| 9| 13| 16| 24,NaN,-0.0457328614133888|,0.529556077814317| 0.483556617603859| 0.479026806346598| 0.424684813965269| 0.363381950563731| NaN| 0.35247406162583| 0.341209976356454| 0.341209976356454| NaN| 0.341209976356454| NaN,0.529556077814317,0.330645857095752,0.0114520206934613,0.153068379805238,0.410091620194762,0.0557291369247144,0.241065833033867,0.322094166966133,0.0175689914641538,0.898890377467566,0.988803276000223
YKT6_MOUSE,IDWPVGSPATIQYTGLDDHLSK,3,0.981614786900398,0.994336179004869,4,0.39192,0.0229546031495487,12562928.25,805.07263,0.00585160254253025,0,1,0,1,NaN,,0.253522043226425| 0.18894414996223| NaN| 0.115149488032818| NaN| 0.0496370387549342| NaN| NaN| NaN| NaN| NaN| NaN,0.253522043226425,0.0465200089157032,0.00333095072465355,0.25252246168163,0.53131753831837,0.0438020079394337,0.312569714688975,0.471270285311025,0.0249337389247987,0.993602198609028,0.997888379359118
YKT6_MOUSE,IILHNTMESLLER,2,0.31385591100678,0.7175214498273,5,0.10689,0.0241243959046389,2067337.8,784.92688,0.0381084036349511,2,2,0,1| 3| 6| 13,NaN,,NaN| 0.360181543515112| NaN| 0.257395883865737| 0.246745757589528| NaN| 0.202214555189816| 0.199584711743024| NaN| NaN| NaN| NaN,NaN,NaN,0.0199917501621719,0,0.266825308812463,0.0576043475584057,0.0460294006650732,0.167750599334927,0.0219203323064381,0.665276477360034,0.926170315913579
YKT6_MOUSE,IILHNTMESLLER,3,-3.52477139534409,0.59403870737387,6,0.24474,0.0826997414908749,7933347.16666667,523.62036,0.0451057769450292,3,1,1,1| 7| 13| 16| 24,NaN,,NaN| 0.293583451076385| NaN| NaN| 0.197426682181394| 0.181145302332758| NaN| 0.227043482840896| 0.119564155450205| NaN| 0.110170567132204| NaN,NaN,NaN,0.0282251672598076,0,0.548565926107692,0.118193446323627,0.0386553887427977,0.450824611257202,0.0801704145225582,0.618767549660006,0.822563611455511

