PeptideSeq,Charge,Abun,mz,NDP,t0,i0,m0,t1,i1,m1,t2,i2,m2,t3,i3,m3,t6,i6,m6,t7,i7,m7,t9,i9,m9,t13,i13,m13,t16,i16,m16,t21,i21,m21,t24,i24,m24,t31,i31,m31
LNGTDPEDVIR,2,2347200,614.81201,3,,,0,37.097046,27.98,614.81305,,,0,,,0,,,0,2211.026855,0,614.81305,37.2289355,25.7,615.31708,,,0,,,0,37.6464025,23.35,615.31738,,,0,,,0

