PeptideSeq,Charge,Abun,mz,NDP,t0,i0,m0,t1,i1,m1,t2,i2,m2,t3,i3,m3,t6,i6,m6,t7,i7,m7,t9,i9,m9,t13,i13,m13,t16,i16,m16,t21,i21,m21,t24,i24,m24,t31,i31,m31
SSLGSHQLPR,3,4768200.5,361.19647,8,20.902858,37.35,361.19684,20.950964,0,361.19684,20.9957085,42.68,361.19638,21.009658,46.32,361.19629,20.923222,0,361.19684,,,0,,,0,21.3007795,0,361.19684,,,0,21.350298,41.08,361.53198,21.253141,0,361.19684,,,0
YLMIEEYLTK,2,9879363.8,651.83612,8,59.8425235,23.69,651.8363,59.8314305,27.88,651.83759,59.9711535,24.42,651.83752,59.8409825,36.3,651.8382,59.8857115,0,651.8363,,,0,,,0,60.0306795,23.78,652.33789,,,0,60.184864,0,651.8363,60.204998,0,651.8363,,,0
IDPQTGWPFFVDHNSR,3,6975153,639.30774,8,56.140915,0,639.64465,56.135643,0,639.64465,56.300924,44.81,639.64465,56.2171195,0,639.64465,56.2628915,31.45,639.64532,,,0,,,0,56.3638285,21.26,639.64502,,,0,56.485941,0,639.64465,56.5546265,21.8,639.64655,,,0

