PeptideSeq,Charge,Abun,mz,NDP,t0,i0,m0,t1,i1,m1,t2,i2,m2,t3,i3,m3,t6,i6,m6,t7,i7,m7,t9,i9,m9,t13,i13,m13,t16,i16,m16,t21,i21,m21,t24,i24,m24,t31,i31,m31
LATFWHY,2,7131107,469.23196,6,,,0,51.7544575,33.14,469.23291,51.789396,0,469.23291,51.7442035,0,469.23291,,,0,,,0,51.8815615,0,469.23291,51.9568955,26.65,469.23312,,,0,,,0,,,0,52.1301995,0,469.23291
LATFWHYAK,3,50345533.3333333,379.53442,6,,,0,38.0527535,17.86,379.5351,38.1487085,0,379.5351,38.0205175,25.5,379.53525,,,0,,,0,38.229565,27.86,379.535,38.3427815,0,379.5351,,,0,,,0,,,0,38.3845955,0,379.5351
VELVPPTPAEIPTAIQSVK,2,33820772.5,995.06696,6,,,0,61.5564785,19.19,995.07147,61.672085,24.43,995.07123,61.597294,19.09,995.07141,,,0,,,0,61.7147735,22.5,995.0705,61.6968425,0,995.07147,,,0,,,0,,,0,61.827667,0,995.07147

