PeptideSeq,Charge,Abun,mz,NDP,t0,i0,m0,t1,i1,m1,t2,i2,m2,t3,i3,m3,t6,i6,m6,t7,i7,m7,t9,i9,m9,t13,i13,m13,t16,i16,m16,t21,i21,m21,t24,i24,m24,t31,i31,m31
GEAAcQELLR,2,7017776.83333333,573.78223,7,29.688264,46.71,573.78125,29.778839,35.61,573.78284,29.8917065,34.01,573.78259,29.8244005,0,573.78125,29.757778,52.48,573.78259,,,0,,,0,,,0,29.890197,33.48,573.78363,,,0,30.0853065,26.15,574.28668,,,0
MPDPAWDWQHVGPGYR,3,3058256,637.95801,7,51.9227105,28.87,638.29401,51.9724105,20.99,637.96027,51.993124,0,638.29401,51.9353695,0,638.29401,52.0177765,0,638.29401,,,0,,,0,,,0,52.1159895,0,638.29401,,,0,52.249813,0,638.29401,,,0

