PeptideSeq,Charge,Abun,mz,NDP,t0,i0,m0,t1,i1,m1,t2,i2,m2,t3,i3,m3,t6,i6,m6,t7,i7,m7,t9,i9,m9,t13,i13,m13,t16,i16,m16,t21,i21,m21,t24,i24,m24,t31,i31,m31
SGDPIANAVADMLR,2,33985302.5,715.35883,12,69.0891455,79.59,715.36023,69.0750465,81.47,715.36078,69.158924,81.57,715.36084,69.114693,72.41,715.36066,69.1088825,76.74,715.3606,69.115566,81.49,715.36041,69.2640115,76.63,715.36053,69.259018,81.54,715.36084,69.1723215,70.66,715.36078,69.263706,80.44,715.86475,69.422142,44.8,715.86426,69.32156,43.9,715.36133
YRDIDEDEILR,3,11235685.9166667,479.57205,12,36.658848,46.09,479.57248,36.7540815,50.12,479.5733,36.913233,53.15,479.57355,36.7626535,40.07,479.57333,36.737589,32.38,479.57382,36.645029,36.92,479.57343,36.8879815,44.4,479.57343,37.0954795,44.25,479.90814,36.891802,44.41,479.90884,37.0692555,43.59,479.90955,37.1292515,42.3,479.90985,37.165468,38.64,479.9101
DALLQYLEQQALEVK,2,23925056.2,880.97504,12,76.8704375,65.28,880.97815,76.911228,0,880.97815,77.0109935,0,880.97815,76.981457,0,880.97815,76.983433,0,880.97815,76.969894,39.24,881.48041,77.0619125,0,880.97815,77.063835,0,880.97815,76.9855385,0,880.97815,77.033905,67.01,881.4823,77.1361275,18.8,881.4826,77.049557,54.51,881.48096
QYYDAIcSGEIcNTEGISSVVQPDK,3,3091138.5,945.09332,12,56.204342,17.15,945.76416,56.2388075,0,945.76416,56.4043465,0,945.76416,56.2927325,0,945.76416,56.318031,0,945.76416,56.3000625,0,945.76416,56.429842,0,945.76416,56.4322795,0,945.76416,56.479393,0,945.76416,56.540016,33.36,945.76788,56.6072905,0,945.76416,56.544773,0,945.76416
ENATLTELR,2,29642918.5714286,523.77747,12,31.4888735,0,523.77869,31.806054,33.36,523.77869,31.8980265,39.41,523.77869,31.7763185,0,523.77869,31.751383,41.8,523.77948,31.6685355,30.33,523.77887,31.8170855,0,523.77869,32.1021415,32.57,524.28192,31.9521045,0,523.77869,32.106494,56.37,524.28131,32.1305695,0,523.77869,32.1928285,40.71,524.28149
QWPGDAVEMEMATVLEQcPSIVR,3,6268901.33333333,882.75018,12,81.182922,0,883.0885,81.18203,23.98,883.0885,81.240231,18.19,882.75269,81.2230075,0,883.0885,81.2060315,26.3,883.0871,81.2060815,0,883.0885,81.2976495,0,883.0885,81.2055625,0,883.0885,81.1235695,0,883.0885,81.2823905,0,883.0885,81.418156,0,883.0885,81.213238,0,883.0885
FGYHFTQQGPR,3,42541853.3333333,446.55103,3,,,0,,,0,,,0,,,0,,,0,,,0,,,0,31.230674,44.55,446.55161,,,0,,,0,31.191765,28.5,446.89026,31.2511215,21.78,446.88702

