PeptideSeq,Charge,Abun,mz,NDP,t0,i0,m0,t1,i1,m1,t2,i2,m2,t3,i3,m3,t6,i6,m6,t7,i7,m7,t9,i9,m9,t13,i13,m13,t16,i16,m16,t21,i21,m21,t24,i24,m24,t31,i31,m31
LPYQAEFLVR,2,88720655,618.34277,12,52.469961,42.82,618.34369,52.4943885,0,618.34369,52.581808,42.13,618.34479,52.5088865,42.9,618.34509,52.552525,42.39,618.3443,51.8376525,0,618.34369,52.0184555,0,618.34369,52.706528,39.71,618.34418,52.7574025,41.4,618.84625,52.0846235,0,618.34369,52.842142,41.64,618.84778,52.9120615,38.83,618.84674
LLLLIGDPEGPR,2,8653174.71428571,646.88226,12,59.0018235,41.88,646.88361,59.040377,56.54,646.88373,59.153238,38.39,647.38135,59.075468,37.13,646.88385,59.082098,41.2,647.38281,59.0674665,0,646.88361,59.205404,37.8,646.88348,59.2145935,0,646.88361,59.2566755,0,646.88361,59.356428,0,646.88361,59.394873,34.49,646.88531,59.3475015,0,646.88361
SPYNPGFLYGSPTPEDR,2,3072691.09090909,948.94177,12,49.8590295,0,948.9444,49.9141655,33.08,948.9444,49.947975,60.29,949.44702,49.9519805,68.23,949.44873,49.961063,60.75,948.94666,49.8479005,55.38,949.44745,49.99588,71.16,948.94293,50.08239,71.96,948.94336,50.1039945,35.07,949.44751,50.122835,37.14,948.94775,50.2437305,30.32,949.44873,50.3123345,82.69,949.45355

