PeptideSeq,Charge,Abun,mz,NDP,t0,i0,m0,t1,i1,m1,t2,i2,m2,t3,i3,m3,t6,i6,m6,t7,i7,m7,t9,i9,m9,t13,i13,m13,t16,i16,m16,t21,i21,m21,t24,i24,m24,t31,i31,m31
HVGDLGNVTAGK,2,85092066.25,584.30945,12,24.402463,44.3,584.31091,23.5783585,71.85,584.31116,24.2088555,0,584.31091,24.5163815,0,584.31091,24.0342095,50.37,584.3114,23.4518405,62.71,584.31042,23.6730555,42.24,584.31073,23.907087,0,584.31091,23.6862915,51.88,584.3111,23.974164,0,584.31091,24.7391485,65.23,584.31287,23.9651,60.89,584.31244
DGVANVSIEDR,2,59364031.8181818,587.78857,12,34.9743195,84.45,587.78931,35.240967,47.95,587.78967,35.118181,70.53,587.78931,35.308252,65.46,587.7901,35.2670935,65.04,587.78986,35.134964,44.49,587.79022,35.067759,65.49,587.78937,35.362837,65.7,587.78943,35.218374,61.35,587.79028,35.3629645,65.4,587.79089,35.423607,64.63,588.29376,35.455574,0,587.78931
VISLSGEHSIIGR,2,11169708,684.38568,12,37.3883875,42.23,684.38721,37.485411,62.02,684.38696,37.5848235,58.98,684.38763,37.470438,49.68,684.38806,37.4730965,52.24,684.3877,37.328854,57.34,684.88861,37.5972825,46.19,684.3877,37.7471085,52.12,684.38611,37.5809845,67.25,684.88928,37.776623,45.67,684.38953,37.8667275,58.85,684.39087,37.8262155,70.87,684.89075
VISLSGEHSIIGR,3,169948183.333333,456.5929,12,37.382948,40.67,456.92715,37.4890995,49.83,456.59332,37.580887,77.44,456.59314,37.4876235,68.11,456.92783,37.4712085,55.09,456.59338,37.348986,77.1,456.5928,37.616962,59.69,456.59305,37.7759875,63.34,456.92776,37.601006,77.71,456.59293,37.791973,36.52,456.59506,37.860491,53,456.9285,37.8401755,32.54,457.26343
GDGPVQGTIHFEQK,2,9684526.5,756.87573,12,30.9827075,23.22,756.87695,31.116868,0,756.87695,31.1900745,0,756.87695,31.1048425,0,756.87695,31.084982,0,756.87695,30.9780025,0,756.87695,31.168182,0,756.87695,31.4405195,0,756.87695,31.254359,0,756.87695,31.412732,20.98,756.87903,31.419392,0,756.87695,31.4811095,0,756.87695
GDGPVQGTIHFEQK,3,74119335,504.91956,12,30.9791735,0,504.91907,31.101101,39.15,504.91907,31.187687,0,504.91907,31.0911235,0,504.91907,31.051796,0,504.91907,30.984267,0,504.91907,31.1529615,0,504.91907,31.423158,0,504.91907,31.2428725,0,504.91907,31.418634,0,504.91907,31.4067925,21.81,505.25644,31.4752335,0,504.91907

