PeptideSeq,Charge,Abun,mz,NDP,t0,i0,m0,t1,i1,m1,t2,i2,m2,t3,i3,m3,t6,i6,m6,t7,i7,m7,t9,i9,m9,t13,i13,m13,t16,i16,m16,t21,i21,m21,t24,i24,m24,t31,i31,m31
LISQAYEVLSDPK,2,3768422.85714286,731.89301,7,47.8734305,38.81,731.89594,47.945919,38.93,731.89471,47.9500465,22.81,731.89532,47.9389265,50.39,731.89508,47.967728,22.06,732.39838,,,0,48.001211,53.31,732.39478,48.114988,39.46,732.3963,,,0,,,0,,,0,,,0

