PeptideSeq,Charge,Abun,mz,NDP,t0,i0,m0,t1,i1,m1,t2,i2,m2,t3,i3,m3,t6,i6,m6,t7,i7,m7,t9,i9,m9,t13,i13,m13,t16,i16,m16,t21,i21,m21,t24,i24,m24,t31,i31,m31
TNFFGTR,2,0,421.7114,2,1987.02002,23.94,421.71149,,,0,1998.759644,0,421.71149,,,0,,,0,,,0,1980.099121,0,421.71149,1997.403442,0,421.71149,2002.959961,26.53,421.7121,33.479988,0,421.71149,33.603748,0,421.71149,,,0
PVALVTGANK,2,4193801.66666667,485.29001,7,25.781265,28.02,485.29047,,,0,25.9438985,0,485.29047,,,0,,,0,,,0,25.9201135,31.8,485.29092,25.6954545,19.49,485.79285,25.9138635,0,485.29047,26.1178925,0,485.29047,26.1172275,0,485.29047,,,0
GVHAEEGWPNSAYGVTK,3,3192356,601.28833,7,34.4526535,29.84,601.28876,,,0,34.647417,0,601.28876,,,0,,,0,,,0,34.605625,19.38,601.62366,34.8904705,0,601.28876,34.2356755,0,601.28876,34.818132,26.47,601.29053,34.962717,0,601.28876,,,0
ILLNAccPGWVR,2,5928665.4,729.87085,7,50.0503595,0,729.87305,,,0,50.1113665,27.52,729.87305,,,0,,,0,,,0,49.825201,33.02,729.8739,50.242163,29.2,729.87457,50.2182885,0,729.87305,50.2870465,25,729.87585,50.4434585,31.88,730.3772,,,0

