PeptideSeq,Charge,Abun,mz,NDP,t0,i0,m0,t1,i1,m1,t2,i2,m2,t3,i3,m3,t6,i6,m6,t7,i7,m7,t9,i9,m9,t13,i13,m13,t16,i16,m16,t21,i21,m21,t24,i24,m24,t31,i31,m31
TAWTFSR,2,11681260,434.71924,11,36.570158,41.7,434.71982,36.6533415,0,434.71982,36.7996025,0,434.71982,36.6999035,0,434.71982,36.675451,0,434.71982,36.5691245,0,434.71982,36.7627525,0,434.71982,37.005007,41.35,434.71921,36.810873,0,434.71982,36.992895,0,434.71982,,,0,37.074484,0,434.71982
VLGLTLLQK,2,53130660,492.82623,11,52.2268885,38.69,492.82687,52.317524,0,492.82687,52.331377,0,492.82687,52.2997055,0,492.82687,52.3367215,0,492.82687,52.251253,29.95,492.82727,52.417656,0,492.82687,52.4908275,25.57,492.82736,52.522684,0,492.82687,52.587883,0,492.82687,,,0,52.666941,0,492.82687
GFGHIGIAVPDVY,2,3560311.66666667,672.85095,11,58.9106595,36.88,672.85291,58.9199715,0,672.85291,59.0367755,17.28,672.85455,58.946346,0,672.85291,58.960651,0,672.85291,58.95067,25.35,672.85522,59.0759295,0,672.85291,59.0724675,0,672.85291,59.088909,0,672.85291,59.2027015,0,672.85291,,,0,59.1945685,0,672.85291
FSLYFLAYEDK,2,16444105.3333333,698.34515,11,66.4632755,26.5,698.34515,66.0831565,39.38,698.34564,66.164795,36.88,698.34735,66.6124,41.29,698.34705,66.084103,26.7,698.3457,66.2104265,24.17,698.34521,66.289402,0,698.34515,66.738094,30.99,698.3476,66.213993,26.88,698.34259,66.2579305,29,698.34784,,,0,66.3380055,0,698.34515
GFGHIGIAVPDVYSAcK,3,21492945,597.63464,11,50.01449,40.32,597.97009,50.0692445,30.91,597.63544,50.137144,35.93,597.63599,50.109064,0,597.97009,50.0356885,45.65,597.63556,50.0411095,40.42,597.97137,50.132511,51.5,597.63666,50.2649725,40.77,597.97168,50.328913,0,597.97009,50.308569,0,597.97009,,,0,50.4639035,46.6,597.97205

