PeptideSeq,Charge,Abun,mz,NDP,t0,i0,m0,t1,i1,m1,t2,i2,m2,t3,i3,m3,t6,i6,m6,t7,i7,m7,t9,i9,m9,t13,i13,m13,t16,i16,m16,t21,i21,m21,t24,i24,m24,t31,i31,m31
IGFPWSEIR,2,19253392.2222222,552.79547,9,58.187948,27.78,552.79474,58.2293815,29.95,552.79474,58.330616,31.84,552.79675,58.250599,41.88,552.79553,58.249918,27.98,552.79517,58.266289,29.17,552.79572,58.3878345,32.95,552.79572,58.409239,51.95,553.29681,,,0,58.473425,33.75,552.79761,,,0,,,0
APDFVFYAPR,2,3147170.5,591.80072,8,53.042469,32.23,591.80194,53.2162075,29.44,591.80261,52.7481725,0,591.80194,53.1459195,29.94,591.80261,53.253778,33.24,591.80383,53.1061095,0,591.80194,52.9378125,31.63,592.30493,53.289249,30.11,592.30511,,,0,3186.341309,0,591.80194,,,0,,,0
QLQALSSELAQAR,2,3463925.75,707.88605,9,42.205246,39.47,707.88708,42.3556195,31.52,707.88831,42.268696,35.4,707.88727,42.255087,50.85,707.88763,42.259174,50.73,707.88892,42.047747,39.33,707.88672,42.3482035,0,707.88708,42.443346,35.01,708.38989,,,0,42.48683,21.75,708.39368,,,0,,,0
EVWFFGLQYVDSK,2,4484599.16666667,809.401,9,72.8447155,0,809.40314,72.9192925,34.68,809.40314,72.9498255,26.45,809.90259,72.8773995,0,809.40314,72.889446,24.48,809.40369,72.9432755,0,809.40314,73.059673,23.97,809.90283,73.0399895,26.17,809.40454,,,0,73.058628,19.35,809.90399,,,0,,,0
ILALcMGNHELYMR,3,3141244.8,574.28253,9,48.6312565,0,574.61676,48.6847265,0,574.61676,48.7168195,35.49,574.61676,48.7125475,29.03,574.61804,48.7320495,26.35,574.61786,48.6355995,0,574.61676,48.7223415,23.81,574.61761,48.835709,0,574.61676,,,0,48.888136,17.22,574.61987,,,0,,,0

