PeptideSeq,Charge,Abun,mz,NDP,t0,i0,m0,t1,i1,m1,t2,i2,m2,t3,i3,m3,t6,i6,m6,t7,i7,m7,t9,i9,m9,t13,i13,m13,t16,i16,m16,t21,i21,m21,t24,i24,m24,t31,i31,m31
SLGYAYVNFQQPADAER,2,533263,964.96051,1,50.386044,40.98,964.96173,,,0,,,0,3028.560059,23.29,965.46405,,,0,,,0,,,0,,,0,,,0,3032.605225,0,964.96173,,,0,3043.047607,0,964.96173
PLYVALAQR,2,12311845,515.80585,4,40.308464,0,516.31073,,,0,,,0,40.3641665,0,516.31073,,,0,,,0,,,0,,,0,,,0,40.373444,30.55,516.31073,,,0,40.4647445,22.27,516.31207

