PeptideSeq,Charge,Abun,mz,NDP,t0,i0,m0,t1,i1,m1,t2,i2,m2,t3,i3,m3,t6,i6,m6,t7,i7,m7,t9,i9,m9,t13,i13,m13,t16,i16,m16,t21,i21,m21,t24,i24,m24,t31,i31,m31
DAVLLVFANK,2,4671088,545.31879,5,,,0,,,0,,,0,,,0,58.859619,25.09,545.82141,58.8460045,25.71,545.31964,,,0,,,0,59.0133075,33.65,545.82343,59.103502,33.55,545.8252,,,0,59.129906,25.03,545.823

