PeptideSeq,Charge,Abun,mz,NDP,t0,i0,m0,t1,i1,m1,t2,i2,m2,t3,i3,m3,t6,i6,m6,t7,i7,m7,t9,i9,m9,t13,i13,m13,t16,i16,m16,t21,i21,m21,t24,i24,m24,t31,i31,m31
LFEVGGSPANTR,2,7250497,624.32257,4,36.071461,42.92,624.32434,36.16013,39.95,624.32446,,,0,35.7994365,31.15,624.32257,35.780666,41.69,624.32483,,,0,,,0,,,0,,,0,,,0,,,0,,,0
YENNVMNIR,2,3214839,576.77692,4,33.070854,0,576.77899,33.148739,36.71,576.77899,,,0,33.206993,0,576.77899,33.1480275,0,576.77899,,,0,,,0,,,0,,,0,,,0,,,0,,,0

