PeptideSeq,Charge,Abun,mz,NDP,t0,i0,m0,t1,i1,m1,t2,i2,m2,t3,i3,m3,t6,i6,m6,t7,i7,m7,t9,i9,m9,t13,i13,m13,t16,i16,m16,t21,i21,m21,t24,i24,m24,t31,i31,m31
FGVAEPR,2,100681990,388.2085,12,26.304616,48.16,388.20886,26.2602605,42.38,388.20886,26.3006655,49.5,388.20905,26.307642,35.59,388.2092,26.250079,0,388.20886,26.1548145,0,388.20886,26.5222015,47.9,388.20905,26.705226,44.07,388.20883,26.3527085,47.97,388.20895,26.6419685,48.87,388.20953,26.5418345,40.17,388.2099,26.574175,49.18,388.20953
AGIFQSAK,2,131957743,411.22943,12,26.3290425,39.37,411.23004,26.163846,36.93,411.23035,26.285446,40.84,411.23022,26.23598,36.73,411.22986,26.4201165,36.96,411.23074,26.3439235,0,411.23004,26.5330505,30.79,411.23016,26.7015725,40.64,411.22964,26.4968615,0,411.23004,26.7410985,39.77,411.23087,26.7020445,39.34,411.73367,26.731136,38.97,411.73264
NYDSMKDFEEMR,3,34611744.5454545,522.21838,12,40.130165,49.39,522.21967,40.191849,57.61,522.21991,40.2789195,37.7,522.22052,40.1873455,47.05,522.21985,40.2130835,49.15,522.21997,40.0249465,61.48,522.21973,40.3083625,43.68,522.55377,40.427784,46.36,522.55426,40.2701055,38.67,522.21954,40.3730715,24.93,522.22028,40.526806,30.51,522.55634,40.549105,0,522.21967
NYDSMKDFEEMR,2,2200452,782.82397,12,40.0827045,0,782.82672,40.1530625,49.3,782.82672,40.240614,46.69,782.82922,40.1740895,38.22,782.82813,40.1974775,61.91,782.82831,40.012791,58.33,782.82703,40.282297,49.43,782.82458,40.397024,0,782.82672,40.246355,34.15,783.32776,40.33482,39.51,783.33014,40.5023615,41.5,783.33075,40.513565,0,782.82672
SSGALLPK,2,7415678.8,386.73178,12,24.7193525,0,386.73303,24.6805315,0,386.73303,24.781021,0,386.73303,25.1089115,27.82,386.73303,24.759868,0,386.73303,24.730065,25.15,386.73233,24.856876,22.63,386.73218,24.9831655,24.06,386.73233,24.735634,0,386.73303,24.634241,0,386.73303,24.4809285,0,386.73303,25.1393955,23.5,386.73312

