PeptideSeq,Charge,Abun,mz,NDP,t0,i0,m0,t1,i1,m1,t2,i2,m2,t3,i3,m3,t6,i6,m6,t7,i7,m7,t9,i9,m9,t13,i13,m13,t16,i16,m16,t21,i21,m21,t24,i24,m24,t31,i31,m31
GTVLLSGPR,2,7234316.66666667,450.26907,12,30.944963,37.36,450.26929,31.0580675,40.82,450.26953,31.1034005,34.96,450.26959,31.064624,37.01,450.26831,31.043367,37.1,450.2691,30.965661,36.97,450.2702,31.114684,33.36,450.27002,31.3475,33.16,450.26904,31.1580095,37,450.26953,31.369188,34.02,450.271,31.3383695,30.07,450.2695,31.393529,36.71,450.27084
TNRPPLSLSR,3,7370170.5,380.88763,12,24.997618,30.61,380.88828,24.9991395,0,380.88828,25.145504,0,380.88828,25.0997,27.62,380.88837,25.0023085,31.23,381.22388,24.932782,35.89,380.88989,25.126203,37.1,380.88876,25.3226165,38.47,381.22321,25.0784395,34.66,380.88898,25.3527885,45.15,380.89032,25.329952,28.33,380.89047,25.3580505,38.84,380.88995
TNSTFNQVVLK,2,5889566,625.84058,12,36.4074245,31.67,625.84259,36.511778,31.49,625.84155,36.613548,23.49,625.84302,36.516943,0,625.84259,36.4781435,29.55,625.84351,36.392109,30.84,625.84143,36.5922355,43.26,626.34216,36.816208,32.2,626.34344,36.6664545,19.79,625.84137,36.833412,43.2,625.84393,36.9137595,33.88,626.34174,36.932556,35.01,626.341
ILTFDQLALESPK,2,11253365.3,737.91119,12,59.8308395,52.11,737.91107,59.805916,68.04,737.91321,59.9194335,57.64,737.91205,59.8157005,81.12,737.91235,59.87241,79.76,738.41498,59.8500135,32.01,737.91113,60.0037975,63.29,738.41388,59.927221,51.41,738.41217,60.012539,36.99,737.91187,60.0700875,0,737.91107,60.1403465,51.11,738.41705,60.091551,0,737.91107

