PeptideSeq,Charge,Abun,mz,NDP,t0,i0,m0,t1,i1,m1,t2,i2,m2,t3,i3,m3,t6,i6,m6,t7,i7,m7,t9,i9,m9,t13,i13,m13,t16,i16,m16,t21,i21,m21,t24,i24,m24,t31,i31,m31
PMTLGYWDIR,2,12241015.25,626.31317,12,57.931179,54.79,626.3139,58.085396,50.87,626.3136,58.101288,41.59,626.31519,57.737629,30.64,626.31439,57.495367,37.29,626.31464,58.065262,54.66,626.31219,57.7394335,59.86,626.81537,57.7900755,57.37,626.31329,57.5314945,30.3,626.31451,58.2427595,37.64,626.31476,58.289503,26.26,626.81665,57.862421,27.54,626.31696
YTMGDAPDYDR,2,9624963,652.2666,12,33.675169,60.57,652.26801,33.6958635,45.53,652.26843,33.833952,74.8,652.26831,34.0502965,60.08,652.26862,34.042082,59.21,652.26849,33.9399585,52.97,652.26837,34.1128425,0,652.26801,34.422525,71.72,652.26782,33.902504,0,652.26801,34.028208,38.34,652.27045,34.1648065,56.44,652.27057,34.149334,30.58,652.77094
VDILENQAMDTR,2,12093697.3636364,702.84302,12,41.98452,62.86,702.84399,42.032993,73.36,702.8421,42.4410915,51.62,702.84576,41.9865555,33.59,703.34705,42.0163785,50.76,702.84534,42.0794965,30.56,702.84369,42.26004,84.15,703.34442,42.342159,79.63,703.34637,42.4530715,29.23,702.84601,42.4209535,27.18,703.34869,42.4424285,75.86,703.34741,42.5024895,0,702.84399
IQLAMVcYSPDFEK,2,4313222.18181818,850.90472,12,57.072529,70.48,850.90643,57.1353685,57.81,850.90588,57.2592735,62.99,850.90717,57.124853,55.13,850.9068,57.166811,70.53,850.90656,57.1547205,33.18,850.90875,57.284895,38.71,851.41174,57.2872125,47.01,851.41052,57.3394335,49.98,851.41272,57.3473015,73.75,851.4118,57.4343225,52.5,851.41193,57.4252475,0,850.90643
VTYVDFLVYDVLDQHR,3,23517389,661.33881,12,73.8132785,51.51,661.34082,73.876045,63.41,661.34119,73.9225385,48.8,661.33997,73.7239955,40.66,661.34113,73.869389,34.84,661.34106,73.877674,48.64,661.34131,73.981342,40.85,661.67596,73.9760475,68.77,661.67572,73.9394115,0,661.34082,73.9535865,54.29,661.677,73.9781,46.18,661.67755,73.9141505,0,661.34082

