PeptideSeq,Charge,Abun,mz,NDP,t0,i0,m0,t1,i1,m1,t2,i2,m2,t3,i3,m3,t6,i6,m6,t7,i7,m7,t9,i9,m9,t13,i13,m13,t16,i16,m16,t21,i21,m21,t24,i24,m24,t31,i31,m31
AVIAPSGVEK,2,33013896.3636364,485.78201,12,25.7539855,43.99,485.78293,25.793543,29.8,485.78345,25.888998,40.09,485.78333,25.8758505,43.89,485.78336,25.789298,43.87,485.7836,25.7133045,43.9,485.78323,25.9178205,0,485.78293,26.1315365,43.49,485.78281,25.918847,43.81,485.78345,26.1776265,43.58,485.78424,26.1215755,43.53,485.78448,26.178364,43.53,485.78412
EVNGLPIMESNYFDPSK,2,15917665.5,970.45892,12,63.049435,21.45,970.46167,63.132591,25.86,970.96008,63.203167,41.32,970.4624,63.1513005,26.28,970.45935,63.146513,0,970.46167,63.178772,30.02,970.9519,63.3279595,35.14,970.46082,63.2775515,35.73,970.96289,63.289593,37.63,970.96332,64.587877,26.13,970.96661,63.440378,0,970.46167,63.3824235,36.5,970.96387

