PeptideSeq,Charge,Abun,mz,NDP,t0,i0,m0,t1,i1,m1,t2,i2,m2,t3,i3,m3,t6,i6,m6,t7,i7,m7,t9,i9,m9,t13,i13,m13,t16,i16,m16,t21,i21,m21,t24,i24,m24,t31,i31,m31
LSELHLEVR,3,10128416.0833333,365.87674,12,33.597576,42.69,365.87759,33.6734985,39.26,365.87778,33.783785,47.95,365.87805,33.7151145,42.75,365.87766,33.731775,32.93,365.87772,33.609194,38.81,365.87747,34.165287,42.75,365.8779,34.032835,42.6,365.8775,33.8669375,42.47,365.87827,33.990784,38.32,366.21301,34.0751895,34.51,366.21329,34.0700395,32.55,365.87845
ADSSMSQEQLR,2,2284878,626.28534,12,23.2773535,54.81,626.28577,23.274453,54.99,626.28583,23.423188,46.13,626.2865,23.0677125,45.66,626.28638,23.227008,38.14,626.28564,23.1449725,35.02,626.28369,23.35384,0,626.28577,23.301254,67.26,626.78918,23.423794,19.53,626.789,23.750735,28.99,626.7887,23.700469,0,626.28577,23.7639035,0,626.28577
TQYEQTLAELNR,2,4409182.33333333,733.36768,11,41.0182995,50.22,733.36713,40.6397325,60.76,733.36749,41.020092,0,733.36713,40.494186,0,733.36713,40.6049975,0,733.36713,40.331024,0,733.36713,40.701193,45.45,733.87122,41.437704,0,733.36713,40.7418025,0,733.36713,40.8341065,0,733.36713,40.8971805,0,733.36713,41.6630745,0,733.36713
LcGDLVScFQER,2,22581570.8,742.33704,12,46.7120095,53.2,742.34125,47.270792,53.58,742.34082,47.3312015,38.66,742.3385,46.800705,28.64,742.83734,46.755308,0,742.34125,47.158653,0,742.34125,47.3770465,56.35,742.33759,46.904791,0,742.34125,47.8809205,0,742.34125,46.933779,0,742.34125,46.985834,0,742.34125,47.6415325,0,742.34125
ALYDYAGQEADELSFR,3,863713.5,616.61969,12,57.4311505,26.36,616.61902,57.5100995,0,616.61902,57.629225,0,616.61902,57.5142305,35.18,616.62231,57.5388485,0,616.61902,57.5196285,0,616.61902,57.643219,0,616.61902,57.672785,0,616.61902,57.645973,0,616.61902,57.696329,0,616.61902,57.7884675,0,616.61902,57.782707,0,616.61902
ALYDYAGQEADELSFR,2,6829420.85714286,924.42596,12,57.443888,92.59,924.42786,57.5066835,82.69,924.42889,57.1787435,52.88,924.4295,57.484657,44.82,924.42957,57.5388905,38.28,924.93036,57.51981,53.15,924.92914,57.6315535,0,924.42786,57.685654,30.91,924.42712,57.658678,0,924.42786,57.705492,0,924.42786,57.7731015,0,924.42786,57.7828525,0,924.42786
STHGPGMAMNWPQFEEWSLDTQR,3,4363201.8,902.40057,12,62.102232,37.94,902.40131,62.2171595,0,902.40131,62.3043425,24.04,902.73669,62.2158165,17.47,902.73492,62.2580205,0,902.40131,62.240635,0,902.40131,62.5372845,32.2,902.73444,62.527271,33.01,902.7381,62.364267,0,902.40131,62.409256,0,902.40131,62.5326045,0,902.40131,62.629427,0,902.40131

