PeptideSeq,Charge,Abun,mz,NDP,t0,i0,m0,t1,i1,m1,t2,i2,m2,t3,i3,m3,t6,i6,m6,t7,i7,m7,t9,i9,m9,t13,i13,m13,t16,i16,m16,t21,i21,m21,t24,i24,m24,t31,i31,m31
ILEPGLNVLIPVLDR,2,1596072.2,831.00342,5,,,0,74.109604,24.56,831.00549,74.1772615,33.02,831.00659,74.098755,36.36,831.00568,74.088024,58.27,831.00775,,,0,,,0,,,0,74.2233085,24.49,831.50781,,,0,,,0,,,0

