PeptideSeq,Charge,Abun,mz,NDP,t0,i0,m0,t1,i1,m1,t2,i2,m2,t3,i3,m3,t6,i6,m6,t7,i7,m7,t9,i9,m9,t13,i13,m13,t16,i16,m16,t21,i21,m21,t24,i24,m24,t31,i31,m31
LNAFGNAFLNR,2,1161648.33333333,618.82782,3,,,0,49.644348,31.85,618.83038,,,0,,,0,,,0,49.5695705,28.98,618.82916,,,0,,,0,,,0,49.870703,27.67,618.8316,,,0,,,0

