PeptideSeq,Charge,Abun,mz,NDP,t0,i0,m0,t1,i1,m1,t2,i2,m2,t3,i3,m3,t6,i6,m6,t7,i7,m7,t9,i9,m9,t13,i13,m13,t16,i16,m16,t21,i21,m21,t24,i24,m24,t31,i31,m31
AFSGYLGPDESK,2,35016923,635.80115,12,37.765665,24.03,635.80225,37.837599,24.45,635.80231,37.955784,26.37,635.80249,38.075947,19.92,635.80243,37.9344195,29.23,635.80267,37.550882,25.34,635.80237,38.0673905,23.84,635.80237,38.4398535,0,635.80225,38.060442,0,635.80225,38.292715,27.37,635.80396,38.9172805,17.95,635.80438,38.897648,23.56,635.80316
MYSYVTEELPQLINANFPVDPQR,3,6747718.90909091,908.78278,12,74.861252,37.23,909.45416,74.98732,31.7,908.78516,75.1216965,31.18,908.78491,75.194126,28.09,909.11908,75.021137,31.01,909.11975,74.972908,44.02,908.78497,74.9862215,33.02,909.11926,75.1285515,33.16,909.11908,74.925346,44.66,908.78381,74.976097,47.18,909.12061,75.3304215,26.51,908.78754,74.8714675,0,909.45416
SVSAFAPIcNPVLcSWGK,2,14098612.2857143,996.98712,12,64.1779655,0,996.99176,64.071512,33.86,996.99176,63.9353425,21.86,996.98712,64.215469,59.31,996.99121,63.8614695,31.44,996.98969,64.2710345,87.21,996.98871,64.065182,34.13,997.49103,63.9490225,0,996.99176,64.00737,0,996.99176,64.3444595,0,996.99176,64.4609185,34.78,997.4931,64.1451395,0,996.99176

