PeptideSeq,Charge,Abun,mz,NDP,t0,i0,m0,t1,i1,m1,t2,i2,m2,t3,i3,m3,t6,i6,m6,t7,i7,m7,t9,i9,m9,t13,i13,m13,t16,i16,m16,t21,i21,m21,t24,i24,m24,t31,i31,m31
VGKPLLK,2,4026977,377.76291,2,1860.890015,28.34,377.76361,31.1465095,28.23,377.76385,,,0,,,0,,,0,,,0,,,0,,,0,,,0,,,0,31.415816,28.08,377.76529,,,0

