PeptideSeq,Charge,Abun,mz,NDP,t0,i0,m0,t1,i1,m1,t2,i2,m2,t3,i3,m3,t6,i6,m6,t7,i7,m7,t9,i9,m9,t13,i13,m13,t16,i16,m16,t21,i21,m21,t24,i24,m24,t31,i31,m31
LPFAAAQIGNSFR,2,772512.333333333,696.37512,3,,,0,,,0,,,0,3170.060059,34.72,696.37677,52.916428,39.35,696.87872,3164.709961,45.78,696.37537,52.915798,40.98,696.37677,53.011133,33.16,696.37671,,,0,3177.428467,0,696.37677,,,0,,,0
TFFSFPAVVAPFK,2,4554488,729.39502,6,,,0,,,0,,,0,71.6109465,0,729.89862,71.620705,0,729.89862,71.6425095,22.87,729.89862,71.774963,0,729.89862,71.7328035,0,729.89862,,,0,71.8117525,27.08,729.90106,,,0,,,0

