PeptideSeq,Charge,Abun,mz,NDP,t0,i0,m0,t1,i1,m1,t2,i2,m2,t3,i3,m3,t6,i6,m6,t7,i7,m7,t9,i9,m9,t13,i13,m13,t16,i16,m16,t21,i21,m21,t24,i24,m24,t31,i31,m31
AELNEFLTR,2,7718625,546.78784,11,44.674036,38.1,546.78925,44.7917425,37.13,546.789,44.6334075,52.65,546.78925,44.727774,43.78,547.29102,44.402792,36.53,546.78943,44.2219185,47.08,547.28699,44.8718185,30.58,546.79095,45.054739,57.02,547.29108,44.878534,43.18,547.28961,44.6493205,39.8,546.79187,45.0353395,43.53,547.2923,,,0
IMLPWDPSGK,2,2047217,572.297,9,58.4689445,0,572.29767,58.533344,0,572.29767,3520.459961,22.97,572.29767,58.5391155,0,572.29767,58.556534,0,572.29767,3515.773193,0,572.29767,58.6986485,0,572.29767,58.7014525,0,572.29767,58.7284335,0,572.29767,58.7930415,30.12,572.29871,59.2015875,0,572.29767,,,0
DEILPTTPISEQK,2,3861458.25,735.88794,11,46.425457,0,735.88922,46.534773,42.56,735.88922,46.535881,50.02,735.88965,46.4784395,0,735.88922,46.484997,0,735.88922,46.385815,38.54,735.88885,46.5898015,24.12,735.88983,46.655687,0,735.88922,46.6340045,0,735.88922,46.7308735,0,735.88922,46.7882135,0,735.88922,,,0

