PeptideSeq,Charge,Abun,mz,NDP,t0,i0,m0,t1,i1,m1,t2,i2,m2,t3,i3,m3,t6,i6,m6,t7,i7,m7,t9,i9,m9,t13,i13,m13,t16,i16,m16,t21,i21,m21,t24,i24,m24,t31,i31,m31
TVQGAFFGVPVYK,2,6748012,706.88226,5,55.269953,26.84,706.88245,55.351803,29.47,707.38403,55.444206,0,706.88245,55.3493825,27.54,706.88385,,,0,,,0,55.495735,29.51,707.38513,,,0,,,0,,,0,,,0,,,0
QQNSHGGFSSTQDTVVALQALSK,3,1468278.5,801.7348,4,47.1982975,17.35,802.07251,47.2542975,0,802.07251,47.317051,0,802.07251,47.2676925,50.76,802.07117,,,0,,,0,2835.581299,0,802.07251,,,0,,,0,,,0,,,0,,,0
IHYLLNEDIMK,3,6837996,463.57959,5,44.056528,0,463.58017,44.154148,0,463.58017,44.198107,40.42,463.58017,44.11664,42.17,463.58109,,,0,,,0,44.2069705,38.02,463.91504,,,0,,,0,,,0,,,0,,,0

