PeptideSeq,Charge,Abun,mz,NDP,t0,i0,m0,t1,i1,m1,t2,i2,m2,t3,i3,m3,t6,i6,m6,t7,i7,m7,t9,i9,m9,t13,i13,m13,t16,i16,m16,t21,i21,m21,t24,i24,m24,t31,i31,m31
YASMINK,2,9957105.08333333,413.70999,12,22.8710605,38.29,413.71066,22.875687,34.8,413.71069,22.98777,38.71,413.71063,22.648352,24.61,413.71057,22.5376645,37.8,413.711,22.7326565,34.83,413.71069,22.6654475,37.97,413.71048,22.882724,21.98,413.71036,22.9575845,38.16,413.71078,23.2479855,37.36,413.71106,23.1547625,34.42,413.71155,23.2697805,37.74,413.71164
ATPYNYPVPVR,2,37306950,638.83783,12,38.544167,0,638.84192,38.649004,0,638.84192,39.032892,25.92,638.84192,38.5988275,0,638.84192,38.5584125,0,638.84192,38.4818805,0,638.84192,38.776598,0,638.84192,38.972887,0,638.84192,38.7491605,0,638.84192,38.9490435,0,638.84192,39.023085,0,638.84192,39.024113,32.15,638.84357

