PeptideSeq,Charge,Abun,mz,NDP,t0,i0,m0,t1,i1,m1,t2,i2,m2,t3,i3,m3,t6,i6,m6,t7,i7,m7,t9,i9,m9,t13,i13,m13,t16,i16,m16,t21,i21,m21,t24,i24,m24,t31,i31,m31
LEGLEDALQK,2,13946025,558.30078,4,41.7357235,28.74,558.30347,,,0,41.594641,0,558.30347,,,0,,,0,41.2641545,0,558.30347,,,0,,,0,,,0,,,0,,,0,41.855715,26.15,558.30597
YEELQVTAGR,2,37298559.5,583.29602,3,32.1420555,50.93,583.297,,,0,1938.219971,44.13,583.29663,,,0,,,0,32.0842,39.65,583.29718,,,0,,,0,,,0,,,0,,,0,32.603882,0,583.297
TAAENEFVTLK,2,62424835,611.81934,4,38.6863555,0,611.81885,,,0,38.812874,0,611.81885,,,0,,,0,38.3271885,21,611.81885,,,0,,,0,,,0,,,0,,,0,39.096773,26.87,611.82324
LLEGEEcR,2,7364357,503.23712,3,,,0,,,0,22.701168,23.17,503.23825,,,0,,,0,22.558647,0,503.23825,,,0,,,0,,,0,,,0,,,0,23.085248,0,503.23825
LALDVEIATYR,2,98501503.3333333,632.35077,3,,,0,,,0,53.851837,55.17,632.35114,,,0,,,0,53.7134285,64.33,632.35193,,,0,,,0,,,0,,,0,,,0,54.1052935,64.29,632.35297
SLDLDSIIAEVK,2,46004020,651.86121,1,,,0,,,0,,,0,,,0,,,0,68.2956735,49.43,651.86395,,,0,,,0,,,0,,,0,,,0,,,0

