PeptideSeq,Charge,Abun,mz,NDP,t0,i0,m0,t1,i1,m1,t2,i2,m2,t3,i3,m3,t6,i6,m6,t7,i7,m7,t9,i9,m9,t13,i13,m13,t16,i16,m16,t21,i21,m21,t24,i24,m24,t31,i31,m31
AIQYGASAHDWMFR,3,9946709.28571429,551.59277,8,,,0,,,0,45.414602,0,551.59241,45.398569,23.59,551.59241,45.3788015,31.23,551.59247,45.2350885,24.78,551.59314,45.439272,34,551.59222,45.532734,28.94,551.9259,45.4731275,26.09,551.59204,45.6166855,44.43,551.92798,,,0,,,0
LFRPWLNMDR,3,4328469.5,449.90451,8,,,0,,,0,46.942839,0,449.90546,46.9073775,0,449.90546,46.8970165,0,449.90546,46.830467,0,449.90546,46.931084,23.46,449.90546,47.088028,20.85,449.90573,47.0157205,0,449.90546,47.060282,0,449.90546,,,0,,,0

