PeptideSeq,Charge,Abun,mz,NDP,t0,i0,m0,t1,i1,m1,t2,i2,m2,t3,i3,m3,t6,i6,m6,t7,i7,m7,t9,i9,m9,t13,i13,m13,t16,i16,m16,t21,i21,m21,t24,i24,m24,t31,i31,m31
YDPTIEDSYR,2,2248710.85714286,629.78296,7,35.565205,42.69,629.78357,2132.620117,42.07,629.78394,35.696955,39.51,629.78241,35.613951,39.23,629.78296,35.549828,37.82,629.78339,,,0,35.6873725,36.08,629.78357,35.9535905,41.79,629.78339,2121.087646,0,629.78357,,,0,,,0,35.9642085,41.53,629.78394
INVNEIFYDLVR,2,8426711.75,747.90118,9,74.909561,57.56,747.90356,74.9703675,51.98,747.9057,75.010803,26.84,747.90479,74.973667,82.46,747.90338,74.965565,35.31,747.90332,,,0,75.0258405,47.16,748.40472,75.083313,59.7,748.40631,75.0194815,63.16,748.40472,,,0,,,0,75.0664215,0,747.90356

