PeptideSeq,Charge,Abun,mz,NDP,t0,i0,m0,t1,i1,m1,t2,i2,m2,t3,i3,m3,t6,i6,m6,t7,i7,m7,t9,i9,m9,t13,i13,m13,t16,i16,m16,t21,i21,m21,t24,i24,m24,t31,i31,m31
GGAVVDEGPTGIK,2,3038190.66666667,600.31696,5,29.3000595,28.74,600.31934,29.3809435,35.28,600.3194,29.513257,0,600.31934,,,0,,,0,29.2765055,19.89,600.82129,,,0,29.7233015,0,600.31934,,,0,,,0,,,0,,,0
PLVAPQVGGGTEPR,2,1747081.5,689.37787,5,34.4146195,27.77,689.37854,34.445154,19.01,689.37939,34.59729,0,689.37854,,,0,,,0,34.371649,0,689.37854,,,0,34.814764,0,689.37854,,,0,,,0,,,0,,,0
LHKPPVDVGVDSR,3,5307964,473.59653,5,24.215175,0,473.59802,24.2374745,0,473.59802,24.3725435,52.7,473.59802,,,0,,,0,24.1546395,52.64,473.59698,,,0,24.61667,29.99,473.93137,,,0,,,0,,,0,,,0

