PeptideSeq,Charge,Abun,mz,NDP,t0,i0,m0,t1,i1,m1,t2,i2,m2,t3,i3,m3,t6,i6,m6,t7,i7,m7,t9,i9,m9,t13,i13,m13,t16,i16,m16,t21,i21,m21,t24,i24,m24,t31,i31,m31
LLLATMEALNGGK,2,3812826.08333333,665.8736,12,54.3319935,24.64,665.87372,54.460297,68.26,665.87451,54.53018,45.45,665.87311,54.4004555,53.08,665.87402,54.469658,71.53,666.37616,54.3620625,52.23,665.87213,54.5341145,52.96,666.37622,54.586277,56.8,666.37738,54.659996,67.64,666.37787,54.7051125,48.58,665.87598,54.7495935,56.45,665.87653,54.7322255,44.95,666.37836
GFFVQPTVFSNVTDEMR,2,3588878.5,987.47491,12,66.5883485,0,987.47864,66.5072365,44.35,987.47864,66.702652,0,987.47864,66.5030785,25.82,987.97778,66.657139,0,987.47864,66.697784,36.17,987.47638,66.777096,52.33,987.97955,66.7644995,0,987.47864,66.70998,0,987.47864,66.8005145,0,987.47864,66.9484595,0,987.47864,66.87249,0,987.47864
ANNTTYGLAAGLFTK,2,5506050.5,771.40155,12,53.4587135,0,771.4046,53.592268,34.07,771.4046,53.6153355,0,771.4046,53.542015,0,771.4046,53.6155585,0,771.4046,53.4937155,46.58,771.40369,53.6662975,0,771.4046,53.739063,25.86,771.40625,53.784952,0,771.4046,53.853523,0,771.4046,53.9111325,0,771.4046,53.9109195,33.47,771.90692
IHGQTIPSDGDIFTYTR,3,7598758.5,640.98651,12,44.869694,0,640.98755,45.014326,0,640.98755,45.0093805,0,640.98755,44.959053,0,640.98755,44.9556675,39.76,640.98755,44.8130535,0,640.98755,45.0559215,48.69,640.98718,45.092241,0,640.98755,45.080927,0,640.98755,45.234869,0,640.98755,45.2739335,0,640.98755,45.3503075,0,640.98755

