PeptideSeq,Charge,Abun,mz,NDP,t0,i0,m0,t1,i1,m1,t2,i2,m2,t3,i3,m3,t6,i6,m6,t7,i7,m7,t9,i9,m9,t13,i13,m13,t16,i16,m16,t21,i21,m21,t24,i24,m24,t31,i31,m31
TQEILSQLPFK,2,31665240,652.36646,6,,,0,53.3725835,39.47,652.36761,,,0,53.6249655,43.35,652.36749,53.704536,31.46,652.36731,53.2847365,27.77,652.36621,,,0,,,0,53.585821,27.92,652.36798,,,0,54.0170535,41.47,652.36957,,,0

