PeptideSeq,Charge,Abun,mz,NDP,t0,i0,m0,t1,i1,m1,t2,i2,m2,t3,i3,m3,t6,i6,m6,t7,i7,m7,t9,i9,m9,t13,i13,m13,t16,i16,m16,t21,i21,m21,t24,i24,m24,t31,i31,m31
VVFGLFGK,2,3312730.16666667,433.76038,10,54.332195,23.69,433.7616,,,0,54.568808,0,433.7616,54.409519,17.84,433.76135,54.508009,23.7,433.76193,,,0,54.5371765,32.75,433.7608,54.6153505,21.86,433.76135,54.647377,0,433.7616,54.7310025,0,433.7616,54.7751405,0,433.7616,54.7322255,20.09,433.76184
DFMIQGGDFTR,2,5992987.11111111,643.79535,10,53.381912,32.22,643.79694,,,0,53.2675745,32.78,643.79761,53.4656235,34.78,643.79645,53.233845,34.92,643.79633,,,0,53.5502455,31.54,643.7962,53.3297745,29.97,643.79718,53.691719,0,643.79694,53.466795,31.95,643.79871,53.47352,40.79,644.30103,53.4986155,29.69,644.30005
TVDNFVALATGEK,2,5768783.6,682.85645,10,51.9104025,0,682.8606,,,0,51.8919275,44.79,682.8606,51.9612025,0,682.8606,52.0177765,35.41,682.86609,,,0,51.9845045,30.92,682.86584,52.1608735,0,682.8606,52.1804925,32.47,682.86523,52.239359,0,682.8606,52.3393075,0,682.8606,52.3334005,21.44,683.36627

