PeptideSeq,Charge,Abun,mz,NDP,t0,i0,m0,t1,i1,m1,t2,i2,m2,t3,i3,m3,t6,i6,m6,t7,i7,m7,t9,i9,m9,t13,i13,m13,t16,i16,m16,t21,i21,m21,t24,i24,m24,t31,i31,m31
ILQAVNFPFLVK,2,4118477.09090909,694.91864,12,65.837742,25.16,694.92017,65.8542825,27.2,694.92059,65.967846,25.59,695.42175,65.8891065,28.19,695.42145,65.8955575,30.35,694.91956,65.894604,36.47,695.42084,66.065556,27.04,694.92072,66.058697,24.94,694.92065,66.05254,23.73,695.42169,66.0914075,26.42,695.42255,66.243206,20.1,695.42236,66.1239015,0,694.92017
WFATTDWIAIYQR,2,5325590.2,835.91992,12,69.969574,0,836.42126,69.948322,0,836.42126,70.051376,27.64,836.42126,69.9635355,72.63,836.42358,70.0207865,0,836.42126,70.0078735,0,836.42126,70.1392175,0,836.42126,70.111164,65.09,836.42438,70.089172,0,836.42126,70.1253965,68.51,836.42603,70.2977635,36.81,836.42633,70.1513175,0,836.42126

