PeptideSeq,Charge,Abun,mz,NDP,t0,i0,m0,t1,i1,m1,t2,i2,m2,t3,i3,m3,t6,i6,m6,t7,i7,m7,t9,i9,m9,t13,i13,m13,t16,i16,m16,t21,i21,m21,t24,i24,m24,t31,i31,m31
KPMSQEEMEFIQR,3,3628539,551.59723,9,35.647875,38.62,551.59827,35.682522,32.77,551.59863,35.821684,31.06,551.59906,,,0,35.7383535,24.46,551.59937,35.6053255,0,551.59827,35.826605,34.29,551.59851,36.042116,28.34,551.5979,,,0,36.267742,47.04,551.60101,,,0,36.0460855,26.79,551.93317

