PeptideSeq,Charge,Abun,mz,NDP,t0,i0,m0,t1,i1,m1,t2,i2,m2,t3,i3,m3,t6,i6,m6,t7,i7,m7,t9,i9,m9,t13,i13,m13,t16,i16,m16,t21,i21,m21,t24,i24,m24,t31,i31,m31
STPAITLENPDIK,2,2560493.875,699.87738,8,42.810064,48.73,699.87903,42.8976155,40.11,699.88171,42.9216635,82.37,699.88049,42.8515945,42.02,699.8819,42.862005,28.56,699.88263,,,0,,,0,43.076033,36.46,699.88007,,,0,43.1240785,20.15,699.88239,43.1624205,26.72,700.38397,,,0
IGDTIEFR,2,4065198.5,475.75073,8,38.14847,0,475.75278,38.244152,0,475.75278,37.87413,27.6,475.75278,37.941433,0,475.75278,38.2106665,27.9,475.75266,,,0,,,0,39.0372525,0,475.75278,,,0,38.5588435,0,475.75278,38.8712595,0,475.75278,,,0

