PeptideSeq,Charge,Abun,mz,NDP,t0,i0,m0,t1,i1,m1,t2,i2,m2,t3,i3,m3,t6,i6,m6,t7,i7,m7,t9,i9,m9,t13,i13,m13,t16,i16,m16,t21,i21,m21,t24,i24,m24,t31,i31,m31
AEGAAQLSEER,2,4724911,580.7807,7,22.0248595,33.88,580.78186,22.080222,32.06,580.78302,22.1665355,30.04,580.78113,22.1532575,35.41,580.7821,,,0,21.982399,32.1,580.7818,,,0,,,0,,,0,22.323843,31.11,581.2854,,,0,22.5020265,30.01,580.78436

