PeptideSeq,Charge,Abun,mz,NDP,t0,i0,m0,t1,i1,m1,t2,i2,m2,t3,i3,m3,t6,i6,m6,t7,i7,m7,t9,i9,m9,t13,i13,m13,t16,i16,m16,t21,i21,m21,t24,i24,m24,t31,i31,m31
QMTDPNVALTFLEK,2,1868385.33333333,803.91089,5,61.3099465,20.74,803.91254,60.8215045,22.63,803.91449,60.9666195,0,803.91254,,,0,60.879631,0,803.91254,,,0,61.5038795,21.58,803.91174,,,0,,,0,,,0,,,0,,,0
QWLIDTLYAFNSGAVDR,2,1083271,984.99432,5,76.134659,0,985.00073,76.200039,0,985.00073,76.2542915,29.16,985.00073,,,0,76.254242,31.75,985.49994,,,0,76.313793,0,985.00073,,,0,,,0,,,0,,,0,,,0

