PeptideSeq,Charge,Abun,mz,NDP,t0,i0,m0,t1,i1,m1,t2,i2,m2,t3,i3,m3,t6,i6,m6,t7,i7,m7,t9,i9,m9,t13,i13,m13,t16,i16,m16,t21,i21,m21,t24,i24,m24,t31,i31,m31
IQEYNVLLDTLSR,2,3962706.6,782.42249,10,61.3222405,66.53,782.92743,61.339195,62.51,782.93134,61.438688,72.54,782.42535,61.3908215,80.9,782.42603,61.417734,58.79,782.42719,61.4077435,55.68,782.42633,,,0,61.2950265,63.3,782.92828,,,0,61.247635,30.96,782.93164,61.2786045,43.95,782.93475,61.234869,36.17,782.9317
HVESIGDPEHISR,3,1093176,492.57944,10,23.4167375,0,492.5809,23.439581,24.11,492.5809,23.8572025,0,492.5809,23.5187925,0,492.5809,23.7382965,0,492.5809,23.310334,0,492.5809,,,0,23.7786145,23.33,492.58038,,,0,24.1300615,0,492.5809,23.7209265,0,492.5809,24.430746,0,492.5809

