PeptideSeq,Charge,Abun,mz,NDP,t0,i0,m0,t1,i1,m1,t2,i2,m2,t3,i3,m3,t6,i6,m6,t7,i7,m7,t9,i9,m9,t13,i13,m13,t16,i16,m16,t21,i21,m21,t24,i24,m24,t31,i31,m31
IYDALDITLIER,2,1670831,717.89557,6,63.7708035,31.97,717.8988,64.2252925,45.98,717.89587,63.899376,37.6,717.89526,,,0,64.184149,21.94,717.89563,63.8255215,48.25,717.89679,64.347763,23.12,717.89514,,,0,,,0,,,0,,,0,,,0

