PeptideSeq,Charge,Abun,mz,NDP,t0,i0,m0,t1,i1,m1,t2,i2,m2,t3,i3,m3,t6,i6,m6,t7,i7,m7,t9,i9,m9,t13,i13,m13,t16,i16,m16,t21,i21,m21,t24,i24,m24,t31,i31,m31
VLSDLGEGEKV,2,12294997.25,573.30603,4,,,0,,,0,,,0,,,0,,,0,,,0,44.4644355,27.89,573.80371,44.371971,27.4,573.80438,,,0,44.711035,26.56,573.80518,,,0,44.7457275,30.46,573.8042

