PeptideSeq,Charge,Abun,mz,NDP,t0,i0,m0,t1,i1,m1,t2,i2,m2,t3,i3,m3,t6,i6,m6,t7,i7,m7,t9,i9,m9,t13,i13,m13,t16,i16,m16,t21,i21,m21,t24,i24,m24,t31,i31,m31
MWDAVLYR,2,9638622.66666667,527.26294,10,,,0,50.4271525,43.92,527.2644,50.4937365,43.63,527.26392,50.3972035,43.68,527.26398,50.510065,30.97,527.2641,50.263344,29.37,527.26428,50.4320525,44.03,527.26392,50.638153,0,527.2644,50.6081355,47.71,527.26477,50.6736125,45.62,527.26514,,,0,50.765869,34.54,527.26575
SLcTSSTQPLIPVAH,2,6235395.66666667,805.914,10,,,0,45.624964,33.64,805.91919,45.620352,0,805.91919,45.531273,0,805.91919,45.582033,0,805.91919,45.448942,0,805.91919,45.649687,32.38,805.91498,46.140156,34.78,805.9151,45.711813,0,805.91919,45.835314,0,805.91919,,,0,45.967134,0,805.91919

