PeptideSeq,Charge,Abun,mz,NDP,t0,i0,m0,t1,i1,m1,t2,i2,m2,t3,i3,m3,t6,i6,m6,t7,i7,m7,t9,i9,m9,t13,i13,m13,t16,i16,m16,t21,i21,m21,t24,i24,m24,t31,i31,m31
GVQVETISPGDGR,2,29126480,657.83606,12,32.026998,41.87,657.83624,32.026537,36.76,657.83673,32.224535,41.08,657.83661,32.1409245,36.22,657.83655,32.110191,0,657.83624,31.9847545,0,657.83624,32.146746,33.48,658.33685,32.471058,36.38,657.83575,32.300228,38.02,657.83594,32.339451,35.78,657.8374,32.428333,41.76,657.84247,32.4100685,0,657.83624
GQTcVVHYTGMLEDGK,3,4881021.5,598.94318,12,36.1910495,34.31,599.27728,36.2401335,0,599.27728,36.413006,0,599.27728,36.273283,0,599.27728,36.2325665,0,599.27728,36.153179,0,599.27728,36.38088,37.27,598.9436,36.600939,0,599.27728,36.388542,0,599.27728,36.586935,0,599.27728,36.6823195,0,599.27728,36.681381,0,599.27728
RGQTcVVHYTGMLEDGK,3,4761553.28571429,650.97687,12,30.488963,22.13,651.31531,30.6527205,18.69,650.97882,30.694206,23.51,650.97931,30.6110535,0,651.31531,30.5680685,20.61,650.97913,30.4775655,23.21,650.97845,30.6613925,24.22,651.31372,30.91299,18.81,651.31506,30.700142,0,651.31531,30.920636,0,651.31531,30.873822,0,651.31531,30.9498225,0,651.31531
GWEEGVAQMSVGQR,2,30883377.5,767.35938,12,46.0114365,0,767.36096,46.130873,99.89,767.36096,46.1295265,0,767.36096,46.057638,0,767.36096,46.068796,0,767.36096,45.962635,0,767.36096,46.151123,76.75,767.35913,46.272125,0,767.36096,46.100733,59.6,767.3645,46.2066635,0,767.36096,46.263468,0,767.36096,46.389755,67.88,767.36407
GQTcVVHYTGMLEDGKK,4,10558099,481.48294,12,30.386219,0,481.48459,30.5493175,39.1,481.48459,30.598466,0,481.48459,30.501694,0,481.48459,30.454049,0,481.48459,30.386094,0,481.48459,30.5531855,37.49,481.48416,30.820161,0,481.48459,30.6207875,29.39,481.48416,30.8217885,0,481.48459,30.7819995,0,481.48459,30.8524665,0,481.48459

