PeptideSeq,Charge,Abun,mz,NDP,t0,i0,m0,t1,i1,m1,t2,i2,m2,t3,i3,m3,t6,i6,m6,t7,i7,m7,t9,i9,m9,t13,i13,m13,t16,i16,m16,t21,i21,m21,t24,i24,m24,t31,i31,m31
MFIGGLSWQTSPDSLR,2,1174874.71428571,897.9458,7,62.606781,70.65,897.94434,,,0,62.756159,56.18,897.95099,62.7179145,43.54,897.94434,62.889517,39.61,897.9472,,,0,,,0,63.1639005,31.88,897.94611,,,0,63.205475,30.06,898.4483,,,0,63.2342855,27.92,898.45123

