PeptideSeq,Charge,Abun,mz,NDP,t0,i0,m0,t1,i1,m1,t2,i2,m2,t3,i3,m3,t6,i6,m6,t7,i7,m7,t9,i9,m9,t13,i13,m13,t16,i16,m16,t21,i21,m21,t24,i24,m24,t31,i31,m31
ALDFAVSEYNK,2,4793097.6,628.81152,5,44.3378925,60.63,628.81586,44.454533,41.78,628.81482,44.4662955,24.43,628.81476,,,0,,,0,,,0,,,0,44.6408195,41.77,629.3158,,,0,,,0,44.474224,32.11,629.3158,,,0

