PeptideSeq,Charge,Abun,mz,NDP,t0,i0,m0,t1,i1,m1,t2,i2,m2,t3,i3,m3,t6,i6,m6,t7,i7,m7,t9,i9,m9,t13,i13,m13,t16,i16,m16,t21,i21,m21,t24,i24,m24,t31,i31,m31
LLETLFVHR,3,27435642.8571429,376.55722,12,45.402489,44.91,376.55734,45.536512,45.09,376.55811,45.5415265,45.02,376.55768,45.4786755,0,376.55734,45.463526,0,376.55734,45.3371415,44.81,376.55753,45.599075,0,376.55734,45.6744935,0,376.55734,45.6069085,48.12,376.89276,45.7539275,0,376.55734,45.815586,48.59,376.55807,45.879555,44.94,376.55832
MKHYEVEIR,3,8607480.375,402.20959,12,22.4401885,31.46,402.21045,22.4853485,31.74,402.21075,22.54605,26.5,402.21063,22.5291935,0,402.21045,22.4488345,34.08,402.21112,22.50825,38.47,402.21005,22.6870995,46.62,402.21005,22.931899,0,402.21045,22.722478,0,402.21045,22.965834,0,402.21045,22.740773,28.53,402.21155,23.003941,31.8,402.54584
LPVGTTATLYFR,2,25084321.1111111,669.87445,12,50.9573595,54.58,669.87549,51.023394,0,669.87549,51.0772745,54.39,669.87561,51.037758,52.95,669.8761,51.0797385,45.12,669.87732,50.9710655,45.7,669.87549,51.1506385,0,669.87549,51.207563,0,669.87549,51.284937,69.29,670.37872,51.2545665,53.19,669.87842,51.3973215,54.44,670.38049,51.4066905,54.16,670.37585
VEPQATISEIK,2,20233510,607.83496,11,34.8029425,0,607.83618,34.9015255,31.79,607.83618,35.012068,0,607.83618,34.9496445,0,607.83618,34.813023,0,607.83618,34.903637,25.46,607.83594,34.868454,0,607.83618,35.2333125,0,607.83618,34.993025,0,607.83618,35.185236,0,607.83618,35.2505895,0,607.83618,35.207329,0,607.83618
FSHGTMPLR,2,1401016.25,523.26599,12,24.0931045,0,523.26691,23.668232,0,523.26691,24.24022,0,523.26691,24.257551,0,523.26691,24.1019465,0,523.26691,23.731222,0,523.26691,23.5910355,42.84,523.26691,24.441423,52.7,523.26703,24.2215135,0,523.26691,24.467646,33.16,523.26715,24.4577405,36.99,523.26917,24.307174,0,523.26691
LLETLFVHR,2,2577788,564.33221,12,45.4029845,0,564.33313,45.874777,0,564.33313,45.50032,39.98,564.33313,45.477962,0,564.33313,45.455612,35.03,564.33386,45.674152,0,564.33313,45.547808,0,564.33313,45.982412,42.16,564.33203,45.6209335,0,564.33313,45.743885,25.95,564.33411,46.084875,0,564.33313,46.22785,0,564.33313

