proteinName,peptideSeq,charge,old_Rsquared,new_Rsquared,NDP,rateconstant,sigma,Abundance,MassToCharge,RMSE,selected_A1A0_count, selected_A2A0_count, selected_A2A1_count,improved_timePoints,new_k,I0_percentatediffI0_percentatediff,selected_io_t,i0,I0_asymptote,new_rmse,lowerci_old,upperci_old,sigma_old,lowerci_new,upperci_new,sigma_new,old_pearson,new_pearson
A1AT3_MOUSE,LSISGEYNLK,2,0.892804606494428,0.965700223526476,2,0.57012,0.0668309086090167,249491000,562.30328,0.0106595183086492,1,0,0,1,NaN,,0.532890990519782| 0.391848038819617| NaN| NaN| NaN| NaN| NaN| NaN| NaN| NaN| NaN| NaN,0.532890990519782,0.250818856496542,0.00533201561034697,0,2.16340709213406,0.125394413613647,0.569525585066667,0.570714414933333,4.6781469815723E-05,1,1
A1AT3_MOUSE,MQHLEQTLSK,2,0.984297689110612,0.991037901230214,4,1.13391,0.0890459519381543,41273360,607.81354,0.00839921776741016,0,2,1,1| 7| 13,NaN,0.00962563690626831|-0.0639955729036917|,0.480428549969498| 0.283859749776912| NaN| NaN| NaN| 0.208519978251801| NaN| 0.19179365748881| NaN| NaN| NaN| NaN,0.480428549969498,0.187297105191356,0.00626642826818869,0.56717016853042,1.70064983146958,0.178083077341923,0.71108080340393,1.55673919659607,0.132862947579647,0.994330326134559,0.998387946623754
A1AT3_MOUSE,KLDQDTVFALANYILFK,3,0.998710993998394,0.999959140395571,2,1.11136,0.0145694165065638,58056620,667.03479,0.000938399213655257,0,1,0,1,NaN,0.0158519870013309|,0.295843722163148| 0.165137861550789| NaN| NaN| NaN| NaN| NaN| NaN| NaN| NaN| NaN| NaN,0.295843722163148,0.100138239910588,0.000170544029127991,0.472173747622074,1.75054625237793,0.0503050490414007,0.995194729124358,1.22752527087564,0.00914240509173469,1,1
A1AT3_MOUSE,LAQIHFPR,2,NaN,NaN,1,0.24689,0.00234090121465126,64869230,491.28506,0.000913897901913241,NaN,NaN,NaN,NaNNaN,NaN,NaN,NaN,NaN,NaNNaN,NaN,NaN,NaN,NaN,NaN,NaN,NaN

