proteinName,peptideSeq,charge,old_Rsquared,new_Rsquared,NDP,rateconstant,sigma,Abundance,MassToCharge,RMSE,selected_A1A0_count, selected_A2A0_count, selected_A2A1_count,improved_timePoints,new_k,I0_percentatediffI0_percentatediff,selected_io_t,i0,I0_asymptote,new_rmse,lowerci_old,upperci_old,sigma_old,lowerci_new,upperci_new,sigma_new,old_pearson,new_pearson
ANR28_MOUSE,NTALHLAcGK,2,-0.199704973689295,-2.38384736840169,3,0.00125,0.0194571983572633,32752720,542.78204,0.0361231193337183,0,0,2,1| 6,NaN,,0.537857471946578| 0.557708255011629| NaN| NaN| 0.560486734415444| NaN| NaN| NaN| NaN| NaN| NaN| NaN,0.537857471946578,0.230398282713513,0.0092681545477667,0,0.197292963015578,0.0455632781284243,0,0.0597780655662579,0.0136027862907895,-0.542294613250214,-0.712536521470389
ANR28_MOUSE,NGLTMVVQELLGK,2,-3.74502660574526,0.90882271904417,6,0.14311,0.0868018861741979,9084869.83333333,701.39215,0.0617576833308603,2,1,1,0| 3| 21| 24,NaN,,0.41493473551542| 0.345852528735349| 0.340918471870366| 0.355849435586345| NaN| NaN| NaN| NaN| NaN| 0.169855419092945| 0.205473487301492| NaN,0.41493473551542,0.177742720864225,0.0186542880358505,0,0.496238447095609,0.137372964486075,0.0386971621986021,0.247522837801398,0.0406183675576221,0.354055172503153,0.970564926629359
ANR28_MOUSE,YGHELLINTLITSGADTAK,3,-0.689285510641646,0.662944238380173,3,0.22111,0.104682537199381,4021078.66666667,673.02484,0.0428046687612037,1,2,0,0| 1| 3,NaN,,0.293221275897554| 0.22719777209358| NaN| 0.196742665284073| NaN| NaN| NaN| NaN| NaN| NaN| NaN| NaN,0.293221275897554,0.0713754509220364,0.0116895499778283,0,0.902856287259616,0.158447899489063,0,0.525522726135689,0.0707500105762536,0.160544990263497,0.951022356002188

