proteinName,peptideSeq,charge,old_Rsquared,new_Rsquared,NDP,rateconstant,sigma,Abundance,MassToCharge,RMSE,selected_A1A0_count, selected_A2A0_count, selected_A2A1_count,improved_timePoints,new_k,I0_percentatediffI0_percentatediff,selected_io_t,i0,I0_asymptote,new_rmse,lowerci_old,upperci_old,sigma_old,lowerci_new,upperci_new,sigma_new,old_pearson,new_pearson
ARFG2_MOUSE,QAEESMVASMR,2,0.654385812142456,0.837258812806167,10,0.11487,0.0264551070602048,35926083,619.77881,0.0614643238023311,4,1,0,0| 16| 21| 24| 31,NaN,,0.529459231000697| 0.399177767210294| 0.342803902397479| 0.256932408308907| NaN| 0.256110401436767| 0.20228689561903| NaN| 0.171814204810899| 0.164750871702265| 0.156668506165004| 0.149814036584917,0.47248,0.109719022123642,0.0438479138697148,0.0457662420036335,0.183973757996366,0.0305477263652992,0.065572205096359,0.164167794903641,0.0217923828282718,0.854449616223256,0.930510098708389
ARFG2_MOUSE,SQLDLFDDVGTFASGPPK,2,-0.590706533142187,0.522548257142667,5,0.05813,0.0178015704904493,5418949,947.46509,0.0438791674098163,1,2,0,1| 9| 21,NaN,,0.346912697878259| 0.314352687187532| NaN| NaN| 0.206879836446967| NaN| 0.205125989760319| NaN| NaN| 0.217758204390509| NaN| NaN,0.346912697878259,0.0805598585622186,0.0268425602347699,0,0.122850708911655,0.0233106387704854,0.00756548534130767,0.108694514658692,0.018211962687594,0.461192270317155,0.809698765755753
ARFG2_MOUSE,HGTDLWIDSMNSAPSHSPEK,3,0.494110613354217,0.748922248462859,2,0.26987,0.121975402290617,4956058,737.00415,0.0215901016931687,0,0,1,0,NaN,,0.304530299005752| 0.195986467434112| NaN| NaN| NaN| NaN| NaN| NaN| NaN| NaN| NaN| NaN,0.27339,0.041551541432563,0.0111020618517609,0,9.14954846535515,0.698845851283187,0,5.69537149073552,0.426996227704019,1,1

