proteinName,peptideSeq,charge,old_Rsquared,new_Rsquared,NDP,rateconstant,sigma,Abundance,MassToCharge,RMSE,selected_A1A0_count, selected_A2A0_count, selected_A2A1_count,improved_timePoints,new_k,I0_percentatediffI0_percentatediff,selected_io_t,i0,I0_asymptote,new_rmse,lowerci_old,upperci_old,sigma_old,lowerci_new,upperci_new,sigma_new,old_pearson,new_pearson
BRCC3_MOUSE,ILcQEEQDAYR,2,0.58254984476863,0.726365073955171,4,0.02302,0.0043952379026369,20598387.25,712.82733,0.0226267705577741,0,1,0,9,NaN,,NaN| 0.407844820389628| 0.395832220368439| NaN| NaN| NaN| 0.386014455292671| NaN| NaN| NaN| 0.280761442314174| NaN,NaN,NaN,0.0153230356579166,0,0.0535721534689965,0.00960021019710811,0.00407495212854711,0.0419650478714529,0.00595298272328943,0.779872191455619,0.962213715749086
BRCC3_MOUSE,IEIPIHIVPHITIGK,4,-0.806034043826732,-0.524849602073304,4,0.01558,0.0256734018444455,3085436.75,420.76062,0.080475888018165,1,1,1,2| 3| 16,NaN,,NaN| 0.352210184482002| 0.100651823804223| 0.351170315915429| NaN| NaN| NaN| NaN| 0.2543094742789| NaN| NaN| NaN,NaN,NaN,0.0731891530103276,0,0.180964499343905,0.0519677265517849,0,0.16633386627049,0.0473704351378073,0.252922249916563,0.058350244494948

