proteinName,peptideSeq,charge,old_Rsquared,new_Rsquared,NDP,rateconstant,sigma,Abundance,MassToCharge,RMSE,selected_A1A0_count, selected_A2A0_count, selected_A2A1_count,improved_timePoints,new_k,I0_percentatediffI0_percentatediff,selected_io_t,i0,I0_asymptote,new_rmse,lowerci_old,upperci_old,sigma_old,lowerci_new,upperci_new,sigma_new,old_pearson,new_pearson
BZW1_MOUSE,ELSEYVR,2,-0.129741256699408,0.993646633248874,2,0.22865,0.0406966722290738,169090050,448.22961,0.0171199487628565,0,0,1,3,NaN,,0.549590928600765| NaN| NaN| 0.418752458892574| NaN| NaN| NaN| NaN| NaN| NaN| NaN| NaN,0.549590928600765,0.271154145620427,0.00212878498364091,0,2.43608562780637,0.173728951615308,0,0.531692937481183,0.0238499964211175,1,1
BZW1_MOUSE,QYSPLLAAFTTQGQSELTLLLK,3,0.778972030167619,0.593014970385209,2,0.32987,0.0698831435869633,3185118.5,808.11243,0.0100079751091821,0,2,0,0| 1,NaN,,0.219122789050667| 0.162861840964906| NaN| NaN| NaN| NaN| NaN| NaN| NaN| NaN| NaN| NaN,0.219122789050667,0.0349097668744181,0.0073264002816451,0,5.03262824082618,0.370115100339699,0,4.29996218125689,0.31245303091864,1,1
BZW1_MOUSE,YAETLFDILVAGGMLAPGGTLADDMMR,3,-1.57484397001747,-0.51221952437727,3,2E-05,0.0955488473454446,3026076.66666667,943.46045,0.0318142603738934,1,0,1,1| 2,NaN,,0.166245766545609| 0.165560126310967| 0.0828687074659101| NaN| NaN| NaN| NaN| NaN| NaN| NaN| NaN| NaN,0.166245766545609,0.0173346873092368,0.0240679711133541,0,1.01130349361664,0.235037210097043,0,0.765210277344026,0.177841514387953,-2,-2
BZW1_MOUSE,FDPTQFQDcIIQGLTETGTDLEAVAK,3,0.21640704408504,-0.721625070889916,2,0.03698,0.0591840811621262,8251327.5,966.46729,0.00953848082582144,0,0,2,0| 1,NaN,,0.204322914539476| 0.185902395354757| NaN| NaN| NaN| NaN| NaN| NaN| NaN| NaN| NaN| NaN,0.204322914539476,0.0223325018851147,0.00493361817147162,0,4.29303832058292,0.334959054177836,0,6.68117131734964,0.522909197149162,1,1

