proteinName,peptideSeq,charge,old_Rsquared,new_Rsquared,NDP,rateconstant,sigma,Abundance,MassToCharge,RMSE,selected_A1A0_count, selected_A2A0_count, selected_A2A1_count,improved_timePoints,new_k,I0_percentatediffI0_percentatediff,selected_io_t,i0,I0_asymptote,new_rmse,lowerci_old,upperci_old,sigma_old,lowerci_new,upperci_new,sigma_new,old_pearson,new_pearson
C2CD2_MOUSE,MLSEALEDLFK,2,-7.79038663261757,-57.5721513765378,2,0.09945,0.232941956694774,44460885,648.33118,0.0577578893139221,0,1,1,0| 1,NaN,,0.547723597167796| 0.52187969130108| NaN| NaN| NaN| NaN| NaN| NaN| NaN| NaN| NaN| NaN,0.44887,0.174993870810928,0.0403736596601987,0,23.9802434601606,1.87945920565677,0,20.185733340111,1.58082478264304,1,1
C2CD2_MOUSE,ESDTLLSWILTR,2,0.950096636015934,0.972514738717539,12,0.84089,0.107260008414833,9124504.16666667,717.38538,0.0164429323831534,2,4,1,1| 3| 6| 7| 16| 21| 31,0.99224354071135,-0.00662037143038606|-0.000536746069295725|0.0349267788469125|,0.448798389972037| 0.300956959991606| 0.224537594493606| 0.218123767779004| 0.195657677679364| 0.201631785991573| 0.195111949486944| 0.185538627472306| 0.181165044289975| 0.181165044289975| 0.20017617120366| 0.202350598225678,0.448798389972037,0.201520025234585,0.0121667165888712,0.748936274195961,0.932843725804039,0.0417784397309282,0.772850133686692,0.908929866313308,0.0309133689713536,0.978452074899739,0.993791068080347
C2CD2_MOUSE,TVMPcGTVVTTVTAVK,2,-61.3218782025631,-165.250669118363,2,0.00014,0.267755757485699,30112470,832.44153,0.0496891153029196,1,1,0,0| 1,NaN,,0.425330815986217| 0.416815066130732| NaN| NaN| NaN| NaN| NaN| NaN| NaN| NaN| NaN| NaN,0.36635,0.180747745420311,0.0224129476083028,0,11.8252860769897,0.930659179717425,0,5.34371318774883,0.420548330421667,-2,-2
C2CD2_MOUSE,QALGVNMLSEALEDLFK,2,0.621611128143782,0.796919839720946,3,0.14098,0.0449234484816438,5641761.33333333,939.48749,0.0198402803838202,1,1,0,0| 2,NaN,,0.33690274919339| 0.286085347082195| 0.274054169239431| NaN| NaN| NaN| NaN| NaN| NaN| NaN| NaN| NaN,0.33690274919339,0.0712021781391458,0.00613728781732329,0,0.991998072492638,0.197789160767869,0,0.834992799242717,0.16129881792324,0.997440975339319,0.954840900639074

