proteinName,peptideSeq,charge,old_Rsquared,new_Rsquared,NDP,rateconstant,sigma,Abundance,MassToCharge,RMSE,selected_A1A0_count, selected_A2A0_count, selected_A2A1_count,improved_timePoints,new_k,I0_percentatediffI0_percentatediff,selected_io_t,i0,I0_asymptote,new_rmse,lowerci_old,upperci_old,sigma_old,lowerci_new,upperci_new,sigma_new,old_pearson,new_pearson
CAZA1_MOUSE,IQVHYYEDGNVQLVSHK,4,0.886612563905014,0.969152968048244,5,0.22871,0.0358298471340586,36857660,508.00891,0.0160515922347482,2,2,0,1| 2| 3| 24,NaN,,0.278303290196383| 0.227184416465797| 0.227054405021043| 0.17716984915875| NaN| NaN| NaN| NaN| NaN| NaN| 0.0710691492517018| NaN,0.278303290196383,0.0677441388591233,0.00796389798572673,0.0544586372825072,0.402961362717493,0.0627606007393538,0.142256266547199,0.315163733452801,0.031138283012768,0.943485740403969,0.986969148029476
CAZA1_MOUSE,FITHAPPGEFNEVFNDVR,3,-0.614395386199494,0.319086920345671,3,0.10928,0.0532549469687291,33913096.6666667,697.00946,0.0224425592785212,2,1,0,0| 1| 2,NaN,,0.300774021545691| 0.249147125463046| 0.265477046654168| NaN| NaN| NaN| NaN| NaN| NaN| NaN| NaN| NaN,0.300774021545691,0.0606420898971603,0.00888940156471737,0,1.20419599993579,0.25447463895132,0,0.722796114759652,0.142590200347273,0.988632637607772,0.691899458620046
CAZA1_MOUSE,EGAAHAFAQYNMDQFTPVK,3,0.981991649779712,0.988912307125189,4,0.22713,0.00640357907191795,21778595,708.99841,0.00320645000927676,0,1,0,1,NaN,-0.041405201356273|,0.27239993907258| 0.226719275971351| 0.18227091791882| 0.16381958327646| NaN| NaN| NaN| NaN| NaN| NaN| NaN| NaN,0.27239993907258,0.0376792063234984,0.00255552004216004,0.18625916725963,0.26800083274037,0.0128425836050007,0.194556209076827,0.259703790923173,0.0102354565643448,0.992785844214365,0.995534746897081
CAZA1_MOUSE,IEGYDDQVLITEHGDLGNSR,3,-0.205016162228135,0.939318722124432,3,0.20461,0.0165041212738894,12488695.6666667,744.35736,0.0107324316478947,0,1,1,2| 6,NaN,,NaN| NaN| 0.1960436673036| 0.188477832398336| 0.115071804992912| NaN| NaN| NaN| NaN| NaN| NaN| NaN,NaN,NaN,0.00449785299795968,0.0306680531261403,0.37855194687386,0.0404266757740418,0.131712698355316,0.277507301644684,0.0169424088401706,0.908764758635059,0.969824971823813

