proteinName,peptideSeq,charge,old_Rsquared,new_Rsquared,NDP,rateconstant,sigma,Abundance,MassToCharge,RMSE,selected_A1A0_count, selected_A2A0_count, selected_A2A1_count,improved_timePoints,new_k,I0_percentatediffI0_percentatediff,selected_io_t,i0,I0_asymptote,new_rmse,lowerci_old,upperci_old,sigma_old,lowerci_new,upperci_new,sigma_new,old_pearson,new_pearson
COPZ1_MOUSE,YYDDTYPSVK,2,0.909931579009721,0.967883696461521,11,0.38224,0.0630917756817796,44053578.1818182,625.78241,0.0211145747836741,1,6,0,1| 2| 7| 13| 16| 21| 24,NaN,-0.0439694781392281|0.0193010740770097|0.0251366172476412|,0.483318973829884| 0.426515080548369| 0.383478824042265| 0.348154781094206| 0.289781855800664| 0.300423541033075| 0.290793388282419| 0.269893606170051| 0.269893606170051| 0.269893606170051| 0.269893606170051| NaN,0.483318973829884,0.287892324424997,0.0120685503373999,0.26668318967403,0.49779681032597,0.0518624816654192,0.316190685887046,0.448289314112954,0.029643266654157,0.979509831907721,0.99515814579252
COPZ1_MOUSE,GEDVPLTEQTVSQVLQSAK,2,-0.136794398797893,0.882038736521808,9,0.15225,0.0662558451126733,9244032.11111111,1015.02606,0.0824691567241109,3,1,3,0| 2| 3| 6| 9| 21| 31,NaN,-0.0151322954115212|,0.335590047434497| 0.271563707975398| 0.257917426513686| 0.253949102498149| 0.159432861100288| NaN| 0.115895476615643| 0.0937341801176359| NaN| 0.124546369234656| NaN| 0.0987148103245696,0.335590047434497,0.0534648649374591,0.0252506054742692,0,0.349727046078213,0.0856360329416297,0.0949558670172863,0.209544132982714,0.0248456332364144,0.513084671140517,0.971224434850905
COPZ1_MOUSE,GEDVPLTEQTVSQVLQSAK,3,-2.03396628330199,-1.72456431910429,4,0.00289,0.0316219934285944,17474105,677.01978,0.0639067993030951,3,1,0,0| 1| 3| 7,NaN,,0.269877190624337| 0.230784881568626| NaN| 0.288463674529022| NaN| 0.317459234537521| NaN| NaN| NaN| NaN| NaN| NaN,0.3187,0.0507740100930557,0.029964029287163,0,0.197327758921006,0.0610969487892404,0,0.0893092421432286,0.0271549725780108,-0.867170140663095,-0.816156787343016

