proteinName,peptideSeq,charge,old_Rsquared,new_Rsquared,NDP,rateconstant,sigma,Abundance,MassToCharge,RMSE,selected_A1A0_count, selected_A2A0_count, selected_A2A1_count,improved_timePoints,new_k,I0_percentatediffI0_percentatediff,selected_io_t,i0,I0_asymptote,new_rmse,lowerci_old,upperci_old,sigma_old,lowerci_new,upperci_new,sigma_new,old_pearson,new_pearson
CP4CB_MOUSE,GLLLLDGQTWFQHR,3,0.0111701138090268,0.274911798489187,6,0.02274,0.0153576898028702,20160331.8333333,561.9704,0.0672437669406455,3,1,1,0| 6| 7| 13| 16,NaN,,0.379511909363733| NaN| NaN| NaN| 0.349535665116897| 0.45528531401784| 0.333667500114293| 0.253547515968026| 0.268009701848107| NaN| NaN| NaN,0.379511909363733,0.128458546799358,0.0408667494678694,0,0.0832814291156152,0.0235516443385936,0,0.0621359249015391,0.0153256840022575,0.404485451930026,0.679833103116138
CP4CB_MOUSE,SYIQAVEDLNNLFFLR,3,0.228026985161813,0.207572625848831,4,0.04434,0.0185383924491847,3041003,648.00714,0.0465569530653468,1,1,0,9| 13,NaN,,0.325447114586331| NaN| NaN| NaN| 0.208953946795918| NaN| 0.34351935242028| 0.201460192690363| NaN| NaN| NaN| NaN,0.325447114586331,0.0870449510749849,0.0334102786237857,0,0.156250497024643,0.0351649285799003,0,0.119668186569478,0.023669900243458,0.482879149820315,0.474673136601568

