proteinName,peptideSeq,charge,old_Rsquared,new_Rsquared,NDP,rateconstant,sigma,Abundance,MassToCharge,RMSE,selected_A1A0_count, selected_A2A0_count, selected_A2A1_count,improved_timePoints,new_k,I0_percentatediffI0_percentatediff,selected_io_t,i0,I0_asymptote,new_rmse,lowerci_old,upperci_old,sigma_old,lowerci_new,upperci_new,sigma_new,old_pearson,new_pearson
CUL1_MOUSE,NYLTNLLK,2,0.168134949331201,0.96453083842362,3,1.21354,263129.391991835,10022678.3333333,489.78455,0.0624777789022149,0,2,0,13| 31,NaN,,0.52699656508257| NaN| NaN| NaN| NaN| NaN| NaN| 0.409986301981203| NaN| NaN| NaN| 0.409986301981203,0.52699656508257,0.39726331444915,0.00519413418128586,0.359138144743901,2.0679418552561,0.198575601825513,1.14250869960942,1.28457130039058,0.0165087226072107,0.925285211285841,0.999999999999993
CUL1_MOUSE,HQQLLGEVLTQLSSR,3,0.414944351241052,0.746417112115425,9,0.10449,0.0308839047818072,3720915.11111111,570.31622,0.0630207032503109,3,1,2,1| 2| 3| 7| 24| 31,NaN,,0.406687891268412| 0.361962091907289| 0.28923525501687| 0.236600740789676| NaN| 0.133731600797506| NaN| 0.170522173895177| NaN| 0.116840609947591| 0.163244856487911| 0.100845366855087,0.406687891268412,0.0900958637915002,0.0455134330280944,0.0258604324068003,0.1831195675932,0.0340977565459961,0.0477038745823427,0.161276125417657,0.0246253354679409,0.854085190053291,0.914231148016047
CUL1_MOUSE,QIGLDQIWDDLR,2,-274.227099419285,-0.269553863788761,2,0.02764,0.00450538734148541,37852845,736.38062,0.0161656947174128,0,1,0,21,NaN,,NaN| NaN| NaN| NaN| NaN| 0.346677267707944| NaN| NaN| NaN| 0.308714908325253| NaN| NaN,NaN,NaN,0.00873118401170148,0,0.199633176301445,0.013536156537226,0.0106413368356906,0.0446386631643094,0.00133782380477926,-1,1
CUL1_MOUSE,FINNNAVTK,2,-8.07242935675126,0.477584803287069,9,0.31905,0.155297884788728,13389364.3333333,510.77725,0.0611741862045082,1,1,5,1| 7| 9| 13| 16| 21| 24,NaN,,NaN| 0.416862304071179| NaN| 0.376302775300153| NaN| 0.364566817087207| 0.306745392016045| 0.304817786880889| 0.298723820149182| 0.298723820149182| 0.298723820149182| 0.323915448770686,NaN,NaN,0.0255445854760062,0,0.724194924649373,0.175691326168949,0.13590211377287,0.50219788622713,0.079422184651904,-0.185205389410027,0.919386188060311

