proteinName,peptideSeq,charge,old_Rsquared,new_Rsquared,NDP,rateconstant,sigma,Abundance,MassToCharge,RMSE,selected_A1A0_count, selected_A2A0_count, selected_A2A1_count,improved_timePoints,new_k,I0_percentatediffI0_percentatediff,selected_io_t,i0,I0_asymptote,new_rmse,lowerci_old,upperci_old,sigma_old,lowerci_new,upperci_new,sigma_new,old_pearson,new_pearson
EFHD2_MOUSE,EFLLIFR,2,0.868910672936769,0.982019699055823,10,0.19316,0.0289408100360174,35005810,469.2789,0.0231367711796926,4,2,1,1| 6| 9| 13| 21| 24| 31,NaN,-0.0486425099576833|0.0449239658737687|0.0342566817382169|,0.566056346115925| 0.523615411063343| NaN| 0.453094698552797| 0.420573979267425| 0.409472445862125| 0.373048320917147| 0.38040457665787| NaN| 0.349398509469016| 0.355952888569118| 0.358651546159546,0.566056346115925,0.35343600719019,0.00864581871482128,0.13614396212445,0.25017603787555,0.0252042779431391,0.171854074316556,0.214465925683444,0.00941841090279756,0.943268640627743,0.992459343205644
EFHD2_MOUSE,VQAINVSSR,2,-0.338687454717041,0.0503177667507948,4,0.89286,0.199197099254628,78796402.5,487.2749,0.032410511914058,1,0,1,3| 16,NaN,,NaN| 0.36638903922614| NaN| 0.25484213375113| NaN| NaN| NaN| NaN| 0.230640451951958| 0.335320062946117| NaN| NaN,NaN,NaN,0.0314070300188924,0,3.93302653654436,0.955292327091032,0,3.79653774606601,0.912404316611807,0.700868500265122,0.675902798966353
EFHD2_MOUSE,DGFIDLMELK,2,-0.658690759637319,0.468375363311313,9,2.33022,2.37503647187403,24226554.4444444,590.79956,0.0516699123206165,0,6,0,6| 7| 9| 16| 21| 31,NaN,,NaN| 0.31819499958828| 0.268180974611149| 0.247544190127447| 0.255939873940783| 0.246334516292821| 0.254897119649651| NaN| 0.2463350048898| 0.2463350048898| NaN| 0.2463350048898,NaN,NaN,0.0139415380975267,0.975262233704894,3.68517776629511,0.587578203205494,0.520343422212047,4.14009657778795,0.784854003610869,0.800227417348092,0.970708431732057
EFHD2_MOUSE,ADLNQGIGEPQSPSR,2,0.548305048959322,0.623375097210162,2,0.10743,0.0341272536994278,629696950,784.88678,0.0245096011997018,2,0,0,1| 24,NaN,,NaN| 0.353363709753801| NaN| NaN| NaN| NaN| NaN| NaN| NaN| NaN| 0.167983889354505| NaN,NaN,NaN,0.0232226273141973,0,2.50765582608385,0.188901869278931,0,2.51870048939173,0.189771103132572,1,1

