proteinName,peptideSeq,charge,old_Rsquared,new_Rsquared,NDP,rateconstant,sigma,Abundance,MassToCharge,RMSE,selected_A1A0_count, selected_A2A0_count, selected_A2A1_count,improved_timePoints,new_k,I0_percentatediffI0_percentatediff,selected_io_t,i0,I0_asymptote,new_rmse,lowerci_old,upperci_old,sigma_old,lowerci_new,upperci_new,sigma_new,old_pearson,new_pearson
EIF3M_MOUSE,LQLLSNLFHGMDK,3,0.957206810330738,0.980486451543583,12,0.2097,0.0214119387571782,29637685.8333333,505.93777,0.0180652892760167,1,4,2,3| 6| 7| 9| 16| 21| 24,0.199452821030291,-0.0248206328583353|0.0079328021186638|,0.389181448568464| 0.358694182083986| 0.323741804557443| 0.307132346974637| 0.220444891493638| 0.215392148747373| 0.179324768708383| 0.176958532732194| 0.14813899343511| 0.165971649735337| 0.15949484005541| 0.157118437722807,0.389181448568464,0.159041064740335,0.011636015953347,0.15928070913904,0.26011929086096,0.022907601471198,0.177224479467182,0.242175520532818,0.0147549929646379,0.983785273867155,0.992854408777194
EIF3M_MOUSE,DFIDSLGLLHEQNMAK,3,0.0966599972221417,0.896511472575319,3,0.10801,0.0220925012407623,26797370,610.97333,0.0176310995840874,1,0,1,1| 9,NaN,,0.304304581558954| 0.252850318831719| NaN| NaN| NaN| NaN| 0.173457843323971| NaN| NaN| NaN| NaN| NaN,0.304304581558954,0.0776455845763508,0.00865722069826017,0,0.419995904562403,0.0725101290200107,0,0.358007763089996,0.0581031700191567,0.867934564296302,0.969707775942206
EIF3M_MOUSE,DPNAFLFDHLLTLKPVK,3,0.940039487261953,0.971974152000023,9,1.13952,0.179913350399514,41984494.4444444,656.70331,0.0130532009859549,1,4,0,2| 13| 21| 24| 31,NaN,,0.286574939859221| 0.157758736526507| 0.0939276262328194| 0.116996203074854| NaN| 0.103819146257536| NaN| 0.0969076849797135| NaN| 0.102784634922949| 0.0969076849797135| 0.0969076849797135,0.286574939859221,0.1016788657345,0.00856821963729538,0.967211604288113,1.31182839571189,0.074721633447253,1.02641546867485,1.25262453132515,0.0490478441052447,0.970685329173238,0.987732892305598
EIF3M_MOUSE,EISFDTMQQELQIGADDVEAFVIDAVR,3,-0.000656109140702466,-0.100249722014524,3,0,0.0556415769989662,996011.666666667,1013.82538,0.0196275079055444,1,1,1,0| 1| 2,NaN,,0.172700355262845| 0.182493500536935| 0.159838258417962| NaN| NaN| NaN| NaN| NaN| NaN| NaN| NaN| NaN,0.172700355262845,0.0112437136546318,0.0048655608962448,0,0.586423479912486,0.136293472131248,0,0.145371443294438,0.0337864690518303,-2,-2

