proteinName,peptideSeq,charge,old_Rsquared,new_Rsquared,NDP,rateconstant,sigma,Abundance,MassToCharge,RMSE,selected_A1A0_count, selected_A2A0_count, selected_A2A1_count,improved_timePoints,new_k,I0_percentatediffI0_percentatediff,selected_io_t,i0,I0_asymptote,new_rmse,lowerci_old,upperci_old,sigma_old,lowerci_new,upperci_new,sigma_new,old_pearson,new_pearson
FSCN1_MOUSE,DVPWGVDSLITLAFQDQR,3,0.953429418880628,0.953749076443922,4,0.17498,0.0122736150475989,2597090.75,687.35309,0.00866861737576607,2,0,0,2| 9,NaN,-0.0716382401650139|,0.309223573338773| NaN| 0.211570543173698| 0.200251332890874| NaN| NaN| 0.120954129185039| NaN| NaN| NaN| NaN| NaN,0.309223573338773,0.0685040433777356,0.00829934589256533,0.0993953199497535,0.250564680050246,0.0237504965697387,0.102615126027184,0.247344873972816,0.0227387572444363,0.988984066292963,0.985850173295997
FSCN1_MOUSE,DVPWGVDSLITLAFQDQR,2,-0.687310703344146,-1.41394404655867,6,0.01283,0.0114614175331754,1440587.33333333,1030.526,0.0362524140117429,0,1,3,1| 2| 3| 7,NaN,,0.307041881164153| 0.291681240269475| 0.289914036358988| 0.284549408004446| NaN| 0.316281896397076| NaN| 0.29130706387082| NaN| NaN| NaN| NaN,0.307041881164153,0.0680207207973987,0.0121868572503541,0,0.0613904884797496,0.018890854911921,0,0.0297037489385099,0.00656417497016112,0.0581290754321113,-0.0366923058001649
FSCN1_MOUSE,LVARPEPATGFTLEFR,3,-5.56644829480387,0.612666702759369,2,0.14658,0.035783932958659,2209887.5,601.99658,0.0159840868802302,1,0,0,24,NaN,,NaN| NaN| NaN| NaN| NaN| NaN| NaN| NaN| 0.107421587151239| NaN| 0.0663195132717075| NaN,NaN,NaN,0.00522156310619411,0,0.829351700448208,0.0537352981972768,0,0.754904865627829,0.0478762052291728,-1,1

