proteinName,peptideSeq,charge,old_Rsquared,new_Rsquared,NDP,rateconstant,sigma,Abundance,MassToCharge,RMSE,selected_A1A0_count, selected_A2A0_count, selected_A2A1_count,improved_timePoints,new_k,I0_percentatediffI0_percentatediff,selected_io_t,i0,I0_asymptote,new_rmse,lowerci_old,upperci_old,sigma_old,lowerci_new,upperci_new,sigma_new,old_pearson,new_pearson
GALD1_MOUSE,LPLIVEDFVK,2,0.816846576836582,0.921210862705274,5,0.26829,0.0380724610374582,9071183.8,586.84991,0.0200258515849825,2,0,1,1| 2| 3,NaN,,NaN| 0.446661337823175| 0.425195958774808| 0.387443804326252| 0.315463868492192| 0.298965007023528| NaN| NaN| NaN| NaN| NaN| NaN,NaN,NaN,0.0106069225882039,0.0852016674425579,0.451378332557442,0.0659434368860641,0.171315159154957,0.365264840845043,0.0349276996926872,0.957885199713155,0.988479374097164

