proteinName,peptideSeq,charge,old_Rsquared,new_Rsquared,NDP,rateconstant,sigma,Abundance,MassToCharge,RMSE,selected_A1A0_count, selected_A2A0_count, selected_A2A1_count,improved_timePoints,new_k,I0_percentatediffI0_percentatediff,selected_io_t,i0,I0_asymptote,new_rmse,lowerci_old,upperci_old,sigma_old,lowerci_new,upperci_new,sigma_new,old_pearson,new_pearson
HEM3_MOUSE,LDELQEFSAIVLAVAGLQR,2,0.818644553005375,0.970835020128064,4,0.31178,0.0364204343252763,784648.5,1036.573,0.016287302476497,1,1,2,0| 1| 2| 3,NaN,,0.314054510640228| 0.229232930463213| 0.170541609397371| 0.12705249673878| NaN| NaN| NaN| NaN| NaN| NaN| NaN| NaN,0.314054510640228,0.0434409961453241,0.00690793096071412,0.0799678467101609,0.543592153289839,0.0728408686505527,0.213461548980166,0.410098451019834,0.0308939858200929,0.918302977485208,0.999904612524511
HEM3_MOUSE,LDELQEFSAIVLAVAGLQR,3,0.954439991626604,0.997249460900946,5,0.49575,0.0363507992660646,3672217.2,691.3844,0.0120237204864118,1,0,1,1| 7,NaN,,0.321149182387134| 0.215671868659626| 0.149466730469847| 0.103275945408538| NaN| 0.062379036192789| NaN| NaN| NaN| NaN| NaN| NaN,0.321149182387134,0.044422353195033,0.00308000520513401,0.329516451497965,0.661983548502035,0.059872802165322,0.453167490265781,0.53833250973422,0.0153370616460649,0.981974468008657,0.999074291208303

