proteinName,peptideSeq,charge,old_Rsquared,new_Rsquared,NDP,rateconstant,sigma,Abundance,MassToCharge,RMSE,selected_A1A0_count, selected_A2A0_count, selected_A2A1_count,improved_timePoints,new_k,I0_percentatediffI0_percentatediff,selected_io_t,i0,I0_asymptote,new_rmse,lowerci_old,upperci_old,sigma_old,lowerci_new,upperci_new,sigma_new,old_pearson,new_pearson
HNRL2_MOUSE,NGEDLGVAFR,2,-3.19468177750323,0.800900912941188,10,29.8935,3484321039402.57,14182784,539.26984,0.11982286740097,0,3,3,0| 1| 6| 7| 13| 21,NaN,,0.446533573878668| 0.230487796490149| NaN| 0.21852123469296| 0.197821456841292| 0.194521922351639| 0.201629677852609| 0.198241797490559| NaN| 0.215604727186855| 0.220011064175713| 0.212872944691921,0.54157,0.211133358466983,0.0292583165636797,27.5994479793493,32.1875520206507,1.01409931133245,29.0876736926466,30.6993263073534,0.356220301887,-0.189414281266102,0.988023669899339
HNRL2_MOUSE,VTQNLPMK,2,-14.3081089680457,-3.49296257587968,2,10.05036,3144.24395946226,46431360,465.75748,0.0308341529491516,0,2,0,1| 3,NaN,,NaN| 0.283281327195517| NaN| 0.3190897946982| NaN| NaN| NaN| NaN| NaN| NaN| NaN| NaN,NaN,NaN,0.0154933921945408,0,33.854865251426,1.87345519341871,0,28.5839005910283,1.45862127802965,-2,-2
HNRL2_MOUSE,NFILDQcNVYNSGQR,2,0.693032213362672,0.968179127527593,7,0.44017,0.0571280500421466,8579777.14285714,914.42578,0.0170118452567468,0,2,1,1| 6| 16,NaN,,NaN| 0.257032342402803| NaN| 0.177912931862191| 0.0965594169083304| 0.105738745851046| NaN| 0.109089447606837| 0.0932207694221112| NaN| 0.0989481541322419| NaN,NaN,NaN,0.00777180738908465,0.242480900711697,0.637859099288304,0.0807912631615325,0.349856363859853,0.530483636140147,0.0369092315698828,0.951623689493419,0.984919319544405

