protien,peptide,charge,rsquared,rateconstant,mo,io_e,io_a1a0,io_a2a0,io_a2a1
NCLN_MOUSE,NAVLNTEAR,2,-2.02066017552811,0.23296,0.58056,0.329128839529547,0.40284162532049,0.253915717038439,0.2085270568078
NCLN_MOUSE,QSAGAVVIILPR,2,0.911677002788679,0.0492,0.48551,0.530245131748755,0.506483001793765,0.52620334644402,0.55131620445237
NCLN_MOUSE,LLDFSYEHYQK,3,0.776699188800146,0.0662,0.41681,0.409579440858478,0.417406263001404,0.349726245748375,0.273156114278895
NCLN_MOUSE,DGTFLSTLEHFLSR,3,0.963630416500124,0.08728,0.38477,0.411566064298574,0.413544380520355,0.414606754864482,0.415516892281927
NCLN_MOUSE,MQQYDLQGQPYGTR,2,0.883855977499398,0.09846,0.36637,0.43633185570408,0.380231284708999,0.47511422455795,0.493834254601963

