protien,peptide,charge,rsquared,rateconstant,mo,io_e,io_a1a0,io_a2a0,io_a2a1
BAP31_MOUSE,LKDELASTK,2,0.992770242069122,0.23994,0.56573,0.57133389644704,0.555168478079736,0.568906834269871,0.589140374389828
BAP31_MOUSE,AENEALAMQK,2,-0.353393005678877,0.19408,0.52075,0.536557414136178,0.520568571041267,0.544594371683671,0.636623839725788
BAP31_MOUSE,KLKDELASTK,3,0.870505925326739,0.19872,0.52306,0.549720746578389,0.524554405953735,0.558671497916995,0.607270469795962
BAP31_MOUSE,KYMEENDQLKK,3,0.965866525774337,0.25858,0.42537,0.425669848484014,0.395693400713322,0.431064096922544,0.500539239264074
BAP31_MOUSE,GAAEDGDKLDIGNTEMK,2,0.767368419865986,0.08694,0.36606,0.39913968019292,0.374899564638102,0.350675976845089,0.313345792833866
BAP31_MOUSE,GAAEDGDKLDIGNTEMK,3,0.783073261003153,0.0919,0.36606,0.410536096151885,0.444424905892863,0.404100829688932,0.337033076178315
BAP31_MOUSE,VNLQNNPGAMEHFHMK,3,0.00656613891216185,0.04124,0.31407,0.34927159542976,0.343529240834606,0.326359274513024,0.299337699862513
BAP31_MOUSE,LVTLISQQATLLASNEAFK,2,0.249640259815661,0.02857,0.3005,0.342183463873683,0.334459560871954,0.314890399635361,0.291964359474608

