protien,peptide,charge,rsquared,rateconstant,mo,io_e,io_a1a0,io_a2a0,io_a2a1
EMC1_MOUSE,TVAAVMTcR,2,-0.25823352566332,0.68946,0.54406,0.352280941442956,0.565784669203225,0.252425528839842,0.252425528839842
EMC1_MOUSE,WSQVAPPVLK,2,0.463804998226693,0.20482,0.49977,0.497785310440753,0.494302989989677,0.49977,0.507016971237469
EMC1_MOUSE,HLLIGLPSGAILSLPK,3,0.917995974391256,0.11822,0.37026,0.350140459140206,0.250078093965722,0.38597734902414,0.479600833684174
EMC1_MOUSE,ETGMSSLFVFNPIFGK,2,-18.7083647714912,0.02761,0.32776,0.41065810003125,0.352258617665825,0.380466614496293,0.407981912302931
EMC1_MOUSE,QLHELAPSIFFYLVDAEQGR,3,-0.194650333979762,0.00616,0.2465,0.274618696097214,0.302692755505589,0.266321560156439,0.226164465049711

