protien,peptide,charge,rsquared,rateconstant,mo,io_e,io_a1a0,io_a2a0,io_a2a1
TBC15_MOUSE,HINELSMK,2,-981857.321050589,1.64622,0.55231,0.262984644563683,0.198459173600952,0.269714080163301,0.344241613302275
TBC15_MOUSE,WSFLFSLADLK,2,0.928420839690995,0.94107,0.43345,0.415039988927677,0.412046193114767,0.412104777819275,0.412104777819275

