protien,peptide,charge,rsquared,rateconstant,mo,io_e,io_a1a0,io_a2a0,io_a2a1
ARY2_MOUSE,TIFGVSLER,2,0.979896803827196,0.29631,0.54782,0.567130375727545,0.563959576352825,0.557096964131052,0.54782
ARY2_MOUSE,SYQMWEPLELTSGK,2,0.948645612835597,0.11287,0.35935,0.356538035034446,0.302032174635438,0.328363223573355,0.366607561411097
ARY2_MOUSE,SFcSLQTPEGVHcLVGSTLTYR,3,-0.968716336596965,0.0241,0.23116,0.226129549846007,0.180745009162481,0.212001378042411,0.259341070662482

