protien,peptide,charge,rsquared,rateconstant,mo,io_e,io_a1a0,io_a2a0,io_a2a1
BUP1_MOUSE,IAVNIcYGR,2,0.0729148664542395,9.39942,0.53322,0.415648119310203,0.529827447555448,0.277499769932305,0.247396133676397
BUP1_MOUSE,ELAEAVKPNYSPN,2,-0.327517663834665,0.07659,0.43678,0.464758877268406,0.443998620078702,0.440596586011754,0.435514912982914
BUP1_MOUSE,KHNMVVVSPILER,3,-0.312595170223605,0.05161,0.39391,0.428120060502596,0.409226703952316,0.447364456947576,0.490322660102659
BUP1_MOUSE,NAAIANHcFTcALNR,2,0.836491746616097,0.31904,0.3691,0.491324426958827,0.47803507359429,0.512591597270265,0.512591597270265
BUP1_MOUSE,VGQEHFPNEFTSGDGK,3,0.957972625183679,0.6456,0.36603,0.408311884208111,0.396834430183862,0.429887094748523,0.475868914193264
BUP1_MOUSE,EKLPWTEFAESAEDGLTTR,3,0.46475325229351,0.12296,0.28341,0.33600451927646,0.37891829074073,0.324789565232384,0.261097973146002
BUP1_MOUSE,EHGGVLWNTAVVISNSGLVMGK,3,0.85199356322141,0.4101,0.25582,0.306885364187168,0.296049100074019,0.295006437842806,0.293015027140244
BUP1_MOUSE,AHHDLGYFYGSSYVAAPDGSR,3,0.898710628296253,0.45242,0.26276,0.303681817439798,0.294370349135562,0.280676253543975,0.265082622018104
BUP1_MOUSE,AHHDLGYFYGSSYVAAPDGSR,4,0.941115049291922,0.45964,0.26276,0.303784526529389,0.283038915738448,0.293277977550294,0.305091138396021
BUP1_MOUSE,VGDFNESTYYMEGNLGHPVFQTQFGR,3,0.997680619218255,0.64696,0.16621,0.157864882457213,0.118781445930649,0.157277269272698,0.21003878458766
BUP1_MOUSE,SINGAEIIFNPSATIGELSESLWPIEAR,3,-5.67150517404979,1E-05,0.17172,0.607650829278541,0.699474390768353,0.315112431572704,0.232793675234523
BUP1_MOUSE,NQDGLLVTELNLNLcQQINDFWTFK,3,-0.396949972418341,2E-05,0.16862,0.187032750664088,0.21223166978493,0.18022357249635,0.145376615742558

