protien,peptide,charge,rsquared,rateconstant,mo,io_e,io_a1a0,io_a2a0,io_a2a1
STX12_MOUSE,QLEADILDVNQIFK,2,-2.72455287487988,0.04041,0.38047,0.500338487666087,0.527076846891426,0.465658179194509,0.381460613988429

