protien,peptide,charge,rsquared,rateconstant,mo,io_e,io_a1a0,io_a2a0,io_a2a1
PRP8_MOUSE,TDMIQALGGVEGILEHTLFK,3,0.942668527963837,0.54616,0.26853,0.283967993458461,0.298703303398706,0.243179140347185,0.179677620924695
PRP8_MOUSE,LANQLLTDLVDDNYFYLFDLK,3,0.931134433587663,0.85757,0.21671,0.231304962772696,0.168239128943436,0.223306827968969,0.277926553025232

