protien,peptide,charge,rsquared,rateconstant,mo,io_e,io_a1a0,io_a2a0,io_a2a1
LBR_MOUSE,EELSPASSGNAVYDFFIGR,2,-0.024004013490299,0.00049,0.30001,0.239916280493994,0.218617382263164,0.20980241242483,0.199876203880427

