protien,peptide,charge,rsquared,rateconstant,mo,io_e,io_a1a0,io_a2a0,io_a2a1
S6A12_MOUSE,LITPDPSLPQPGR,2,-1.53890219882317,0.14109,0.44286,0.423710987743204,0.469042390061328,0.379697673147127,0.276874453136808

