protien,peptide,charge,rsquared,rateconstant,mo,io_e,io_a1a0,io_a2a0,io_a2a1
GDIA_MOUSE,LYSESLAR,2,-0.18337736758114,0.11594,0.58214,0.608548012149691,0.602657298552628,0.604545665416152,0.607812182773025
GDIA_MOUSE,MAGSAFDFENMK,2,0.97084036192863,0.17127,0.42406,0.442370040153401,0.402974805282985,0.433922974966596,0.533131459953572
GDIA_MOUSE,FQILEGPPESMGR,2,0.971374298411076,0.39376,0.4108,0.408548044511013,0.39663636469588,0.396263441549603,0.395074764161455
GDIA_MOUSE,FDLGQDVIDFTGH,2,0.950180825880283,0.47454,0.42269,0.45137726834096,0.463896451736135,0.432433660272995,0.392439580655504
GDIA_MOUSE,QLIcDPSYIPDR,2,0.847167297653147,0.50877,0.42179,0.398510467812254,0.377931057821682,0.404666711929327,0.450844004143894
GDIA_MOUSE,TFEGVDPQNTSMR,2,0.945696516814342,0.17157,0.42052,0.444633245555038,0.415316585974158,0.442237482602713,0.499545984193305
GDIA_MOUSE,KFDLGQDVIDFTGH,3,0.660041436094904,0.11992,0.39082,0.47073603891774,0.471244589240974,0.455629977111138,0.436139759319646
GDIA_MOUSE,SPYLYPLYGLGELPQGFAR,2,0.941471104677292,0.14676,0.26741,0.288976031327858,0.284031269193987,0.288793082065746,0.294907379418347
GDIA_MOUSE,NPYYGGESSSITPLEELYK,2,0.861320222122088,0.15652,0.2835,0.302827999293774,0.248169805653156,0.309394303181919,0.390641259701845
GDIA_MOUSE,NTNDANScQIIIPQNQVNR,3,0.979719328769052,0.24972,0.29608,0.296386324055405,0.291356066110331,0.272744314748984,0.249146260752458
GDIA_MOUSE,NTNDANScQIIIPQNQVNR,2,0.950420449512206,0.25473,0.29608,0.289785820154729,0.241555676326442,0.29126218812588,0.367744917475754
GDIA_MOUSE,KFDLGQDVIDFTGHALALYR,4,0.0497749758411666,0.08031,0.25552,0.243992811934586,0.183946358777547,0.22091048791404,0.265836937615885

