protien,peptide,charge,rsquared,rateconstant,mo,io_e,io_a1a0,io_a2a0,io_a2a1
S38A3_MOUSE,SSGIVGIR,2,0.461259906749978,0.14785,0.64157,0.696248927354726,0.69260590803815,0.719814647764898,0.744860083560195
S38A3_MOUSE,AYEQLGYR,2,0.950370120465837,8.44243,0.55482,0.522542792454823,0.527634987733619,0.493362149400652,0.448885946910025
S38A3_MOUSE,QTEMVELVPNGK,2,0.787627774380324,4.55569,0.44765,0.405897431897219,0.400646031298963,0.379761643089001,0.349612115007018
S38A3_MOUSE,SELPLVIQTFLNLEK,3,0.947268978190011,2.52979,0.35118,0.382473796258649,0.389394516643579,0.36769732915402,0.342400478632755
S38A3_MOUSE,SELPLVIQTFLNLEK,2,0.98443440947041,1.92231,0.35118,0.357571205822936,0.331162710703497,0.360174610933709,0.395680694653285
S38A3_MOUSE,HLEGLLPVGVPTTDTQR,3,0.939896718958048,8.56846,0.34706,0.313584742380732,0.342026777736551,0.258973831283166,0.174767379072186
S38A3_MOUSE,HLEGLLPVGVPTTDTQR,2,-1.279931497789,6.29453,0.34706,0.209557934691939,0.0559821204598599,0.324474325835617,0.458587045312969
S38A3_MOUSE,AIQQMLFQNQEFSWLR,3,0.942073879811336,1.78866,0.28385,0.307060732847233,0.35493755775102,0.297056827325126,0.226714369392228
S38A3_MOUSE,AIQQMLFQNQEFSWLR,2,0.80283468826752,1.47781,0.28385,0.317217897390297,0.293370403268034,0.297056827325126,0.301239209207568

