protien,peptide,charge,rsquared,rateconstant,mo,io_e,io_a1a0,io_a2a0,io_a2a1
THTM_MOUSE,LLDASWYLPK,2,0.914085815446615,0.15352,0.47196,0.499723576106483,0.51404638607989,0.508816832870226,0.50227843985988
THTM_MOUSE,HIPGAAFFDIDR,3,0.96613954262142,0.17336,0.44087,0.467548251938669,0.457669245497881,0.455426342388953,0.452026789079911
THTM_MOUSE,ALVSAQWVAEALK,3,-4.06811334137609,0.10253,0.43567,0.484774560992797,0.431304919584485,0.497701190326317,0.581429307374249
THTM_MOUSE,HWLNQNLPISSGK,3,0.883520469193221,0.12055,0.41423,0.443329710713204,0.419083105114853,0.427777784101711,0.439726551630055
THTM_MOUSE,HWLNQNLPISSGK,2,-0.208826798115952,0.11161,0.41423,0.447903075277337,0.417274274138383,0.45095949956042,0.493038618053215
THTM_MOUSE,AFGHHSVSLLDGGFR,3,0.969479823129474,0.18576,0.38788,0.40766754914053,0.386961531967533,0.394450473805974,0.402251709769858
THTM_MOUSE,AFGHHSVSLLDGGFR,2,0.244879695960358,0.03364,0.38788,0.364463219988932,0.283112713706177,0.362637876750761,0.45861910672573
THTM_MOUSE,AFGHHSVSLLDGGFR,4,0.758883074122135,0.17749,0.38788,0.398128575369457,0.383505015805017,0.343785382281051,0.298579626154561
THTM_MOUSE,SDVPVYDGSWVEWYMR,2,0.992719407846845,0.23583,0.29051,0.295675031740221,0.307703296468998,0.285667771558779,0.257576872542187
THTM_MOUSE,SHSEPAEFSAQLDPSFIK,3,0.965783674261361,0.17509,0.31221,0.344337043885375,0.353886073532223,0.331571443255422,0.304254424503246
THTM_MOUSE,PLVATcGSGVTAcHVVLGAFLcGK,3,-4.99336242910315,0.01826,0.23078,0.164673174863689,0.189848577490678,0.150993981444593,0.108339944940926

