protien,peptide,charge,rsquared,rateconstant,mo,io_e,io_a1a0,io_a2a0,io_a2a1
AMRP_MOUSE,IQEYNVLLDTLSR,2,-0.127695825969115,0.29642,0.40359,0.4505890859602,0.439742140891224,0.448161723293715,0.460496376411894
AMRP_MOUSE,VSHQGYGSTTEFEEPR,3,0.923031636082218,0.31442,0.3547,0.340621190776578,0.276390149704861,0.30396375610466,0.33654260641228

