protien,peptide,charge,rsquared,rateconstant,mo,io_e,io_a1a0,io_a2a0,io_a2a1
ATP5I_MOUSE,VPPVQVSPLIK,2,0.954126973640543,0.05984,0.48668,0.514626842319668,0.522743594077086,0.499093333396943,0.4694515770687
ATP5I_MOUSE,YSALIIGMAYGAK,3,-0.539706904217687,0.0431,0.42307,0.382814153819001,0.338948632980632,0.400319382571368,0.507020670618739

