protien,peptide,charge,rsquared,rateconstant,mo,io_e,io_a1a0,io_a2a0,io_a2a1
PEX14_MOUSE,EPLIATAVK,2,0.637456460563313,0.29256,0.57197,0.513548246564035,0.486406994214476,0.519883147940156,0.562322419820056
PEX14_MOUSE,YLLPLILGGR,2,0.772070165134671,0.17953,0.50049,0.538364714213964,0.546658268961335,0.517675711028074,0.481315465320368
PEX14_MOUSE,ATTSTNWILESQNINELK,2,0.786611641209799,0.15482,0.30789,0.285172640049461,0.278908136617742,0.278764688480211,0.278764688480211
PEX14_MOUSE,SSSPSSPAAVNHHSSSDISPVSNESTSSSPGK,4,0.93271476541914,0.24959,0.18437,0.185743109809798,0.144124462183397,0.171039647961126,0.204770022715123
PEX14_MOUSE,MAASLSELSGTVAQTVTQVQTTLASVQELLR,3,0.998688285610288,0.31613,0.1556,0.145783131972018,0.118600011201082,0.140019608647147,0.167612636568748

