protien,peptide,charge,rsquared,rateconstant,mo,io_e,io_a1a0,io_a2a0,io_a2a1
PAXI_MOUSE,KPIAGQVVTAMGK,2,0.9470991336137,0.13465,0.44993,0.446656056532042,0.461312195834509,0.355402317859181,0.222221786761209
PAXI_MOUSE,NSSASNTQDGVGSLcSR,2,-0.301402538977166,0.15203,0.39739,0.392489420724074,0.36461839662283,0.431057464155094,0.574291708342362

