protien,peptide,charge,rsquared,rateconstant,mo,io_e,io_a1a0,io_a2a0,io_a2a1
SGPL1_MOUSE,EYSSMDGSWQEGK,2,0.534534174572405,0.11092,0.41271,0.39529853374254,0.341198255559396,0.414944787068735,0.539933368400935
SGPL1_MOUSE,LKDFEPYLEILESYSTK,3,0.770105154380553,1.24806,0.28744,0.317679319275924,0.314948446628153,0.309118197713981,0.30120146203548
SGPL1_MOUSE,NIFIFGDPQLSVIALGSNDFDIYR,3,-2.66536202844826,0.0093,0.19617,0.307607119758325,0.314958170813262,0.259516167281019,0.200032487878897

