protien,peptide,charge,rsquared,rateconstant,mo,io_e,io_a1a0,io_a2a0,io_a2a1
SO1A1_MOUSE,SENSPLYIGILEMGK,2,0.283279330092387,0.09379,0.3671,0.393348543764588,0.411599900606869,0.407787345317803,0.401256723656673
SO1A1_MOUSE,LLAGIPAPVYFGALIDR,2,0.850263073264403,0.31397,0.33199,0.339032675644682,0.345774566308386,0.345635566793468,0.345635566793468
SO1A1_MOUSE,GIGETPIMPLGISYIEDFAK,2,0.960444879978525,0.24618,0.26566,0.285623187044935,0.283762130163793,0.27391238598103,0.260293019304694

