protien,peptide,charge,rsquared,rateconstant,mo,io_e,io_a1a0,io_a2a0,io_a2a1
DX39B_MOUSE,MLEQLDMR,2,-13.9914389828857,0.08022,0.51756,0.211520034765938,0.443408967165856,0.228146046296057,0.228146046296057
DX39B_MOUSE,ILVATNLFGR,2,0.926782472027498,0.10318,0.51478,0.543633079299266,0.550826365221983,0.531608680498018,0.507618630041223
DX39B_MOUSE,VAVFFGGLSIK,2,0.925792646712295,0.0873,0.49032,0.529678566359647,0.493941648020336,0.548956364187287,0.563622365312521
DX39B_MOUSE,GSYVSIHSSGFR,2,0.925742992656377,0.10121,0.47066,0.486697595765012,0.462861838606833,0.462074314801114,0.459951418128688
DX39B_MOUSE,FMQDPMEIFVDDETK,2,0.791622912977488,0.10337,0.31618,0.41327083600619,0.43951587638094,0.356396256671634,0.22224564308766
DX39B_MOUSE,VNIAFNYDMPEDSDTYLHR,3,0.898484914194867,0.30773,0.2531,0.260298729261903,0.217827418399079,0.275747791882855,0.351495348873216

