protien,peptide,charge,rsquared,rateconstant,mo,io_e,io_a1a0,io_a2a0,io_a2a1
CSN2_MOUSE,AHTDFFEAFK,3,0.882292260758306,0.20002,0.47518,0.561187657016964,0.533346735785907,0.558354481965629,0.56840113606234
CSN2_MOUSE,SAIPHPLIMGVIR,3,0.874388506956634,0.1182,0.41361,0.476071766943583,0.478688223417138,0.435884200718652,0.368573515566208
CSN2_MOUSE,SINSILDYISTSK,2,-1.65089322412524,0.18006,0.43687,0.437623884691782,0.445124209266392,0.41312089750613,0.372601580459931
CSN2_MOUSE,QMDLLQEFYETTLEALK,3,0.964850396515421,0.14499,0.28472,0.310009874895609,0.294129162550715,0.308712267689878,0.330681519324803
CSN2_MOUSE,ELNIDVADVESLLVQcILDNTIHGR,3,-0.395041458026148,0.06963,0.1974,0.208091449835696,0.198285004778683,0.204634065500426,0.212127134395776

