protien,peptide,charge,rsquared,rateconstant,mo,io_e,io_a1a0,io_a2a0,io_a2a1
PTN11_MOUSE,ESAAHDYTLR,3,0.524139993878633,0.74548,0.51913,0.441518594343505,0.422126900984621,0.450970840610208,0.48895336630487
PTN11_MOUSE,FDSLTDLVEHYK,3,0.568702308765353,0.03871,0.41922,0.437108361078039,0.365554084845632,0.488474341263413,0.491580549374598
PTN11_MOUSE,WFHPNITGVEAENLLLTR,3,0.905585030697335,8.30888,0.28278,0.310654446710278,0.328414201802626,0.294902965147619,0.257626337392206

