protien,peptide,charge,rsquared,rateconstant,mo,io_e,io_a1a0,io_a2a0,io_a2a1
MECR_MOUSE,ALVYGNHGDPAK,3,0.766408219389104,0.09999,0.48426,0.51188481632044,0.530917539269782,0.478720674552595,0.412002968397069
MECR_MOUSE,ALVYGNHGDPAK,2,0.854263858626344,0.10716,0.48426,0.536153750614148,0.517584703285704,0.532053364183613,0.551901747228114
MECR_MOUSE,QPVTASVSLLIFK,2,-0.65255615996919,0.02642,0.42717,0.464575499888685,0.473864567526999,0.436668092319283,0.391104239972331
MECR_MOUSE,HLAPGGTMVTYGGMAK,2,0.843388320939929,0.05756,0.36608,0.403964148252943,0.358309364284706,0.343905580928128,0.319666407654826
MECR_MOUSE,NLELTAVEGSDVHVR,3,-3.17839776883949,0.29307,0.39722,0.236977433450382,0.0650170131758708,0.392637249032743,0.53011533838731
MECR_MOUSE,LPAVGGNEGVGQVIAVGSSVSALKPGDWVIPANAGLGTWR,4,0.0106477006074309,0.08511,0.10345,0.110219314211765,0.127607606470275,0.110871073100597,0.0935885147644857
MECR_MOUSE,LPAVGGNEGVGQVIAVGSSVSALKPGDWVIPANAGLGTWR,3,0.7503828325367,0.06228,0.10345,0.111833511295193,0.0737827325323833,0.101086980496723,0.138542795772322

