protien,peptide,charge,rsquared,rateconstant,mo,io_e,io_a1a0,io_a2a0,io_a2a1
NDUV1_MOUSE,AAYIYIR,2,0.986008574619692,0.13871,0.58361,0.631550523461311,0.671940158584395,0.574685005344084,0.437931932541761
NDUV1_MOUSE,GGAGFPTGLK,2,-0.094728630602815,0.34832,0.5851,0.495521880485886,0.419492790199005,0.605075210281359,0.686092694621147
NDUV1_MOUSE,IFTNLYGR,2,0.959311918109329,0.10847,0.55095,0.546938442236132,0.56095069828922,0.508813261963354,0.441920768689439
NDUV1_MOUSE,EAYEAGLIGK,2,0.321470175230116,0.30886,0.54124,0.400243594717055,0.367955763797759,0.41775895177343,0.479387801601128
NDUV1_MOUSE,GGTWFAGFGR,2,0.989597852650934,0.14515,0.52341,0.52697894796179,0.540050145709197,0.51098658314417,0.473826277104112
NDUV1_MOUSE,LVEGcLVGGR,2,-1.36962554555433,2.63967,0.54376,0.348118063836507,0.572619766041774,0.237713934944183,0.227732631673757
NDUV1_MOUSE,GPDWILGEMK,2,0.962828784694998,0.18387,0.48554,0.506097952060695,0.488444566012198,0.513968763473786,0.563709906903093
NDUV1_MOUSE,YLVVNADEGEPGTcK,2,0.983547347070505,0.17328,0.38791,0.398113828446125,0.392471288484942,0.376965304475891,0.352263650933317
NDUV1_MOUSE,GEFYNEASNLQVAIR,2,0.977387108841374,0.20819,0.37155,0.388548632971795,0.394250465633206,0.381792323038214,0.366529351708222
NDUV1_MOUSE,NAcGSDYDFDVFVVR,2,0.985060531595178,0.16606,0.35621,0.351990433205838,0.339222584936948,0.353653720078015,0.376404980741977
NDUV1_MOUSE,GAGAYIcGEETALIESIEGK,2,0.950198032068755,0.06881,0.30623,0.334875799060123,0.332212211044859,0.310392160290999,0.278584754707113
NDUV1_MOUSE,HAGGVTGGWDNLLAVIPGGSSTPLIPK,3,0.941793557474514,0.14513,0.21374,0.223339144360526,0.224023064105003,0.217621981258301,0.210873029040075
NDUV1_MOUSE,LFNISGHVNHPcTVEEEMSVPLK,3,0.545240202044483,0.08396,0.20644,0.298265926594473,0.294370918243312,0.273686157279082,0.242166044833367
NDUV1_MOUSE,SVcETVLMDFDALVQAQTGLGTAAVIVMDR,3,-0.000458250815114081,5E-05,0.14812,0.16305786132417,0.195946123838929,0.146528506524166,0.0918948374121467

