protien,peptide,charge,rsquared,rateconstant,mo,io_e,io_a1a0,io_a2a0,io_a2a1
TINAL_MOUSE,LDGAWWFLR,2,0.846843236586436,0.07207,0.47789,0.533052060213492,0.545748397463198,0.495583258737912,0.434465964782999
TINAL_MOUSE,ITGWGEETLPDGR,2,0.3845847109437,0.03079,0.44026,0.492523757179458,0.419672219122534,0.543306820843378,0.559034067653398
TINAL_MOUSE,YcQEQDMccR,2,0.462162470995096,0.03553,0.42845,0.592808631526571,0.592632796513268,0.538650601370344,0.193799851504715
TINAL_MOUSE,GVVSDNcYPFSGR,2,0.781187550926963,0.0489,0.43032,0.453241022381356,0.456447593671522,0.410868547877347,0.341132664782128
TINAL_MOUSE,GTNEcDIETFVLGVWGR,3,0.454842861941654,0.22552,0.31985,0.327041335565151,0.326618588894648,0.313262209215942,0.294272359109005
TINAL_MOUSE,GTNEcDIETFVLGVWGR,2,0.682577898872651,0.05528,0.31985,0.27036283735243,0.251969630737779,0.270667542380217,0.296584098387509

