protien,peptide,charge,rsquared,rateconstant,mo,io_e,io_a1a0,io_a2a0,io_a2a1
NIT2_MOUSE,RADLYTVESK,2,-2.43244786805005,1.60469,0.50884,0.228290360889969,0.517756230969456,0.20247202064154,0.20247202064154
NIT2_MOUSE,VGLGIcYDMR,2,0.846858721603332,0.11314,0.48196,0.519983545300486,0.530074148888336,0.501903902640697,0.408157311511438
NIT2_MOUSE,IHLFDIDVPGK,3,0.972665692926409,0.09992,0.4671,0.482691872120613,0.474860452505391,0.472029426821373,0.469206698625083
NIT2_MOUSE,FAELAQIYAQR,2,0.920377959887487,0.108,0.45746,0.476724539782696,0.490182507353228,0.465488289676414,0.434169177125508
NIT2_MOUSE,STVVDPWGQVLTK,2,-58.6103163103165,0.09641,0.4288,0.420578794678158,0.412920003123327,0.404103714212847,0.393209659923604
NIT2_MOUSE,AVDNQVYVATASPAR,2,0.96274365180418,0.10331,0.41005,0.41130436010146,0.396126997562878,0.415664523803465,0.438878129343952
NIT2_MOUSE,AGTEETILYSDIDLK,2,-0.234776401734878,0.00696,0.38402,0.396401460262187,0.529969893256203,0.31668017911021,0.112391173929693
NIT2_MOUSE,NSPYGTTYFPDYAEK,2,0.541174097953826,0.06522,0.35133,0.425053227756742,0.388300089848947,0.432531497214934,0.446112385837161
NIT2_MOUSE,ESSIYLIGGSIPEEDAGK,2,0.97436682542895,0.13742,0.3444,0.372426289794958,0.356444359305982,0.353682142532282,0.351005531351576
NIT2_MOUSE,LYNTcSVFGPDGSLLVK,2,0.866898674339272,0.11309,0.3284,0.344194019835972,0.339301079614208,0.338192882103982,0.336777067344493
NIT2_MOUSE,LYNTcSVFGPDGSLLVK,3,0.397796997932094,0.06468,0.3284,0.334433238122046,0.37170410638306,0.291862687108325,0.197582707792495
NIT2_MOUSE,TLSPGDSFSTFDTPYcK,2,0.986396908043904,0.13057,0.32334,0.329169293665635,0.316883810384904,0.333148932354687,0.358521371460964
NIT2_MOUSE,ASYVAWGHSTVVDPWGQVLTK,3,0.990746050571304,0.15264,0.24999,0.259401374764119,0.277666581326518,0.247526559963808,0.215414170772477
NIT2_MOUSE,ASYVAWGHSTVVDPWGQVLTK,2,0.910351620882534,0.14263,0.24999,0.25445679787155,0.240515850133212,0.224151870826088,0.207007146941594
NIT2_MOUSE,GcQLLVYPGAFNLTTGPAHWELLQR,3,-0.225103031371476,0.02686,0.18118,0.193355903540353,0.214472621523079,0.182818071576079,0.149238175084463
NIT2_MOUSE,QGANIVSLPEcFNSPYGTTYFPDYAEK,2,0.392380006698787,0.14894,0.16232,0.171049503413096,0.138502531059208,0.133372503910543,0.127592544262278
NIT2_MOUSE,QGANIVSLPEcFNSPYGTTYFPDYAEK,3,0.901950980544944,0.09663,0.16232,0.183173505675785,0.186614519788007,0.186158653230712,0.185251055797805

