protien,peptide,charge,rsquared,rateconstant,mo,io_e,io_a1a0,io_a2a0,io_a2a1
SDHB_MOUSE,LQDPFSVYR,2,0.94806019658964,0.11137,0.50923,0.542639318317025,0.533507012090603,0.546293442295291,0.56396339174548
SDHB_MOUSE,cGPMVLDALIK,2,0.983791768587281,0.12764,0.46703,0.465430473750195,0.453965649153645,0.467777925266881,0.528862556531091
SDHB_MOUSE,MQTYEVDLNK,2,0.963855164607121,0.13318,0.4735,0.500129701587039,0.486409029538122,0.498981190443711,0.532038606303652
SDHB_MOUSE,QQYLQSIEDR,2,0.99568626829365,0.15635,0.48605,0.496569439257426,0.493005661314346,0.489709100505459,0.484836143213423
SDHB_MOUSE,NINGGNTLAcTR,2,-2.34756209522843,0.02344,0.49277,0.500002168808062,0.484452443097536,0.4753277077388,0.457553457896782
SDHB_MOUSE,WDPDKTGDKPR,2,0.614535027933997,0.076,0.4694,0.658123369722732,0.734018897851287,0.510078570952633,0.196589850867408
SDHB_MOUSE,WDPDKTGDKPR,3,0.969509704597747,0.12184,0.4694,0.496122184148245,0.498263162329203,0.495603828746516,0.492254648686487
SDHB_MOUSE,YLGPAVLMQAYR,2,0.979465987700279,0.12638,0.41632,0.436631677381072,0.430266357738236,0.435901110750616,0.447043086281072
SDHB_MOUSE,IKNEVDSTLTFR,2,0.964394806874445,0.13983,0.44076,0.454320218987231,0.442832489407883,0.430384984819312,0.413837764082901
SDHB_MOUSE,cHTIMNcTQTcPK,3,0.866870941322979,0.07024,0.37693,0.365604596177359,0.349854690951493,0.364937814526077,0.428736359726307
SDHB_MOUSE,cHTIMNcTQTcPK,2,0.69124130911015,0.0656,0.37693,0.381497759626142,0.385743509630984,0.374786957245939,0.329197263778922
SDHB_MOUSE,DLVPDLSNFYAQYK,3,0.818726284792877,0.09999,0.36563,0.371301342344075,0.329507551165485,0.364826333010784,0.408039855697726
SDHB_MOUSE,DLVPDLSNFYAQYK,2,0.995527576097992,0.17366,0.36563,0.374715468256402,0.372513679386983,0.377060308458168,0.382902593642149
SDHB_MOUSE,cSTScPSYWWNGDK,2,0.914554081884055,0.08265,0.35763,0.358588137068398,0.322224850918194,0.335420950782069,0.359782242641176
SDHB_MOUSE,EGIcGScAMNINGGNTLAcTR,2,0.841563388551579,0.08308,0.27686,0.271694651521724,0.162303457194304,0.215875337560486,0.388435686579343
SDHB_MOUSE,EGIcGScAMNINGGNTLAcTR,3,0.66047172588469,0.07995,0.27686,0.293931476214865,0.327242208285405,0.242565809743837,0.123380924376083

