protien,peptide,charge,rsquared,rateconstant,mo,io_e,io_a1a0,io_a2a0,io_a2a1
FIS1_MOUSE,GIVLLEELLPK,2,0.944151659964079,0.28341,0.47507,0.514057604547478,0.511987406394674,0.506715527273971,0.50074091341393
FIS1_MOUSE,FQSEQAAGSVSK,2,0.971331938858757,0.26816,0.49906,0.499077380518872,0.488553460584039,0.483816636697886,0.477846308747459
FIS1_MOUSE,KFQSEQAAGSVSK,3,0.663595471674124,0.05288,0.46142,0.664014321930767,0.684447375302296,0.628173722488885,0.528705011253753
FIS1_MOUSE,KFQSEQAAGSVSK,2,0.942703455993692,0.22394,0.46142,0.507910325114719,0.521191058038084,0.490907840090353,0.448716721511723
FIS1_MOUSE,GLLQTEPQNNQAK,2,0.970020198511863,0.26277,0.44647,0.462507414364145,0.42936693162824,0.445132322305082,0.465610463432553
FIS1_MOUSE,STQFEYAWcLVR,2,0.913830005518627,0.41454,0.3896,0.357737321665711,0.28451557300052,0.441758603177905,0.480155450311538

