protien,peptide,charge,rsquared,rateconstant,mo,io_e,io_a1a0,io_a2a0,io_a2a1
VNN1_MOUSE,LAPGEFQVSSDGR,2,0.742649082032019,0.09931,0.4617,0.420766115016138,0.485509666178963,0.381949286165567,0.261244512208717
VNN1_MOUSE,YVFPEVLLSEVK,2,0.901863859430731,0.73425,0.41545,0.466268719698047,0.476151268330927,0.461486679838297,0.44237412150453
VNN1_MOUSE,LDTFLAAVYEHAVILPK,3,-2.48072391669431,5E-05,0.31151,0.344015803735423,0.344999167509966,0.336882452111505,0.326685661263785
VNN1_MOUSE,DTLLPVSHSEALALMNQNLDLLEGAIVSAAK,3,-1.15458872996881,0.08651,0.15022,0.27072861902713,0.290161884700841,0.269997206257292,0.240228892959118

