protien,peptide,charge,rsquared,rateconstant,mo,io_e,io_a1a0,io_a2a0,io_a2a1
BTF3_MOUSE,QLTEMLPSILNQLGADSLTSLR,3,0.946605393843339,0.61426,0.24397,0.275134392205175,0.263595875490184,0.273609710879859,0.28736224067188
BTF3_MOUSE,QLTEMLPSILNQLGADSLTSLR,2,0.119505774033095,0.12555,0.24397,0.289408784337475,0.269896845674611,0.248003917224723,0.221077127438
BTF3_MOUSE,LGVNNISGIEEVNMFTNQGTVIHFNNPK,3,0.758813351080647,0.21396,0.16173,0.202312835322972,0.234664516660176,0.207014425505732,0.173795954639457

