protien,peptide,charge,rsquared,rateconstant,mo,io_e,io_a1a0,io_a2a0,io_a2a1
RS11_MOUSE,NIGLGFK,2,0.764501341642131,0.08106,0.63547,0.612896831799094,0.650170653181441,0.561717749675873,0.438903168344021
RS11_MOUSE,NMSVHLSPcFR,3,0.90957940977025,0.04868,0.43773,0.460058408111584,0.450827069675682,0.449254454571733,0.445678120269924

