protien,peptide,charge,rsquared,rateconstant,mo,io_e,io_a1a0,io_a2a0,io_a2a1
MTX2_MOUSE,ANAEYMSPSGK,2,0.583116601740709,0.17461,0.50259,0.457372705356248,0.416962565162587,0.444501951051305,0.498833530842097
MTX2_MOUSE,GHSLSDGLDEVQK,2,-1.26140434240995,0.03383,0.46451,0.446141715733634,0.52410463310185,0.383928810094324,0.220181646022372
MTX2_MOUSE,VPFIHVGNQVVSELGPIVQFVK,3,0.939397820447868,0.15209,0.23018,0.262852902204289,0.234845029169132,0.263780496802554,0.296923063471868
MTX2_MOUSE,GEQILLSDNAASLAVQAFLQMcNLPVK,3,-0.999610857189277,1E-05,0.17476,0.165391561096811,0.169362113559102,0.191130403253174,0.222234851173326
MTX2_MOUSE,QPTELDALVFGHLYTILTTQLTSDELSEK,3,-0.983473965674931,0.09554,0.14984,0.305273840559562,0.309152095444077,0.239201452058532,0.239201452058532

