protien,peptide,charge,rsquared,rateconstant,mo,io_e,io_a1a0,io_a2a0,io_a2a1
PLM_MOUSE,TGEPDEEEGTFR,2,0.974122629144864,0.4943,0.47166,0.526002917949343,0.501181162910232,0.517247046648792,0.543874004500535
PLM_MOUSE,EAPQEPDPFTYDYHTLR,3,0.846189836064193,0.4127,0.29359,0.33211873345678,0.301584551764114,0.328331184409802,0.361980108099933

