protien,peptide,charge,rsquared,rateconstant,mo,io_e,io_a1a0,io_a2a0,io_a2a1
RHOA_MOUSE,EVFEMATR,2,0.0172225112319898,0.09552,0.54715,0.537354410341474,0.533069666062888,0.531548202832783,0.52793854126682
RHOA_MOUSE,TcLLIVFSK,2,0.361768792821928,0.02657,0.5149,0.587563036940638,0.567310375914755,0.557569796844205,0.557569796844205
RHOA_MOUSE,MKQEPVKPEEGR,4,0.979079776304705,0.35826,0.42787,0.45723222591618,0.514023940877143,0.395599084724766,0.229823379322058
RHOA_MOUSE,MKQEPVKPEEGR,3,0.908944858254188,0.37918,0.42787,0.444994879665594,0.442369998196564,0.44173353681518,0.44173353681518
RHOA_MOUSE,LRPLSYPDTDVILMcF,2,0.798361692749628,0.56766,0.29908,0.267082971761546,0.29231627671042,0.203714623286264,0.112405904549233
RHOA_MOUSE,QVELALWDTAGQEDYDR,2,0.222138126704852,0.02143,0.31671,0.493672933466229,0.483581473175257,0.457696285636552,0.457696285636552
RHOA_MOUSE,QVELALWDTAGQEDYDR,3,0.768508119593734,0.13875,0.31671,0.35954720401535,0.374387691779033,0.359097048100645,0.338504374601584
RHOA_MOUSE,DQFPEVYVPTVFENYVADIEVDGK,3,0.943492904607724,0.2696,0.19186,0.19736665124409,0.199916217396736,0.208656825556915,0.218889954053047

