protien,peptide,charge,rsquared,rateconstant,mo,io_e,io_a1a0,io_a2a0,io_a2a1
MARC2_MOUSE,VGDPVYR,2,-0.12261620471462,1.26627,0.62325,0.498074528526747,0.564585265638352,0.419232373476376,0.354883415357886
MARC2_MOUSE,LVQFDTSMK,2,0.874450922269195,0.45554,0.51547,0.542459883718915,0.536729325539063,0.548732349005268,0.575103318861964
MARC2_MOUSE,QLQQVGTVSK,2,0.993906013820103,0.29248,0.54072,0.551513237019462,0.545078878730999,0.555509413180101,0.570680285506447
MARC2_MOUSE,RQLQQVGTVSK,2,0.487033457416531,0.09682,0.49628,0.52375962208984,0.502701071153904,0.498468565310529,0.493014342062391
MARC2_MOUSE,cVLTTVDPDTGIIDR,2,0.988043659292841,0.269,0.38595,0.382948242430911,0.380111162955973,0.378681453116647,0.375810505215323
MARC2_MOUSE,GVSVcETEcTDMGLR,2,0.796478805281421,0.07008,0.37342,0.355271736163536,0.291722144086031,0.30542297401058,0.336459898848029
MARC2_MOUSE,DcGDEVAQWFTNYLK,3,0.961731392569807,0.28805,0.33583,0.34773903077776,0.345804673117418,0.32818910625538,0.303434554487538
MARC2_MOUSE,DcGDEVAQWFTNYLK,2,0.968991361713069,0.28863,0.33583,0.347028931653922,0.342814342559806,0.342852042644899,0.342852042644899
MARC2_MOUSE,SIYQSSPLFGMYFSVEK,3,0.965173504340855,0.26657,0.28896,0.322924616205642,0.32799224631978,0.293033504117769,0.249004352585002
MARC2_MOUSE,SIYQSSPLFGMYFSVEK,2,0.983257802806869,0.28185,0.28896,0.292746724107298,0.307514490149475,0.301347274019463,0.293033504117769
MARC2_MOUSE,LYPSESYLQNYEVAYPDcSPVHLISEASLVDLNTR,3,0.893349993574785,0.16918,0.09743,0.0968066640487925,0.0798648097838536,0.092963824937209,0.110645697357773

