protien,peptide,charge,rsquared,rateconstant,mo,io_e,io_a1a0,io_a2a0,io_a2a1
CLCC1_MOUSE,ALAITFTNFVTEPLK,2,0.843259739029046,0.43888,0.36263,0.352981115501516,0.341707964536864,0.337390786795105,0.332681024107635
CLCC1_MOUSE,YYELLIVNPIWLVPPTK,2,-4.70137055302648,0.20286,0.27199,0.25914222458013,0.207535393116553,0.233495055226843,0.263416039393929
CLCC1_MOUSE,FLSGEEWKPGALDDALSDILINFK,3,-0.00534303140090309,0.00013,0.20155,0.122097583351548,0.105937482780617,0.0941125088433429,0.0823181831026182

