protien,peptide,charge,rsquared,rateconstant,mo,io_e,io_a1a0,io_a2a0,io_a2a1
WASC4_MOUSE,DLALFFSLNPIR,2,-0.053310973922839,0.01192,0.42236,0.676835551182608,0.750716523444934,0.51027184816,0.203484651562534

