protien,peptide,charge,rsquared,rateconstant,mo,io_e,io_a1a0,io_a2a0,io_a2a1
RS17_MOUSE,IAGYVTHLMK,3,0.937811713652736,0.06452,0.48569,0.529508705331201,0.518701843204115,0.533863680685942,0.552771607697335
RS17_MOUSE,IAGYVTHLMK,2,0.907749614573841,0.08104,0.48569,0.535771676933275,0.522786050835635,0.533863680685942,0.552771607697335
RS17_MOUSE,LGNDFHTNKR,3,0.913772600510557,0.08018,0.50414,0.514141070670588,0.513150991766581,0.510224628868653,0.507173798057734
RS17_MOUSE,LGNDFHTNKR,2,0.818912566722139,0.05568,0.50414,0.492610258260887,0.472633814781284,0.489959360641759,0.511756459277857
RS17_MOUSE,VcEEIAIIPSK,2,0.846864866505975,0.19986,0.47699,0.46456243297056,0.424989981417711,0.509488343227006,0.593737162403512
RS17_MOUSE,VcEEIAIIPSKK,3,0.848516831072876,0.05964,0.44102,0.527390076888619,0.555758708890258,0.474653063335759,0.33175321918652
RS17_MOUSE,LLDFGSLSNLQVTQPTVGMNFK,3,0.966283944974742,0.08501,0.23294,0.247924974804102,0.249246247859567,0.247060731411414,0.244020759526129
RS17_MOUSE,LLDFGSLSNLQVTQPTVGMNFK,2,0.988989650750946,0.09745,0.23294,0.241539326355339,0.231438942148865,0.243266441251568,0.258790407516196
RS17_MOUSE,LLDFGSLSNLQVTQPTVGmNFK,3,0.11418845170148,0.08252,0.23294,0.208680430352846,0.123623157352826,0.224427512399654,0.317122766495949
RS17_MOUSE,RDNYVPEVSALDQEIIEVDPDTK,3,-3.24332114952578,2E-05,0.22195,0.377392588821462,0.408964796254744,0.347333849433243,0.316274402289433

