protien,peptide,charge,rsquared,rateconstant,mo,io_e,io_a1a0,io_a2a0,io_a2a1
FBRL_MOUSE,NVMVEPHR,2,-1.42597174032767,0.04909,0.54975,0.746827775136002,0.727961345774538,0.64464101669454,0.64464101669454
FBRL_MOUSE,LAAAILGGVDQIHIKPGAK,4,0.937972801571315,0.15433,0.32874,0.358329251464861,0.348332797657685,0.352628457918514,0.358162308089069
FBRL_MOUSE,MLIAMVDVIFADVAQPDQTR,3,0.958614725973478,0.1142,0.25157,0.269778798172703,0.239798996449278,0.252527886118524,0.271417220623036
FBRL_MOUSE,VLYLGAASGTTVSHVSDIVGPDGLVYAVEFSHR,4,0.46926269338895,0.06055,0.13501,0.156548739903599,0.159223585994883,0.14050472272766,0.121137823294268

