protien,peptide,charge,rsquared,rateconstant,mo,io_e,io_a1a0,io_a2a0,io_a2a1
RBM3_MOUSE,PGGYGYGYGR,2,0.918526456016619,0.27076,0.53487,0.550734025257269,0.529535005486214,0.53487,0.543113991442178
RBM3_MOUSE,LFVGGLNFNTDEQALEDHFSSFGPISEVVVVK,3,0.893336599347322,0.20406,0.12692,0.134845726741287,0.122480634229793,0.129691170286549,0.13836586282724

