protien,peptide,charge,rsquared,rateconstant,mo,io_e,io_a1a0,io_a2a0,io_a2a1
G3BP2_MOUSE,AFSWASVTSK,2,0.127831077329386,0.38752,0.52286,0.465389126392388,0.539961749654291,0.354477371870681,0.218979483222268
G3BP2_MOUSE,VDAKPEVQSQPPR,3,0.894714610205371,0.40295,0.43754,0.410910501017102,0.388381060488753,0.404180100378482,0.424728493857957

