protien,peptide,charge,rsquared,rateconstant,mo,io_e,io_a1a0,io_a2a0,io_a2a1
NDUB7_MOUSE,IPSFPPDLGFPER,2,-1.40766552048288,9.71856,0.40666,0.216975464784119,0.466051318256606,0.133247043720716,0.10743390230764
NDUB7_MOUSE,YLWDASVEPDPEK,2,0.906665762166755,0.12439,0.39893,0.432279163307566,0.41051959433592,0.431030183944413,0.457570293126146

