protien,peptide,charge,rsquared,rateconstant,mo,io_e,io_a1a0,io_a2a0,io_a2a1
PGTA_MOUSE,LQQSAALQTLAScPR,2,0.339258460601789,0.04359,0.39317,0.570734015580359,0.483219608833391,0.573875954063838,0.573875954063838
PGTA_MOUSE,ELELVQNAFFTDPNDQSAWFYHR,3,-0.0113704118334863,0.16384,0.18508,0.171232015861444,0.179844106651784,0.110747491828826,0.0569302587742949

