protien,peptide,charge,rsquared,rateconstant,mo,io_e,io_a1a0,io_a2a0,io_a2a1
UBE2Z_MOUSE,LMTTGNNTVR,2,0.867709918342126,0.25325,0.52381,0.602493596782994,0.565336165988989,0.590253142529059,0.590253142529059
UBE2Z_MOUSE,SFLEYYDFYEVAcK,2,0.9860923393497,0.15742,0.32312,0.341354724450203,0.398306523550736,0.260522741536018,0.12097042597188

