protien,peptide,charge,rsquared,rateconstant,mo,io_e,io_a1a0,io_a2a0,io_a2a1
DPYL2_MOUSE,VFNLYPR,2,0.186864676709423,0.04426,0.56858,0.6068054959246,0.614351673524878,0.57734003788692,0.5284423555025
DPYL2_MOUSE,FVAVTSTNAAK,2,0.972872029251226,0.20333,0.52496,0.544211568142556,0.549865468394125,0.546145119859817,0.542234183960781
DPYL2_MOUSE,QIGENLIVPGGVK,2,0.858605132192367,0.05458,0.46076,0.448503617829656,0.445539053390868,0.404508414717134,0.356432676169065
DPYL2_MOUSE,SITIANQTNcPLYVTK,2,0.442613043879341,0.0761,0.34597,0.356687894123914,0.342313149007478,0.374065743284035,0.42612715888637
DPYL2_MOUSE,FQLTDSQIYEVLSVIR,3,0.733451642265218,0.09188,0.32234,0.298092786059379,0.304316017041167,0.279249017673681,0.251827291800804
DPYL2_MOUSE,FQLTDSQIYEVLSVIR,2,0.822809558177346,0.04279,0.32234,0.377079993107712,0.392288266544155,0.387073218326197,0.380892048754817
DPYL2_MOUSE,ISVGSDADLVIWDPDSVK,2,-0.159125680680179,0.07649,0.32872,0.45506059990177,0.479564904777322,0.42718518074921,0.356488301052379
DPYL2_MOUSE,GTVVYGEPITASLGTDGSHYWSK,3,0.650124216453769,0.10499,0.24094,0.221102301020846,0.18508197502738,0.234096148991055,0.295656147244406

