protien,peptide,charge,rsquared,rateconstant,mo,io_e,io_a1a0,io_a2a0,io_a2a1
PDIA4_MOUSE,LVLTHPEK,2,0.70151908243301,0.18567,0.5715,0.543101316324649,0.583719663789443,0.456575580387176,0.325416561375101
PDIA4_MOUSE,DNDPPIAVAK,2,0.753180137854702,0.07655,0.5515,0.609933017181254,0.615176990483304,0.579744338953893,0.523515166079249
PDIA4_MOUSE,TFDAIVMDPK,2,0.91945170277781,0.23654,0.49153,0.542897344109657,0.541353879518523,0.532989101804544,0.511155723530939
PDIA4_MOUSE,GRPFDYNGPR,2,-6.54032353996087,1.60301,0.50197,0.326308801571422,0.22321267174874,0.395074914123724,0.607683529271766
PDIA4_MOUSE,VDATEQTDLAK,2,0.943263651208601,0.43494,0.51858,0.474880292284647,0.468849461305784,0.476712088638265,0.486866410754908
PDIA4_MOUSE,QLEPIYTSLGK,2,0.960732544925749,0.22935,0.47703,0.509727692293512,0.515204745864058,0.499858929745864,0.478750498946208
PDIA4_MOUSE,RFDVSGYPTLK,3,0.922130246966638,0.30321,0.46435,0.49456160997625,0.482699171951504,0.48787770377714,0.495224058333392
PDIA4_MOUSE,FHHTFSPEIAK,3,0.929448295497595,0.4799,0.44873,0.428129689176416,0.460153445132286,0.383102683911733,0.295457903989928
PDIA4_MOUSE,FHHTFSPEIAK,2,0.551855784671557,0.21527,0.44873,0.456744278312786,0.461062741869521,0.429348145150085,0.391292128537322
PDIA4_MOUSE,MDATANDITNDQYK,2,0.902297755223885,0.49138,0.39803,0.35373533120715,0.328367181500891,0.356329335202252,0.402834677626373
PDIA4_MOUSE,VEGFPTIYFAPSGDK,2,0.956524966990667,0.25244,0.37214,0.375526410281658,0.406530751351912,0.354857937182204,0.295352463574734
PDIA4_MOUSE,FAMEPEEFDSDTLR,2,0.984314067418293,0.17708,0.36517,0.386440963742515,0.380347578435759,0.377416743161701,0.37291813590382
PDIA4_MOUSE,FHVMDVQGSTEASAIK,3,0.805329950389256,0.12381,0.35827,0.374074449693518,0.360994011099526,0.379496005128661,0.411008230080457
PDIA4_MOUSE,YGIVDYMIEQSGPPSK,3,0.970347395217399,0.21801,0.33659,0.371994088088685,0.385128803276751,0.354612897535083,0.310299821510508
PDIA4_MOUSE,YGIVDYMIEQSGPPSK,2,0.989252524522817,0.25606,0.33659,0.355150042291767,0.348540694239465,0.344488224432223,0.339531125247713
PDIA4_MOUSE,EVSQPDWTPPPEVTLSLTK,2,0.774427718860741,0.16715,0.28666,0.368552250899355,0.450937042899773,0.311500766090412,0.164518197073657
PDIA4_MOUSE,DLGLSESGEDVNAAILDESGKK,3,0.655154157574849,0.18624,0.28812,0.378329094792077,0.377687646151313,0.331186924579966,0.271735693272104
PDIA4_MOUSE,DGDDVVIIGLFQGDGDPAYLQYQDAANNLR,3,0.657817096664899,0.18826,0.1547,0.173358066742705,0.175235847862464,0.167026064877864,0.158394176376386

