protien,peptide,charge,rsquared,rateconstant,mo,io_e,io_a1a0,io_a2a0,io_a2a1
ALG5_MOUSE,QLSVVVPSYNEEK,2,-0.0049556827730679,4E-05,0.4209,0.472880555953427,0.415622092029536,0.48242624972558,0.534451094978684
ALG5_MOUSE,LPVMMDEALNYLEK,2,-0.369811120955099,0.25699,0.34714,0.289850213394229,0.264336570124233,0.292618169680358,0.34002379789687

