protien,peptide,charge,rsquared,rateconstant,mo,io_e,io_a1a0,io_a2a0,io_a2a1
CORO7_MOUSE,DLVQSAVWSR,2,-0.165220029878399,0.08584,0.50964,0.652260434597405,0.644368506953005,0.621876833071035,0.60967571984481
CORO7_MOUSE,TEcDIQDVEFAR,2,0.975695871488658,0.47297,0.43343,0.462347994136393,0.446872780710282,0.450657285603957,0.45773093982986
CORO7_MOUSE,SSPLPLQEGPGPEGGR,2,0.537028499575771,0.05511,0.40907,0.406680017361349,0.399709452952956,0.400966616024494,0.404189012166787
CORO7_MOUSE,GENQLYcYEVTPQQPALSPVTQcILENVLR,3,-0.620387789450504,0.00029,0.13071,0.0930821997160802,0.142022595588921,0.0732668251018656,0.0265696494137658

