protien,peptide,charge,rsquared,rateconstant,mo,io_e,io_a1a0,io_a2a0,io_a2a1
NDUS5_MOUSE,LGISLDR,2,0.986641146191577,0.09263,0.64403,0.653682585146357,0.6506993474647,0.646352699700648,0.639407538061561
NDUS5_MOUSE,HFMFLSAEQPYK,3,0.86824576085355,0.10496,0.38328,0.425437070731618,0.409004030075917,0.419182023325222,0.435818749185183
NDUS5_MOUSE,IEFDDFEEcLLR,2,0.963676712022235,0.13887,0.39299,0.405640151685101,0.432649666866132,0.360035997186117,0.260596619076127

