protien,peptide,charge,rsquared,rateconstant,mo,io_e,io_a1a0,io_a2a0,io_a2a1
EI2BB_MOUSE,ETLGLLR,2,-3.62963424798632,0.11994,0.62944,0.463379573016821,0.621115086595922,0.358408049679692,0.358408049679692

