protien,peptide,charge,rsquared,rateconstant,mo,io_e,io_a1a0,io_a2a0,io_a2a1
KANK2_MOUSE,VAYTTVLQEWLR,2,0.989714861872085,2.24039,0.40939,0.432149827598743,0.418773763583833,0.460860920631848,0.489704409050384
KANK2_MOUSE,DGSTALMVALDAGQSEIASMLYSR,3,0.720599531352075,0.28114,0.22822,0.255513354504596,0.262545253763526,0.27552851448224,0.300369033139909

