protien,peptide,charge,rsquared,rateconstant,mo,io_e,io_a1a0,io_a2a0,io_a2a1
SNTB1_MOUSE,QELGGLGISIK,2,0.979346457296649,0.16635,0.52447,0.504674095827578,0.515167085168815,0.499857492036527,0.479225393649884
SNTB1_MOUSE,GLAADQTQALYVGDAILSVNGADLR,3,-0.0373831140829421,1E-05,0.23568,0.270564519743854,0.286673074559004,0.229628870388335,0.169658451298116
SNTB1_MOUSE,SIVQGcHNSAELTAEITTAcTYR,3,0.542132699403525,0.2033,0.23237,0.27892905884063,0.248714360972593,0.261855885984134,0.284381981374013

