protien,peptide,charge,rsquared,rateconstant,mo,io_e,io_a1a0,io_a2a0,io_a2a1
GSHR_MOUSE,ALLTPVAIAAGR,2,0.975585748296265,0.11315,0.50545,0.526630467300182,0.522525835101868,0.509560794870141,0.493308328608885
GSHR_MOUSE,GHILVDEFQNTNVK,2,-0.693131429714791,0.03216,0.39194,0.271252761950713,0.142409236601796,0.290626487411736,0.487870486661005
GSHR_MOUSE,TSSGLELQVVTSVPGR,2,0.659923530117472,0.07259,0.39837,0.384015297252517,0.3614852055354,0.372632986715846,0.385853857183354
GSHR_MOUSE,SVIVGAGYIAVEIAGILSALGSK,3,0.983005380318687,0.12756,0.27264,0.294723165771026,0.227241231595694,0.294563530065118,0.377574227976866
GSHR_MOUSE,VVGIHMQGIGcDEMLQGFAVAVK,3,0.78476422493867,0.19013,0.21887,0.274729527705401,0.25125606970647,0.258829334334031,0.272147965729793

