protien,peptide,charge,rsquared,rateconstant,mo,io_e,io_a1a0,io_a2a0,io_a2a1
PGP_MOUSE,FIAGTGcLVR,2,0.91537766830383,0.10019,0.52115,0.564348582514422,0.529402321705919,0.574349151105066,0.605052967793687
PGP_MOUSE,GETAVPGAPETLR,2,-1.06829997004312,0.35108,0.48022,0.173191704914936,0.0865728055658912,0.155903880247336,0.251700295457234
PGP_MOUSE,TILTLTGVSSLEDVK,2,0.846577585546355,0.07825,0.40413,0.465548697393309,0.427658133577948,0.4468714776624,0.472332650836935
PGP_MOUSE,AVVVGFDPHFSYMK,3,0.94537709491596,0.19043,0.35984,0.364431719095612,0.378782975877987,0.392870523734072,0.414544250093043
PGP_MOUSE,FIFDcVSQEYGINPER,2,0.831189441090888,0.08399,0.31054,0.371935800097923,0.340645978237649,0.338662794722362,0.335535594721111
PGP_MOUSE,LLLAEVDTLLFDcDGVLWR,3,0.957625098528896,0.20685,0.25838,0.285210561416682,0.260950912154324,0.294923185508031,0.334681746360171
PGP_MOUSE,LLLAEVDTLLFDcDGVLWR,2,-0.50730409019392,2E-05,0.25838,0.220883468540065,0.236986685875432,0.187278701177652,0.135557589341642
PGP_MOUSE,LGFGGPVGPEAGLEVFGTAYcSALYLR,3,-1.4649585579084,0.00411,0.18512,0.186576770073726,0.19454759687939,0.172594394082571,0.149232732447832

