protien,peptide,charge,rsquared,rateconstant,mo,io_e,io_a1a0,io_a2a0,io_a2a1
SELO_MOUSE,AGAcVTSESTVMR,2,-1.26121157163914,0.09715,0.45371,0.41694110912285,0.371344383537855,0.430694077894628,0.541144949493388
SELO_MOUSE,LTSQcASLEELR,2,0.906643516216966,0.20887,0.45505,0.448397055818319,0.410744807819312,0.418328883957685,0.432660789036225
SELO_MOUSE,AIEAAENGDFSEVR,2,-8.74685776261189,0.64766,0.4305,0.0424507830593552,0.000114563689473161,0.0647599444019894,0.188996812211022
SELO_MOUSE,LAEALEPELPLALAEAILKEEFDTEFQR,3,-0.999884319859054,1E-05,0.15309,0.150922340374358,0.148766630464198,0.147970389422163,0.146966898308736
SELO_MOUSE,LLETMHLTGADFTNTFcVLSSFPADLSDSAEFLSR,3,-4.91157052044455,0.01153,0.10293,0.18628199858682,0.166447122762351,0.149150860048833,0.126940071507041

