protien,peptide,charge,rsquared,rateconstant,mo,io_e,io_a1a0,io_a2a0,io_a2a1
SRC8_MOUSE,SAVGFEYQGK,2,0.644334119465394,0.68098,0.52763,0.458718255031251,0.558063467496598,0.3767274673121,0.189515521192468
SRC8_MOUSE,ENVFQEHQTLK,2,0.430436381861561,0.36161,0.45247,0.416999785603233,0.43332310167927,0.396352190692839,0.351581457874474
SRC8_MOUSE,VDQSAVGFEYQGK,2,0.356928348372333,0.38796,0.43705,0.465757770788087,0.449195451954518,0.483603869790729,0.532153006808799
SRC8_MOUSE,NASTFEEVVQVPSAYQK,2,0.886792596614359,0.17059,0.33223,0.347457312000677,0.314834430198876,0.338263711901126,0.366101865376633

