protien,peptide,charge,rsquared,rateconstant,mo,io_e,io_a1a0,io_a2a0,io_a2a1
COPD_MOUSE,YVYQPMEK,2,0.807519789380579,0.08611,0.50757,0.548833049018189,0.51488482783866,0.543681373939715,0.577673587924265
COPD_MOUSE,NYcNIQVTK,2,0.531432862335287,0.10367,0.5176,0.583329645393304,0.572383570131581,0.546910259750528,0.483280071547339
COPD_MOUSE,VTQVDGNSPVR,2,0.989202074804731,0.20909,0.52245,0.521520159234606,0.516650087567883,0.523496056318464,0.534066635841023
COPD_MOUSE,LFTAESLIGLK,2,0.984120704045233,0.3572,0.48638,0.488633363537674,0.475348922402965,0.48638,0.500580687925174
COPD_MOUSE,GVQLQTHPNVDK,2,-0.649751171570981,0.02174,0.46717,0.507870276288004,0.495913992394941,0.497506533658315,0.499594295432864
COPD_MOUSE,GVQLQTHPNVDKK,3,0.95327345053027,0.33698,0.43193,0.456051973331312,0.454735497267515,0.43959737056683,0.42159555106223
COPD_MOUSE,NTLEWcLPVIDAK,2,0.944981789915852,0.35494,0.39392,0.402867801244918,0.417657371191347,0.403000467138419,0.380661941753888
COPD_MOUSE,DGGLQNMELHGMIMLR,3,-0.330101340666694,1.35427,0.31781,0.189976798900619,0.305829533669576,0.0795808380306058,0.0684132958839563
COPD_MOUSE,SGSLEFSIPGQPNDFFPVQVSFISK,3,-1.5687893333474,1E-05,0.1943,0.210447279541952,0.212141763676843,0.184706414447069,0.155716520183693

