protien,peptide,charge,rsquared,rateconstant,mo,io_e,io_a1a0,io_a2a0,io_a2a1
ELOC_MOUSE,EHALTSGTIK,2,0.798786289748589,0.12141,0.54922,0.598621807344888,0.57647235946701,0.601893199022661,0.643055252435845
ELOC_MOUSE,LISSDGHEFIVK,3,0.947971694114713,0.23069,0.45154,0.465070169776918,0.43660643334982,0.46250312231484,0.495941673258231
ELOC_MOUSE,TYGGcEGPDAMYVK,2,0.990788244794307,0.26053,0.39186,0.398097048771041,0.39949906683523,0.368231180122112,0.310252662424079
ELOC_MOUSE,AMLSGPGQFAENETNEVNFR,3,0.873545505718168,0.27359,0.2733,0.319156453123808,0.294927234862333,0.330036619693427,0.384264035904547
ELOC_MOUSE,AMLSGPGQFAENETNEVNFR,2,0.664185804073195,0.19802,0.2733,0.33222652006398,0.270547794558226,0.327091181952075,0.425790749770204

