protien,peptide,charge,rsquared,rateconstant,mo,io_e,io_a1a0,io_a2a0,io_a2a1
MFN1_MOUSE,VLLGLSEPIFQVPR,2,0.884889443515324,0.11932,0.3849,0.449589970044983,0.415529307960691,0.446999992352328,0.48634692032988

