protien,peptide,charge,rsquared,rateconstant,mo,io_e,io_a1a0,io_a2a0,io_a2a1
SF3A1_MOUSE,LQYEGIFIK,2,0.594094766529899,0.64025,0.50241,0.430293124309266,0.341298135056836,0.55152967411751,0.571800908857951
SF3A1_MOUSE,IHEATGMPAGK,2,0.788355502563404,0.11029,0.50975,0.595044216768876,0.605434712810071,0.514666946022014,0.339417609124234
SF3A1_MOUSE,VMQQQQQATQQQLPQK,2,-0.105338591900177,0.03312,0.32913,0.376254045935436,0.361553439147387,0.294063103564327,0.213214329102685
SF3A1_MOUSE,VMQQQQQATQQQLPQK,3,0.39286280775755,0.17419,0.32913,0.432825560254781,0.4808612840987,0.356877501946224,0.193788152826906

