protien,peptide,charge,rsquared,rateconstant,mo,io_e,io_a1a0,io_a2a0,io_a2a1
H32_MOUSE,FQSSAVMALQEASEAYLVGLFEDTNLcAIHAK,4,-1.47037720934344,0.00031,0.12552,0.146943813954963,0.136553189250113,0.141130325303739,0.146075259661763
H32_MOUSE,FQSSAVMALQEASEAYLVGLFEDTNLcAIHAK,3,0.32660444918027,0.00207,0.12552,0.137483494498243,0.139184774266069,0.135413790251196,0.130824815001207

