protien,peptide,charge,rsquared,rateconstant,mo,io_e,io_a1a0,io_a2a0,io_a2a1
KAT1_MOUSE,PVFVSLR,2,0.892311211987568,0.06463,0.60489,0.627034665894003,0.617617173981374,0.625153622869573,0.635829081784754
KAT1_MOUSE,LLGQEMDPLK,2,-0.208579739923656,0.94532,0.49483,0.319152493815227,0.28761246652255,0.310700816333687,0.34195177552745
KAT1_MOUSE,ILVLNTPNNPLGK,2,0.944482725313888,0.09335,0.43859,0.468286020007416,0.458302922874592,0.466223269346206,0.475792802208413
KAT1_MOUSE,DHMIQSLQSVGLK,2,0.367645577356177,0.57469,0.41819,0.335117409840396,0.319884704381456,0.330948516053138,0.346531106352723
KAT1_MOUSE,GLSAIPVSTFYSQPH,2,0.567767163273197,0.02722,0.38288,0.454805007987997,0.486978987088541,0.429880918940608,0.358143730586548
KAT1_MOUSE,SSMPDLPGAMDEPYDTR,2,0.887324063149971,0.17207,0.32185,0.341614707389526,0.328311597745237,0.269104807721315,0.189620603750936
KAT1_MOUSE,PLIPQGSYFLIADISDFK,3,0.947387447379298,0.19625,0.28915,0.315714317535321,0.293192326713855,0.309969223410583,0.330319506008802
KAT1_MOUSE,GQLGSSNDWQLDPTELASK,2,0.944565563074583,0.12031,0.31447,0.345546309788442,0.382743902478166,0.322945480145548,0.253062143301885
KAT1_MOUSE,EQQHFGQPSSYFLQLPQAM,2,0.299694251451262,0.12884,0.25548,0.310357575994257,0.2934786906763,0.311235777553057,0.334885492651478
KAT1_MOUSE,TVHQNSIFHcPTQAQAAVAQcFER,4,0.818920135797034,0.12145,0.19769,0.193359853610062,0.197429926778136,0.190925687026663,0.182259334614087
KAT1_MOUSE,DHMIQSLQSVGLKPLIPQGSYFLIADISDFK,4,-11.1664781686596,7E-05,0.12358,0.312994448450612,0.451327550629216,0.211513719826913,0.0683720867981888

