protien,peptide,charge,rsquared,rateconstant,mo,io_e,io_a1a0,io_a2a0,io_a2a1
PAIRB_MOUSE,GGSGSHNWGTVK,2,-0.45321314202659,10.0384,0.51084,0.330504379833854,0.286321165363542,0.339971342699911,0.404557667351736
PAIRB_MOUSE,KPNEGADGQWK,3,0.545623627550773,0.17752,0.4943,0.500585250899236,0.521395459753748,0.474233044184704,0.412819782961873
PAIRB_MOUSE,KPNEGADGQWK,2,0.955445008152247,0.22852,0.4943,0.552122481031925,0.547432412185368,0.539363932257683,0.527138135802035
PAIRB_MOUSE,PGHLQEGFGcVVTNR,2,0.471529443546279,0.10157,0.38018,0.46190198562724,0.469794062507221,0.373843464001867,0.244773383116551
PAIRB_MOUSE,PGHLQEGFGcVVTNR,3,0.985667117776377,0.30037,0.38018,0.373767792862817,0.386059239613523,0.354442540870475,0.309656321325292
PAIRB_MOUSE,SEEAHAEDSVMDHHFR,4,0.9913772680254,0.31839,0.33354,0.352715393730695,0.351373684729968,0.364265875156253,0.386267047959846
PAIRB_MOUSE,SEEAHAEDSVMDHHFR,3,-0.366223194918379,0.10377,0.33354,0.492940343434126,0.457345179000871,0.45084613714786,0.439700994539691
PAIRB_MOUSE,KPANDITSQLEINFGDLGR,2,-0.362542928300898,0.02654,0.30289,0.381913052317733,0.363519281386387,0.33859828662786,0.308390860842585

