protien,peptide,charge,rsquared,rateconstant,mo,io_e,io_a1a0,io_a2a0,io_a2a1
GAS2_MOUSE,EDLALWLTNLLGK,2,0.887288256912663,0.55673,0.4096,0.419001190728274,0.403086382733496,0.415913195532963,0.432465548049793
GAS2_MOUSE,DMNPDNYLVVSATYK,2,0.0934996943657351,0.01912,0.35223,0.496231971543999,0.505567356852791,0.434099471928217,0.428715198805492
GAS2_MOUSE,SGPGLSDMHQYSQWLASR,3,0.889626227149289,0.31647,0.30059,0.289356649191922,0.266461569404338,0.277453851102668,0.292286077737145

