proteinName,peptideSeq,charge,old_Rsquared,new_Rsquared,NDP,rateconstant,sigma,Abundance,MassToCharge,RMSE,selected_A1A0_count, selected_A2A0_count, selected_A2A1_count,improved_timePoints,new_k,I0_percentatediffI0_percentatediff,selected_io_t,i0,I0_asymptote,new_rmse,lowerci_old,upperci_old,sigma_old,lowerci_new,upperci_new,sigma_new,old_pearson,new_pearson
KI13A_MOUSE,DSVLTWLLK,2,0.922125938586043,0.966950188845706,6,0.41071,0.0484986602959506,31225540,537.81329,0.00872450859765127,2,2,1,1| 6| 9| 13| 16,NaN,0.00611191007786991|0.0172352385444579|-0.00777220480518651|-0.0103055141380026|,NaN| 0.478256526946458| NaN| 0.421148495547204| 0.384965371886198| NaN| 0.376980774647685| 0.363018859547338| 0.363018859547338| NaN| NaN| NaN,NaN,NaN,0.00525743068149457,0.217572414800852,0.603847585199148,0.0751338014558349,0.294324365805184,0.527095634194816,0.0452759887356371,0.982495564117321,0.994634801987168
KI13A_MOUSE,TVAATNMNEESSR,2,0.285128639737336,0.864591604135727,6,0.15184,0.0294100987536133,4575471,705.31989,0.0397597457837808,2,0,3,1| 6| 13| 16| 31,NaN,,NaN| 0.427146879305233| NaN| 0.236395180859986| 0.250467076413416| NaN| NaN| 0.151989128495079| 0.145052288570664| NaN| NaN| 0.111162682637588,NaN,NaN,0.0273301699032348,0.0347193327675568,0.268960667232443,0.0455619290732239,0.0713332545079639,0.232346745492036,0.0313184915583214,0.886686330703519,0.939490096801807
KI13A_MOUSE,VEVSYMEIYNEK,2,-7.95743641077116,-7.95743641077116,2,0.00012,0.00146202436011084,45189575,752.35541,0.011443005232749,0,0,0,,NaN,,NaN| NaN| NaN| NaN| NaN| NaN| 0.434102336978664| NaN| NaN| NaN| NaN| 0.415371643773177,NaN,NaN,0.011443005232749,0,0.0647514201966383,0.00508660308401769,0,0.0647514201966383,0.00508660308401769,1,1

