proteinName,peptideSeq,charge,old_Rsquared,new_Rsquared,NDP,rateconstant,sigma,Abundance,MassToCharge,RMSE,selected_A1A0_count, selected_A2A0_count, selected_A2A1_count,improved_timePoints,new_k,I0_percentatediffI0_percentatediff,selected_io_t,i0,I0_asymptote,new_rmse,lowerci_old,upperci_old,sigma_old,lowerci_new,upperci_new,sigma_new,old_pearson,new_pearson
KIF1B_MOUSE,DSVLTWLLR,2,0.647306494408142,0.902413045694711,6,0.17087,0.0522806349986099,3921207.16666667,551.81641,0.0390827527787796,0,1,3,0| 2| 6| 31,NaN,,0.561235346792395| NaN| 0.450589945576576| NaN| 0.403203932339829| 0.341438455948406| 0.366237906491228| NaN| NaN| NaN| NaN| 0.309056541210715,0.561235346792395,0.350425856763882,0.0183128488242687,0,0.411938597394092,0.0937797794001014,0.0733151930780368,0.268424806921963,0.0379504770486767,0.904140636587898,0.970966221656094

