proteinName,peptideSeq,charge,old_Rsquared,new_Rsquared,NDP,rateconstant,sigma,Abundance,MassToCharge,RMSE,selected_A1A0_count, selected_A2A0_count, selected_A2A1_count,improved_timePoints,new_k,I0_percentatediffI0_percentatediff,selected_io_t,i0,I0_asymptote,new_rmse,lowerci_old,upperci_old,sigma_old,lowerci_new,upperci_new,sigma_new,old_pearson,new_pearson
MGDP1_MOUSE,LQSLGVPVAAASR,2,-3.66564006195658,0.666331899153851,2,0.09289,0.0408283265177192,19137350,634.86969,0.0250697955049665,1,1,0,0| 2,NaN,,0.507272726029669| NaN| 0.434034446570065| NaN| NaN| NaN| NaN| NaN| NaN| NaN| NaN| NaN,0.507272726029669,0.117798568087473,0.008635547095463,0,6.12878029802828,0.47503486866501,0,4.30961323758405,0.331863316007711,1,1
MGDP1_MOUSE,DGMSLQTLTQGLETFAK,2,-0.168018635713483,0.743395042691451,11,0.01848,0.00828545270962604,8866002.36363636,920.46149,0.0640645113118547,5,4,1,0| 1| 2| 6| 7| 9| 13| 21| 24| 31,NaN,,0.348293896891324| 0.357564999764802| 0.353664375124572| 0.320636163990319| 0.358167674369864| 0.306933082415841| 0.27393197298613| 0.300192074139374| NaN| 0.267662407248227| 0.26518674571082| 0.178080084468913,0.348293896891324,0.093155612251031,0.0253708980309732,0,0.0384811844154839,0.00897663285364653,0.0104712001653942,0.0264887998346058,0.00359438992312606,0.168756257699605,0.90653688296215
MGDP1_MOUSE,TSEIQGANQLLELFDLGK,2,0.247527598083867,0.471455908677001,11,0.00832,0.00430549501870785,33185572.3636364,988.52039,0.0433641620659378,0,8,1,0| 1| 2| 3| 7| 9| 13| 21| 24,NaN,-0.0351294260507204|-0.0186113992684752|-0.0265398648642056|,0.361391944720757| 0.349320616194188| 0.337904475281014| 0.298743848464178| 0.274904652545786| 0.28680295616815| 0.301848027282602| 0.287782930087463| NaN| 0.302877816777773| 0.276235196524627| 0.26099003830753,0.31874,0.0642643923650319,0.0215608741440956,0,0.0196508668651746,0.00508535042972156,0.00309493892598157,0.0135450610740184,0.00234503387024586,0.634549337356843,0.719357318686614
MGDP1_MOUSE,GQNIQLYPEVPEVLGR,2,0.688541363467466,0.919075281088151,3,0.04524,0.00979102363210727,37454933.3333333,906.48615,0.0213188410432728,0,1,0,2,NaN,,NaN| NaN| 0.318051459211456| 0.333019713837436| NaN| NaN| NaN| 0.207274771638835| NaN| NaN| NaN| NaN,NaN,NaN,0.00797698320837669,0,0.25960657163261,0.0498219552208933,0.00662863940140101,0.083851360598599,0.00897385009290565,0.978609334886607,0.977536002140293

