proteinName,peptideSeq,charge,old_Rsquared,new_Rsquared,NDP,rateconstant,sigma,Abundance,MassToCharge,RMSE,selected_A1A0_count, selected_A2A0_count, selected_A2A1_count,improved_timePoints,new_k,I0_percentatediffI0_percentatediff,selected_io_t,i0,I0_asymptote,new_rmse,lowerci_old,upperci_old,sigma_old,lowerci_new,upperci_new,sigma_new,old_pearson,new_pearson
MPRD_MOUSE,HTLAANFNPVSEER,2,-1.65375056449857,0.267225069715668,2,4.87891,28.6946727396456,2257430.33333333,792.89185,0.0686694197492497,0,2,1,0| 1| 3,NaN,,0.267635475861418| 0.0500960385162407| NaN| 0.0779354102637274| NaN| NaN| NaN| NaN| NaN| NaN| NaN| NaN,0.40421,0.0895469225542464,0.0413706323492387,0,24.037024396983,1.50777630259665,0,18.5738327806704,1.07781379767925,0.938586012591023,0.992263934425359
MPRD_MOUSE,SFESTVGQGSDTYSYIFR,2,0.880298707831112,0.980523539498245,11,0.24081,0.0401782193609809,10521792.3636364,1022.46838,0.0288640247130607,1,3,3,0| 2| 7| 13| 16| 21| 24,NaN,-0.0668571471816973|,0.316495112217881| 0.243095497516594| 0.224455955418321| 0.186726855048587| 0.0983383456930422| 0.116156499738088| 0.0938506699521897| 0.0917524410584094| 0.0690062196159995| 0.0678928282389181| 0.0798547954502977| NaN,0.316495112217881,0.0734963050699674,0.0107731265814862,0.142742848691978,0.338877151308022,0.0440130341288001,0.204207695053627,0.277412304946373,0.0164272998176268,0.956345175305466,0.990512915836059

