proteinName,peptideSeq,charge,old_Rsquared,new_Rsquared,NDP,rateconstant,sigma,Abundance,MassToCharge,RMSE,selected_A1A0_count, selected_A2A0_count, selected_A2A1_count,improved_timePoints,new_k,I0_percentatediffI0_percentatediff,selected_io_t,i0,I0_asymptote,new_rmse,lowerci_old,upperci_old,sigma_old,lowerci_new,upperci_new,sigma_new,old_pearson,new_pearson
NCEH1_MOUSE,LMLLDATFR,2,0.736232604999905,0.886925604605152,9,0.37893,0.0992184717413276,11470743.6666667,540.2995,0.0347188806227283,3,1,0,1| 7| 16| 24,NaN,,0.4752020333117| 0.475923511127916| 0.366649240743205| 0.342977904806381| 0.306648890903408| 0.261462935252682| NaN| 0.299940393972069| 0.272810402449979| NaN| 0.283728917939669| NaN,0.4752020333117,0.270034742974114,0.0225507833717812,0.206801292708649,0.551058707291351,0.0746437114618588,0.267128089322876,0.490731910677124,0.0484829619230346,0.909747800810393,0.95701296268044
NCEH1_MOUSE,LDWTSLLPSSIK,2,-9.16138182560112,0.929551993257117,11,10.14234,18485.8629648678,21061961.7272727,680.37958,0.163324205317427,2,9,0,0| 1| 3| 6| 7| 9| 13| 16| 21| 24| 31,NaN,,0.434969075055359| 0.172990699699635| NaN| 0.204770528664678| 0.205478432920522| 0.205480941570062| 0.205481414205399| 0.205481414205399| 0.205481414205399| 0.205481414205399| 0.205481414205399| 0.220346348766816,0.434969075055359,0.214602646768975,0.0171137322582218,6.37996651549908,13.9047134845009,1.68857227287569,9.12356815441737,11.1611118455826,0.457229963458934,0.241053542158529,0.987453121137562

