proteinName,peptideSeq,charge,old_Rsquared,new_Rsquared,NDP,rateconstant,sigma,Abundance,MassToCharge,RMSE,selected_A1A0_count, selected_A2A0_count, selected_A2A1_count,improved_timePoints,new_k,I0_percentatediffI0_percentatediff,selected_io_t,i0,I0_asymptote,new_rmse,lowerci_old,upperci_old,sigma_old,lowerci_new,upperci_new,sigma_new,old_pearson,new_pearson
NUCG_MOUSE,FLVPIESIER,2,0.540691980985827,0.972589544825304,7,0.24226,0.0675512215087992,38523434.2857143,601.84259,0.053271072371582,2,1,0,1| 3| 21,NaN,,0.517982874964924| 0.44242634571384| 0.400837980932598| 0.323465243339551| 0.243122828609527| NaN| NaN| NaN| NaN| 0.221521351428799| 0.198216539242188| NaN,0.517982874964924,0.201937817862377,0.0142995947435669,0.0548389775581026,0.429681022441897,0.0765949220296879,0.191950431447485,0.292569568552515,0.0205604335651393,0.835817958375431,0.988603751044153
NUCG_MOUSE,TYQNVYVcTGPLFLPR,2,-0.7733846934091,0.758833879244751,9,0.03097,0.0133517582684958,28725771.1111111,964.49036,0.0522857656393755,0,3,2,0| 2| 9| 13| 24,NaN,,0.311105934994929| 0.303233671229862| 0.292880809466093| 0.265482237880409| 0.286998468211631| NaN| 0.233287368684246| 0.236427175169383| 0.225691855248613| NaN| 0.145683021653895| NaN,0.311105934994929,0.110382640607358,0.0208663346199153,0,0.0704123867299478,0.0171042133573567,0.0159210268326403,0.0460189731673597,0.00652599574224591,-0.0925543217957926,0.945931071498625
NUCG_MOUSE,SYVMPNAPVDETIPLER,2,0.990840592147903,0.99995256158993,3,0.21804,0.011324198955135,90257003.3333333,965.98254,0.00428855299689136,1,1,0,1| 9,NaN,0.0302002625517151|,0.320404209377982| 0.272005150516501| NaN| NaN| NaN| NaN| 0.103335684928703| NaN| NaN| NaN| NaN| NaN,0.320404209377982,0.0677153203625766,0.000320414448552071,0.102692366783019,0.33338763321698,0.026808492449194,0.209421930381694,0.226658069618306,0.0020029665789014,0.99707245918592,0.999986396049393
NUCG_MOUSE,AMDDTFYLSNVAPQVPHLNQNAWNNLER,3,0.483647214990478,0.483647214990478,2,0.28582,0.0951377638271381,4839691,1086.51929,0.00969767827142336,0,0,0,,NaN,,0.17968291655885| 0.11356789697693| NaN| NaN| NaN| NaN| NaN| NaN| NaN| NaN| NaN| NaN,0.14611,0.010452165094793,0.00969767827142336,0,9.40722990218997,0.717870527955415,0,9.40722990218997,0.717870527955415,1,1

