proteinName,peptideSeq,charge,old_Rsquared,new_Rsquared,NDP,rateconstant,sigma,Abundance,MassToCharge,RMSE,selected_A1A0_count, selected_A2A0_count, selected_A2A1_count,improved_timePoints,new_k,I0_percentatediffI0_percentatediff,selected_io_t,i0,I0_asymptote,new_rmse,lowerci_old,upperci_old,sigma_old,lowerci_new,upperci_new,sigma_new,old_pearson,new_pearson
OCAD1_MOUSE,PIPDIGGGYIPTEEEWR,2,0.669410235325493,0.777191858667135,4,0.10089,0.0425624418144249,26306276.75,964.97308,0.0306733243361682,2,0,1,0| 1| 2,NaN,,0.325083582283158| 0.238421340171818| 0.293083140297172| NaN| NaN| NaN| NaN| NaN| NaN| NaN| 0.125885099293984| NaN,0.325083582283158,0.0655433860929754,0.0206451514233379,0,0.344354655026911,0.0765023606665436,0,0.262241163652982,0.0507003569548217,0.833432405520639,0.92648057968886
OCAD1_MOUSE,FDSNVSGQSSFGTSPAADNIEK,2,-3.22108093348307,-65.6417991272751,2,0.1884,0.0910511248917754,5922147.5,1129.51404,0.0188240466357627,0,1,0,1,NaN,,0.22384199299452| 0.23393854987472| NaN| NaN| NaN| NaN| NaN| NaN| NaN| NaN| NaN| NaN,0.2819,0.0322976011790418,0.0168244560510319,0,12.9289401479665,1.00270225552104,0,9.93579318657289,0.76713648088045,-1,-1
OCAD1_MOUSE,GILSSHPK,2,-0.612464210189166,-0.612464210189166,2,0.12069,0.0275519312317373,18946895,419.74271,0.0147199104855693,0,0,0,,NaN,,NaN| 0.559774546713701| 0.502985347088233| NaN| NaN| NaN| NaN| NaN| NaN| NaN| NaN| NaN,NaN,NaN,0.0147199104855693,0,2.77726620869116,0.209077081935441,0,2.77726620869116,0.209077081935441,1,1
OCAD1_MOUSE,SVPLAATSMLITQGLISK,3,-1.02000491670891,-0.589187564571168,5,0.00707,0.00434726271480049,23438662,610.685,0.0310680109220639,2,0,2,1| 3| 9| 24,NaN,0.0339540906190347|,NaN| 0.333739633509869| NaN| 0.289974715440742| NaN| NaN| 0.311781377918514| NaN| NaN| 0.297317962679008| 0.315145780646053| NaN,NaN,NaN,0.0123635800726552,0,0.0271355731851381,0.00722707362306508,0,0.0169792199247522,0.0035690314591347,0.0438571114585026,0.203432516750479

