proteinName,peptideSeq,charge,old_Rsquared,new_Rsquared,NDP,rateconstant,sigma,Abundance,MassToCharge,RMSE,selected_A1A0_count, selected_A2A0_count, selected_A2A1_count,improved_timePoints,new_k,I0_percentatediffI0_percentatediff,selected_io_t,i0,I0_asymptote,new_rmse,lowerci_old,upperci_old,sigma_old,lowerci_new,upperci_new,sigma_new,old_pearson,new_pearson
PI4KA_MOUSE,AGLTVDPVIVEAFLASLSNR,3,0.114829412037035,0.532123016561171,6,0.08544,0.0268380715925633,1096459.83333333,691.3844,0.0397282300353977,2,3,0,0| 1| 2| 3| 24,NaN,,0.314838254855486| 0.29613| 0.254854612766521| 0.244683152871887| NaN| NaN| 0.163462882295701| NaN| NaN| NaN| 0.172324942809041| NaN,0.314838254855486,0.0525777243400239,0.0275205862365628,0,0.234313040452691,0.0579141416310323,0.0114033386553473,0.159476661344653,0.0288015189181654,0.778012793947594,0.913697427870849
PI4KA_MOUSE,AGLTVDPVIVEAFLASLSNR,2,-1.27140924757246,-0.362130812448604,3,0.0746,0.138695920557512,7443932,1036.573,0.0669511027853936,0,1,2,0| 1| 2,NaN,,0.406959907594076| 0.326464985269932| 0.260822585589926| NaN| NaN| NaN| NaN| NaN| NaN| NaN| NaN| NaN,0.29613,0.049453461479635,0.0348747674374857,0,2.04854203616268,0.458773263878497,0,1.30033520200505,0.284878952356574,0.999200128503341,0.999312268606006

