proteinName,peptideSeq,charge,old_Rsquared,new_Rsquared,NDP,rateconstant,sigma,Abundance,MassToCharge,RMSE,selected_A1A0_count, selected_A2A0_count, selected_A2A1_count,improved_timePoints,new_k,I0_percentatediffI0_percentatediff,selected_io_t,i0,I0_asymptote,new_rmse,lowerci_old,upperci_old,sigma_old,lowerci_new,upperci_new,sigma_new,old_pearson,new_pearson
PLPP1_MOUSE,KEEDPHTTLHETASSR,3,-0.615303035906519,-0.546014640066982,2,0.05804,0.164847878499903,1117023.5,613.29401,0.0460866238197324,1,0,0,0,NaN,,0.493836418195575| 0.344858279677572| NaN| NaN| NaN| NaN| NaN| NaN| NaN| NaN| NaN| NaN,0.36286,0.0665829693557495,0.0378114840954336,0,14.1465449972702,1.10878938990173,0,12.4418603735679,0.97462780041754,1,1
PLPP1_MOUSE,KEEDPHTTLHETASSR,4,0.914203499286072,0.914203499286072,3,0.03921,0.00333174605644278,1541642,460.22232,0.0120738642284569,0,0,0,,NaN,,NaN| 0.384914419565147| NaN| NaN| NaN| NaN| NaN| 0.225106940893972| NaN| NaN| 0.198098270820933| NaN,NaN,NaN,0.0120738642284569,0.00409571636565618,0.0743242836343438,0.0081610777908149,0.00409571636565618,0.0743242836343438,0.0081610777908149,0.971678446839688,0.971678446839688

