proteinName,peptideSeq,charge,old_Rsquared,new_Rsquared,NDP,rateconstant,sigma,Abundance,MassToCharge,RMSE,selected_A1A0_count, selected_A2A0_count, selected_A2A1_count,improved_timePoints,new_k,I0_percentatediffI0_percentatediff,selected_io_t,i0,I0_asymptote,new_rmse,lowerci_old,upperci_old,sigma_old,lowerci_new,upperci_new,sigma_new,old_pearson,new_pearson
PPA5_MOUSE,FQETFEDVFSDR,2,0.966330011241732,0.984541772526314,9,0.50477,0.0501781127334989,22652789.2222222,760.33862,0.0142681196986825,1,3,1,2| 3| 7| 16| 21,NaN,0.0596490601056052|-0.00655866702323272|,0.426052147135619| NaN| 0.240957762919097| 0.206072929245326| NaN| 0.168669619480331| 0.148831230820942| 0.142582552986458| 0.126735417208542| 0.165553788362157| NaN| 0.144939314705362,0.426052147135619,0.144211652734547,0.00944146799904729,0.399342489973733,0.610197510026267,0.0457186994684314,0.435006745755354,0.574533254244646,0.0302528747378754,0.983506184530664,0.992555240509743
PPA5_MOUSE,EDYVLVAGHYPIWSIAEHGPTR,4,0.570374591796619,0.601270890585499,4,0.1322,0.0409200420443952,37683700,628.31702,0.0211376216045025,2,1,1,0| 1| 2| 3,NaN,,0.211574654571331| 0.208352942863307| 0.203956810329343| 0.150274059101471| NaN| NaN| NaN| NaN| NaN| NaN| NaN| NaN,0.211574654571331,0.0279192336645348,0.00915987760266214,0,0.421048182166162,0.0907629397273647,0.0193346316703793,0.245065368329621,0.0354649717584695,0.898944748495466,0.80724706816728
PPA5_MOUSE,TVQTMGADFIMSLGDNFYFTGVHDASDKR,4,0.558248128656803,0.847110078587016,3,0.27833,0.0767399505773886,8642633,806.62604,0.0134752417233126,0,1,1,0| 1,NaN,,0.151860071109826| 0.0956818673256096| 0.0835304874529229| NaN| NaN| NaN| NaN| NaN| NaN| NaN| NaN| NaN,0.151860071109826,0.0173987797507134,0.0058188556484084,0,0.686643363026209,0.0948980521256305,0,0.622449506074975,0.0799784522919301,0.840172828047681,0.962022685805916
PPA5_MOUSE,NLRPLLATYGVTAY,2,-5.58113296996742,-3.69128748278091,3,0.70756,0.841687780000766,2991951.66666667,776.43011,0.0746379109690271,3,0,0,3| 13| 16,NaN,,NaN| NaN| NaN| 0.240774137017611| NaN| NaN| NaN| 0.292506390561068| 0.184997385310715| NaN| NaN| NaN,NaN,NaN,0.0475431182642904,0,102.586676715985,23.6782104239045,0,66.1563365636393,15.2112616737854,0.43932382359838,0.0223595528726667

