proteinName,peptideSeq,charge,old_Rsquared,new_Rsquared,NDP,rateconstant,sigma,Abundance,MassToCharge,RMSE,selected_A1A0_count, selected_A2A0_count, selected_A2A1_count,improved_timePoints,new_k,I0_percentatediffI0_percentatediff,selected_io_t,i0,I0_asymptote,new_rmse,lowerci_old,upperci_old,sigma_old,lowerci_new,upperci_new,sigma_new,old_pearson,new_pearson
PPT2_MOUSE,WLFPTSMR,2,-3.4205110939936,-0.00233480861936286,2,0.0418,0.0228192371175535,23546075,519.2655,0.0369028188242033,1,0,1,0| 31,NaN,,0.516249210654634| NaN| NaN| NaN| NaN| NaN| NaN| NaN| NaN| NaN| NaN| 0.42967755359003,0.516249210654634,0.322337274338223,0.0176919831003449,0,0.292800383395576,0.019754158587033,0.000377498702742542,0.0832225012972574,0.00326002155306678,1,1
PPT2_MOUSE,ESLRPLWEQVQGFR,3,0.818702479789683,0.938343162759634,7,0.17598,0.0199118156708842,26460814.2857143,582.30914,0.0216114051339545,1,0,1,9| 31,NaN,,0.337504204091556| NaN| 0.258696235686078| 0.22676799095893| 0.194944077069617| 0.147143105853708| 0.124934763461623| NaN| NaN| NaN| NaN| 0.114883684299005,0.337504204091556,0.0747692111167935,0.014112977199329,0.104081860217863,0.247878139782137,0.0293832161352103,0.129028087288631,0.222931912711369,0.0191882321759658,0.972134743783704,0.981825582260106
PPT2_MOUSE,ALLSVMDNHNVDSFISLSSPQMGQYGDTDYLK,3,-0.712760659458952,-0.383717743873538,2,3E-05,0.0210250745074049,2986046,1182.55701,0.0142780265111205,0,1,0,0,NaN,,0.140597050638645| NaN| NaN| NaN| 0.118699709390541| NaN| NaN| NaN| NaN| NaN| NaN| NaN,0.12286,0.00965709726132892,0.00525786608480311,0,0.925674315464772,0.072849787540201,0,0.340779288210796,0.0268175505816909,-2,-2

