proteinName,peptideSeq,charge,old_Rsquared,new_Rsquared,NDP,rateconstant,sigma,Abundance,MassToCharge,RMSE,selected_A1A0_count, selected_A2A0_count, selected_A2A1_count,improved_timePoints,new_k,I0_percentatediffI0_percentatediff,selected_io_t,i0,I0_asymptote,new_rmse,lowerci_old,upperci_old,sigma_old,lowerci_new,upperci_new,sigma_new,old_pearson,new_pearson
RM23_MOUSE,TNFFIQLVR,2,-0.105301488467037,0.160442018262439,4,0.03512,0.0142015509762331,7661799.25,569.3244,0.0241987449678618,1,1,0,3| 7,NaN,,0.505821384316353| NaN| NaN| 0.441748868655876| 0.484544270244531| 0.449990494484817| NaN| NaN| NaN| NaN| NaN| NaN,0.505821384316353,0.287434265701223,0.0137240037789432,0,0.0832255438480367,0.0151159011771789,0.00986398029566929,0.0603760197043307,0.00793603953809423,0.432807886602025,0.529905161937394
RM23_MOUSE,NYLEQIYNVPVAAVR,2,-1.63247373966578,0.956265057245766,3,0.12624,0.0746711234993066,8028817,874.97009,0.0580074652717375,2,0,1,0| 7| 31,NaN,,0.376729964915059| NaN| NaN| NaN| NaN| 0.18392267826846| NaN| NaN| NaN| NaN| NaN| 0.122460087869547,0.376729964915059,0.0961254615471208,0.0113267740732732,0,0.75961449874584,0.147205581888266,0,0.299154466715226,0.0401878742199379,0.756272025669831,0.984489006134805

