proteinName,peptideSeq,charge,old_Rsquared,new_Rsquared,NDP,rateconstant,sigma,Abundance,MassToCharge,RMSE,selected_A1A0_count, selected_A2A0_count, selected_A2A1_count,improved_timePoints,new_k,I0_percentatediffI0_percentatediff,selected_io_t,i0,I0_asymptote,new_rmse,lowerci_old,upperci_old,sigma_old,lowerci_new,upperci_new,sigma_new,old_pearson,new_pearson
RNAS4_MOUSE,FNTFIHEDIWNIR,3,0.879525622769313,0.966788797281893,9,0.32643,0.0487089914098312,9129048.33333333,568.95459,0.0209622634491776,0,2,2,2| 7| 13| 24,NaN,,0.382521250055753| NaN| 0.293965656565686| 0.227366995901117| 0.210129776297663| 0.174731098017211| NaN| 0.177159920085534| 0.142061251243343| NaN| 0.155788523978639| 0.150196503290778,0.382521250055753,0.15631933926565,0.0118227885517694,0.246454245032543,0.406405754967457,0.0346815314637241,0.281323399630208,0.371536600369792,0.0195605028121729,0.942816121355809,0.983772480485739

