proteinName,peptideSeq,charge,old_Rsquared,new_Rsquared,NDP,rateconstant,sigma,Abundance,MassToCharge,RMSE,selected_A1A0_count, selected_A2A0_count, selected_A2A1_count,improved_timePoints,new_k,I0_percentatediffI0_percentatediff,selected_io_t,i0,I0_asymptote,new_rmse,lowerci_old,upperci_old,sigma_old,lowerci_new,upperci_new,sigma_new,old_pearson,new_pearson
RS26_MOUSE,LHYcVScAIHSK,3,0.479837624838596,0.73232784755262,6,0.03825,0.00786486167370737,109260413.333333,492.23584,0.0384329672161761,5,0,0,6| 7| 13| 21| 24,NaN,,0.453562293851623| NaN| NaN| NaN| 0.341331679569845| 0.37531978728377| NaN| 0.292029627378751| NaN| 0.260012289487558| 0.243071836232935| NaN,0.453562293851623,0.168688048132363,0.0264275292132496,0.00967882645495956,0.0668211735450404,0.0111146718453573,0.0186037020893724,0.0578962979106276,0.00764274361739194,0.958722404950563,0.974401539524246
RS26_MOUSE,DISEASVFDAYVLPK,2,0.440766839571517,0.373079748727438,9,0.10592,0.0362030651714246,177952747.777778,827.42212,0.0629236825349941,0,3,5,1| 2| 3| 7| 13| 21| 24| 31,NaN,0.031765031604487|0.0410349057845274|0.0198133306625155|-0.0127935223031793|0.00534039131362427|,0.381142550340586| 0.349716724533855| 0.324272844473517| 0.31276367672913| NaN| 0.237450031150724| NaN| 0.175241213083112| NaN| 0.136706925078139| 0.130339923985643| 0.333075259797862,0.381142550340586,0.106857616502538,0.0623873301952261,0.00733686828788183,0.204503131712118,0.0427506309338065,0.00817717659828697,0.203662823401713,0.0423862307587984,0.755696373225221,0.745726531173639
RS26_MOUSE,LHYcVScAIH,2,-0.370109209058774,0.891263779026521,2,0.07625,0.0145719768402149,542287450,630.28662,0.0076543439184679,0,1,1,1| 2,NaN,-0.0304515481824458|,NaN| 0.454015081821614| 0.435982504226405| NaN| NaN| NaN| NaN| NaN| NaN| NaN| NaN| NaN,NaN,NaN,0.00121377812570256,0,2.55807898256792,0.195324176976558,0,2.82761636919986,0.216537229357719,1,1

