proteinName,peptideSeq,charge,old_Rsquared,new_Rsquared,NDP,rateconstant,sigma,Abundance,MassToCharge,RMSE,selected_A1A0_count, selected_A2A0_count, selected_A2A1_count,improved_timePoints,new_k,I0_percentatediffI0_percentatediff,selected_io_t,i0,I0_asymptote,new_rmse,lowerci_old,upperci_old,sigma_old,lowerci_new,upperci_new,sigma_new,old_pearson,new_pearson
RS28_MOUSE,VEFMDDTSR,2,0.964729469754315,0.971560679545966,12,0.0881,0.00651370898996375,289675333.333333,550.23987,0.0184649081801565,2,1,2,1| 2| 3| 7| 9,0.102363526241504,0.0360369959661238|0.0533153977864505|-0.0144662031148654|-0.012101287691186|,0.538241896700874| 0.506953125300016| 0.502849859533974| 0.466734686012213| 0.427635468344273| 0.409818581849084| 0.376749198688163| 0.325213248183563| 0.299619768785679| 0.311606874551891| 0.275208860802453| 0.269143519395399,0.538241896700874,0.265554822763573,0.0155845416176404,0.0746828815401047,0.101517118459895,0.0060959604413858,0.0767758364034672,0.0994241635965328,0.00514504314190754,0.991601085845062,0.993811116220944
RS28_MOUSE,EGDVLTLLESER,2,0.974786082915053,0.990054998610699,8,0.09956,0.00514944846095248,355459487.5,680.85138,0.0118334084420075,2,3,0,1| 2| 6| 7| 9,NaN,0.0100860946824675|-0.00480006070237341|,0.480680281210006| 0.446880973508316| 0.421841205014462| 0.381174722612225| 0.324560754039843| 0.311378354297877| 0.30397838243802| NaN| NaN| NaN| 0.185441675356114| NaN,0.480680281210006,0.155216903494118,0.00725671648864107,0.0841883802828553,0.114931619717145,0.00650066060628188,0.0901335116973956,0.108986488302604,0.00398646351470502,0.993641901776523,0.995622771290938

