proteinName,peptideSeq,charge,old_Rsquared,new_Rsquared,NDP,rateconstant,sigma,Abundance,MassToCharge,RMSE,selected_A1A0_count, selected_A2A0_count, selected_A2A1_count,improved_timePoints,new_k,I0_percentatediffI0_percentatediff,selected_io_t,i0,I0_asymptote,new_rmse,lowerci_old,upperci_old,sigma_old,lowerci_new,upperci_new,sigma_new,old_pearson,new_pearson
RT27_MOUSE,DFGASLLLSGLK,2,0.893864196392913,0.970011987501667,12,0.1194,0.0128800062711331,14568183,610.8479,0.0270326104572493,1,2,4,1| 3| 7| 13| 21| 24| 31,0.124589231542297,-0.0165245135060774|,0.50206540455968| 0.447843730874886| 0.428895977092361| 0.399557001358925| 0.337654628376814| 0.337949363254477| 0.314596986577613| 0.281765140478216| 0.253426894790827| 0.276845059208539| 0.226707859164481| 0.217933133343351,0.50206540455968,0.21506628252606,0.0151923837673622,0.0933154618066167,0.145484538193383,0.0118513012636785,0.104740434833143,0.134059565166857,0.00666045616368301,0.966477138577626,0.98929128521089
RT27_MOUSE,AVYHGMPLMWTPGYLDR,3,0.534756211397441,0.931763611665385,11,0.12877,0.0378267745432803,8753402.36363636,669.65869,0.0461016057776092,2,0,5,1| 2| 7| 16| 21| 24| 31,NaN,,0.285045813060138| 0.230798573702347| 0.231801519792309| 0.201855491176985| 0.182011832714504| 0.155337876825572| NaN| 0.117808448423824| 0.132114679309174| 0.072217900788906| 0.115771377095948| 0.0786019799801451,0.285045813060138,0.0837698235273583,0.0163022167297406,0.0441851805558659,0.213354819444134,0.0379620953124242,0.0988595438376689,0.158680456162331,0.0134239641951644,0.768643290513207,0.972464522702976
RT27_MOUSE,EVLDVLDGVLK,2,-0.13864854624751,0.6566869140608,6,0.31535,0.145922654501753,143533550,600.34772,0.031680585619391,1,4,0,7| 13| 21| 24| 31,NaN,,NaN| NaN| NaN| NaN| NaN| 0.303989698524969| 0.28383209320983| 0.272015338504568| NaN| 0.254409792952268| 0.254409792952268| 0.254409792952268,NaN,NaN,0.00771093507756568,0.133111486794588,0.497588513205412,0.0708938773085706,0.173909552385428,0.456790447614572,0.0550227367601185,0.947307822507305,0.978878433998193
RT27_MOUSE,EDLDSAEYYLYK,2,0.947424658681913,0.948807712349114,2,0.25143,0.0188295899429834,5434831,754.8432,0.00742110884704354,0,0,1,2,NaN,,NaN| NaN| 0.29042428527993| NaN| NaN| NaN| 0.175189946856335| NaN| NaN| NaN| NaN| NaN,NaN,NaN,0.00532204522473506,0,2.14015638656777,0.148645990348838,0,0.608247857437483,0.0280821744060714,1,1

