proteinName,peptideSeq,charge,old_Rsquared,new_Rsquared,NDP,rateconstant,sigma,Abundance,MassToCharge,RMSE,selected_A1A0_count, selected_A2A0_count, selected_A2A1_count,improved_timePoints,new_k,I0_percentatediffI0_percentatediff,selected_io_t,i0,I0_asymptote,new_rmse,lowerci_old,upperci_old,sigma_old,lowerci_new,upperci_new,sigma_new,old_pearson,new_pearson
SC61B_MOUSE,TTSAGTGGMWR,2,0.908915797482878,0.963747744374327,11,0.17293,0.0183268293995152,162726436.363636,562.76129,0.0266107599707469,3,1,6,1| 2| 3| 6| 7| 9| 13| 16| 21| 24,NaN,-0.00106806673593301|-0.0317976190658579|-0.00615561309697715|-0.0315958809026353|,0.54499968503546| 0.462643663475908| 0.454393592891179| 0.393865976918764| 0.303543967702078| 0.31834025584602| 0.301307673902014| 0.261069223596968| 0.24960305032912| 0.257674543313276| 0.24960305032912| NaN,0.54499968503546,0.233457743102706,0.0178445432295542,0.137437328856828,0.208422671143172,0.0159292905474547,0.149129458217544,0.196730541782456,0.0106818036802655,0.975729330829334,0.987539834922319
SC61B_MOUSE,FYTEDSPGLK,2,0.933592861390365,0.96876293187861,7,0.37608,0.0406040820997123,193150028.571429,578.77966,0.0165222213248488,2,1,0,1| 3| 7,NaN,,0.493496890062699| 0.416793495395462| 0.39380366547604| 0.348522085378433| NaN| 0.267925958672403| 0.253198225156028| NaN| NaN| 0.244996298976316| NaN| NaN,0.493496890062699,0.243478777810203,0.0118524151519695,0.22865588823538,0.52350411176462,0.0602490488995582,0.270323531684405,0.481836468315595,0.0432203833872444,0.973031684916453,0.990352458877348
SC61B_MOUSE,PGPTPSGTNVGSSGR,2,0.944091207001358,0.979137474919573,6,0.18426,0.0118200920504518,103485555,685.83661,0.0159591868078483,5,0,0,1| 2| 3| 6| 7,NaN,-0.0632216138176099|-0.0270396740723396|,0.490367661968158| 0.396493046421052| 0.381451052365898| 0.338809713046028| 0.240576960346105| 0.223449846636181| NaN| NaN| NaN| NaN| NaN| NaN,0.490367661968158,0.119364506833367,0.00940041946706655,0.138552291172131,0.229967708827869,0.0177810751673901,0.157336846518946,0.211183153481054,0.0104735640456761,0.989406298999506,0.991302586046178

