proteinName,peptideSeq,charge,old_Rsquared,new_Rsquared,NDP,rateconstant,sigma,Abundance,MassToCharge,RMSE,selected_A1A0_count, selected_A2A0_count, selected_A2A1_count,improved_timePoints,new_k,I0_percentatediffI0_percentatediff,selected_io_t,i0,I0_asymptote,new_rmse,lowerci_old,upperci_old,sigma_old,lowerci_new,upperci_new,sigma_new,old_pearson,new_pearson
SRRT_MOUSE,FVTSNTQELGK,2,-0.135523806214146,0.896413434446119,11,0.11747,0.028024804160735,26014656.3636364,612.31696,0.0503748676363581,1,2,5,1| 2| 3| 6| 13| 16| 24| 31,NaN,-0.0340541720925881|,0.469052172768891| 0.448279169397913| 0.421006133668606| 0.370215578776183| 0.342758136843031| 0.324844366815181| 0.342280652324396| 0.307855793371117| 0.298845519746389| NaN| 0.239940462606943| 0.25867476216412,0.469052172768891,0.220771474286624,0.0217518435732869,0.035060034744132,0.199879965255868,0.0369860097390535,0.0818854167100608,0.153054583289939,0.0159705411843762,0.784630446274033,0.974700392213779
SRRT_MOUSE,EVAFFNNFLTDAK,2,0.485640810240769,0.830870221930253,10,0.08488,0.0312968309772881,27966143,758.37756,0.0726959010250604,2,4,0,1| 2| 6| 9| 24| 31,NaN,,0.405862062545475| 0.357609567536994| 0.351116035091529| 0.274795420785971| 0.294978815392965| 0.285396500350344| 0.295064206045637| 0.267606140713227| NaN| NaN| 0.155060546501803| 0.161358296328466,0.405862062545475,0.158227044222469,0.0283512320681462,0.00553380279133514,0.164226197208665,0.0350754574097809,0.0539351679108804,0.11582483208912,0.0136793466880377,0.699011530682611,0.933401080629724
SRRT_MOUSE,VALSEPQPER,2,-4.983818075452,-1.48116897230024,2,0.044,0.01540290714543,15060794,563.29858,0.0311571829944209,0,2,0,1| 7,NaN,,NaN| 0.496145595224822| NaN| NaN| NaN| 0.461195027839022| NaN| NaN| NaN| NaN| NaN| NaN,NaN,NaN,0.0112376830856625,0,0.783883274609833,0.0582300765632756,0,0.79183867630947,0.0588561802555178,-1,1
SRRT_MOUSE,EIcWNLQNIR,2,-15.9844148827124,0.687710444683349,2,0.01703,0.00359118041630083,104011370,673.33771,0.0178502150041897,1,1,0,3| 31,NaN,0.0193925882148999|,NaN| NaN| NaN| 0.417055388709837| NaN| NaN| NaN| NaN| NaN| NaN| NaN| 0.352860248404228,NaN,NaN,0.00732276776632137,0,0.0786069431151641,0.00484621052424695,0,0.0682668598039762,0.00403242831894081,1,1

