proteinName,peptideSeq,charge,old_Rsquared,new_Rsquared,NDP,rateconstant,sigma,Abundance,MassToCharge,RMSE,selected_A1A0_count, selected_A2A0_count, selected_A2A1_count,improved_timePoints,new_k,I0_percentatediffI0_percentatediff,selected_io_t,i0,I0_asymptote,new_rmse,lowerci_old,upperci_old,sigma_old,lowerci_new,upperci_new,sigma_new,old_pearson,new_pearson
STS_MOUSE,RPLTPEAEPR,3,0.829698965190091,0.933149372466892,9,0.66755,0.181930816318109,10158972.8888889,389.21564,0.054862935962052,0,4,4,1| 2| 3| 6| 7| 9| 16| 31,NaN,,0.493581401230004| 0.309872380752812| 0.321578590404662| 0.168299260354452| 0.128815496357931| 0.141462631579116| 0.128818794905618| NaN| 0.128818794905618| NaN| NaN| 0.128818794905618,0.493581401230004,0.138381117611482,0.0274482742774174,0.215048640840075,1.12005135915992,0.196227470831238,0.441160704579923,0.893939295420077,0.0981738462532381,0.932012197842909,0.966694431756566
STS_MOUSE,VLAALDELGLAR,2,0.93307597774568,0.994055496721431,7,0.25485,0.0336471442192539,34850707.1428571,620.86658,0.0246478427294859,2,0,2,3| 16| 21| 31,NaN,,0.513719675633837| 0.430290189957617| 0.363544906140985| 0.31876685957288| NaN| NaN| NaN| NaN| 0.171368922648765| 0.174745716390049| NaN| 0.150528838539469,0.513719675633837,0.150972947500545,0.00775946053859902,0.155813099803143,0.353886900196857,0.0404742410952962,0.223671899450723,0.286028100549277,0.0127418159899645,0.976204410220826,0.998518429529278
STS_MOUSE,VFAAGPLAALGASLAAMAAAR,3,0.126356712717227,0.35548740240809,2,0.16349,0.0945080732257463,4633556.5,634.02063,0.0233009063581621,1,1,0,0| 1,NaN,0.0163105888045719|,0.372856443388805| 0.26684118968205| NaN| NaN| NaN| NaN| NaN| NaN| NaN| NaN| NaN| NaN,0.31271,0.0223701084579613,0.0173731448796359,0,11.5308091119016,0.894627416134352,0,10.1935239640505,0.789380792486365,1,1
STS_MOUSE,VVAEPTSLMDVFPTVAR,2,0.0448830346062473,0.935990749530417,6,0.13937,0.0290947592840601,12281774.6666667,916.48474,0.0324753377925985,4,1,1,1| 2| 3| 9| 13| 16,NaN,,NaN| 0.294067046255929| 0.255823039308941| 0.210025978490154| NaN| NaN| 0.172514829945699| 0.119876947585755| 0.0938994865208316| NaN| NaN| NaN,NaN,NaN,0.0126532970898768,0.0235051180468993,0.255234881953101,0.0450734072676313,0.0942258114160642,0.184514188583936,0.0175618562200247,0.8805539251572,0.975116833894012

