proteinName,peptideSeq,charge,old_Rsquared,new_Rsquared,NDP,rateconstant,sigma,Abundance,MassToCharge,RMSE,selected_A1A0_count, selected_A2A0_count, selected_A2A1_count,improved_timePoints,new_k,I0_percentatediffI0_percentatediff,selected_io_t,i0,I0_asymptote,new_rmse,lowerci_old,upperci_old,sigma_old,lowerci_new,upperci_new,sigma_new,old_pearson,new_pearson
TOR1A_MOUSE,ITDVALDFWK,2,-3.0143595741929,-91.5358501885039,4,2.68464,6.44537374872477,15014974,604.32153,0.0847067105652763,0,2,1,0| 9| 16,NaN,,0.271186161890649| 0.295894131775207| NaN| NaN| NaN| NaN| 0.271186161890649| NaN| 0.271186161890649| NaN| NaN| NaN,0.47626,0.283687597331755,0.0594199225962162,0,8.50939058923067,1.83027458470607,0,6.92754705287944,1.33322188224047,-0.502022007565074,-0.270672274706751
TOR1A_MOUSE,VILNAVSGFLSNPK,2,0.999782487676579,0.999782487676579,2,0.20633,0.0012415462633273,3095756.5,729.91937,0.000551394826166986,0,0,0,,NaN,,0.406424768138746| NaN| NaN| NaN| 0.223266565171388| NaN| NaN| NaN| NaN| NaN| NaN| NaN,0.406424768138746,0.151156746888667,0.000551394826166986,0.148199484410681,0.264460515589319,0.0045749707955133,0.148199484410681,0.264460515589319,0.0045749707955133,1,1
TOR1A_MOUSE,NLIDYFVPFLPLEYK,2,0.886548825003128,0.972687450234214,5,1.29279,0.306588125054336,52150618,936.00311,0.0181539553119377,1,2,1,1| 2| 9| 31,NaN,,0.330780753649573| 0.190377320263784| 0.152266740462609| NaN| NaN| NaN| 0.121624867992479| NaN| NaN| NaN| NaN| 0.121624867992479,0.330780753649573,0.141694262087174,0.00831424148799498,1.04790322404479,1.53767677595521,0.0882015551120267,1.18063549936788,1.40494450063212,0.040395000219917,0.972822575116202,0.996681334715301

