proteinName,peptideSeq,charge,old_Rsquared,new_Rsquared,NDP,rateconstant,sigma,Abundance,MassToCharge,RMSE,selected_A1A0_count, selected_A2A0_count, selected_A2A1_count,improved_timePoints,new_k,I0_percentatediffI0_percentatediff,selected_io_t,i0,I0_asymptote,new_rmse,lowerci_old,upperci_old,sigma_old,lowerci_new,upperci_new,sigma_new,old_pearson,new_pearson
UBE4A_MOUSE,SYSPTLFAQTVR,2,-2.41835500406093,0.632267573657628,8,0.0456,0.0142586917411738,21872881.25,685.35913,0.0619773188549373,3,2,2,0| 1| 7| 9| 13| 16| 21,NaN,,0.394353592699181| 0.48049333544257| 0.361732390844689| NaN| NaN| 0.378153375999042| 0.363370768118906| 0.338770914524436| 0.320514923609922| 0.27354354851201| NaN| NaN,0.44498,0.165496137301251,0.027903391275869,0.00145480674218051,0.0897451932578195,0.0186690097757059,0.0257249776018076,0.0654750223981924,0.00840515036998972,0.239039057196404,0.829994639512657
UBE4A_MOUSE,LLTFNPTYcVLK,2,0.229381070959744,0.349060780415107,7,0.01331,0.0107187700448333,9444120.28571429,734.89703,0.0520504619620695,2,3,0,0| 1| 2| 7| 31,NaN,,0.412831483874321| 0.39180163871109| 0.447472932447502| NaN| NaN| 0.327513997255969| NaN| NaN| NaN| 0.374769600712422| 0.35504542748821| 0.350710635476049,0.412831483874321,0.257764995135413,0.0233283744383439,0,0.0521165814110871,0.0158594112799829,0,0.0300192994236014,0.00682872961552767,0.746493378351729,0.600803866394102
UBE4A_MOUSE,IFLITLDNSDPSLK,2,-60.4171929615714,0.988057639829111,3,0.68566,0.458554775813546,7651398.33333333,788.43506,0.0518897386103443,1,1,0,0| 31,NaN,,0.409712077711636| 0.288705392063436| NaN| NaN| NaN| NaN| NaN| NaN| NaN| NaN| NaN| 0.162702567989844,0.409712077711636,0.17550552708715,0.00551039518244997,0,5.55579980560188,1.13189237233328,0.172439016979979,1.19888098302002,0.119280131410921,-0.899512820536844,0.999973074616467
UBE4A_MOUSE,TFPEVMIPVFDILLSR,2,0.684206481192741,0.650510014614933,3,0.11749,0.0237345204693693,2695519,939.01569,0.0155479051229139,1,0,0,1,NaN,,0.259681254224426| 0.279341373765763| NaN| NaN| NaN| NaN| 0.177250923099284| NaN| NaN| NaN| NaN| NaN,0.30468,0.103129174798351,0.0130727991591985,0,0.662612118159769,0.126694426066676,0,0.525746249914807,0.0948847781955718,0.8510318698516,0.942128792380811

