proteinName,peptideSeq,charge,old_Rsquared,new_Rsquared,NDP,rateconstant,sigma,Abundance,MassToCharge,RMSE,selected_A1A0_count, selected_A2A0_count, selected_A2A1_count,improved_timePoints,new_k,I0_percentatediffI0_percentatediff,selected_io_t,i0,I0_asymptote,new_rmse,lowerci_old,upperci_old,sigma_old,lowerci_new,upperci_new,sigma_new,old_pearson,new_pearson
VATE1_MOUSE,IQMSNLMNQAR,2,-0.292906168815281,-1.86764951847688,3,2E-05,0.11530920929055,38739266.6666667,653.32373,0.0800071583938858,1,0,1,0| 1,NaN,,0.44747619467947| 0.511871048131015| 0.525468458034646| NaN| NaN| NaN| NaN| NaN| NaN| NaN| NaN| NaN,0.44747619467947,0.13784713928264,0.0288023877112184,0,1.21499520912501,0.282378171197628,0,0.437793695069289,0.101745068116344,-2,-2
VATE1_MOUSE,YQVLLDGLVLQGLYQLLEPR,3,0.964171897735278,0.989251477941901,8,0.7757,0.0830881142295135,3268774.375,777.44214,0.0111264504976863,0,5,1,0| 1| 2| 3| 7| 31,NaN,,0.257926943487998| 0.131473655607271| 0.0954414331929437| 0.0783517382846177| 0.0546565286146912| 0.0544612672191207| 0.0545524482090494| NaN| NaN| NaN| NaN| 0.0451700917512135,0.257926943487998,0.0545111615179367,0.00564091382490112,0.518457545595996,1.032942454404,0.108787877945109,0.645282620468155,0.906117379531845,0.0551535320999121,0.990996203050013,0.995835703701504
VATE1_MOUSE,ARDDLITDLLNEAK,3,-4.61120576487974,0.705797884731896,6,0.22447,0.0727222986503239,9359789.66666667,529.61768,0.058721267320612,0,0,3,9| 16| 24,NaN,,NaN| NaN| 0.271799846894201| NaN| 0.193258395216665| 0.256519942879766| 0.147801470329657| NaN| 0.108094367452403| NaN| 0.108094367452403| NaN,NaN,NaN,0.0251652063107107,0,0.522677335353365,0.116007719077624,0.100359156217049,0.348580843782951,0.048281226492965,0.257941953387294,0.844456294178842

