proteinName,peptideSeq,charge,old_Rsquared,new_Rsquared,NDP,rateconstant,sigma,Abundance,MassToCharge,RMSE,selected_A1A0_count, selected_A2A0_count, selected_A2A1_count,improved_timePoints,new_k,I0_percentatediffI0_percentatediff,selected_io_t,i0,I0_asymptote,new_rmse,lowerci_old,upperci_old,sigma_old,lowerci_new,upperci_new,sigma_new,old_pearson,new_pearson
CEPT1_MOUSE,LFQLPTPPLSR,2,-1.12432573728519,-0.633394835272136,10,10.78336,27473.1152388752,74807467.5,634.8717,0.160273022398493,1,7,2,0| 1| 2| 3| 6| 9| 16| 21| 24| 31,NaN,,0.277229369147299| 0.210105934987862| 0.160671943030872| 0.164798471045031| 0.16556916305817| NaN| 0.16557240832419| NaN| 0.16557240832419| 0.16557240832419| 0.16557240832419| 0.376606695413583,0.46097,0.179711107063768,0.0790761581082852,7.54388213788001,14.02283786212,1.43203041582325,9.20850101303712,12.3582189869629,0.696175762253102,0.0130373660915252,0.371321446768183
CEPT1_MOUSE,SLLEPLMQGYWEWLVGR,2,0.963120449415111,0.978780485745724,9,0.28198,0.0236788072522363,3374692.375,1039.03235,0.0113422967738599,3,0,1,3| 9| 21| 31,NaN,-0.064659742185883|,0.279805649158729| 0.233422544056688| 0.181139001674296| 0.164982955393725| 0.0974262419862767| NaN| 0.0822201736898031| NaN| 0.0733258068418173| 0.0979124035899309| NaN| 0.0737179435343792,0.279805649158729,0.0713944991738017,0.00904707797165378,0.219704564560867,0.344255435439133,0.0270057778695341,0.232306575704226,0.331653424295774,0.0215409085956839,0.986470994358718,0.98977167627073
CEPT1_MOUSE,SLLEPLMQGYWEWLVGR,3,0.929194190808737,0.964315631488954,10,0.35219,0.0436185489949241,2297317.5,693.02405,0.0157846479418434,1,3,1,0| 2| 3| 24| 31,NaN,,0.299061427776538| 0.227720898207174| 0.161935642580648| 0.124077729958458| 0.0923520993907142| NaN| 0.0626587001225794| NaN| 0.0623345188083308| 0.0838353437072296| 0.0675012361907541| 0.0824558431361575,0.27024,0.0689537524161395,0.013119877752455,0.238253373433403,0.466126626566597,0.0503663620077606,0.25748819748984,0.44689180251016,0.0418634938715357,0.967170344769771,0.987168008395773

