proteinName,peptideSeq,charge,old_Rsquared,new_Rsquared,NDP,rateconstant,sigma,Abundance,MassToCharge,RMSE,selected_A1A0_count, selected_A2A0_count, selected_A2A1_count,improved_timePoints,new_k,I0_percentatediffI0_percentatediff,selected_io_t,i0,I0_asymptote,new_rmse,lowerci_old,upperci_old,sigma_old,lowerci_new,upperci_new,sigma_new,old_pearson,new_pearson
EBP_MOUSE,HLTSAQSVLDSK,2,0.992155803616269,0.994544008913366,11,0.18849,0.00661602023149971,321531650,643.34094,0.00901025928825886,4,2,1,2| 6| 7| 9| 16| 21| 24,NaN,0.000700431300347318|-0.0196500050746577|-0.0165502643923616|-0.0162505207768172|-0.0151528535014106|,0.491480362745228| 0.433128274896843| 0.39014837374974| 0.350734216187725| 0.271438545188937| 0.255333482930765| 0.224935819672571| 0.192691921628397| 0.177526026725046| 0.197879586375676| 0.171782340321813| NaN,0.491480362745228,0.166358028881152,0.00754060175567459,0.172852540290259,0.204127459709741,0.00701817110737542,0.175403156173517,0.201576843826483,0.00587344178239806,0.996508148104808,0.997645334066159
EBP_MOUSE,ASVVPLGAGR,2,0.817071347631211,0.953180557785091,11,0.24771,0.0358920490221153,108808500,463.77454,0.0412711558338483,1,1,6,1| 2| 3| 9| 13| 16| 21| 24,NaN,,0.600184090309778| 0.501629610903588| 0.446515825808149| 0.4222183356755| 0.317435587921832| 0.287510603543942| 0.296811263917015| 0.252487960117807| 0.238176765150399| 0.264892479702506| 0.240088330215957| NaN,0.600184090309778,0.212949665328623,0.024128526836082,0.166476211717144,0.328943788282856,0.0364581355572889,0.200217953775989,0.295202046224011,0.0213146708497584,0.961985920202611,0.994458020726135

