proteinName,peptideSeq,charge,old_Rsquared,new_Rsquared,NDP,rateconstant,sigma,Abundance,MassToCharge,RMSE,selected_A1A0_count, selected_A2A0_count, selected_A2A1_count,improved_timePoints,new_k,I0_percentatediffI0_percentatediff,selected_io_t,i0,I0_asymptote,new_rmse,lowerci_old,upperci_old,sigma_old,lowerci_new,upperci_new,sigma_new,old_pearson,new_pearson
INSR_MOUSE,SHGcTAEGLccHK,3,-1.34584010239831,-0.202210764435414,4,1.443,0.162720167065611,292720.666666667,506.20786,0.011717330047801,1,0,0,1,NaN,,NaN| 0.16234562010981| NaN| 0.135930533208073| NaN| 0.123691114079729| NaN| 0.123837982122968| NaN| NaN| NaN| NaN,NaN,NaN,0.00997263259598128,0.407303611146583,2.47869638885342,0.325440334131223,0.561517655055889,2.32448234494411,0.276982629230724,0.945794307813107,0.964488099222254

