protien,peptide,charge,rsquared,rateconstant,mo,io_e,io_a1a0,io_a2a0,io_a2a1
GALM_MOUSE,QPYFGAVVGR,2,0.859045334312342,0.1671,0.51558,0.536893346494779,0.539323871680332,0.534517163547294,0.528466957376643
GALM_MOUSE,SLHGGFTGFDK,2,0.545541808788602,0.03539,0.50063,0.498337574275625,0.483524246196293,0.505155350845762,0.533916270751472
GALM_MOUSE,TLDGGELVINYR,2,0.277016011596746,0.02603,0.459,0.534912445366328,0.618843954485856,0.464818851664665,0.260376459548092
GALM_MOUSE,VSPDGEEGYPGELK,2,0.352336841673216,0.12826,0.43052,0.448145377610535,0.433762165257694,0.440622330974066,0.450953358348466
GALM_MOUSE,TVFGELPSGGGTVEK,2,0.933527845609527,0.20718,0.42575,0.391433347124778,0.386824721624998,0.388566505085922,0.389503850087088
GALM_MOUSE,AQASQTTPVNLTNH,2,0.850942640205055,0.13528,0.43893,0.479625962275451,0.53684765567461,0.446633093576855,0.327941283735071
GALM_MOUSE,ASDVVLGFAELEGYLQK,3,0.46382808784421,0.08774,0.33616,0.359610239815852,0.346139010631241,0.352679156504269,0.36180817374533
GALM_MOUSE,ASDVVLGFAELEGYLQK,2,0.903087476271557,0.09205,0.33616,0.393690427326117,0.359212678946267,0.35155384111686,0.342675682664968
GALM_MOUSE,VLWTPQVLTNGVQFFR,3,0.957280344924748,0.14839,0.3098,0.329135477841729,0.319634462329506,0.331996223176243,0.346177021187247
GALM_MOUSE,VLWTPQVLTNGVQFFR,2,0.962522960491109,0.14153,0.3098,0.343252504728833,0.340593286362835,0.34257869761855,0.344733393456803
GALM_MOUSE,VWVTYTLDGGELVINYR,3,0.798440783574241,0.19736,0.30038,0.306274090053556,0.297563656754467,0.295018311894413,0.292664637032315
GALM_MOUSE,TTQPGVQFYTGNFLDGTLK,2,0.715194477804383,0.1288,0.29049,0.305789644409769,0.282999010498096,0.284278974023365,0.285648104919313
GALM_MOUSE,SDQLSVDIISWGcTITALQVK,2,0.44269620916834,0.04512,0.25671,0.262172779940493,0.241044210360074,0.230177314131626,0.216128353739981
GALM_MOUSE,ILEVYTTQPGVQFYTGNFLDGTLK,2,0.922156581767919,0.09326,0.19708,0.226942534353026,0.222600875009138,0.20902691228025,0.194047591469222
GALM_MOUSE,ILEVYTTQPGVQFYTGNFLDGTLK,3,-0.224184763520323,0.1191,0.19708,0.211427601334726,0.220575878766381,0.212285520077651,0.203282994917277
GALM_MOUSE,IYDHEVTIAADAYLPVDETLIPTGVIAPVEGTAFDLR,3,-1.85924601017485,2E-05,0.09746,0.105866538637483,0.105881762054587,0.0923709218313363,0.0780962362542535

