protien,peptide,charge,rsquared,rateconstant,mo,io_e,io_a1a0,io_a2a0,io_a2a1
SLMAP_MOUSE,ENVLLSSELQR,2,-9.37110804587757,9.9519,0.48544,0.0921928340571175,0.00782920880885588,0.142073776033618,0.271618478942595
SLMAP_MOUSE,QSFELTSDLSILQMTR,2,-0.706249245141823,0.55584,0.33077,0.225724113207588,0.228679072675819,0.224980540117545,0.221046483065874

