protien,peptide,charge,rsquared,rateconstant,mo,io_e,io_a1a0,io_a2a0,io_a2a1
MAP2_MOUSE,YDILLTAVK,2,0.772957491371104,0.13825,0.53322,0.606804218673166,0.599875442495335,0.578521863536992,0.548777230944484

