protien,peptide,charge,rsquared,rateconstant,mo,io_e,io_a1a0,io_a2a0,io_a2a1
MP2K2_MOUSE,PAMAIFELLDYIVNEPPPK,3,0.877473233205429,0.24514,0.25809,0.305811852045653,0.308880756006941,0.278339291727376,0.239275849751019

