protien,peptide,charge,rsquared,rateconstant,mo,io_e,io_a1a0,io_a2a0,io_a2a1
PEX5_MOUSE,DLSALLAMFGLPQ,2,0.977528072783021,1.45517,0.42194,0.431655270785561,0.435007133155601,0.424988948567151,0.40798660412595
PEX5_MOUSE,LWLGDQEGSSTADR,2,0.981118781341263,0.17219,0.42411,0.441207148212854,0.394307459306092,0.44423912665885,0.513265686636881
PEX5_MOUSE,ILGSLLSDSLFLEVK,2,0.925194843685996,1.21893,0.37526,0.439113735058825,0.442893030896635,0.410649287078733,0.370559258433823
PEX5_MOUSE,EAVEHFLEALNMQR,3,0.331794441402488,0.18659,0.36284,0.379731274564313,0.340886802440012,0.390487642440907,0.481238869870623
PEX5_MOUSE,TALMALAVSFTNESLQR,3,-0.00283373062346892,0.00198,0.33107,0.475185246053063,0.445031317972368,0.464375511912923,0.464375511912923
PEX5_MOUSE,MDDLLAEMQEIEQSNFR,3,-0.535701120473576,1.70849,0.28916,0.272424819607084,0.24320856336531,0.271216915948801,0.319536309990979
PEX5_MOUSE,LDPTSIDPDVQcGLGVLFNLSGEYDK,3,0.295381147420578,0.0147,0.19104,0.327638009919181,0.367401501945241,0.287295018314586,0.26594681841703

