protien,peptide,charge,rsquared,rateconstant,mo,io_e,io_a1a0,io_a2a0,io_a2a1
DDI2_MOUSE,SLASYGLK,2,-1.13885174721475,0.10517,0.60964,0.642814331514488,0.599090626766977,0.693841098059674,0.693841098059674
DDI2_MOUSE,HQcSIDLK,2,0.728446391094447,0.18279,0.5651,0.590827264306554,0.576564737146237,0.59195937007436,0.65607873376228
DDI2_MOUSE,NPPLAEALLSGDLEK,2,-0.374726336551389,1.56781,0.40405,0.276243942170731,0.415885151813022,0.204849455750654,0.0785126428644801
DDI2_MOUSE,IDFSSIAVPGTSNPQQR,2,0.621767677610159,0.1756,0.35447,0.36938262522823,0.36060003976613,0.367826362579608,0.376073879878264
DDI2_MOUSE,TQAQHSSPGEMASSPQGLDNPALLR,3,0.965168653083844,0.36615,0.2264,0.234422636176676,0.209927932036784,0.239603786734873,0.280387698026461
DDI2_MOUSE,NVLVIGTTGSQTTFLPEGELPEcAR,3,-0.0587410646683959,0.01136,0.21224,0.38792112035911,0.442900923083403,0.332138482557835,0.332138482557835

