protien,peptide,charge,rsquared,rateconstant,mo,io_e,io_a1a0,io_a2a0,io_a2a1
SFPQ_MOUSE,GMGPGTPAGYGR,2,0.610998485124132,0.34863,0.50828,0.498315445812732,0.46695135194503,0.516889549620861,0.645404615242968
SFPQ_MOUSE,RREEEMMIR,3,-0.377274547151973,0.32571,0.46508,0.162274098897491,0.0672217136257255,0.15948678665685,0.336150963210908
SFPQ_MOUSE,FGQGGAGPVGGQGPR,2,0.940881754393718,0.22395,0.46529,0.453638164197689,0.457633529691642,0.436851914013329,0.411548486741524
SFPQ_MOUSE,RMEELHSQEMQK,3,0.959175167709262,0.22688,0.39285,0.370171021910919,0.315346239630702,0.412154945956396,0.538463027309855
SFPQ_MOUSE,PGGGPGMGAPGGHPKPPHR,3,0.574507749072635,0.24757,0.34563,0.272414438307764,0.354408981688094,0.173027400646514,0.0443208587907671
SFPQ_MOUSE,MGGGGTMNMGDPYGSGGQK,2,0.972216198756706,0.19603,0.3311,0.328465073820901,0.283885158885322,0.292002385537515,0.309929253022105
SFPQ_MOUSE,VSNELLEEAFSQFGPIER,3,-4.71162029164109,8.41394,0.29973,0.0581991781901663,1.64226664315245E-06,0.334272764657467,0.455256382578968

