protien,peptide,charge,rsquared,rateconstant,mo,io_e,io_a1a0,io_a2a0,io_a2a1
STAT3_MOUSE,FLQESNVLYQHNLR,3,-0.0916000318828687,1.24236,0.35412,0.322944501488109,0.28935413319018,0.334577107882375,0.389158033532653
STAT3_MOUSE,MQQLEQMLTALDQMR,3,0.800202469185471,0.06442,0.31733,0.387428861889028,0.342333687134611,0.353748222934216,0.391554253034909
STAT3_MOUSE,QQLNNMSFAEIIMGYK,2,0.911397973083554,2.31459,0.30643,0.279985770592127,0.290575687415069,0.269263651388217,0.239352308735994
STAT3_MOUSE,SIVSELAGLLSAMEYVQK,2,0.348452278995408,0.24553,0.31003,0.379349345582323,0.345264608225742,0.415501636031744,0.439213059510919
STAT3_MOUSE,YLEQLHQLYSDSFPMELR,3,0.0280188694348733,0.08319,0.24994,0.319122026174159,0.284795070242389,0.33299234458249,0.357626204587602

