protien,peptide,charge,rsquared,rateconstant,mo,io_e,io_a1a0,io_a2a0,io_a2a1
RL37A_MOUSE,YTcSFcGK,2,0.64055125226644,0.04185,0.54509,0.55329218873859,0.527207600602261,0.579895120675813,0.564526934956615
RL37A_MOUSE,KIEISQHAK,3,0.968624509274304,0.08104,0.54347,0.57359019246434,0.564826983520373,0.586306250762447,0.616216750787674
RL37A_MOUSE,KIEISQHAK,2,0.982731563011888,0.07523,0.54347,0.559751139234146,0.544480974192123,0.560011150785975,0.581650484176942
RL37A_MOUSE,AVGIWHcGScMK,2,0.506887511630185,0.02914,0.41866,0.607416869008091,0.602773399217245,0.51086051905957,0.245152364870945
RL37A_MOUSE,AVGIWHcGScMK,3,0.872869922476998,0.0445,0.41866,0.414505444180425,0.408477668713371,0.411187051260786,0.421179525498853
RL37A_MOUSE,TVAGGAWTYNTTSAVTVK,2,0.975050287884873,0.08453,0.34525,0.378934184105951,0.38375491322764,0.365698320733489,0.343596349027941

