protien,peptide,charge,rsquared,rateconstant,mo,io_e,io_a1a0,io_a2a0,io_a2a1
PP2AA_MOUSE,YSFLQFDPAPR,2,0.948246010091881,0.42679,0.43934,0.458486996110578,0.45281159120058,0.461106004469262,0.470303720128009
PP2AA_MOUSE,QITQVYGFYDEcLR,2,-2.36536015613474,0.01286,0.34491,0.374086159661844,0.3572849658482,0.35926318188739,0.361854804598585
PP2AA_MOUSE,SPDTNYLFMGDYVDR,2,-0.019569863442747,0.06708,0.33878,0.379877401683577,0.374076760629014,0.341637610723299,0.296040993332937

