protien,peptide,charge,rsquared,rateconstant,mo,io_e,io_a1a0,io_a2a0,io_a2a1
SOAT2_MOUSE,THGTPDLVQWTR,2,0.681682558673637,0.02952,0.44017,0.464582083797331,0.476802663336261,0.448162021819534,0.411754413851575
SOAT2_MOUSE,SLIDELMEVQHFR,3,0.799798220247015,0.35419,0.37474,0.380957807820997,0.375574646314083,0.380630924109819,0.389634568920533

