protien,peptide,charge,rsquared,rateconstant,mo,io_e,io_a1a0,io_a2a0,io_a2a1
TMX1_MOUSE,VDVTEQTGLSGR,2,0.318952113846634,7.30219,0.50121,0.491300939994398,0.581946144632607,0.396447529194161,0.180726320647362

