proteinName,peptideSeq,charge,old_Rsquared,new_Rsquared,NDP,rateconstant,sigma,Abundance,MassToCharge,RMSE,selected_A1A0_count, selected_A2A0_count, selected_A2A1_count,improved_timePoints,new_k,I0_percentatediffI0_percentatediff,selected_io_t,i0,I0_asymptote,new_rmse,lowerci_old,upperci_old,sigma_old,lowerci_new,upperci_new,sigma_new,old_pearson,new_pearson
NP1L1_MOUSE,GIPEFWLTVFK,2,0.882428861472207,0.956102468059158,6,0.20273,0.028386729134553,36856128,668.86865,0.0165134108637874,1,0,1,2| 6,NaN,-0.0255227285213493|,0.456570511063396| NaN| 0.363387513944924| NaN| 0.314989086567815| 0.306339905522724| NaN| 0.251050026100927| NaN| NaN| 0.259187517725652| NaN,0.456570511063396,0.259447333895758,0.010305527854353,0.133712204200838,0.271747795799162,0.0268490949658849,0.159658049394443,0.245801950605556,0.0167557204454874,0.964282249883596,0.986788653136435
NP1L1_MOUSE,VLEFHFEPNDYFTNEVLTK,3,0.175141966996901,0.795757674389323,6,0.12857,0.0448229854913738,9341675,781.38281,0.0394402868513132,1,2,3,0| 2| 6| 7| 13| 24,NaN,,0.254871817201658| NaN| 0.178313477799217| NaN| 0.158358604454302| 0.0922507913889802| NaN| 0.0852875407696335| NaN| NaN| 0.107856507705902| NaN,0.254871817201658,0.0714561910642165,0.0189415166334015,0,0.291501750034567,0.0633832184726049,0.0428440079219491,0.214295992078051,0.0333488671392231,0.561473739189946,0.899185031885054
NP1L1_MOUSE,FYEEVHDLER,2,NaN,NaN,1,0.35357,0.0033958423346575,16594330,668.81201,0.000959851056012882,NaN,NaN,NaN,NaNNaN,NaN,NaN,NaN,NaN,NaNNaN,NaN,NaN,NaN,NaN,NaN,NaN,NaN

