proteinName,peptideSeq,charge,old_Rsquared,new_Rsquared,NDP,rateconstant,sigma,Abundance,MassToCharge,RMSE,selected_A1A0_count, selected_A2A0_count, selected_A2A1_count,improved_timePoints,new_k,I0_percentatediffI0_percentatediff,selected_io_t,i0,I0_asymptote,new_rmse,lowerci_old,upperci_old,sigma_old,lowerci_new,upperci_new,sigma_new,old_pearson,new_pearson
NUDT8_MOUSE,VWGLTAVITELTLK,2,0.968136993165023,0.983524677918821,12,0.10058,0.00679465661705993,9099665,772.45831,0.012095205290881,3,1,2,1| 3| 9| 13| 21| 24,0.104660733692896,0.0362383353742007|0.0424117744352892|0.05342037772387|,0.392908044475278| 0.367943374864094| 0.37034609719777| 0.354379722581612| 0.28757655592267| 0.286627288144915| 0.27106305698964| 0.244252987111148| 0.224602089067802| 0.225663307467632| 0.20970894261809| 0.206742554178839,0.392908044475278,0.193850807141831,0.00840113868732388,0.0852395996172271,0.115920400382773,0.00696978819766142,0.0899248000232029,0.111235199976797,0.00484110487268644,0.985807881178421,0.991889971675834
NUDT8_MOUSE,LLAPGFYQPSLAVPELPR,2,0.577668955275309,0.700453353455116,10,0.04708,0.0136991480825531,4013769,984.55127,0.054793521219021,1,4,4,0| 1| 2| 3| 7| 9| 13| 16| 24,NaN,,0.318821316717924| 0.3189986288768| 0.26325351233233| 0.281214956665359| 0.13422810931338| 0.223659968774488| 0.215252319335022| 0.16893694188511| 0.191833836224439| NaN| 0.125288938801944| NaN,0.318821316717924,0.053242892328357,0.0334321816586617,0.0112962622249541,0.0828637377750459,0.0158184136662611,0.0252466081115817,0.0689133918884183,0.00965158046931131,0.799348903838905,0.841935919284634

