proteinName,peptideSeq,charge,old_Rsquared,new_Rsquared,NDP,rateconstant,sigma,Abundance,MassToCharge,RMSE,selected_A1A0_count, selected_A2A0_count, selected_A2A1_count,improved_timePoints,new_k,I0_percentatediffI0_percentatediff,selected_io_t,i0,I0_asymptote,new_rmse,lowerci_old,upperci_old,sigma_old,lowerci_new,upperci_new,sigma_new,old_pearson,new_pearson
PELO_MOUSE,ANEALAIDTLLISDELFR,2,-0.0294190285931728,-0.0379943282024322,5,0.00081,0.0128387016300067,13610885.5,1002.53601,0.0991688526015927,0,2,1,2| 7| 31,NaN,,0.302915461785726| NaN| 0.267352028797044| 0.0767643360536998| NaN| 0.445752304073805| NaN| NaN| NaN| NaN| NaN| 0.31153,0.302915461785726,0.0555834506681963,0.0780656372152357,0,0.0628157133893431,0.0223327712386189,0,0.0496741432859425,0.0175995351738603,-0.0929511030807364,-0.216775792324907

