proteinName,peptideSeq,charge,old_Rsquared,new_Rsquared,NDP,rateconstant,sigma,Abundance,MassToCharge,RMSE,selected_A1A0_count, selected_A2A0_count, selected_A2A1_count,improved_timePoints,new_k,I0_percentatediffI0_percentatediff,selected_io_t,i0,I0_asymptote,new_rmse,lowerci_old,upperci_old,sigma_old,lowerci_new,upperci_new,sigma_new,old_pearson,new_pearson
PGGHG_MOUSE,SFANVTEPFK,2,-0.903502734840289,-0.00992126446572095,8,0.00021,0.00675935065337982,189995487.5,570.29022,0.0594789633884177,0,3,0,0| 1| 24,NaN,,0.521371933029311| 0.537018964316409| 0.526181396014185| 0.496972934901198| NaN| NaN| 0.524800785741186| 0.528103423170728| 0.50947872432001| NaN| 0.429954532431982| NaN,0.521371933029311,0.245397115691993,0.0263348820349989,0,0.0212005213148598,0.0088768950525518,0,0.00950568518496247,0.0039311468538924,0.096393024270103,0.720089873436258
PGGHG_MOUSE,QADVVLLGYPVPFPLTPDIR,2,0.336317554333331,0.668023726764337,4,0.20269,0.0371406452843018,1611983.25,1105.61462,0.0162512857387222,1,1,0,1| 2,NaN,,0.245385272281678| 0.212371433906919| 0.215860311248255| 0.16048530851957| NaN| NaN| NaN| NaN| NaN| NaN| NaN| NaN,0.245385272281678,0.0518605618729858,0.0101651463819978,0,0.675160625212248,0.148461460125863,0.0510300863396537,0.354349913660346,0.0476551366859318,0.837585136863904,0.900390638120714
PGGHG_MOUSE,VSVSGISYLGNK,2,-0.685587194514358,0.838796126211713,7,5.38242,140.459161418078,9392579,612.33514,0.174909269311133,2,4,1,0| 1| 2| 3| 9| 13| 24,NaN,,0.538430015653829| 0.168750597761318| 0.200776143082581| 0.205101012477181| NaN| NaN| 0.205912582184639| 0.322623479015734| 0.231372891754993| NaN| 0.205912582184639| NaN,0.538430015653829,0.241766532068839,0.0371909951022308,0.815722881932101,9.9491171180679,1.86631043377244,3.87244591943357,6.89239408056643,0.6170937788139,-0.271928551255817,0.927292044282303

