proteinName,peptideSeq,charge,old_Rsquared,new_Rsquared,NDP,rateconstant,sigma,Abundance,MassToCharge,RMSE,selected_A1A0_count, selected_A2A0_count, selected_A2A1_count,improved_timePoints,new_k,I0_percentatediffI0_percentatediff,selected_io_t,i0,I0_asymptote,new_rmse,lowerci_old,upperci_old,sigma_old,lowerci_new,upperci_new,sigma_new,old_pearson,new_pearson
RRAS_MOUSE,LNVDEAFEQLVR,2,0.80637701538185,0.80637701538185,5,0.67081,0.116257091689082,87650686,716.87518,0.0262207388668407,0,0,0,,NaN,,0.44100830769228| 0.263827504538509| 0.227950659002068| NaN| 0.216861865643904| NaN| NaN| NaN| NaN| NaN| 0.175892839612653| NaN,0.44100830769228,0.135854676378494,0.0262207388668407,0.130132220249889,1.21148777975011,0.194737428358318,0.130132220249889,1.21148777975011,0.194737428358318,0.961158614951672,0.961158614951672

