proteinName,peptideSeq,charge,old_Rsquared,new_Rsquared,NDP,rateconstant,sigma,Abundance,MassToCharge,RMSE,selected_A1A0_count, selected_A2A0_count, selected_A2A1_count,improved_timePoints,new_k,I0_percentatediffI0_percentatediff,selected_io_t,i0,I0_asymptote,new_rmse,lowerci_old,upperci_old,sigma_old,lowerci_new,upperci_new,sigma_new,old_pearson,new_pearson
TM147_MOUSE,ASVDVADLIGLNLVMSR,2,-0.0244360228321345,-0.180384613974971,9,3E-05,0.0048720693101499,59509051.1111111,886.98236,0.0583638897564635,1,1,5,2| 6| 9| 13| 16| 24| 31,NaN,,0.352561918699854| 0.303114464386504| 0.281528415148904| NaN| 0.307353043191472| NaN| 0.413087399896333| 0.353376513764716| 0.361664449539891| NaN| 0.307368416649581| 0.347281214897246,0.352561918699854,0.0899588042236119,0.0357491991753456,0,0.0137312154290903,0.005941539835274,0,0.00842037497974233,0.00363849086477253,-0.665788493971555,-0.184752022692279

