proteinName,peptideSeq,charge,old_Rsquared,new_Rsquared,NDP,rateconstant,sigma,Abundance,MassToCharge,RMSE,selected_A1A0_count, selected_A2A0_count, selected_A2A1_count,improved_timePoints,new_k,I0_percentatediffI0_percentatediff,selected_io_t,i0,I0_asymptote,new_rmse,lowerci_old,upperci_old,sigma_old,lowerci_new,upperci_new,sigma_new,old_pearson,new_pearson
ZIC3_MOUSE,GPGAFFR,2,0.189974296780586,0.868643387262152,6,1.02748,0.787110661054706,8871118.5,376.19794,0.110160315907702,0,5,1,1| 2| 3| 6| 7| 9,NaN,,NaN| 0.454080369998957| 0.360668437633775| 0.305834702550623| 0.306818756844211| 0.30682224418556| 0.316922156429494| NaN| NaN| NaN| NaN| NaN,NaN,NaN,0.0137701803468981,0,3.40522101096224,0.924981643768742,0.635659363862604,1.4193006361374,0.152424883284582,0.546740914715375,0.986012554076157

