PeptideSeq,Charge,Abun,t0,i0,t1,i1,t2,i2,t3,i3,t6,i6,t7,i7,t9,i9,t13,i13,t16,i16,t21,i21,t24,i24,t31,i31
LIEQPELASK,2,103742903.333333,30.7137305,28.66,30.840897,0,31.012212,17.8,30.9051825,0,31.020158,27.89,30.355651,0,,,30.5556305,0,30.4065485,0,30.482808,0,30.5911185,0,30.7556075,0
NGDLPWPPLR,2,29559364.8,56.3574275,34.64,51.4153785,44.85,51.047516,35.12,61.4393615,22.68,54.3572825,32.53,55.6343955,35.51,,,51.539398,22.11,50.9925615,0,62.567137,25.23,62.2980975,32.75,62.4223425,24.89
LLPEYPGVLSEVQEEK,2,38040248.5714286,53.0406975,60.49,53.0616185,67.92,52.825226,51.36,53.100645,39.07,52.994345,46.03,53.359331,48.56,,,53.2783565,0,53.530142,0,53.315861,0,53.529814,16.38,53.2296085,0
VRPLNcIVAVSQNMGIGK,3,28282795,47.570503,60.94,47.510748,0,47.585806,0,47.633068,0,47.8313065,0,47.8163645,0,,,48.0755175,0,47.364275,0,47.5198935,0,48.209543,0,48.254299,20.31
IMQEFESDTFFPEIDLGK,2,13321243,68.322147,80.08,68.4198915,54.06,68.472862,0,68.4916155,59.55,68.654652,0,68.7831955,20.75,,,68.9307405,19.44,68.8935815,25.1,69.280464,0,69.3041575,0,69.4249385,0
VDMVWIVGGSSVYQEAMNQPGHLR,3,47924588,59.1681575,82.35,59.2454645,97.74,59.3050345,93.76,59.302517,36.96,59.4848825,27.42,59.4901615,0,,,59.729862,0,59.6477605,0,59.7892475,0,60.0244925,0,60.19886,0

