PeptideSeq,Charge,Abun,t0,i0,t1,i1,t2,i2,t3,i3,t6,i6,t7,i7,t9,i9,t13,i13,t16,i16,t21,i21,t24,i24,t31,i31
SSSSGHYVSWVR,2,13538177.2222222,27.3432805,70.73,27.353553,57.51,27.371135,70.5,27.408756,38.6,27.5649795,0,27.4912815,50.73,27.675456,50.75,27.694805,0,27.535683,64.06,27.592995,0,27.677552,34.86,27.879636,39.41
AQLFALTGVQPAR,2,66818511,48.03949,86.49,47.979334,74.23,47.596268,40.25,47.6212255,78.17,48.301252,49.62,47.506674,47.35,47.26322,0,47.9866315,59.33,47.4969995,33.43,48.0458645,47.54,47.600088,0,48.230322,60.92
YEPFSFADDIGSNNcGYYDLQAVLTHQGR,3,40860795,66.0489235,67.14,65.868149,68.2,66.133331,0,66.1608005,41.96,66.326832,0,66.2334175,0,66.2559355,40.22,66.4827725,0,66.461086,0,66.3714675,0,66.5998,0,66.790436,0
SSSSGHYVSWVR,3,16910675,27.3432805,0,27.3424495,0,27.353147,0,27.371869,0,27.5615295,0,27.4919545,0,27.6650735,0,27.730602,23.82,27.5238765,0,27.589529,0,27.7056235,0,27.8868065,18.62
GGTLKDDDWGNIK,2,4983806.16666667,30.6658325,0,30.806394,24.34,30.6850315,0,30.9628625,32.95,31.070629,53.04,31.101187,27.65,31.173517,45.47,31.3036405,0,31.1802625,0,30.573183,0,1858.517944,0,31.336411,20.37

