PeptideSeq,Charge,Abun,t0,i0,t1,i1,t2,i2,t3,i3,t6,i6,t7,i7,t9,i9,t13,i13,t16,i16,t21,i21,t24,i24,t31,i31
LVYILPLER,2,33341948.8888889,53.882969,32.55,53.922211,32.76,53.954773,32.3,53.9945355,23.21,54.182709,28.99,54.1988465,24.69,54.2742175,27.82,54.455803,0,54.386761,27.66,54.5166285,26.48,54.707941,0,54.330139,0
FGQDYVLELR,2,25969410,49.7360975,51.49,49.652935,56.39,49.710276,69.17,49.720087,40.65,49.259907,36.44,49.660099,35.82,49.286804,37.94,50.2081205,51.47,48.9812315,0,49.451193,0,49.323227,0,49.3393615,0
SAPLFFLNPTScFR,2,185447597.4,63.525703,39.13,63.9844685,0,64.1135845,0,64.1867715,0,63.563509,0,63.9509715,0,64.2097775,31.35,63.5706575,0,63.496582,0,63.6140595,20.4,63.9079325,32.77,63.771637,55.1

