PeptideSeq,Charge,Abun,t0,i0,t1,i1,t2,i2,t3,i3,t6,i6,t7,i7,t9,i9,t13,i13,t16,i16,t21,i21,t24,i24,t31,i31
NFGPTGIGFGGLTQQVEK,2,12222190.5714286,,,53.540558,82.16,53.6612305,82.03,53.683672,77.71,54.3226415,35.1,53.6495785,87.61,,,,,,,53.4863105,22.1,,,54.1293315,20.96

