PeptideSeq,Charge,Abun,t0,i0,t1,i1,t2,i2,t3,i3,t6,i6,t7,i7,t9,i9,t13,i13,t16,i16,t21,i21,t24,i24,t31,i31
VPQPLNQR,2,26086573.3333333,22.368062,0,22.215293,35.78,,,22.577155,31.43,,,,,,,22.4460245,31.77,,,,,,,,

