PeptideSeq,Charge,Abun,t0,i0,t1,i1,t2,i2,t3,i3,t6,i6,t7,i7,t9,i9,t13,i13,t16,i16,t21,i21,t24,i24,t31,i31
NFVVVMVTKPK,2,28579617.7777778,35.8084945,25.77,35.9115585,25.51,35.6803815,23.73,35.9012015,29.04,35.910982,25.76,36.005022,23.77,36.0111525,0,36.1870555,0,36.0988025,28.28,,,36.3427105,25.91,36.3086185,25.86
QIIQQNPSLLPALLQQIGR,2,10039177.2,67.9785305,106.82,68.02895,83.48,68.0718535,0,68.1251905,22.66,68.269852,0,68.440338,0,68.4705085,0,68.59198,20.57,68.5336,0,,,68.887566,24.48,69.0343705,0
QIIQQNPSLLPALLQQIGR,3,28084814.5,67.9535445,66.42,68.054371,48.83,68.0725975,0,68.1511615,0,68.269779,28.17,68.427616,41.8,68.4963345,36.68,68.579674,0,68.5592195,0,,,68.874443,28.25,68.9702915,0
IDIDPEETVK,2,43775600,37.0666165,0,37.1543145,0,37.402834,0,37.1709025,0,37.6342565,0,37.6670895,0,37.272209,17.45,37.8894825,0,37.7688445,26.3,,,38.0697865,21.46,36.564907,0
ALGFPEGLVIQAYFAcEK,2,3337939.5,70.951294,0,70.7778165,0,70.9450645,0,70.4409865,46.4,70.700813,0,70.7552605,0,71.294239,0,71.00275,17.32,71.07988,0,,,71.409878,0,71.5106355,0
TLQQQTFK,2,76517620,,,,,,,,,22.25937,21.11,21.866618,27.89,22.519488,37.1,22.169669,31.31,21.8036785,27.49,,,21.9610855,27.24,,

