PeptideSeq,Charge,Abun,t0,i0,t1,i1,t2,i2,t3,i3,t6,i6,t7,i7,t9,i9,t13,i13,t16,i16,t21,i21,t24,i24,t31,i31
ISIPLDSNLR,2,46685012.5,,,,,,,,,45.006899,34.77,,,45.0492075,33.74,,,,,,,45.415737,30.5,45.3961255,29.16

