PeptideSeq,Charge,Abun,t0,i0,t1,i1,t2,i2,t3,i3,t6,i6,t7,i7,t9,i9,t13,i13,t16,i16,t21,i21,t24,i24,t31,i31
SVLNVLHSLVDK,3,6654261.71428571,51.632431,29.09,51.536623,30.65,51.604414,27.08,51.6456605,0,51.831936,20.2,51.823027,22.3,51.9251635,36.58,52.0922185,0,52.01074,0,52.1521095,19.05,52.3371315,0,52.3898775,0
LAGFLDLTEQEFR,2,11358765.7142857,62.767191,95.12,62.3846745,0,62.9966645,0,62.359262,0,62.649996,0,62.8256605,65.58,62.451628,33.22,62.7853275,0,62.645048,75.04,62.9182815,61.25,63.0653515,52.97,63.1889135,65.34
VYEIQDIYENSWTK,2,25244146.6666667,54.7444915,58.27,54.8103775,71.96,54.8374935,48.54,54.4164065,54.83,55.030241,46.03,55.4587135,25.88,55.1714895,30.16,55.7363205,35.75,55.360317,27.98,55.3170775,25.99,55.6009105,51.36,55.6880225,29.94
QYEQQTYQVIPEVIK,2,12105259.5,48.338829,59.42,48.308811,0,48.3330175,0,48.3919985,16.31,48.5258045,0,48.508675,0,48.302994,0,48.487843,0,48.3913025,0,48.5469835,0,48.683701,0,48.726555,0
GDPQVYEELFSYAcPK,2,6822744.33333333,61.1701145,67.13,61.247652,69.92,61.3157175,60.81,61.397926,32.25,61.503628,43.59,61.563206,25.22,61.695688,0,3687.053467,0,61.735077,0,3710.02002,35.17,62.100391,0,62.23811,0
VWNVHSVLNVLHSLVDK,4,6454406.5,63.8860055,30.14,63.839956,45.76,63.9337825,50.19,63.9800795,20.19,64.1760445,30.99,64.31237,33,64.2545545,20.01,64.434124,20.92,64.3905525,27.19,64.4135705,24.4,64.700829,0,64.8462905,0
IQLLVFK,2,9422442.33333333,49.862625,0,49.817848,0,49.8388615,0,49.8751965,0,50.0996515,0,50.0960125,39.96,50.1518665,0,50.342274,0,50.268305,32.66,50.3958985,0,50.567392,35.22,50.632671,0
VFSDEVQQQAQLSTIR,2,53903925,42.6334935,0,42.836758,0,42.7172125,0,42.742207,0,42.9788855,0,42.920107,38,43.027948,51.12,43.2061425,0,43.18898,0,43.229744,0,43.441063,0,42.9761085,0
IDESIHLQLR,3,32571430,36.746735,0,36.737833,0,36.26058,0,36.683275,30.71,36.489639,0,36.776365,0,36.796028,0,36.9725015,0,36.9283275,0,36.759417,0,37.109911,25.66,37.063839,0
YGDFFIR,2,42965190,45.3605425,0,45.423954,0,45.391319,0,45.424122,0,45.5913985,39.78,45.571281,0,45.6267035,39.45,45.842514,0,45.708151,33.28,45.8325325,0,45.968712,0,45.960325,0

