PeptideSeq,Charge,Abun,t0,i0,t1,i1,t2,i2,t3,i3,t6,i6,t7,i7,t9,i9,t13,i13,t16,i16,t21,i21,t24,i24,t31,i31
VHAIPLR,2,63258875.7142857,21.7019195,21.93,21.5865505,28.89,21.61577,0,21.623987,26.46,21.633861,26.21,21.687259,19.99,21.923295,0,,,,,,,21.851009,18.47,21.9303225,26.38
LFVSGAcDASAK,2,346099528.571429,29.5894435,57.61,29.755495,47.07,29.7245255,47,29.754985,39.78,29.878803,19.06,29.970856,16.04,30.103719,36.89,,,,,,,30.0935545,0,30.200076,0
IYAMHWGTDSR,2,16328075,33.553989,59.96,33.6790925,51.94,33.6418935,54.3,33.7165585,39.94,33.808882,23.35,33.8790285,0,33.9550345,22.17,,,,,,,34.2087075,29.4,34.173378,35.57
IYAMHWGTDSR,3,88488612.5,33.723438,22.58,33.857191,29.64,33.679718,29.15,33.7654515,29.47,33.836628,19.07,33.930641,26.77,33.996912,26.53,,,,,,,34.2636435,19.69,34.2623615,0
LIIWDSYTTNK,2,310956020,48.857111,64.5,48.6389125,0,48.8923935,0,48.887665,48.72,49.029976,15.7,49.1692905,0,49.3685535,48.11,,,,,,,49.38706,0,50.092266,31
VScLGVTDDGMAVATGSWDSFLK,2,21337204.6666667,67.5646975,102.01,67.628395,0,67.670143,21.81,67.6945535,0,67.8496095,0,68.0113105,0,68.0820125,20.17,,,,,,,68.4831425,0,68.6708565,0
AcADATLSQITNNIDPVGR,2,3779691,53.2096005,0,53.2142235,27.29,53.3228035,28.92,53.295765,0,3209.949951,26.84,3208.919922,37.82,3200.044189,0,,,,,,,3239.110107,17.04,3198.910889,0
ADQELMTYSHDNIIcGITSVSFSK,3,4734991,57.271612,0,57.319378,31.58,57.4191365,46.85,57.4094925,37.14,57.6100255,17.62,57.546967,0,3446.827148,0,,,,,,,3437.78833,0,3494.340088,17.47
LLVSASQDGK,2,476210600,24.2274765,0,24.1777665,0,24.1658565,0,24.137744,31.45,24.2459915,0,24.3052335,0,24.1031875,0,,,,,,,24.527219,22.83,24.1084765,0
VScLGVTDDGMAVATGSWDSFLK,3,13728725.5,67.9061625,0,67.6535375,0,68.009384,18.51,68.0125385,0,68.153431,0,68.060932,0,68.459888,21.31,,,,,,,68.520275,0,68.632843,0

