PeptideSeq,Charge,Abun,t0,i0,t1,i1,t2,i2,t3,i3,t6,i6,t7,i7,t9,i9,t13,i13,t16,i16,t21,i21,t24,i24,t31,i31
VVQcSDLGLK,2,76719491.25,30.537486,42.11,30.6632345,29.84,30.5276555,36.88,30.831815,29.83,,,31.3268595,22.99,31.786388,25.68,,,31.3505125,30.08,,,,,31.9669655,29.74
IQAIELEDLLR,2,35404895,60.432009,69.18,60.5118275,0,61.0482785,0,61.123617,0,,,61.291914,0,61.3928985,0,,,60.857136,0,,,,,62.02466,42.2
AYYNGISLFNNPVPYWEVQPATFR,3,2528112,71.461643,20.6,71.5848845,0,74.294952,20.08,71.600632,0,,,71.9325485,0,72.017845,0,,,72.066227,0,,,,,72.5171585,0

