PeptideSeq,Charge,Abun,t0,i0,t1,i1,t2,i2,t3,i3,t6,i6,t7,i7,t9,i9,t13,i13,t16,i16,t21,i21,t24,i24,t31,i31
QSSFALLGDLTK,2,6130132326,54.698452,58.52,54.3109705,0,54.881596,0,,,55.448803,0,,,55.610247,42.47,,,,,55.7996845,54.29,56.078659,68.59,56.1697335,55.75
LEQLNQYPDFNNYLIFVLTK,3,6833729.5,77.3254735,39.98,77.2285,27.17,77.278366,20.47,,,77.3736915,0,,,77.61232,25.37,,,,,77.7508775,0,77.9040715,0,78.127613,0
SEcLNNIGDSSPLIR,2,15123270,43.703472,0,43.3874645,0,43.338549,0,,,43.9611895,45.22,,,44.001392,0,,,,,2579.388672,0,43.886175,61.3,2585.752686,0

