PeptideSeq,Charge,Abun,t0,i0,t1,i1,t2,i2,t3,i3,t6,i6,t7,i7,t9,i9,t13,i13,t16,i16,t21,i21,t24,i24,t31,i31
DFGASLLLSGLK,2,14568183,65.9979015,49.28,66.042389,51.21,66.08572,61.43,66.1601105,45.43,66.300064,44.32,66.552223,48.44,66.4688375,46.01,66.7398645,27.7,66.726791,30.05,66.77441,42.51,66.950691,38.59,67.184532,42.55
AVYHGMPLMWTPGYLDR,3,8753402.36363636,54.5653135,23.29,54.152933,44.28,54.6610245,46.44,54.671341,23.36,54.797083,25.74,54.768532,16.95,54.91786,0,55.043436,30.23,54.609213,27.38,55.133337,21.1,55.408789,20.07,55.43232,32.03
EVLDVLDGVLK,2,143533550,63.167231,0,63.2379835,0,63.317913,0,63.37472,0,63.5581035,0,63.576971,43.75,63.6486355,46.7,63.79879,44.15,63.7471425,0,63.8518965,30.18,64.1348725,41.45,64.301849,43.68
EDLDSAEYYLYK,2,5434831,48.976757,0,49.086857,0,49.1566275,64.83,49.146488,0,49.4054565,0,49.378908,0,49.4593525,52.2,49.4465945,0,49.477579,0,49.622566,0,49.762939,0,49.873478,0

