PeptideSeq,Charge,Abun,t0,i0,t1,i1,t2,i2,t3,i3,t6,i6,t7,i7,t9,i9,t13,i13,t16,i16,t21,i21,t24,i24,t31,i31
EAGYATHMVGK,2,11651774.1,20.836543,37.75,20.66646,43.1,20.6977615,51.27,20.3657045,55.38,20.415525,30.96,20.430399,0,20.6774405,36.45,21.002896,39.52,20.824899,36.87,,,21.0137755,33.38,20.6621425,22.56
VLADDLGWNDLGFHGSVIR,3,22886715,58.2862585,65.64,58.810253,0,58.828941,0,3454.910889,0,58.603132,25.63,3466.17041,0,3470.664551,0,3483.500977,0,58.338394,0,,,3499.326172,0,3509.639893,0
KGTLWEGGIR,2,90270190,29.137536,0,29.287776,0,29.2837705,0,29.279288,26.08,29.524761,23.58,29.589732,0,29.750196,0,29.749848,0,29.683881,0,,,29.755724,0,29.8877575,0
VELLHNIDQDFFDGLPcPG,2,12014013.25,68.8043405,0,68.9182125,0,69.377575,0,68.9906615,27.93,69.531986,48.85,69.6446265,0,69.7330135,16.73,69.641659,21.31,69.248783,0,,,70.144363,0,70.297161,0
EHPHIVQNLLSR,2,15580510.6,1812.569946,0,30.3759415,0,30.271786,31.13,29.860668,31.94,30.3998395,0,30.4283255,24.6,30.5239995,27.23,30.624562,25.54,30.5005875,0,,,30.677566,0,30.666088,0
QSVHDPLQVPEEYMEPYGFIQDK,3,5429233.75,58.385538,0,58.9122255,0,58.5278645,20.87,58.4997655,23.55,58.68857,23.94,3512.651367,0,3516.472168,0,59.4510265,17.9,3512.484619,0,,,3533.071289,0,3542.182861,0
ATQPPHVVFVLADDLGWNDLGFHGSVIR,4,13577337.6666667,65.174297,0,65.234325,0,65.2995035,34.95,65.356731,22.15,65.4623455,33.66,65.663307,0,65.708755,0,3935.877686,0,3935.522949,0,,,3952.716064,0,3964.297119,0

