PeptideSeq,Charge,Abun,t0,i0,t1,i1,t2,i2,t3,i3,t6,i6,t7,i7,t9,i9,t13,i13,t16,i16,t21,i21,t24,i24,t31,i31
WDLLVNFLDcNR,2,17104592.5,71.9109005,31.84,72.0697825,65.32,72.054958,0,72.2045635,18.63,72.233433,0,,,72.5037155,16.94,72.473545,0,72.5684625,0,,,72.93277,0,,
EASIYDLTSYFTGSK,2,6219542.125,67.7794875,0,67.5279085,51.37,67.6202545,22.16,67.6060945,51.03,68.053173,67.85,,,67.9964405,42.36,68.288151,25.54,68.0582885,29.36,,,68.430325,33.21,,

