PeptideSeq,Charge,Abun,t0,i0,t1,i1,t2,i2,t3,i3,t6,i6,t7,i7,t9,i9,t13,i13,t16,i16,t21,i21,t24,i24,t31,i31
FEIPYFTTSGIQVR,2,11229188.5454545,62.917843,45.43,63.222866,48.3,63.3544975,59.71,63.386013,62.75,63.9772625,46.89,63.614128,31.87,63.209837,24.17,64.100899,24.41,64.164589,25.05,63.6754325,32.97,,,64.065628,22.64

