PeptideSeq,Charge,Abun,t0,i0,t1,i1,t2,i2,t3,i3,t6,i6,t7,i7,t9,i9,t13,i13,t16,i16,t21,i21,t24,i24,t31,i31
YDIDMTK,2,123561413.333333,30.728426,39.08,30.8099795,36.12,30.7469205,35.37,30.7598695,39.01,30.9023255,35.78,30.9237235,35.18,31.0433605,35.03,31.156291,34.76,31.004875,32.09,31.0647105,25.32,31.180993,35.29,31.2259505,34.89
ILMWTELIR,2,235240418.181818,62.205544,43.48,62.2859535,44.06,62.3304825,40.03,62.418951,40.16,62.5751875,45.7,62.5879285,42.1,62.6860545,26.79,62.770561,38.35,62.7516995,40.85,62.716713,0,63.114132,24.35,63.274311,41.12
ILmWTELIR,2,23350528,57.4772625,42.01,57.5284575,42.19,57.566456,42.2,57.5938395,39.17,57.786909,0,57.745087,53.45,57.820234,0,57.720087,0,57.8183385,0,57.894501,0,58.311718,0,58.435884,0
GLGMTLSYLFR,2,53549545,62.8182815,60.38,62.8785095,61.55,62.973259,0,63.030674,0,63.2032985,0,63.214655,0,63.2954975,0,63.419201,54.96,63.437063,0,63.467096,0,63.07872,0,63.933678,55.91
EPATINYPFEK,2,314820150,41.7724685,43.07,41.7312605,38.88,41.595602,54.11,41.686945,47.13,42.173935,49.69,42.054634,0,42.0350535,36.58,41.875309,0,42.086998,40.88,42.066273,49.39,42.2075535,41.56,42.368095,49.47
LcEAIcPAQAITIEAEPR,2,52013710,49.874998,100.41,49.7945235,49.84,50.1709845,111.62,49.741833,0,49.846874,0,49.8670865,0,49.910116,0,50.124426,0,50.003273,0,50.101364,0,50.247164,0,50.3960435,0
LcEAIcPAQAITIEAEPR,3,152378820,49.6853025,58.37,49.647219,64.91,49.7279775,69.06,49.669203,55.86,50.011097,65.88,49.8853705,0,50.5005835,34.2,50.608332,0,50.4016685,0,50.457239,0,50.579239,0,50.890915,28.4
LLNNGDKWEAEIAANIQADYLYR,3,16606300,62.692995,47.4,62.7308085,0,62.676851,0,62.743677,57.07,62.8660585,32.22,62.9378145,0,62.972515,0,63.156786,0,63.0119535,0,63.064516,0,62.707178,0,62.842949,0
GLGmTLSYLFR,2,29169915,59.15584,0,58.611948,35.26,59.1096305,30.03,58.91412,0,58.493692,0,59.0894315,16.17,58.8866235,0,58.720375,23.09,58.6843245,0,58.923321,0,59.326519,0,59.21229,0

