PeptideSeq,Charge,Abun,t0,i0,t1,i1,t2,i2,t3,i3,t6,i6,t7,i7,t9,i9,t13,i13,t16,i16,t21,i21,t24,i24,t31,i31
IPQAATVcGDK,2,8935140.125,23.591603,38.02,23.487488,38.48,23.7857115,52.49,23.5836295,32.22,23.0444325,38.42,23.576897,19.55,,,,,23.389439,26.62,23.30255,36.17,,,,
DLEPDWLVQLR,2,27735053.3333333,66.322735,35.05,66.85408,0,66.4340665,0,66.4608805,0,66.1293565,0,67.216377,35.28,,,,,66.688614,0,66.9368475,20.93,,,,

