PeptideSeq,Charge,Abun,t0,i0,t1,i1,t2,i2,t3,i3,t6,i6,t7,i7,t9,i9,t13,i13,t16,i16,t21,i21,t24,i24,t31,i31
NLTGLNQR,2,88447113.3333333,22.8524895,34.26,22.751139,0,22.7655715,25.81,22.8907725,0,22.907915,0,22.868181,0,23.106368,0,23.1220015,0,22.9480515,0,23.1557475,0,23.130557,0,23.259967,29.49
ALSILLLPH,2,69716129.0909091,58.433975,17.7,58.4926565,0,58.5402315,23.28,58.5488665,26.39,58.7250465,24.72,58.718065,22.33,58.761284,24.97,58.9580385,20.2,58.9398115,18.07,59.056244,16.25,59.2615035,18.01,59.4354765,21.07
STGEALVQGLMGAAVTLK,3,40352711.4285714,64.715244,49.67,64.468006,50.65,64.510563,47.34,64.842846,26.45,64.7005995,24.18,64.881748,0,65.21912,47.24,65.348293,0,65.3288005,0,64.6471215,0,65.5912475,34.16,65.746071,0
STGEALVQGLMGAAVTLK,2,28910493.8888889,64.300676,59.12,64.747345,59.68,64.7262765,65.21,64.636299,66.42,64.8493955,41.33,64.781414,51.66,64.804749,36.23,64.9413605,25.93,65.341995,27.57,64.2875655,0,64.5659565,0,64.7467005,0
YTDQSGEEEEDYESEEQLQHR,3,3243077,29.9515665,55.6,30.114642,66.65,29.885063,73.93,1794.486572,0,1805.051392,0,1806.734985,0,1811.722168,0,1815.746338,0,1806.921631,0,1810.706421,0,1817.018921,0,1820.89563,0
LLTSMVDDMWHYAGDQSTDFNWYTR,3,7116187,69.4003105,77.38,69.541939,0,69.5797845,0,69.6126975,0,69.798431,0,69.89967,0,4200.631348,0,4208.412109,0,4134.757813,0,4135.194336,0,4157.706055,0,4232.649902,23.64
AVLAGIYNTTELVMMQDSSPDFEDTWR,3,12394838.6,73.943649,87,74.2822685,72.3,73.909996,38.28,73.793808,0,73.757107,0,74.4887195,42.48,74.563332,24.54,4401.160645,0,4398.63916,0,4397.720703,0,4419.698242,0,4428.555664,0
INDAMNMGHTAK,2,13349685.75,20.314129,0,20.5362805,69.77,20.6219215,0,20.232793,52.19,20.284646,49.75,20.66708,43.75,20.9403705,48.6,20.939781,49.32,20.7319935,41.39,19.927118,0,19.942502,0,20.5242375,19.03
MLIPYIEHWPR,3,100896002.222222,52.1164055,0,51.994129,26.39,52.121269,23.25,52.118305,27.69,52.312716,25.08,52.303646,27.03,52.42721,0,52.605795,0,52.518566,22.01,52.589939,23.52,52.8027345,21.42,52.8819655,19.17
LNQVLEEEQK,2,1309672150,26.086459,0,26.133193,0,26.1797915,52.28,26.1639605,0,26.262271,0,26.256365,45,26.4403505,0,26.412778,0,26.277855,0,26.37578,0,26.494401,0,26.613308,0
KTDQFLR,2,18133157.5,19.7816775,0,19.661526,0,19.719597,0,19.8834455,0,20.087824,41.62,19.9452085,42.06,20.0388215,0,20.1845225,0,19.851175,41.95,20.407583,43.36,20.175917,0,20.1944355,0

