PeptideSeq,Charge,Abun,t0,i0,t1,i1,t2,i2,t3,i3,t6,i6,t7,i7,t9,i9,t13,i13,t16,i16,t21,i21,t24,i24,t31,i31
LSISGNYNLK,2,2357181841.66667,36.0325855,47.54,36.1371155,46.16,36.5750025,47.55,36.822168,53.56,36.956135,25.73,37.0257625,46.25,37.0148505,36.22,37.211962,45.95,37.105099,32.7,37.218044,45.91,37.3632945,46.53,37.336632,37.62
ELISQFLLNR,2,185327350,57.6600935,57.41,57.724434,0,57.7734965,45.86,57.80196,45.77,57.988682,0,57.965389,0,58.062256,29.92,58.2446995,40.42,58.2112275,0,58.2512225,0,58.531643,43.61,58.6220835,0
DQSPASHEIATNLGDFALR,3,76439378,50.1535435,47.19,50.1649095,26.52,50.207285,39.41,50.1646195,27.29,50.522913,0,50.450169,0,50.5005835,0,50.608332,0,50.4016685,0,50.5933225,17.98,50.6152745,0,50.890915,0
AVLTIDETGTEAAAATVLQVATYSMPPIVR,3,0,4950.870117,18.79,4946.38623,0,4975.509766,35.07,4953.970215,30.41,4960.219727,0,4969.128906,0,4970.268555,0,4984.067383,0,4975.527344,0,4978.587891,0,4997.242676,0,5013.333496,0
MQHLEQTLNK,3,63781090,,,,,,,,,,,,,,,,,,,,,,,20.842797,27.32
MQHLEQTLNK,2,42704180,,,,,,,,,,,,,,,,,,,,,,,21.026334,31.39

