PeptideSeq,Charge,Abun,t0,i0,t1,i1,t2,i2,t3,i3,t6,i6,t7,i7,t9,i9,t13,i13,t16,i16,t21,i21,t24,i24,t31,i31
HTNFVEFR,2,51183580,27.5397205,50.75,27.3743835,51.45,27.400447,51.62,27.56333,0,27.734582,46.77,28.140378,40.15,,,27.8749345,46.78,27.737876,31.24,28.2858555,51.63,27.8913075,46.81,,
VYTVVDEMFLAGEIR,2,14312654,65.561596,0,65.4574165,46.97,65.8845555,50.1,65.8392295,95.44,65.9126625,72.31,66.156658,21.11,,,66.434353,27.15,65.641914,0,66.184376,0,66.515888,0,,

