PeptideSeq,Charge,Abun,t0,i0,t1,i1,t2,i2,t3,i3,t6,i6,t7,i7,t9,i9,t13,i13,t16,i16,t21,i21,t24,i24,t31,i31
GRLEEVGNQAR,2,11447933,18.781913,69.41,18.633527,0,18.6179755,0,18.68861,0,18.735489,0,18.773052,0,18.9957715,0,18.98415,0,18.846221,0,19.00591,44.51,18.985633,0,18.9813875,0
SKMEEQTQQIR,2,1735290.8,17.5340105,54.63,17.412811,37.03,17.4484285,28.49,17.4812575,50.15,17.516926,0,17.502567,0,17.7413655,0,17.728981,0,17.672033,0,17.7778845,37.04,17.747242,0,17.7497265,0
GWFEPIVEDMHR,3,140441617.5,51.4992295,24.05,51.4040355,32.77,51.483507,20.61,51.525177,0,51.7189385,19.69,51.6988445,19.24,51.836918,0,51.995653,22.71,51.9117795,0,51.993996,0,52.2157195,22.02,52.268528,20.43
NEVHTMLGQSTEEIR,2,19839921,31.9266775,76.74,32.0277405,32.49,31.934907,37.11,31.9951705,16.64,32.0923765,39.47,32.1886905,29.07,32.2232095,27,32.4294075,30.93,32.247208,0,32.3119715,55.63,32.434761,27.09,32.4313355,0
NEVHTMLGQSTEEIR,3,82882807.5,31.929042,69.17,32.035754,0,31.946124,42.03,32.007181,0,32.1243305,0,32.159086,0,32.234831,0,32.4464185,31.34,32.2498745,0,32.319006,0,32.4597585,52.65,32.419533,0
IQASVATNPIITPVAQENQ,2,66995325,52.6336175,21.41,52.6050945,17.75,52.685732,0,52.6913055,0,52.889122,0,52.8567565,0,52.972368,0,53.1252725,0,53.091743,0,53.1467705,0,53.374319,0,53.4430965,0
EGEPEVTDQLEWQSNQPWEQALNR,3,32468735,60.481743,65.32,60.5248925,0,60.5198765,45.97,60.1683945,0,60.478642,0,60.586071,0,60.4514315,0,60.731689,0,60.622959,0,60.809734,0,60.967047,0,60.950712,0
LGPLVEQGR,2,348413500,29.174196,0,29.226806,0,29.2308265,0,29.2260835,0,28.922693,0,29.3845025,30.59,29.5366375,0,29.571147,0,29.3863125,36.76,29.5130885,0,29.5847655,0,29.715732,0
TANLGAGAAQPLR,2,120290500,28.3051605,0,28.2794895,23.06,28.2919635,25.61,28.2686695,31.14,28.4733745,0,28.443579,0,28.626544,0,28.6570255,0,28.4511415,0,28.6018925,0,28.5821495,0,28.7998265,0
GRLEEVGNQAR,3,26184082.8571429,18.7575455,0,18.621003,0,18.9637815,48.59,18.666977,0,18.7663935,35.6,18.3902235,37.64,18.984765,21.22,19.0413885,33.9,18.88193,27.91,18.990359,22.35,18.3741245,0,18.6526985,0

