PeptideSeq,Charge,Abun,t0,i0,t1,i1,t2,i2,t3,i3,t6,i6,t7,i7,t9,i9,t13,i13,t16,i16,t21,i21,t24,i24,t31,i31
LNLPESWDWR,2,36774966.6666667,56.254763,34.86,56.1042845,34.77,56.109623,39.59,55.917887,35.72,56.0503595,26.55,55.3369595,0,56.6412755,33.32,56.338955,27.54,56.390671,30.39,55.633461,0,55.9039305,0,56.7591515,28.45
NVQGVNYVSPVR,2,111163441.666667,33.153643,59.45,33.309576,68.07,33.107746,68.79,33.2029015,70.74,33.2905805,62.62,33.392254,59.9,33.488468,62.42,33.82217,59.54,33.4227485,59.73,34.105751,59.72,33.7011965,65.36,34.096077,65.38
DPVTGIEYWIIK,3,2672609.2,68.1055225,27.62,68.218979,20.25,68.3002475,21.15,68.329559,0,68.499107,0,68.6321945,18.21,68.698742,0,68.783562,0,68.710209,0,68.723095,0,69.117699,27.42,69.225975,0
NSWGSNWGESGYFR,2,43986452.5,49.3660205,72.59,49.267439,64.32,49.3265535,75.61,49.3819525,72.37,49.5867325,61.84,49.626896,34.46,49.6606465,39.15,49.893284,54.51,49.75074,63.13,49.808428,31.59,49.9529575,35.88,50.065502,32.42
YAQDFGVVEEScFPYTAK,2,12068738.1818182,52.8487875,96.72,52.856968,84.34,52.972399,61.5,52.9559515,57.73,53.1311245,58.82,53.1496695,44.95,53.274839,0,53.4174865,45.02,53.33539,51.79,53.443617,39.15,53.6636945,50.45,53.7597215,35.56
YYSSDYYYVGGFYGGcNEALMK,2,5419934.14285714,57.439934,42.95,57.5153805,49.25,57.566702,27.69,57.56967,32.58,57.764505,23.47,57.769508,36.1,57.84466,0,3464.588867,0,3440.696289,0,3478.060059,16.12,58.2860315,26.14,3453.739746,0
DPVTGIEYWIIK,2,93877216.3636364,67.476902,0,67.57872,58.46,68.1862945,42.95,68.341705,57.24,68.4986615,43.2,67.960922,57.79,67.9959415,45.96,68.14542,58.35,68.120541,56.82,68.7638855,41.65,69.142624,55.52,69.083252,53.43
DPFNPFELTNHAVLLVGYGR,3,61841958,69.742466,0,69.868763,57.65,69.8945235,57.13,69.764324,66.06,70.089657,30.12,70.039413,0,70.20026,0,70.2530405,20.27,70.1472965,0,69.9729195,0,70.751381,0,70.5990065,0
NQEScGScYSFASMGMLEAR,2,2508781.5,52.8486425,0,52.809105,90.07,52.937729,0,52.9084605,0,53.107258,50.2,3169.91748,0,3176.910156,0,3186.737305,0,3182.636475,0,53.383484,0,53.580441,0,3207.977295,0
DPFNPFELTNHAVLLVGYGR,2,377791,4185.195313,0,69.8313635,0,69.906937,55.52,4195.765625,0,4206.073242,0,4214.594238,0,4191.59375,0,4199.277344,0,4220.310059,33.79,4194.48291,0,4216.185547,0,4223.929199,0

