PeptideSeq,Charge,Abun,t0,i0,t1,i1,t2,i2,t3,i3,t6,i6,t7,i7,t9,i9,t13,i13,t16,i16,t21,i21,t24,i24,t31,i31
LFGSVEHLQLANSYGLFR,3,25080335.5714286,56.6096075,51.08,56.641716,54.41,56.7147445,52.12,56.7119485,53.09,56.9288635,0,56.99114,34.88,56.578352,0,56.584425,0,,,57.22661,26.74,,,57.1894,35.57
GLWQQLWETPTLLWEAPR,2,1876973.8,81.1872175,60.05,81.353588,52.7,81.4706955,63.2,81.3989635,49.69,4889.060059,39.77,82.1631545,28.88,81.756462,0,81.973053,0,,,4872.487305,0,,,4908.233398,0
GLWQQLWETPTLLWEAPR,3,2084253,81.1751325,0,81.3270035,0,81.401043,0,81.3080675,29.83,81.310444,0,81.6886105,0,81.8615835,36.57,81.9203985,29.7,,,81.7964975,0,,,82.3795355,0

