PeptideSeq,Charge,Abun,t0,i0,t1,i1,t2,i2,t3,i3,t6,i6,t7,i7,t9,i9,t13,i13,t16,i16,t21,i21,t24,i24,t31,i31
VQVQPLELPVVTNIQVSSQPDNHR,3,7697351.33333333,54.208912,49.89,54.31044,25.82,54.3138885,50.34,,,,,,,,,,,,,,,,,,

