PeptideSeq,Charge,Abun,t0,i0,t1,i1,t2,i2,t3,i3,t6,i6,t7,i7,t9,i9,t13,i13,t16,i16,t21,i21,t24,i24,t31,i31
AFLDFYHSFLEK,3,2880062.25,60.6766815,36.29,60.7300225,23.54,60.7638015,29.34,,,,,61.0714935,19.28,,,,,,,,,,,,
QESGYLIEEIGDVLLAR,3,1008160.5,76.818104,0,77.1237755,0,77.1083105,25.78,,,,,77.517506,21.78,,,,,,,,,,,,

