PeptideSeq,Charge,Abun,t0,i0,t1,i1,t2,i2,t3,i3,t6,i6,t7,i7,t9,i9,t13,i13,t16,i16,t21,i21,t24,i24,t31,i31
LYDWGLR,2,41861150,45.0681915,29.54,45.424202,29.91,45.3326035,0,45.3639625,30.07,45.3180275,0,45.5378095,0,45.4018805,24.89,45.779892,0,45.710316,24.87,45.819361,25.06,,,45.7395535,0
GYIVIEDLWK,2,65976942.2222222,61.6391545,39.19,61.61484,35.34,61.673759,44.19,61.7009415,36.96,61.878145,54.41,61.881357,0,62.008516,38.63,62.1277735,38.44,62.044096,54.43,62.270241,38.64,,,62.5825005,0
VDHFVQWGVDNYNYLQNAPPGFFPR,3,14566616.2222222,63.8986375,58.12,63.88966,58.22,63.9834785,75.84,64.004702,55.92,64.2376975,37.21,64.3245505,41.99,64.2424965,48.77,64.430706,27.95,64.390953,0,64.401081,0,,,64.89579,42.91

