PeptideSeq,Charge,Abun,t0,i0,t1,i1,t2,i2,t3,i3,t6,i6,t7,i7,t9,i9,t13,i13,t16,i16,t21,i21,t24,i24,t31,i31
LLQLVEDR,2,63759357.7777778,38.248407,37.94,38.0391335,52.22,37.993677,48.32,38.131613,52.21,38.4709455,36.63,38.5549065,0,38.5376395,36.43,38.739603,42.09,38.6219065,0,38.503214,0,38.6237945,45.16,38.8925075,42.25
DWVLNEFK,2,61728235,54.7367705,21.5,55.19183,0,55.203148,0,55.2652075,0,55.4367905,20.14,55.4431955,0,55.573727,0,55.709118,0,55.673887,0,55.7168865,0,56.016733,0,56.0559405,0
QVSDLISVLR,2,71565202.5,52.6813335,63.83,52.629133,37.28,52.660826,47.52,53.157713,47.56,52.8216015,0,52.8201025,50.44,53.045887,0,53.211117,0,53.1534825,36.57,52.5300865,0,53.029671,41.87,53.439976,30.97
NFYQEHPDLAR,3,62205950,28.7700425,27.2,28.8303955,27.16,28.8191025,0,28.810612,0,29.023538,0,29.03088,0,29.148978,23.17,29.1917845,0,28.9954035,0,29.2489075,0,29.163173,0,29.399116,0
NFYQEHPDLAR,2,23173940,29.0302725,43.67,29.045738,0,29.0921315,0,29.0668115,0,29.027812,0,29.2549165,0,29.133092,21.6,29.188717,0,28.990305,0,29.108854,0,29.17292,0,29.2761585,0
ELAQQVQQVAAEYcR,2,23574578.7272727,48.4101375,94.41,48.3685,26.3,48.548283,40.4,48.5641765,23.15,47.53487,42.36,47.8909835,0,48.309082,65.9,48.1373995,42.78,47.9846195,24.06,48.6508465,33.56,49.187159,21.62,49.1299725,34.89
FVINYDYPNSSEDYIHR,3,40911714.2857143,46.262739,69.48,46.1917665,39.31,46.1889575,38.13,46.230257,51.07,46.4538095,16.07,46.4071695,30.26,46.60866,27.12,46.701189,0,46.133152,0,46.69651,0,46.2704545,0,46.8046095,0
PVLNFYEANFPANVMDVIAR,3,12529608.3333333,74.1511345,62.49,74.2099345,54.95,74.183342,43.6,73.58881,39.06,73.7713165,26.78,74.3492925,24.56,74.2020225,0,74.293186,35.42,74.580864,40.27,74.300659,0,74.096157,0,74.709892,21.51
TLSYLLPAIVHINHQPFLER,4,22007243.3333333,55.5334185,37.74,55.7533475,19.9,55.7600515,20.23,55.922081,0,55.8069685,0,55.956974,0,55.987127,0,56.098507,0,56.1028575,0,56.298431,0,56.5849515,0,56.725445,0
QNFTEPTAIQAQGWPVALSGLDMVGVAQTGSGK,3,7811988.5,70.5555805,77.63,70.9298365,56.21,4247.640137,0,4247.954102,0,71.0972935,0,4266.899414,0,71.409187,0,71.730446,0,4276.28418,0,4274.124023,0,4296.805176,0,4304.441406,0
PVLNFYEANFPANVMDVIAR,2,6248843,74.244667,0,74.709747,30.19,74.4253155,0,74.6956325,0,74.32716,0,74.9944725,0,75.212799,16.47,74.6983945,0,74.632973,0,75.0139615,0,75.161873,24.66,4477.673828,0

