PeptideSeq,Charge,Abun,t0,i0,t1,i1,t2,i2,t3,i3,t6,i6,t7,i7,t9,i9,t13,i13,t16,i16,t21,i21,t24,i24,t31,i31
LNDLIHSVR,3,2808383.14285714,,,16.4012555,30.43,,,,,,,16.36397,33.03,16.5079505,33.23,,,16.45829,36.19,16.446289,32.76,16.458096,36.29,16.517147,32.88

