PeptideSeq,Charge,Abun,t0,i0,t1,i1,t2,i2,t3,i3,t6,i6,t7,i7,t9,i9,t13,i13,t16,i16,t21,i21,t24,i24,t31,i31
NVLVSEDNVAK,2,56615380,28.506348,29.98,28.5674015,19.95,28.5596495,19.21,28.496292,0,,,28.7386135,0,,,,,,,,,29.1298245,18.4,,
LLYPPETGLFLVR,2,31859456,62.492239,35.67,63.088987,35.96,62.6909425,21.75,63.2261945,21.13,,,62.813402,0,,,,,,,,,63.896488,23.87,,
LSLMPWFHGK,3,5312009,49.390705,0,49.328999,0,49.398376,0,49.434757,22.02,,,49.639923,40.89,,,,,,,,,50.026556,0,,

