PeptideSeq,Charge,Abun,t0,i0,t1,i1,t2,i2,t3,i3,t6,i6,t7,i7,t9,i9,t13,i13,t16,i16,t21,i21,t24,i24,t31,i31
TDYMVGSYGPR,2,91400937.2727273,36.096897,51.87,36.1884975,47.11,35.9633995,41.9,36.184267,0,36.201046,20.09,36.291138,29.52,36.2778605,41.3,36.4881385,29.86,36.365778,21.29,36.4458755,47.21,36.6294115,40.83,36.5916655,38.79
VAVSADPNVPNVIVTR,2,236323076,42.95014,56.37,43.1099035,45.44,43.041256,45.16,43.002495,0,43.2382905,25.14,43.169163,23.68,43.26358,55.37,43.4653245,20.88,43.360821,23.59,43.4983425,28.4,43.699276,27.07,43.4757175,0
AEEYEFLTPMEEAPK,2,38537875.6666667,53.23592,40.88,53.214216,45.16,52.901077,35.25,53.3036255,57.86,53.0827595,0,53.5270825,23.14,53.5243605,26.34,53.656294,22.26,53.691652,30.11,53.3955765,23.03,53.592474,0,53.6869375,0
FTDDDKTDHLSWEWNLTIK,4,38473878.3333333,53.031841,19.74,52.9964195,16.45,53.1452635,25.76,53.1693155,24.04,53.3621045,22.82,53.2138575,0,53.2297955,0,53.3683375,0,53.1773205,0,53.282692,18.25,53.578735,0,53.6776145,0
LTLVcSTAPGPLELDLTGDLESFK,3,7520373.66666667,72.1016425,41.41,72.516346,0,72.502388,0,72.332588,0,72.453213,0,72.342613,0,73.076458,17.59,72.52367,0,4344.870605,0,72.7652165,23.38,72.852997,0,72.9898185,0
LTLVcSTAPGPLELDLTGDLESFKK,3,28608447.1428571,64.1353565,48.8,64.14978,67.64,64.168621,61.41,64.192253,61.36,64.4001505,29.98,64.4526975,41.31,64.4094235,0,64.6243055,0,64.6975325,0,64.524319,41.75,64.898697,0,64.757759,0
IDKTDYMVGSYGPR,2,2589081.77777778,2041.140015,0,33.9844745,34.46,33.753237,62.77,33.9114015,48.13,34.02832,37.11,34.078943,66.26,34.098045,33.36,34.258276,38.13,34.122156,42.46,2034.731323,0,34.362892,22.09,34.3583125,0
YIQHTYR,2,9374102.14285714,16.1270225,0,15.9984015,0,15.9395755,40.13,16.0601415,43.67,16.163143,0,16.1567745,43.64,15.9524895,0,16.501234,0,16.2848405,34.52,16.323598,37.41,16.324295,37.32,16.357869,40.73

