PeptideSeq,Charge,Abun,t0,i0,t1,i1,t2,i2,t3,i3,t6,i6,t7,i7,t9,i9,t13,i13,t16,i16,t21,i21,t24,i24,t31,i31
ISGWTQALPDMVVSHLFGK,3,10828983,68.283653,43.53,,,68.169254,0,68.4029425,0,,,,,,,,,,,,,69.139069,23.05,,
TASGSSVTSLEGTR,2,366541200,26.031902,0,,,26.022743,48.5,26.0777445,28.51,,,,,,,,,,,,,26.3788465,0,,

