PeptideSeq,Charge,Abun,t0,i0,t1,i1,t2,i2,t3,i3,t6,i6,t7,i7,t9,i9,t13,i13,t16,i16,t21,i21,t24,i24,t31,i31
QFAEENGLLFLEASAK,2,37397096.6666667,59.326992,98.68,59.3551695,0,59.5228635,49.43,59.5497935,50.89,59.6570075,74.31,59.69063,81.41,59.7420425,51.68,59.6629105,28.88,59.8986415,44.71,59.3993645,0,59.411142,0,60.094267,35.72
FMADcPHTIGVEFGTR,3,14612946.3636364,41.807085,37.75,41.984716,37.84,41.843283,42.81,41.8564035,45.4,42.075773,23.64,42.0501705,19.36,42.121397,17.55,42.2556095,19.47,42.206009,33.26,42.2894745,21.51,42.4308315,35.22,42.418558,0
IYQNIQDGSLDLNAAESGVQHKPSAPQGGR,4,25727236.6666667,37.083891,51.64,37.254028,30.63,37.0251335,30.16,37.255211,0,37.247482,0,37.3878055,0,2241.477539,0,2253.85791,0,37.439991,0,37.508663,0,37.8021755,0,2262.032227,0
ScLLHQFTEK,2,18693871,29.975297,0,30.0039245,41.63,30.0069685,44.51,29.873841,32.97,29.931944,0,29.917161,28.9,30.1792155,36.18,30.102939,25.27,29.942423,27.34,30.038358,0,30.152092,0,30.225477,22.48
GAAGALMVYDITR,2,66693261.8181818,48.497885,0,48.8691045,74.1,48.8057655,43.87,48.972174,34.53,48.989208,57.39,48.9580705,34.35,49.0767095,60.85,48.9037455,59.57,49.172283,32.5,49.70998,57.33,49.8501685,62.49,49.538864,65.23

