PeptideSeq,Charge,Abun,t0,i0,t1,i1,t2,i2,t3,i3,t6,i6,t7,i7,t9,i9,t13,i13,t16,i16,t21,i21,t24,i24,t31,i31
ISTGVFGYPNEEAAEVVLASLR,2,11927446.5,71.9497715,64.44,71.9678765,72.44,71.928028,0,71.9484445,0,72.105671,0,72.357365,0,72.4143065,0,72.5473175,0,,,72.4798355,0,72.869072,0,72.97847,0
ISTGVFGYPNEEAAEVVLASLR,3,10270826.875,71.949184,60.12,72.056793,78.65,72.0680355,0,72.089844,72.3,72.182293,41.26,72.4337615,31.16,72.653614,48.88,72.637352,0,,,72.9197505,38.77,72.6876065,0,72.966381,22.12
YVIHTVGPIAVGQPTASQAAELR,3,46252373.3333333,43.8597945,87.54,43.966774,89.43,43.9414845,76.65,44.0029545,61.56,44.265234,0,44.1188695,56.35,44.1597995,0,44.3548145,0,,,44.382921,0,44.6572,56.11,44.4988995,0
LEVDAIVNAANSSLLGGGGVDGcIHR,3,41492372,60.2109585,81.05,60.3278655,88.91,60.3257255,59.96,60.4143925,67.19,60.545572,0,60.624733,0,60.102785,0,60.904612,26.6,,,59.710743,0,60.8928985,0,60.9138965,0
AAGSLLTDEcR,2,558962225,29.80251,0,29.839572,72.98,29.807191,0,29.8028145,60.52,29.9939115,0,30.0055455,0,30.122607,63.22,30.201081,0,,,30.1731615,0,30.197465,55.44,30.3125865,0

