PeptideSeq,Charge,Abun,t0,i0,t1,i1,t2,i2,t3,i3,t6,i6,t7,i7,t9,i9,t13,i13,t16,i16,t21,i21,t24,i24,t31,i31
AQQEFATGVMSNK,2,75799516.6666667,30.9438895,55.96,,,30.3949395,55.54,30.416303,0,30.4856565,51.95,29.957473,0,30.721913,0,,,,,,,,,,
TVQTAAANAASTAATSAAQNAFK,3,6026215.5,46.8791825,61.03,,,46.857117,73.36,2813.25,36.59,2812.550293,0,2825.870117,38.89,2830.709961,23.25,,,,,,,,,,

