PeptideSeq,Charge,Abun,t0,i0,t1,i1,t2,i2,t3,i3,t6,i6,t7,i7,t9,i9,t13,i13,t16,i16,t21,i21,t24,i24,t31,i31
ELINLNYIGTVSLTK,2,9530144,61.380371,73.32,61.5286655,72.58,61.5014455,23.71,61.5636255,31.6,3681.372559,0,61.744118,22.66,61.97196,0,62.214512,61.97,62.2003555,48.22,3721.300049,72.16,62.5837555,52.65,,
DILVLPLDLTDTSSHEAATK,3,66017191.4285714,61.084148,71.91,61.2392785,63.73,61.4760875,57.99,61.589119,31.98,61.828203,24.2,61.0290125,22.2,59.987829,0,60.446894,0,60.098068,0,60.808916,0,61.806507,27.62,,
LMLISMANDLK,2,145809120,54.883314,0,54.3468685,38.45,53.8794,0,53.5928955,58.1,53.8146055,0,54.0671215,38.74,53.9147225,44.62,54.086838,0,53.984335,0,54.0906865,0,54.3069575,40.6,,
SLVLETNLDVFK,2,36674296.6666667,57.7341365,0,58.1450825,0,57.7875385,0,57.747309,0,58.8106975,44.49,57.893692,31.41,58.0118715,0,58.0380175,0,57.746315,45.2,58.2532635,0,57.991589,0,,

