PeptideSeq,Charge,Abun,t0,i0,t1,i1,t2,i2,t3,i3,t6,i6,t7,i7,t9,i9,t13,i13,t16,i16,t21,i21,t24,i24,t31,i31
NNQIDHIDEK,3,8687822,18.7102015,25.31,18.3354795,0,18.0449945,21.57,18.391327,0,,,18.6714035,0,18.8619805,0,,,,,18.4689245,0,,,19.0690295,0
SLQDLQLTNNK,2,32223291.4285714,35.8072035,63.76,36.080551,54.89,35.1553745,0,35.90008,54.5,,,35.521765,56.11,35.5257165,44.27,,,,,35.7085245,28.28,,,36.725832,26.13
LPAGLPTSLLTLYLDNNK,2,23607540,72.3198165,26.15,72.4512215,63.6,72.4628985,0,72.45974,0,,,72.8210525,0,72.448463,0,,,,,72.918503,0,,,73.003254,0
LPAGLPTSLLTLYLDNNK,3,11861903.5,72.2938805,36.04,72.451145,26.49,72.4374505,23.91,72.39616,0,,,72.83395,23.77,72.512291,29.71,,,,,72.8155595,0,,,73.2980005,25.41

