PeptideSeq,Charge,Abun,t0,i0,t1,i1,t2,i2,t3,i3,t6,i6,t7,i7,t9,i9,t13,i13,t16,i16,t21,i21,t24,i24,t31,i31
IEPGVNFLK,2,70803040,42.0389215,33.31,41.910761,0,42.5128195,0,42.623388,0,42.0478575,0,42.7322445,24.8,42.263876,25.88,42.9344635,0,42.5953275,0,42.9536175,0,,,42.6373555,0
DWEMHVHFK,3,44002514.2857143,35.256422,19.72,35.3968715,18.06,34.7920745,39.51,35.338396,0,35.079189,36.6,35.442919,0,35.1877535,25.56,35.2868235,18.22,35.1873265,28.05,35.3973905,0,,,35.3814985,0
WSELAGcTADFR,2,60614734,42.367386,36.83,42.5420875,37.06,42.3932975,41.45,42.457745,28.62,42.01663,0,42.6466275,0,42.7413405,21.85,42.90144,0,42.8057325,0,42.875002,0,,,42.9856835,0
NLHGDGIALWYTR,3,56694940,43.5075835,32.25,43.740194,35.95,43.735792,31.56,43.6970385,45.69,43.4145565,36.67,43.5378245,43.97,44.034668,38.42,43.964865,42.48,43.8992825,38.91,43.631767,0,,,43.714861,0
QGVGSSSMPLWDFQGSTMLTSQYVR,3,7788339.5,65.861496,59.84,66.12994,0,66.1603695,30.99,66.184372,0,66.752632,0,66.502113,0,66.5059015,0,3992.206543,0,3991.574219,0,66.622765,0,,,67.031815,0
PYQGVGSSSMPLWDFQGSTMLTSQYVR,3,2720595.5,67.327736,45.3,67.378532,0,67.418423,24.62,67.468369,0,4050.453125,0,4061.082031,0,4064.88916,0,4070.724854,0,4071.497559,0,4072.612549,0,,,4102.095703,0
EGSIWNHQPcFLK,3,24944705,41.314583,0,41.301903,0,41.4491195,0,41.4526805,0,41.5842705,0,41.6625595,0,41.878145,19.14,41.8862245,18.89,41.483204,0,41.543049,0,,,41.629547,0
EHSLIKPYQGVGSSSMPLWDFQGSTMLTSQYVR,4,55369520,60.028425,0,59.585533,21.53,59.621588,0,3547.810059,22.57,3558.115723,0,58.463593,0,58.541485,0,59.5948275,0,59.5279595,0,58.8085385,0,,,60.037151,0
DNFHGLAIFLDTYPNDETTER,3,8153035.75,62.679634,0,62.743137,0,62.8499545,40.55,62.9193,0,63.078726,38.35,63.138462,0,63.184238,0,3798.340088,35.35,3768.782471,0,63.379192,31.61,,,63.846012,29.1

