PeptideSeq,Charge,Abun,t0,i0,t1,i1,t2,i2,t3,i3,t6,i6,t7,i7,t9,i9,t13,i13,t16,i16,t21,i21,t24,i24,t31,i31
QYAGLDHELAFSR,3,78920700,38.55373,28.84,39.0422915,30.45,38.023497,22.77,38.5694525,0,,,38.358614,16.16,,,38.414265,0,,,38.6866395,0,38.1236895,0,38.595333,0
QYAGLDHELAFSR,2,5033354,2313.929932,68.02,38.696413,63.37,37.9717695,0,38.1676045,0,,,38.246811,0,,,38.485769,0,,,38.2898975,0,39.487236,54.83,38.952171,50.99
YWAEISDTIISGTFHQWK,3,82843408.5714286,61.884916,49.22,61.9920135,49.04,62.013298,30.76,62.470766,30.44,,,62.7883645,26.84,,,62.7455465,20.02,,,62.777159,26.09,62.891409,0,63.0268535,0
SEVFYPGETVVHGPGEATALEWGPNTWMVEYGR,3,8440572.5,65.212181,17.55,65.259411,0,65.324131,45.17,65.3696785,0,,,3924.633545,0,,,3935.877686,0,,,3937.167236,0,3952.716064,0,3964.297119,0

