PeptideSeq,Charge,Abun,t0,i0,t1,i1,t2,i2,t3,i3,t6,i6,t7,i7,t9,i9,t13,i13,t16,i16,t21,i21,t24,i24,t31,i31
EYQLNDSASYYLNDLDR,2,4050935.85714286,55.5974405,85.76,55.6557405,90.77,55.7105425,79.04,55.770817,52.72,55.880886,45.99,55.878269,51.43,,,,,,,,,56.482727,42.67,,

