PeptideSeq,Charge,Abun,t0,i0,t1,i1,t2,i2,t3,i3,t6,i6,t7,i7,t9,i9,t13,i13,t16,i16,t21,i21,t24,i24,t31,i31
LYNNHEIR,3,32575288.75,17.9228795,49.63,17.7922745,40.01,17.833951,37.64,17.871716,40.39,17.905529,38.72,17.8980055,53.67,18.14149,0,17.934966,35.64,17.820366,0,18.155236,34.62,17.966631,0,17.947937,0
LMMDPLTGLNR,2,64487658.3333333,51.971098,44.38,52.455822,53.12,52.2704695,32.77,52.1916275,55.13,52.50119,36.94,51.6364345,0,52.5814,0,51.7469105,0,51.95117,0,51.2914465,0,53.555397,56.48,52.2425135,0
TGYTLDVTTGQR,2,175168748.333333,33.586943,75.46,34.204399,72.66,33.923952,52.67,33.673254,71.16,34.94441,0,34.993345,38.65,35.040701,0,35.3051435,0,35.011919,0,33.7467575,0,34.1075325,48.6,34.041584,0
DYAFIHFDER,3,13225583.25,48.1238575,29.06,48.1453035,29.73,48.154528,0,48.218296,0,48.4442005,28.56,48.3677825,17.51,48.4733845,0,48.676157,17.98,48.584452,17.26,48.674093,28.15,48.807091,0,48.859474,22.53
NLANTVTEEILEK,2,112297733.333333,52.5967635,83.16,52.178961,79.71,52.6730445,84.23,52.679096,0,52.861536,0,52.882212,0,53.017723,0,53.1468105,0,53.104643,0,53.19211,0,53.422508,0,53.4888725,0
DLFEDELVPLFEK,2,24060464.4444444,76.5434345,84.34,76.7719575,67.35,76.7844425,79.42,76.6776465,66.82,76.8778305,59.55,77.2208025,31.33,77.225445,22.04,77.5750695,24.8,77.086052,0,76.4899065,0,77.5795325,28.6,77.1297605,0
EFNEDGALAVLQQFK,3,6567852,64.37571,41.65,64.0828455,39.1,64.4466855,28.45,64.6549375,37.79,64.3522685,0,64.4126,0,64.42033,0,64.584835,0,65.6036225,21.49,65.5686495,25.23,65.9053345,26.4,66.086044,40.59
EFNEDGALAVLQQFK,2,38107476.3636364,64.50359,68.84,64.530626,55.71,65.037407,64.67,64.6132965,52,65.574608,30.33,64.891846,37.41,65.7326165,21.88,66.0231435,20.38,65.6185415,24.63,65.0869485,32.31,65.9151115,21.86,64.919777,0
VTEGLTDVILYHQPDDK,3,36394237.5,46.3115995,49.27,45.604498,23.78,45.8970205,37.24,46.008705,28.02,45.792614,0,46.1466825,32.04,46.25626,0,46.2284295,29.51,46.1323985,0,46.491974,24.48,46.583275,17.85,46.0501615,0
LDEIYVAGLVAHSDLDER,3,15470528,54.0713345,61.71,54.224819,57.84,54.205618,66.43,53.892237,73.61,54.431328,28.05,54.467363,0,54.0735815,0,54.3473245,0,54.6329975,0,54.1294595,0,54.5339715,0,54.6267565,0

