PeptideSeq,Charge,Abun,t0,i0,t1,i1,t2,i2,t3,i3,t6,i6,t7,i7,t9,i9,t13,i13,t16,i16,t21,i21,t24,i24,t31,i31
IIVLGLLPR,2,44163492.5,56.656076,27.94,56.6938495,0,56.674202,0,56.7188585,35.77,56.8698525,37.54,56.880655,23.6,56.97966,35.27,57.1328735,31.85,57.1125185,35.05,57.2533895,34.83,,,,
DKEPDVLFVGDSMVQLMQQYEIWR,3,7493653.5,82.5559235,60.02,82.6343765,66.17,82.586758,56.24,82.711899,0,82.8677825,0,82.905472,0,82.942657,0,83.1580275,25.97,82.3387605,0,83.229454,0,,,,

