PeptideSeq,Charge,Abun,t0,i0,t1,i1,t2,i2,t3,i3,t6,i6,t7,i7,t9,i9,t13,i13,t16,i16,t21,i21,t24,i24,t31,i31
HSELSELNVK,2,221285625,24.9476215,41.1,25.0040705,0,25.4024015,0,,,25.3724785,30.36,,,,,,,,,,,,,,
AGEIITVLDDSDPNWWK,2,6551346.5,67.0743295,42.4,67.39027,57.57,67.2192075,41.5,,,67.393837,45.41,,,,,,,,,,,,,,

