PeptideSeq,Charge,Abun,t0,i0,t1,i1,t2,i2,t3,i3,t6,i6,t7,i7,t9,i9,t13,i13,t16,i16,t21,i21,t24,i24,t31,i31
FFHGLLAASAK,3,7848905,35.7423095,30.05,35.827814,27.71,35.572521,0,35.848715,0,,,35.9211925,0,35.3690685,0,,,,,,,,,36.219328,0
FLNNSTEHQcMQEFMDK,3,26900407.5,38.603344,83.22,38.7207565,67.58,38.512457,56.93,38.71969,52.48,,,38.8758565,0,38.8916815,0,,,,,,,,,39.13299,0
DDLcQYVTSSDLAQILDDLGIK,2,1619589.66666667,90.9195365,24.09,91.076397,0,91.199844,68.59,91.1525425,29.62,,,90.8892975,0,90.853687,0,,,,,,,,,92.252182,0
DDLcQYVTSSDLAQILDDLGIK,3,2868290.25,90.947956,35.53,90.8734475,46.81,91.2070465,23.25,91.1685755,34.57,,,91.506031,0,91.4813955,0,,,,,,,,,92.226624,0
LPGIIAR,2,60701447.5,32.6751785,0,32.8115485,34.87,32.68837,0,32.7285805,0,,,32.6160335,33.05,32.965454,37.16,,,,,,,,,33.1902255,28.96
VLFNNNLSFIVVEANV,2,17600005,77.775608,0,78.1359595,19.79,77.986366,0,77.985382,15.24,,,78.34766,0,78.2504765,0,,,,,,,,,79.334221,0

