PeptideSeq,Charge,Abun,t0,i0,t1,i1,t2,i2,t3,i3,t6,i6,t7,i7,t9,i9,t13,i13,t16,i16,t21,i21,t24,i24,t31,i31
YLEMLLEYLQDYTDR,2,3100206.33333333,81.561348,52.41,81.7279205,63.49,81.8372995,37.9,,,,,82.123169,15.96,82.096569,24.52,,,,,,,82.542507,23.63,,
ETSSALTHAGAHLDLSAFSSWEELASLGLDR,4,1642943.5,69.121567,0,69.236019,30.99,4153.586914,0,,,,,68.975334,36.33,4156.878906,0,,,,,,,4181.714355,0,,

