PeptideSeq,Charge,Abun,t0,i0,t1,i1,t2,i2,t3,i3,t6,i6,t7,i7,t9,i9,t13,i13,t16,i16,t21,i21,t24,i24,t31,i31
IAQEYYLELK,2,19054815,43.350128,42.41,,,,,,,43.446556,0,43.3846855,0,44.0963975,25.25,,,,,43.6817685,0,43.823107,0,,
ITVVEALTLLNNHK,3,7160851.5,3446.380615,0,,,,,,,3465.969971,57.7,3466.959961,31.5,3469.790039,20.42,,,,,57.9765775,20.18,58.213211,37.32,,

