PeptideSeq,Charge,Abun,t0,i0,t1,i1,t2,i2,t3,i3,t6,i6,t7,i7,t9,i9,t13,i13,t16,i16,t21,i21,t24,i24,t31,i31
DNIIDDVISFIR,2,3534990.33333333,88.253765,43.27,87.9959905,58.48,,,88.4016875,36.53,,,,,,,89.406944,61.34,,,89.425083,38.2,89.8150445,38.97,,

