PeptideSeq,Charge,Abun,t0,i0,t1,i1,t2,i2,t3,i3,t6,i6,t7,i7,t9,i9,t13,i13,t16,i16,t21,i21,t24,i24,t31,i31
VIDLPGGGAVFVMEHLK,3,25053465.7,58.1770555,53.83,58.253084,37.67,58.5688515,30.56,,,58.505449,32.69,58.9396305,26.21,58.8840655,44.25,59.1930255,42.07,,,59.0749895,21.3,59.3233585,41.31,59.50539,43.46

