PeptideSeq,Charge,Abun,t0,i0,t1,i1,t2,i2,t3,i3,t6,i6,t7,i7,t9,i9,t13,i13,t16,i16,t21,i21,t24,i24,t31,i31
TQDEcILHFLR,3,5477108.33333333,,,46.3237875,24.2,46.293579,24.89,46.326477,22.01,,,,,,,,,,,46.7647035,21.5,46.890413,23.44,46.8914525,23.7

