PeptideSeq,Charge,Abun,t0,i0,t1,i1,t2,i2,t3,i3,t6,i6,t7,i7,t9,i9,t13,i13,t16,i16,t21,i21,t24,i24,t31,i31
IITLAGPTNAIFK,2,128745664.444444,52.6693385,38.45,53.0445575,43.84,53.1086995,0,53.0964145,56.31,53.3097535,21.83,53.2833385,47.5,53.4395295,46.67,53.174486,0,53.0926365,0,53.6620405,32.18,53.856594,48.49,53.5046255,25.74
PSSSPVIFAGGQDR,2,83705882.8571429,35.020853,76.99,35.2099665,72.16,35.5551795,94.02,35.721508,0,35.8359645,58.72,35.715418,0,35.4316675,44.36,35.9628465,29.31,35.8038805,0,35.986633,0,36.1530645,54.08,36.101486,0
LVVPASQcGSLIGK,2,78444077.5,39.574396,56.42,39.7709905,46.44,39.543789,46.32,39.6884975,22.67,39.80044,18.54,40.30649,27.03,39.8696805,20.31,40.0263445,0,40.0037135,0,40.050127,0,40.222427,0,40.1852685,31.1
AITIAGIPQSIIEcVK,2,48123231.4285714,61.7620965,83.34,62.384796,44.77,61.4999525,0,61.9734385,44.46,61.803082,0,61.980078,0,62.242823,16.77,62.6969415,19.16,62.348547,31.41,62.0099985,0,3668.236816,0,62.855621,17.91
QVTITGSAASISLAQYLINVR,3,8684571,67.5900805,74.41,67.5032045,64.81,67.5432815,62.52,67.580986,70.79,67.7462045,21.21,67.8985135,0,67.9579925,0,68.006603,0,4079.959961,42.36,68.0146335,0,68.3557895,0,4071.592773,0
GYWAGLDASAQTTSHELTIPNDLIGcIIGR,3,13950535.6666667,70.031792,32.18,70.1339225,89.29,70.1975745,0,69.723755,48.3,69.861492,0,69.937614,0,70.313259,0,70.20237,0,70.108795,0,70.0620345,0,70.425884,0,70.5742645,0
IANPVEGSTDR,2,71258910,24.5903435,0,24.283187,0,24.2726065,0,24.406461,44.66,24.468831,0,24.526002,33.81,24.71886,0,24.546371,0,24.1731155,0,24.2363205,28.77,24.0752715,0,24.7738605,33.47

