PeptideSeq,Charge,Abun,t0,i0,t1,i1,t2,i2,t3,i3,t6,i6,t7,i7,t9,i9,t13,i13,t16,i16,t21,i21,t24,i24,t31,i31
KTQEILSQLPFK,3,43117387.5,42.1767025,30.6,42.3012235,24.23,42.152506,30.52,42.207983,25.31,,,42.3943575,27.03,42.321074,0,42.4858035,29.78,42.385744,0,,,42.607872,23.61,42.619074,26.12
DcIGGcSDLISMQQTGELMTR,2,5823968.75,57.501398,158.8,57.5773125,127.94,57.627062,64.52,57.6436885,98.59,,,57.7697295,0,57.893108,47.92,3487.780029,61.97,58.45562,25.83,,,58.691612,37.96,58.9191535,42.43
DcIGGcSDLISMQQTGELMTR,3,20509107,57.8821565,60.11,57.986286,39.27,58.04138,46.77,58.0468275,32.73,,,58.1821365,28.73,57.8934825,0,58.485607,35.62,58.0226515,0,,,58.696682,31.69,58.507078,0
QGLLEFVDITATNNTSAIQDYLQQLTGAR,3,30871310,86.803112,74.45,86.893646,55.63,87.006035,117.35,86.997013,63.49,,,87.231747,0,87.09486,0,87.55328,0,87.0328825,0,,,87.490555,0,87.9888725,0
NTSAIQDYLQQLTGAR,2,12336626.6666667,61.970192,0,62.0535145,0,62.097927,0,62.157532,0,,,62.739372,27.17,62.389799,0,62.9840015,0,62.808403,0,,,63.325491,46.14,64.300596,25.1

