PeptideSeq,Charge,Abun,t0,i0,t1,i1,t2,i2,t3,i3,t6,i6,t7,i7,t9,i9,t13,i13,t16,i16,t21,i21,t24,i24,t31,i31
TIDGILLLIER,2,1429615.66666667,67.8899805,26.49,67.4031565,0,68.021282,25.7,,,67.6125865,0,68.3636205,25.39,67.795559,0,,,67.304932,0,,,68.195675,0,68.3346215,0
SLLSMLSDLQIYQDSFEQQFLQETNR,3,2856579.5,88.7062725,15.89,89.0767825,41.06,88.918251,0,,,88.6405795,0,89.2556915,0,89.0695955,0,,,89.544388,0,,,89.5850945,0,89.7562905,0
EDSLDSVLFLK,2,37282745,59.7942085,0,59.963451,32.43,60.046877,37.31,,,60.335253,51.25,60.088638,26.3,60.3846895,38.77,,,60.804121,30.2,,,60.732874,29.61,60.777767,21.87
SMLPSIWDMGLELFR,2,1757315,,,,,84.5228,17.41,,,,,,,,,,,,,,,,,,
TYVLQNSMLPSIWDMGLELFR,3,1139091,,,,,89.146801,17.84,,,,,,,,,,,,,,,,,,

