PeptideSeq,Charge,Abun,t0,i0,t1,i1,t2,i2,t3,i3,t6,i6,t7,i7,t9,i9,t13,i13,t16,i16,t21,i21,t24,i24,t31,i31
QQSEEDLLLQDFSR,3,14888705,55.4892615,37.2,55.5589845,32.84,55.6028235,0,55.649548,0,55.782705,0,,,55.917675,0,,,,,3357.901123,0,,,3379.957031,0
QQSEEDLLLQDFSR,2,45880285,55.5132545,82.48,55.559149,65.36,55.602238,39.68,55.637318,48.3,55.795603,40.54,,,55.917038,60.82,,,,,56.065962,31.7,,,56.5139965,31.51

