PeptideSeq,Charge,Abun,t0,i0,t1,i1,t2,i2,t3,i3,t6,i6,t7,i7,t9,i9,t13,i13,t16,i16,t21,i21,t24,i24,t31,i31
HINELSMK,2,26063885,20.891017,22.76,21.3356075,0,,,,,20.852637,23.07,,,,,,,,,,,,,,
WSFLFSLADLK,2,1525629.5,73.437546,39.75,73.551258,37.62,,,,,74.030281,0,,,,,,,,,,,,,,

