PeptideSeq,Charge,Abun,t0,i0,t1,i1,t2,i2,t3,i3,t6,i6,t7,i7,t9,i9,t13,i13,t16,i16,t21,i21,t24,i24,t31,i31
DSQDPYcGWcVIEGR,2,8592790,,,54.7745665,30.71,,,55.0416355,0,,,55.2376805,0,55.3277415,21.83,55.467285,0,,,,,55.7819905,0,55.8599355,0
SGSVFLTSHQYPFYDcR,3,41485316.5,,,45.447466,0,,,45.363667,0,,,45.667221,27.24,45.7199,0,45.8996105,0,,,,,45.2932815,0,46.0083655,19.28
AITEIYLTR,2,228562050,,,40.737568,0,,,40.567068,32.07,,,40.7030925,0,40.7757055,0,40.882587,0,,,,,41.105837,32.22,41.0283315,0
VLNcDTISQVK,2,210545400,,,31.20076,0,,,31.1247175,22.7,,,31.288701,0,31.35164,0,31.5049445,25.17,,,,,31.547703,26.19,31.503151,28.19

