PeptideSeq,Charge,Abun,t0,i0,t1,i1,t2,i2,t3,i3,t6,i6,t7,i7,t9,i9,t13,i13,t16,i16,t21,i21,t24,i24,t31,i31
ETHNAAIIMK,2,66035506.6666667,,,22.0507065,21.37,22.0090925,23.96,,,,,,,,,,,,,,,,,22.554207,20.81

