PeptideSeq,Charge,Abun,t0,i0,t1,i1,t2,i2,t3,i3,t6,i6,t7,i7,t9,i9,t13,i13,t16,i16,t21,i21,t24,i24,t31,i31
NPGAPFQIIR,2,98465284.2857143,42.106113,38.72,42.205639,42.62,42.1051195,38.27,42.1723175,34.23,42.3000085,36.23,42.358278,33.63,42.397646,49.13,42.554836,0,42.4686565,0,42.1037905,0,42.3493425,0,42.1855965,0
GGGALVENTTTGLSR,2,83675050,31.4101915,66.05,31.8334575,60.24,32.0009995,39.97,32.0008005,60.84,31.727795,49.99,32.0023005,37.84,32.01995,53.1,31.6714605,75.29,31.8673965,42.34,32.1411095,41.3,32.1513845,30.57,32.161879,0
ENLQLNQEVGAIR,2,128555277.5,39.979647,86.57,39.9238395,86.31,39.795563,81.34,39.87492,42.32,39.9995365,42.8,40.5531295,43.67,40.6248535,35.55,40.3853035,0,40.1950265,0,40.2380805,0,40.651131,0,40.3435575,44.83
VQTVLGLVEPSQLGR,2,90577386.6666667,53.379774,72.38,53.394543,41.72,53.472069,68.39,53.4684315,70.97,53.6528835,31.23,53.6734355,43.77,53.733372,0,53.898302,0,53.836216,0,53.9650935,0,54.497202,0,54.2768195,0
YGGHGYSHILTNIVPK,3,23799530,35.476446,17.33,35.5600755,22.06,35.2414795,0,35.491798,0,35.53302,0,35.6175465,0,35.610531,0,35.751516,0,35.6601965,0,35.7928025,0,35.888067,0,35.848022,0
cGVIGEIGcSWPLTDSER,2,12634010.625,57.6234495,81.63,57.687536,74.63,57.688427,48.14,57.7412265,70.36,57.904846,0,57.880646,74.63,57.981209,0,58.2063715,0,58.16374,36.84,58.1863135,17.18,58.4462355,0,58.634302,23.91
ILEATAHAQAQLGcPVIIHPGR,3,5195890.16666667,37.991524,68.66,38.234514,58.17,38.019285,32.36,38.192804,44.45,38.2825015,28.41,38.320305,34.24,2296.040039,19.42,2308.909912,28.48,2272.254639,0,2308.590088,21.87,2288.191162,0,2283.914307,0
ILMAHDIHTK,3,38504840,21.145647,0,21.3554465,0,21.070782,0,21.2355805,0,21.1165525,0,21.1514025,0,21.400586,25.93,21.608401,0,21.1582205,0,21.615687,0,21.7484645,29.14,20.948653,0
TVMSHLDR,2,20313087.5,19.6954915,0,19.8232965,0,19.977748,42.6,19.550211,0,19.554819,0,19.866785,33.81,20.1526745,27.1,19.806386,0,19.724515,0,20.066063,0,19.923559,0,19.9712535,46.02
AMSVEQLTDVLINEILHGADGTSIK,3,16543370.8,84.5216865,0,84.382805,16.57,84.748394,29.51,84.715271,17.02,84.8781015,0,85.0825345,30.02,85.11438,0,85.4471475,31.76,84.557121,0,85.1806295,0,85.2062265,0,85.794365,0

