PeptideSeq,Charge,Abun,t0,i0,t1,i1,t2,i2,t3,i3,t6,i6,t7,i7,t9,i9,t13,i13,t16,i16,t21,i21,t24,i24,t31,i31
YASMINK,2,84598229.0909091,22.187501,37.95,22.100263,38.34,22.132468,38.32,22.1576035,38.37,22.1425035,38.03,22.234037,38.42,22.563294,38.23,22.4418155,37.81,22.2137345,0,22.427083,34.67,22.3881005,34.64,22.4974425,38.71
ATPYNYPVPVR,2,817712272.727273,36.5311585,50.56,36.632072,38.16,36.3854945,54.53,36.4531155,54.57,36.4871445,39.36,36.5352825,47.8,36.5445325,0,36.745615,54.1,36.63793,51.1,36.7499485,51,36.8990055,53.82,36.87718,57.4

