PeptideSeq,Charge,Abun,t0,i0,t1,i1,t2,i2,t3,i3,t6,i6,t7,i7,t9,i9,t13,i13,t16,i16,t21,i21,t24,i24,t31,i31
VTFSSGYVNLSPENK,2,1560292.5,,,,,43.841339,51.82,43.8938655,0,,,44.007458,38.98,43.81538,0,43.999729,0,,,43.956278,0,,,,
GTVYNYMTSGTK,2,7682071.5,,,,,32.282776,0,32.3296925,0,,,32.7219105,17.75,32.5898455,0,32.7684325,0,,,32.678066,32.02,,,,
ESPHKPVQLGR,3,820469.666666667,,,,,16.5725795,0,16.083771,24.52,,,16.1611545,0,16.457989,24.66,16.369113,27.94,,,16.3117565,0,,,,

