PeptideSeq,Charge,Abun,t0,i0,t1,i1,t2,i2,t3,i3,t6,i6,t7,i7,t9,i9,t13,i13,t16,i16,t21,i21,t24,i24,t31,i31
AQIIELLcIVDALK,2,1566319.11111111,77.0383035,60.99,,,77.1742135,52.38,77.147461,40.45,77.2941205,21.41,77.501747,17.12,77.5115625,48.74,,,,,77.6296005,38.97,77.9700505,22.81,78.1798555,26.89
RPEKPVPPPPPAAK,3,793233,18.1731995,0,,,18.0743925,0,18.147722,0,18.112565,16.22,18.231246,26.54,18.424201,0,,,,,18.4510585,0,18.41034,0,18.355937,0

