PeptideSeq,Charge,Abun,t0,i0,t1,i1,t2,i2,t3,i3,t6,i6,t7,i7,t9,i9,t13,i13,t16,i16,t21,i21,t24,i24,t31,i31
ELAEQLGLSTGEK,2,76891868.8888889,40.4791795,56.11,40.6135825,59.07,40.684347,41.28,40.5512355,26.9,40.8157805,37.18,40.870735,0,40.890106,53.03,,,41.0337545,42.49,41.0855255,45.61,41.2485465,48.32,40.319437,0
ETDLQELFRPF,2,2644264.66666667,67.1757205,68.52,67.190002,0,67.2818185,0,67.3043635,0,66.7656325,0,67.6343345,38.99,67.647537,0,,,67.064407,0,67.800438,33.22,68.0794945,0,66.756195,0
LPGELEPVQAAQSK,2,88489032.5,36.0091095,0,36.350941,41.01,36.458334,62.79,36.684755,0,36.516354,31.46,36.5762765,0,36.796028,0,,,36.9050865,0,36.9621985,0,37.09951,0,37.135366,29.25

