PeptideSeq,Charge,Abun,t0,i0,t1,i1,t2,i2,t3,i3,t6,i6,t7,i7,t9,i9,t13,i13,t16,i16,t21,i21,t24,i24,t31,i31
ADVDLIVQDLK,2,109515544,52.067959,65.49,52.090269,79.07,52.330183,54.57,52.373003,54.76,52.361067,39.1,52.3522915,54.28,52.69047,50.36,52.8827855,55.15,52.6039715,50.24,51.8202265,0,53.015825,35.53,52.9062175,0
VLVHTDAAQALGK,2,14298215.3636364,28.0210535,52.16,28.002281,63.42,28.018758,56.89,28.0107655,55.31,28.2319525,0,27.772892,43.67,28.3559295,38.34,28.407733,25.71,28.1899125,28.44,28.20045,31.25,28.255415,39.44,28.552821,19.98
VDVEDLGVDFLTIVGHK,3,9848736,71.7059365,84.63,71.8407595,56.61,71.862938,71.87,71.870548,35.46,72.0292435,31.65,72.189991,0,72.3249015,22.8,72.4061315,26.13,72.337128,59.96,72.260357,0,72.7265205,30.65,72.824299,30.55
AADLVSENcETYEAHMR,3,10319210.7142857,33.3673805,40.21,33.511713,53.52,33.2795545,53.13,33.3696175,0,33.481018,32.56,33.5759905,36.98,33.626406,0,33.8269,33.52,1989.578979,0,33.781689,25.02,33.903973,0,2005.633789,0
RVDVEDLGVDFLTIVGHK,3,18335310.5,63.0057605,67.66,3779.850098,74.08,63.133385,74.5,3789.310059,71.45,3795.959961,18.03,3799.669922,30.11,3779.097412,0,3787.134033,0,3783.741455,0,3789.10791,0,3807.632813,0,64.386574,0
VYMDYNATTPLEPEVIQAVTEAMK,3,12733909.75,75.372402,31.08,75.4768985,31.84,75.5019265,29.44,75.521156,29.44,75.4518625,0,75.758152,0,74.978245,0,76.047138,0,75.8377915,0,75.880745,0,76.19709,0,75.9857675,0
LPNTcNFSIQGSQLQGYTVLAQcR,3,3002400,56.350643,43.65,56.4306335,0,56.424824,34.53,56.449036,0,3392.537354,0,3394.29541,0,3397.769287,0,3408.768555,0,3406.006836,0,3412.844482,0,57.198441,0,3434.473877,0
LPLEHLVENQMAEVTFVPVSK,3,18435485,60.615465,0,60.657476,0,60.7515485,41.05,60.817919,19.25,61.0468365,0,61.0231555,0,61.1378095,17.23,61.2240445,0,61.2426875,0,61.243559,0,61.492735,18.85,61.6885035,0
QAVAQLEGR,2,62936182.5,22.305248,0,21.9734625,49.83,22.0215225,52.22,22.4429705,53.58,22.2559515,56.3,22.328288,0,22.573309,0,22.4638825,0,22.0913655,0,22.4925775,0,22.2278535,0,22.354965,0

