PeptideSeq,Charge,Abun,t0,i0,t1,i1,t2,i2,t3,i3,t6,i6,t7,i7,t9,i9,t13,i13,t16,i16,t21,i21,t24,i24,t31,i31
SPPAATTKPLLR,3,31554097,23.2417295,20,23.1995245,33.63,23.2402165,37.53,23.224383,28.93,23.253768,26.38,23.327283,41.4,23.5735655,27.61,23.380301,38.4,23.2954655,41.76,,,,,23.6418665,42.69
WDEVPDDFVEcFILSGYR,2,2835086.5,79.7973215,46.72,80.006363,0,80.0822985,16.71,80.0055695,0,4796.936035,0,80.3240245,0,4809.696777,0,4823.643066,0,4818.014648,0,,,,,81.067101,0

