PeptideSeq,Charge,Abun,t0,i0,t1,i1,t2,i2,t3,i3,t6,i6,t7,i7,t9,i9,t13,i13,t16,i16,t21,i21,t24,i24,t31,i31
NAFDLLLPK,2,14516633.3333333,57.5383185,19.12,57.588968,0,57.6396825,17.38,57.6557255,16.26,57.8148685,17.62,57.81888,18.35,57.9078045,0,58.1078035,0,58.03808,0,58.1119445,0,58.3845635,16.68,58.5095005,0
KVDIEVLSVLASLGASVHK,3,2643805.22222222,62.9806595,22.27,63.0399,25.2,63.0967275,22.49,63.1541405,26.24,63.3307645,16.08,63.389671,0,63.3943485,25.7,63.494164,0,63.54904,20.94,63.6113795,25.1,63.856857,22.82,64.032982,0
GTTGTQASFLQLFEGDHQK,3,17400066.6666667,51.7293015,41.91,52.058689,22.16,51.808138,0,52.1566355,0,52.353447,29.08,52.316311,0,52.069128,0,52.2253305,0,52.082365,0,52.4703215,0,52.4792255,0,52.522392,0
AFIITGQTYTR,2,13737005,39.6239225,0,39.312456,0,39.1418495,0,39.2825775,43.22,39.317755,0,39.3936215,45.49,38.906475,0,39.5484195,0,38.9985525,0,39.0823955,0,39.271599,0,39.1966705,0
QQIGSSAMPYK,2,12650182.875,28.3086585,0,27.769582,0,27.998062,0,28.036418,51.29,28.2668855,33.49,28.2741385,45.54,27.915199,0,28.746158,21.05,28.242425,41.8,28.7705145,22.98,28.1490155,35.09,28.637103,35.45

