PeptideSeq,Charge,Abun,t0,i0,t1,i1,t2,i2,t3,i3,t6,i6,t7,i7,t9,i9,t13,i13,t16,i16,t21,i21,t24,i24,t31,i31
EDVFPANALLEIRPF,2,24116033.3333333,,,,,,,,,,,,,,,75.164711,43.84,,,,,75.495445,42.79,75.6556585,25.27

