PeptideSeq,Charge,Abun,t0,i0,t1,i1,t2,i2,t3,i3,t6,i6,t7,i7,t9,i9,t13,i13,t16,i16,t21,i21,t24,i24,t31,i31
MLEQLDMR,2,51867632.5,38.6872975,48.01,38.8938735,44.6,38.299669,47.45,38.0954665,0,37.500931,0,,,37.5352115,0,37.7478275,0,37.6317405,0,37.6773415,0,37.874912,0,39.559959,26.24
ILVATNLFGR,2,141587608.888889,50.60401,66.19,50.6168825,58.52,50.5983045,61.69,50.650108,61.68,,,,,50.9369545,64.54,51.098772,64.69,,,51.1680485,64.74,51.3069935,64.56,51.4143715,43.49
VAVFFGGLSIK,2,31173454.2857143,56.0712085,46.76,56.2780555,41.41,56.125574,0,56.144083,41.43,56.4853745,0,56.313347,39.88,56.7183725,0,56.776293,31.26,56.5298445,0,56.8052175,54.89,57.0760575,39.96,57.169008,0
GSYVSIHSSGFR,2,35303995,27.799136,50.97,27.8037515,50.49,27.8132355,50.46,27.811798,0,28.0128595,0,,,27.7542975,0,28.219986,0,27.9678005,0,28.1179445,23.98,28.170741,0,28.319067,0
FMQDPMEIFVDDETK,2,5870590.375,65.0242155,39.2,65.084492,39.99,65.212288,46.19,65.243416,39.9,65.5940935,21.38,65.6655045,27.91,65.5193675,32.85,3901.255127,0,65.687859,23.34,65.6826325,0,65.9792025,0,3928.20752,0
VNIAFNYDMPEDSDTYLHR,3,25274099.6,50.668245,50.28,50.645029,25.12,50.6837885,48.41,50.7533605,56.57,50.946636,0,50.971247,0,51.084448,0,51.2306255,31.18,51.143688,0,51.226418,0,51.377815,0,51.497456,0
DFLLKPELLR,2,93397435,51.8982125,0,52.154003,0,52.127243,0,52.010809,0,52.200943,0,52.3622685,0,52.142513,34.48,52.4722655,0,52.4232235,0,52.558544,0,52.861479,34.94,52.037878,0
cIALAQLLVEQNFPAIAIHR,3,35201446.6666667,67.0622635,0,66.254974,0,66.172573,0,66.5863265,28.18,66.325848,0,66.502113,39.57,66.5695345,37.49,66.6392135,0,67.2545125,0,66.685928,0,67.426811,0,67.7248155,0
DFLLKPELLR,3,97897903.3333333,51.8859595,0,51.811823,29.04,51.9030495,26.92,51.9093265,0,52.1243835,0,52.0943775,0,52.2262555,0,52.383034,0,52.335905,0,52.4173835,16.88,52.6219825,0,52.7190685,0
NcPHIVVGTPGR,2,6728010.4,24.8596475,0,24.7793825,28.27,24.8618345,0,24.7391665,0,24.892286,34.89,25.3925485,44.23,24.630477,0,24.4567365,0,24.30383,0,24.512701,31.25,24.908316,41.91,25.0012105,0
LTLHGLQQYYVK,3,134176300,39.165783,0,39.3900775,34.4,39.1674575,0,39.3249205,33.25,,,39.442862,0,39.455332,0,39.638075,0,39.7391035,0,39.5913185,0,39.8258705,0,39.769754,0
GLAITFVSDENDAK,2,45551050,46.6129245,0,46.661934,68.66,46.911184,0,46.724024,51.69,46.911688,16.37,46.8685035,55.78,47.247961,0,47.4501495,0,46.8071785,0,47.1366215,0,47.3304615,0,47.3263055,0

