PeptideSeq,Charge,Abun,t0,i0,t1,i1,t2,i2,t3,i3,t6,i6,t7,i7,t9,i9,t13,i13,t16,i16,t21,i21,t24,i24,t31,i31
VMPAPPPK,2,132100580,21.744012,24.68,21.6394415,0,21.657316,21.84,21.722454,0,21.7416145,24.25,,,22.0302875,21.99,21.0927515,0,,,21.453498,0,21.0036895,0,22.392769,23.47
VAAVQPPEEGPSR,2,309807816.625,26.1495915,55.76,25.7255345,31.86,26.313756,28.02,26.3983805,49.53,25.872259,20.97,,,26.529564,17.86,25.9582615,0,,,26.8468805,21.33,26.052623,0,26.5644435,17.88
VDVVGATQGQAGScSR,2,12222018.3333333,25.904824,64.86,25.9513075,76.98,25.89755,49.15,25.921459,51.57,26.049856,21.81,,,26.195794,31.94,26.163902,0,,,26.128025,31.04,26.2434675,28.81,26.3879775,28.1
TISLTDFLAEDGGTGGGSTYVPK,2,12307607,62.6170655,67.84,62.8534925,57.15,62.7996635,0,63.0175835,59.05,63.1527025,0,,,63.233204,0,63.394358,0,,,63.4295635,0,63.733658,0,63.9083595,0
GFGYAEFEDLDSLLSALSLNEESLGNR,3,2096632,88.44001,34.78,88.548172,69.94,88.6945305,0,88.6348115,28.61,88.801773,0,,,88.928284,0,5330.315918,0,,,5326.920898,0,5344.368164,0,5363.408203,0
DGNKVDVVGATQGQAGScSR,3,4130186.66666667,24.738557,0,24.730627,50.79,24.6963225,34.78,24.6482695,35.13,1490.818115,0,,,25.009804,0,1496.646606,0,,,1497.508179,0,1503.083374,0,1510.030762,0
SPPYTAFLGNLPYDVTEDSIKDFFR,3,6026995.2,76.5562595,0,76.6429935,76.82,76.396919,20.88,76.6511805,0,76.4903415,0,,,76.912918,0,76.995834,20.23,,,76.828907,0,77.2332955,16.76,77.700615,23.28

