PeptideSeq,Charge,Abun,t0,i0,t1,i1,t2,i2,t3,i3,t6,i6,t7,i7,t9,i9,t13,i13,t16,i16,t21,i21,t24,i24,t31,i31
ETLDTMLDGLGR,2,2128943,54.896652,0,55.105749,32.94,,,,,,,,,,,,,,,3363.27002,30.03,,,,

