PeptideSeq,Charge,Abun,t0,i0,t1,i1,t2,i2,t3,i3,t6,i6,t7,i7,t9,i9,t13,i13,t16,i16,t21,i21,t24,i24,t31,i31
DRLEIYEDVLFFLSK,3,1883768,,,,,78.4108315,23.6,78.3557095,20.61,,,78.664276,32.92,78.65889,0,,,78.9532925,0,,,,,79.454041,0
FTNMLGQPGSTALDLFK,2,39922703.3333333,,,,,62.8361585,0,62.888466,0,,,63.0256195,0,63.4576645,35.33,,,62.876314,31.91,,,,,63.3736645,49.87

