PeptideSeq,Charge,Abun,t0,i0,t1,i1,t2,i2,t3,i3,t6,i6,t7,i7,t9,i9,t13,i13,t16,i16,t21,i21,t24,i24,t31,i31
HGIHMQHIAR,3,3701172,16.4151115,51.23,16.280301,32.87,16.3963925,0,16.353567,37.11,16.2250395,24.28,16.5605535,27.62,16.8217545,28.16,16.4310535,0,16.558777,24.36,16.610252,31.63,16.5486435,26.59,16.600544,0
SVLFVcLGNIcR,2,70907348.8888889,55.472208,62.51,55.6162415,62.21,55.560587,0,55.638638,0,55.981146,58.21,55.884724,50.12,56.1947995,52.09,56.315975,32.89,56.3782635,49.55,56.2669485,61.75,56.2505075,53.44,56.4645885,0
IDSAATSTYEVGNPPDYR,2,5062725,38.409727,65.42,38.5915205,0,37.8675535,0,38.536074,80.69,38.6845165,57.25,38.157816,0,38.688782,25.01,38.974934,61.85,38.129692,0,37.675678,0,2343.969971,23.45,39.085686,0
EDFATFDYILcMDESNLR,2,10415776.4444444,73.050835,92.82,73.1677205,75.84,73.1923485,72.57,73.164017,70.35,73.320339,58.09,73.571941,43.54,72.884514,0,73.726761,44.69,73.617058,48.5,73.630497,49.1,74.0224,0,74.1675605,0
QLIIEDPYYGNDSDFEVVYQQcLR,3,6381522.25,64.9128685,35.4,64.9468005,0,65.0624465,34.46,65.042831,43.05,65.2369615,0,65.323593,29.87,3894.439941,0,64.953499,0,64.337818,0,3868.572754,0,64.626328,0,3957.449951,36.79
EDFATFDYILcMDESNLR,3,10010075.8,73.0640375,0,73.1544795,56.07,73.1795655,39.11,73.177483,0,73.320339,17.13,73.5463485,0,73.635807,19.09,73.6877095,0,73.6298105,28.91,73.656849,0,74.035107,0,74.1553345,0

