PeptideSeq,Charge,Abun,t0,i0,t1,i1,t2,i2,t3,i3,t6,i6,t7,i7,t9,i9,t13,i13,t16,i16,t21,i21,t24,i24,t31,i31
SLLSLFLDER,2,5535794.25,,,69.208519,38.69,,,69.278984,39.24,69.429756,46.7,,,,,,,,,,,70.052383,34.71,,

