PeptideSeq,Charge,Abun,t0,i0,t1,i1,t2,i2,t3,i3,t6,i6,t7,i7,t9,i9,t13,i13,t16,i16,t21,i21,t24,i24,t31,i31
TTSAGTGGMWR,2,162726436.363636,27.0805055,56.36,27.086216,35,26.7492625,52.19,26.790089,60.11,27.273152,32.18,26.9270185,29.65,27.0792655,47.46,27.4093245,33.43,26.932457,41.83,27.323209,34.93,27.097098,55.1,,
FYTEDSPGLK,2,193150028.571429,31.2591645,27.38,31.694043,27.5,31.606495,27.57,31.3923465,30.93,31.4324925,0,31.544994,16.65,31.8921565,23.22,32.0604925,0,31.8923905,0,31.9693945,23.2,32.084262,0,,
PGPTPSGTNVGSSGR,2,103485555,19.937935,89.2,19.750676,71.95,19.8299015,66.5,19.8138,66.57,19.870539,32.16,19.918132,58.34,20.1526745,0,20.1263,0,19.941678,0,20.101013,0,20.145153,0,,

