PeptideSeq,Charge,Abun,t0,i0,t1,i1,t2,i2,t3,i3,t6,i6,t7,i7,t9,i9,t13,i13,t16,i16,t21,i21,t24,i24,t31,i31
ADGLAILGVLMK,2,39628149.6363636,68.308895,42.44,68.4079055,45.1,68.4716455,45.3,68.555988,42.23,68.6611405,59.05,68.810848,59.57,68.8632165,50.27,68.988075,45.08,68.6215325,48.76,68.9726985,30.98,69.30167,41.1,,
YSSASEAISK,2,5483904.75,19.272352,0,19.4972895,0,19.653155,0,19.2214585,41.59,19.5899675,30.91,19.6487025,27.18,20.3918485,0,19.972214,31.28,19.8504925,0,19.9331405,0,18.9532265,0,,
LYPIANGNNQSPIDIK,2,18467874,44.629772,0,44.265636,0,44.438211,0,44.5221195,64.03,44.679386,52.36,44.618778,0,44.6994875,57.87,44.8483355,0,44.7692815,25.72,44.932503,34.19,44.813238,0,,
TSEANHDSSLKPLSISYNPATAK,3,4164112,2023.504761,0,2032.197021,0,33.689049,0,33.819429,48.62,33.872332,27.79,2033.453979,0,33.978552,23.53,34.1361925,0,2019.010864,0,2050.600098,25.33,2036.449097,0,,
VGPANPSLQK,2,13578845,21.9672115,0,21.8654205,0,21.964869,0,21.965056,0,22.337928,0,22.4491825,0,22.6146155,0,22.5322935,0,21.618467,0,21.782977,29.22,21.7440735,28.01,,
DSISLSPEQLAQLR,2,53454303.3333333,54.9575345,0,55.0190775,0,55.0588115,58.03,55.1029565,62.75,55.242039,43.53,55.2744945,0,55.352411,0,55.516926,0,55.478441,0,55.608999,0,55.9282265,0,,

