PeptideSeq,Charge,Abun,t0,i0,t1,i1,t2,i2,t3,i3,t6,i6,t7,i7,t9,i9,t13,i13,t16,i16,t21,i21,t24,i24,t31,i31
VILGAHEEYIR,3,46159070,30.7755025,35.64,31.10199,0,30.8068895,0,30.840409,0,31.1594675,0,31.217074,0,31.270643,0,31.427709,0,31.2944315,0,31.3405665,18.95,31.4908055,0,,
EQQcVIMAENSK,2,8392706.5,26.833912,35.38,26.85634,0,27.315367,0,27.131772,0,27.4791605,28.29,27.462466,0,27.62382,0,27.671117,0,27.5719165,0,27.5807715,0,27.646735,0,,
TAVTAAGTPcQGWAAQEPHR,3,10964191.5714286,30.7002895,80.12,30.8403405,22,30.5443805,20.46,30.76748,26.39,30.6769465,16.89,30.8911255,19.65,30.9369135,0,31.140339,0,30.954359,20.19,31.031539,0,31.182969,0,,
PNKPGVYVR,2,1381231,18.0318325,0,18.07646,0,18.0595495,0,18.112077,24.27,18.1424705,0,18.169695,0,18.267041,0,18.341969,0,18.3023945,0,18.4137615,0,18.404708,34.84,,
YILQGVTSWGLGcAR,2,554241,57.367081,0,57.45454,0,56.650311,0,57.384682,22.75,3434.649902,16.66,56.44994,0,57.0885255,0,57.2979925,0,56.677986,0,56.747038,0,57.0883255,0,,
WEYcDIPR,2,355378816.666667,39.507671,0,39.6724585,0,39.4791775,27.58,39.642582,25.24,39.7592315,27.13,39.7841455,0,39.848572,24.88,40.0236915,0,39.9289815,24.31,39.973503,24.35,40.3140205,0,,
cEGETDFVcR,2,7148032,28.788743,0,28.80418,0,28.786383,45.87,28.7884065,26.09,28.983944,0,29.001177,0,29.12672,0,29.1743145,0,1739.644165,0,29.0788115,0,29.1526515,0,,
HSIFTPQTNPR,2,14968871,24.1447945,0,24.353896,0,24.649579,29.39,24.619831,0,24.4614985,25.94,24.477806,29.08,24.958519,0,24.5533405,0,24.415622,0,24.562912,0,24.706501,23.15,,
NPDGDVNGPWcYTTNPR,2,4937736.75,42.6253225,0,42.801777,0,42.6591185,46.82,42.731056,35.26,42.8737355,0,42.912554,0,2550.668457,0,43.171589,39.45,2555.278809,0,43.1253315,18.74,43.2288185,0,,
NPDGETAPWcYTTDSQLR,2,2580747.5,47.1803705,0,47.146374,0,47.2308445,75.99,47.2937165,32.72,2829.343262,0,2825.983154,0,2852.370117,23.35,2836.099854,0,2857.120117,25.05,2822.213379,0,2869.370117,17.13,,

