PeptideSeq,Charge,Abun,t0,i0,t1,i1,t2,i2,t3,i3,t6,i6,t7,i7,t9,i9,t13,i13,t16,i16,t21,i21,t24,i24,t31,i31
LQSLLTSQENSSTTSPAR,2,1727904,33.5751725,96.13,,,33.974192,87.47,2048.139893,77.69,,,,,,,2070.830078,27.33,,,33.514805,47.04,2077.969971,36.04,,

