PeptideSeq,Charge,Abun,t0,i0,t1,i1,t2,i2,t3,i3,t6,i6,t7,i7,t9,i9,t13,i13,t16,i16,t21,i21,t24,i24,t31,i31
FVNVVPTFGK,2,429668766.666667,46.601091,51.15,,,,,46.215637,56.76,46.608019,30.22,46.8201445,42.94,46.6123945,56.08,46.805969,43.16,46.740021,33.76,,,47.0263805,46.56,47.2419585,43.1

