PeptideSeq,Charge,Abun,t0,i0,t1,i1,t2,i2,t3,i3,t6,i6,t7,i7,t9,i9,t13,i13,t16,i16,t21,i21,t24,i24,t31,i31
SVLVDFLIGSGLK,2,3274478.8,68.6648865,55.44,,,68.8103715,51.47,68.833023,47.7,,,69.1386415,41.99,69.179306,35.24,4156.540039,37.9,,,,,4172.97998,26.62,,

