PeptideSeq,Charge,Abun,t0,i0,t1,i1,t2,i2,t3,i3,t6,i6,t7,i7,t9,i9,t13,i13,t16,i16,t21,i21,t24,i24,t31,i31
YLAEVATGEK,2,208263683.333333,27.9403965,52.26,27.540784,52.14,27.5404225,49.78,27.5201505,0,27.563805,50.72,27.6604145,0,28.780388,43.43,27.7589695,0,28.2332395,46.64,27.738824,0,27.7957975,0,,
AYSEAHEISK,2,15707802.5,16.4024265,36.94,16.493142,48.28,16.448104,0,16.541483,34.74,16.3839375,30.52,16.399685,40.06,16.9054165,0,16.611743,0,16.7462245,26.36,16.8364795,28.25,16.823413,35.55,,
NVTELNEPLSNEER,2,132580095,34.1013585,80.75,34.231304,84.08,33.9863035,80.48,34.151337,76.59,34.14253,69.56,33.8162515,49.61,33.857891,44.93,34.014862,0,34.235741,0,34.7405475,82.16,35.080681,0,,
TAFDDAIAELDTLNEDSYK,2,23880147.75,70.671646,96.95,70.7902485,88.14,70.8698465,54.59,70.850212,57.13,71.058037,36.22,71.191124,50.02,71.345062,25.8,71.412819,44.04,71.2970885,0,71.2614595,0,71.6389195,0,,
TAFDDAIAELDTLNEDSYK,3,29805125,70.684288,71.26,70.803062,64.59,70.870098,41.99,70.875801,56.3,71.032444,0,71.1909865,0,71.420956,0,71.412819,0,71.322365,0,71.2233315,0,71.778698,0,,
ELEAVcQDVLSLLDNYLIK,3,74688001.1111111,87.263615,25.96,87.3610305,53.91,87.4903225,50.92,87.463608,27.51,87.6290055,20.29,87.7366145,17.23,87.7868615,0,87.9929965,16.96,87.916996,18.03,87.9334485,0,88.223564,22.52,,
ELEAVcQDVLSLLDNYLIK,2,16544586.5,87.263603,30.22,87.3610305,37.21,87.4773025,31.51,87.450619,0,87.629803,0,87.3715745,30.03,87.487579,21.72,87.6783145,0,87.5540505,32.94,87.586884,0,88.223564,0,,
LGLALNYSVFYYEIQNAPEQAcHLAK,3,41407270,65.835434,83.44,65.905426,44.3,65.936203,0,66.0217095,0,66.1618805,0,66.2969585,0,66.280937,0,66.4497565,0,66.438358,0,66.4588665,0,66.699146,0,,

