PeptideSeq,Charge,Abun,t0,i0,t1,i1,t2,i2,t3,i3,t6,i6,t7,i7,t9,i9,t13,i13,t16,i16,t21,i21,t24,i24,t31,i31
AFVEFLTDEIK,2,39328295,59.561531,40.78,58.8458975,0,59.2199175,39.91,59.3264425,0,59.659464,40.12,59.429184,40.09,59.7174755,0,59.7442915,28.73,59.603937,35.92,59.8158625,33.06,60.219204,40.74,60.3349725,0
EVSFQATGDSEWR,2,108123394.166667,40.8993605,76.76,41.0990845,76.39,41.003969,60.31,41.116619,79.35,41.139849,79.13,41.180225,80.36,41.4250925,63.36,41.4617995,65.76,41.395931,36.61,41.449608,40.15,41.508486,54.1,41.540857,50.98
MSGDWELEVNGTEAK,2,33559914,44.147133,59.87,44.2788045,60.47,44.305603,44.9,44.1617375,56.8,44.30114,37.99,44.2067755,52.58,44.351719,57.94,44.5549375,31.69,44.43738,17.23,44.45529,0,44.6455975,0,44.655182,30.78
AFVEFLTDEIKEEK,3,156643988.75,53.100819,56.07,53.113422,58.85,53.2007865,44.38,53.185581,36.76,53.4129395,43.9,53.4083785,43.28,53.5206145,25.24,53.683483,21.55,53.581333,0,53.671064,0,53.900404,0,53.2457925,0
AFVEFLTDEIKEEK,2,31853110,53.0892735,77.04,53.2971495,61.75,52.740133,0,53.3737755,69.01,53.515606,44.13,53.587898,43.36,53.1541325,0,53.3376675,0,52.948761,0,53.659773,27.16,53.3017925,0,53.378809,0
TDSLDWALYDHLMDFLADR,3,11357625.5,80.6396785,23.11,80.477249,29.95,81.048645,0,80.930721,0,80.889595,0,81.181671,0,81.310234,0,81.291618,0,81.5477335,0,81.508644,0,81.7408675,0,81.9963875,0
DTNYTLNTDSLDWALYDHLMDFLADR,3,27835980,87.4715045,75.78,87.5755885,80.02,87.712101,59.9,87.6826285,0,87.84634,31.82,87.9641,0,88.013195,0,88.235878,0,88.1146015,0,88.1442335,0,88.4452475,0,88.7372435,0
TLVLDcHYPEDEIGHEDEAESDIFSIK,4,10580584,54.5771905,0,54.6517545,40.6,54.7473985,24.89,54.634672,0,54.8219395,0,3292.123779,0,3297.242432,0,3305.519531,0,55.097782,0,3310.165771,0,3325.996094,0,3329.511475,0

