PeptideSeq,Charge,Abun,t0,i0,t1,i1,t2,i2,t3,i3,t6,i6,t7,i7,t9,i9,t13,i13,t16,i16,t21,i21,t24,i24,t31,i31
AYLEGEcVEWLHR,3,13429620,,,,,,,,,,,,,,,44.1834755,26.7,,,,,,,,
GGDYALAPGSQSSEMSLR,2,1789834.33333333,,,,,,,,,,,,,,,41.3593295,16.68,40.991186,24.71,41.058674,22.91,,,2468.879883,19.42
YISVGYVDNK,2,696117000,,,,,,,,,,,,,,,,,34.664856,42.08,,,,,,

