PeptideSeq,Charge,Abun,t0,i0,t1,i1,t2,i2,t3,i3,t6,i6,t7,i7,t9,i9,t13,i13,t16,i16,t21,i21,t24,i24,t31,i31
GWDEALLTMSK,2,51440463,53.7546905,38.43,,,53.9067365,38.34,53.389631,38.87,54.0971715,43.53,54.112989,36.71,54.478985,41.38,54.3845445,43.97,,,53.914757,46.25,54.609442,44.06,54.7229975,49.49
FLQDHGSDSFLAEHK,3,35321032.5,30.847227,25.8,,,31.059016,0,31.1247175,21.92,30.7817125,26.86,30.9929725,20.05,30.865915,0,31.028042,0,,,30.9218055,0,30.9098195,0,31.03043,0
KGDVVHcWYTGTLPDGTVFDTNIQTSSK,4,21781605,51.486778,18.48,,,51.905443,25.19,51.561968,0,52.1034945,0,51.6960675,0,51.8492565,0,52.410669,0,,,52.397129,0,52.227396,0,52.2563705,0

