PeptideSeq,Charge,Abun,t0,i0,t1,i1,t2,i2,t3,i3,t6,i6,t7,i7,t9,i9,t13,i13,t16,i16,t21,i21,t24,i24,t31,i31
LTTNTDLILEVLR,2,10860506.4,64.097851,94.75,63.5943775,0,64.1922265,51.18,64.2667655,56.15,64.4098055,31.56,64.5141945,73.38,,,,,,,,,,,,
DLYLISQMDSDQFVPIWTVANMEEIKK,3,566589.5,76.75111,19.05,76.91555,27.03,77.212917,0,77.2773515,0,77.425739,0,77.6368215,0,,,,,,,,,,,,

