PeptideSeq,Charge,Abun,t0,i0,t1,i1,t2,i2,t3,i3,t6,i6,t7,i7,t9,i9,t13,i13,t16,i16,t21,i21,t24,i24,t31,i31
HGKPISSSYVK,3,6558021.33333333,16.0542005,22.61,15.9437255,15.85,15.8851025,32.26,15.972668,17.47,16.0643075,17.24,16.069767,20.4,16.3250445,0,,,16.460184,0,,,16.2337265,0,16.55419,0
NEWGSLLEELVK,2,22823355,69.766205,49.7,69.907272,43.38,69.932293,43.94,69.9547115,34.09,70.5619585,30.36,70.0903435,38.75,70.389454,28.4,,,70.6102025,30.71,,,71.1705055,35.84,71.2711255,44.47
VFANAPDSAcVIGLR,2,67175992.6,46.3355925,52.71,46.418909,53.54,46.4338375,50.94,46.07893,0,46.0584355,36.64,45.6196825,0,45.680136,0,,,45.7549955,0,,,46.028494,23.61,46.0327015,0
AIGVLTSGGDAQGMNAAVR,2,7163980.83333333,40.5977345,101.53,40.7477935,98.44,40.552088,87.25,40.646101,51.62,40.807045,0,40.807888,21.98,40.883545,0,,,2456.919922,32.82,,,2438.260742,0,41.222878,55.21
LAAAYNLLQHGITNLcVIGGDGSLTGANIFR,3,2637285,68.3347205,70.76,68.432449,85.11,4098.02832,0,4113.100098,72.77,4109.91748,0,68.848999,0,4121.931152,0,,,4079.047363,0,,,4158.77002,35.28,4109.573242,0
IMEVIDAITTTAQSHQR,3,21595695,48.171757,0,47.6874945,37.52,48.1906205,49.96,47.729553,0,48.528305,0,48.269329,0,48.509178,0,,,48.2836665,0,,,48.3750135,0,48.408621,0

