PeptideSeq,Charge,Abun,t0,i0,t1,i1,t2,i2,t3,i3,t6,i6,t7,i7,t9,i9,t13,i13,t16,i16,t21,i21,t24,i24,t31,i31
IINLLGFPGDR,2,69241517,57.6366595,48.42,57.476599,33.98,57.4722425,48.05,57.5138055,32.38,57.923313,34.23,57.915554,32.62,57.7681905,34.63,58.2204475,25.02,58.1656415,0,57.9967635,31.81,58.233408,23.68,58.2758805,0
LcESEEAGVIETIK,2,20980187.5,41.426161,66.01,41.521885,0,41.4137345,0,41.4737435,0,41.63558,0,41.5916995,0,41.660244,0,41.477106,0,41.4364295,0,41.847563,25.42,41.6491945,0,41.6690425,0
cLGNSQDALQFFQR,2,7216205.33333333,52.104061,77.13,52.5029945,62.94,52.120451,0,52.1399975,0,52.3702945,0,52.3408585,27.36,52.1587355,25.29,52.6452425,22.45,52.580181,21.77,52.635542,0,52.863625,0,3152.745605,0
SYVPPYAcYELGcLLLDSAETVGR,3,25866968.5,76.518032,0,76.8757095,23.66,76.9925115,0,77.002983,0,77.085003,0,77.357731,19.2,77.3927875,0,77.5338705,0,77.476738,0,77.4304695,0,77.787842,0,78.0235215,0
ALPNcSFPNLQR,2,0,2443.73584,0,40.893509,0,40.710297,0,40.551716,0,2455.659912,26.67,2454.250244,0,40.9115445,0,40.840401,0,2466.019043,0,2449.183838,0,41.043913,0,2477.320068,25.86

