PeptideSeq,Charge,Abun,t0,i0,t1,i1,t2,i2,t3,i3,t6,i6,t7,i7,t9,i9,t13,i13,t16,i16,t21,i21,t24,i24,t31,i31
APQEFTTSHLESGSR,3,11852270.3333333,,,25.993535,46.9,25.913248,39.58,25.983444,0,25.491768,34.71,25.4957125,0,25.7150125,39.48,25.3834855,29.05,,,,,26.0369825,43.15,25.8475075,0
IVLNPDKPVVEWHR,4,9559012.25,,,36.171278,0,36.1388165,41.39,36.387905,30.63,36.0081105,0,36.0842975,43.2,36.066866,0,36.2277105,0,,,,,36.5858975,0,36.980526,23.85

