PeptideSeq,Charge,Abun,t0,i0,t1,i1,t2,i2,t3,i3,t6,i6,t7,i7,t9,i9,t13,i13,t16,i16,t21,i21,t24,i24,t31,i31
NLLHQDAVDLFR,3,27382524,45.876453,49.38,45.926754,72.66,45.912109,55.2,45.94759,55.34,46.130417,25.66,46.1106605,25.13,,,46.3729935,48.12,46.2448825,33.86,46.4007605,35.34,46.49473,33.73,,
GPSGLGFNIVGGTDQQYVSNDSGIYVSR,3,8183910.25,58.2632485,36.93,58.3910845,47.98,58.3682405,0,58.3835735,0,58.5853345,0,58.594334,24.47,,,58.855331,0,3491.288574,0,59.1540625,23.61,3551.719971,20.5,,
NLLHQDAVDLFR,2,15714157.5,45.888439,0,45.9021245,0,46.020828,18.53,46.0971415,0,46.2414225,25.26,46.158783,0,,,46.535923,20.72,46.344923,0,46.502983,0,46.584875,32.41,,

