PeptideSeq,Charge,Abun,t0,i0,t1,i1,t2,i2,t3,i3,t6,i6,t7,i7,t9,i9,t13,i13,t16,i16,t21,i21,t24,i24,t31,i31
DNSYVIAGYYQANER,2,5819361.33333333,,,,,,,45.2325175,35.49,,,,,,,,,45.0944135,21.98,45.2210445,21.08,,,,

