PeptideSeq,Charge,Abun,t0,i0,t1,i1,t2,i2,t3,i3,t6,i6,t7,i7,t9,i9,t13,i13,t16,i16,t21,i21,t24,i24,t31,i31
ENVLLSSELQR,2,50758436.6666667,40.1585635,27.82,41.1816825,0,40.121468,40.99,40.3507135,30.65,40.771662,0,,,40.3569905,0,40.485882,0,40.825363,0,40.9119015,0,40.5016385,0,41.016325,0
QSFELTSDLSILQMTR,2,36470147.2727273,64.3240205,55.17,63.914259,74.81,64.4732305,61.93,64.185835,82.47,64.738033,30.58,,,64.506203,31.44,64.938099,45.25,64.694828,33.79,64.746296,25.35,65.2537045,32.98,65.403774,32.4

