PeptideSeq,Charge,Abun,t0,i0,t1,i1,t2,i2,t3,i3,t6,i6,t7,i7,t9,i9,t13,i13,t16,i16,t21,i21,t24,i24,t31,i31
AGLSFFTYESLK,2,20116160,55.9871425,24.79,56.4786145,0,56.066252,0,56.080101,0,,,56.36289,0,,,56.764088,0,56.5143185,0,56.393793,0,57.7722265,32.48,56.2303925,0
LLAGALAGTTAASLTYPLDLVR,2,7283484,69.223114,93.81,69.3404005,76.43,69.3782385,61.98,69.3837855,70.67,,,69.6707995,50.27,,,69.84795,0,4130.223633,0,4131.749023,0,4211.209961,21.2,4160.416504,0
MVFGAcAGLIGQSASYPLDVVR,3,5753860,62.8652615,44.21,62.6687965,72.19,63.084524,32.13,63.473091,37.38,,,62.827127,0,,,63.0207085,21.11,62.4675175,0,63.077734,0,62.6451205,0,62.80504,0
QVLSSLLSGALAGALAK,3,5141478.66666667,67.0246315,0,67.0906295,0,67.1566695,0,67.2029305,0,,,67.446178,0,,,67.6181565,0,67.645447,30.42,67.6494905,26.32,67.9663085,0,68.078884,36.85
MQTAGVTGHQHGSILSTLR,2,1566169.5,29.766016,0,29.910533,76.5,29.815585,0,29.80846,52.57,,,30.042213,0,,,1816.642212,0,1807.483765,0,1812.117554,0,1818.161987,0,1822.126221,0

