PeptideSeq,Charge,Abun,t0,i0,t1,i1,t2,i2,t3,i3,t6,i6,t7,i7,t9,i9,t13,i13,t16,i16,t21,i21,t24,i24,t31,i31
GPGAFFR,2,8871118.5,,,34.5130635,28.12,33.9068755,25.88,34.1284675,25.58,34.2063355,28.09,34.296923,24.82,34.133278,28.72,,,,,,,,,,

