PeptideSeq,Charge,Abun,t0,i0,t1,i1,t2,i2,t3,i3,t6,i6,t7,i7,t9,i9,t13,i13,t16,i16,t21,i21,t24,i24,t31,i31
ESTVTLQQAEYEFLSFVR,3,7820411.16666667,76.701065,83.92,76.8651545,64.19,77.264507,75.31,77.185345,47.46,77.0743025,0,77.5579565,33.46,77.5856365,21.4,,,,,,,,,,
ESTVTLQQAEYEFLSFVR,2,68960173.3333333,77.3647955,75.88,77.544876,63.27,77.587883,30.57,77.51231,50.67,77.685989,39.9,77.8729555,0,77.909496,20.93,,,,,,,,,,

