PeptideSeq,Charge,Abun,t0,i0,t1,i1,t2,i2,t3,i3,t6,i6,t7,i7,t9,i9,t13,i13,t16,i16,t21,i21,t24,i24,t31,i31
QAEESMVASMR,2,35926083,29.2665035,52.85,29.359351,54.77,29.290658,56.14,29.2848585,48.43,29.376993,0,29.4766115,24.1,29.6002035,49.64,,,29.538041,32.6,29.6148865,31.37,29.6997745,41.58,29.782223,27.79
SQLDLFDDVGTFASGPPK,2,5418949,63.4268895,147.45,63.446163,118.18,63.5149345,0,63.594717,0,63.781559,57.82,3804.867676,0,63.8455695,59.35,,,63.895035,0,64.026222,62.45,64.343739,0,64.48465,0
HGTDLWIDSMNSAPSHSPEK,3,4956058,35.282944,41.13,35.445028,40.02,35.1160415,0,2113.728027,0,2118.008301,0,2120.983154,0,2123.549316,0,,,2127.735596,0,35.675037,0,2141.727051,0,2139.237061,0

