PeptideSeq,Charge,Abun,t0,i0,t1,i1,t2,i2,t3,i3,t6,i6,t7,i7,t9,i9,t13,i13,t16,i16,t21,i21,t24,i24,t31,i31
ASAGLVTcGSVLK,2,10327258.375,33.93223,55.42,34.5819895,57.61,33.7925355,0,34.4954625,60.46,34.560173,46.06,34.589329,64.71,33.578243,0,34.807989,59.47,34.6755485,56,34.1212615,0,34.9389325,36.73,,
GQHEVHGMPSANAHNTWK,4,12919876.3333333,20.2520515,26.17,20.110735,17.06,20.1999815,38.67,20.1685915,36.97,20.2184565,33.23,20.197087,0,20.50018,37.99,20.4321335,0,20.273733,0,20.407852,0,20.431323,0,,
FQHVGTSVFLSVTGEQYGNPIR,3,158785785.714286,50.322542,69.49,50.2832645,65.35,50.31542,50.48,50.273245,45.66,50.580057,38.44,50.545797,0,50.6668475,0,50.803165,0,50.7558915,0,50.838041,40.32,50.991913,38.95,,
GQHEVHGMPSANAHNTWK,3,1616727,20.250388,0,20.0980715,19.22,20.20263,0,20.1591605,0,20.2221425,26.33,20.2061885,37.11,20.504855,0,20.43252,0,20.2708655,0,1202.304565,0,20.446249,25.46,,

