PeptideSeq,Charge,Abun,t0,i0,t1,i1,t2,i2,t3,i3,t6,i6,t7,i7,t9,i9,t13,i13,t16,i16,t21,i21,t24,i24,t31,i31
SSELAAALLSVFLER,2,1618912.7,80.285168,57.48,80.764431,84.87,80.670086,79.21,80.748402,66.61,80.7985225,75.58,80.674355,53.67,80.9424245,70.18,81.1865805,19.21,81.094738,34.77,,,81.03582,36.88,81.2784805,0
LLVPLVPDLQDVAQLR,3,3460875.71428571,71.6030235,64.21,71.6366615,49.46,71.4646875,59.33,71.7551765,51.78,71.645084,0,72.03574,32.4,71.889713,18.92,71.984543,18.23,72.01524,0,,,72.326916,0,72.479023,0
SSELAAALLSVFLER,3,2463249.2,80.467594,0,80.620758,31.29,80.7096595,48.49,80.6436155,39.65,80.811977,0,81.0491905,0,81.010082,0,81.183136,0,81.124176,0,,,81.394699,20.81,81.6865505,20.47
ALTLGALTLPLAR,2,8712611,62.391817,0,62.496002,0,62.540411,70.24,62.619938,0,62.7529165,0,62.7753885,0,62.872597,73.91,63.0190295,0,62.9496765,0,,,63.4737795,0,63.497833,0

