PeptideSeq,Charge,Abun,t0,i0,t1,i1,t2,i2,t3,i3,t6,i6,t7,i7,t9,i9,t13,i13,t16,i16,t21,i21,t24,i24,t31,i31
IQMSNLMNQAR,2,38739266.6666667,37.6630995,58.92,38.1885415,50.01,37.3469655,53.15,37.527069,0,37.5866585,0,37.6426375,0,37.588171,0,,,37.7571085,0,,,38.0315975,0,37.9827385,0
YQVLLDGLVLQGLYQLLEPR,3,3268774.375,90.414257,28.1,90.5482525,49.94,90.6397745,41.44,90.6118965,22.64,90.80587,25.15,90.8901485,34.31,90.847946,41.67,,,91.0411335,0,,,91.222195,0,91.68288,21.22
ARDDLITDLLNEAK,3,9359789.66666667,58.385538,0,58.4700165,0,58.7276705,32.25,58.524706,0,58.7006035,35.51,58.953152,28.36,58.785885,23.76,,,59.1634195,30.11,,,59.4989225,33.55,59.42238,0

