PeptideSeq,Charge,Abun,t0,i0,t1,i1,t2,i2,t3,i3,t6,i6,t7,i7,t9,i9,t13,i13,t16,i16,t21,i21,t24,i24,t31,i31
MWDPHNDPNAQGDAFK,3,12765143.8333333,,,,,33.986698,29.31,34.1615125,25.92,34.216955,26.52,34.282232,31.05,,,34.489786,34.01,,,34.4773235,30.51,,,,
RQQEVETELK,2,46195533.3333333,,,,,18.842915,0,18.9106995,42.78,18.9462605,23.16,19.010729,28.13,,,19.2203465,0,,,19.2280175,0,,,,

