PeptideSeq,Charge,Abun,t0,i0,t1,i1,t2,i2,t3,i3,t6,i6,t7,i7,t9,i9,t13,i13,t16,i16,t21,i21,t24,i24,t31,i31
LVALYNQGH,2,22329405,32.683264,22.16,32.5949175,0,32.8560105,0,32.7018395,18.07,33.023306,0,32.7510145,0,32.1420135,0,33.1879425,22.51,32.393176,0,33.15683,30.68,32.685442,0,32.437712,0
TVENVTVFGTASASK,2,55889846.1,37.404846,71.74,37.3532945,0,37.1216715,48.38,37.3174325,30.3,37.3463195,67.96,37.405201,58.32,37.369591,40.9,37.5024985,0,37.481337,25.6,37.5087395,58.22,37.7900505,26.48,37.752253,31.1
VLLVPGPEK,2,32126738,35.467846,0,35.613707,20.7,35.372564,25,35.5292165,28,35.577574,24.74,35.6645625,0,35.7293055,0,35.8766765,0,35.743397,0,35.873146,0,36.0710905,22.23,36.0240265,0

