PeptideSeq,Charge,Abun,t0,i0,t1,i1,t2,i2,t3,i3,t6,i6,t7,i7,t9,i9,t13,i13,t16,i16,t21,i21,t24,i24,t31,i31
AVSTNQWHR,3,3758753.5,18.8010185,36.93,19.0659055,0,,,19.183504,0,,,,,,,,,,,,,19.455586,28.14,,
FIPYTEEFSEK,2,2454901,44.7618505,20.77,44.885078,17.39,,,2686.317627,0,,,,,,,,,,,,,45.4308625,0,,
GFFNIYHPLDPVAYR,3,10115949.5,55.769482,0,55.86232,16.85,,,55.942606,25.1,,,,,,,,,,,,,56.2411235,0,,

