PeptideSeq,Charge,Abun,t0,i0,t1,i1,t2,i2,t3,i3,t6,i6,t7,i7,t9,i9,t13,i13,t16,i16,t21,i21,t24,i24,t31,i31
ILDMFGK,2,6945644.33333333,44.283928,25.91,,,44.402374,0,,,44.5455415,0,43.913805,0,44.748989,0,44.80472,26.31,,,44.848215,35.03,,,,
ALLLVVPLGR,2,9185552.5,57.355232,39.42,,,57.444109,0,,,57.647144,0,57.633215,0,57.6956575,0,57.8966215,24.52,,,57.9518355,0,,,,
MQLLTLVQSMVR,2,18049065,67.5138665,54.85,,,67.533207,0,,,67.6624225,0,68.2757685,54.73,67.8206065,0,67.9030535,0,,,68.1665805,0,,,,
SSHELGNQDQGIPQLR,3,12352947.5,31.101307,23.79,,,31.129077,30.3,,,31.6201395,0,31.3308515,0,31.7567035,0,31.9263055,0,,,32.123493,0,,,,
YVALTSPGPHALLLVVPLGR,3,3186905.75,59.132046,0,,,59.280167,0,,,59.460129,70.83,59.4407825,66.96,59.4218255,75.64,59.6787775,41.76,,,59.739731,0,,,,

