PeptideSeq,Charge,Abun,t0,i0,t1,i1,t2,i2,t3,i3,t6,i6,t7,i7,t9,i9,t13,i13,t16,i16,t21,i21,t24,i24,t31,i31
TLFSVLPGLK,2,14062453.375,57.624012,22.39,57.6749725,28.34,57.724653,0,57.7529545,31.41,57.904459,30.4,57.9287145,31.23,,,58.1565305,20.86,58.1382065,20.77,58.226471,25.2,,,,
YIFHNFMER,3,23715337.7142857,39.500439,35.99,40.157549,27.1,39.8917085,31.39,40.037401,19.2,39.7299095,0,40.627028,25.63,,,40.002228,0,40.3493325,23.42,40.4249175,21.26,,,,
QSLVQATEENLNK,2,66524290,37.066765,70.44,37.816069,31.34,37.60228,33.93,37.5029355,53.52,37.1241205,0,37.219458,22,,,37.366455,31.93,37.282871,24.33,37.3719405,31.82,,,,
ITFELIYQELLQR,3,8145735.5,72.75621,17.97,72.860195,41.35,72.8458325,0,72.8677025,0,73.0087895,0,73.2094575,0,,,73.3659245,0,73.2974815,0,72.9964865,0,,,,
AHGGTNINNAVLLAVELLDR,3,17758992,68.1970255,40.36,68.2447395,29.14,68.358532,31.59,68.339977,28.68,68.5530435,27.17,68.6563685,20.04,,,68.1706845,0,68.5678445,24.29,4072.612549,0,,,,
ITFELIYQELLQR,2,3322262,72.7174075,0,72.7835045,53.4,72.833687,29.96,72.855396,0,73.0056875,0,73.170891,0,,,73.379173,0,73.2978935,0,4399.229492,0,,,,

