PeptideSeq,Charge,Abun,t0,i0,t1,i1,t2,i2,t3,i3,t6,i6,t7,i7,t9,i9,t13,i13,t16,i16,t21,i21,t24,i24,t31,i31
IASGLGLAWIIGR,2,9109725.25,64.999691,54.19,65.034328,47.69,65.099354,0,65.1425095,0,65.2995755,42.32,,,,,,,64.601736,0,,,65.8663025,43.07,,
VEYPVMYSTDPENGHMFNcIQR,3,10812317,48.370081,45.05,48.280884,68.79,48.356743,20.58,48.3684805,24.93,48.596443,16.38,,,,,,,48.74519,0,,,2923.880371,0,,
VLYAYGYYTGDPSK,2,19813846.25,43.1826115,0,43.3381275,0,43.2377605,43.16,43.319397,58.06,43.4650785,49.38,,,,,,,43.5941735,39.62,,,43.8265305,0,,

