PeptideSeq,Charge,Abun,t0,i0,t1,i1,t2,i2,t3,i3,t6,i6,t7,i7,t9,i9,t13,i13,t16,i16,t21,i21,t24,i24,t31,i31
IGMIDGEcVVNPTR,2,16151200,42.92967,98.13,43.0564025,0,42.9599035,97.68,42.992359,0,43.460796,0,43.420725,34.79,,,,,43.601515,32.56,2568.10791,0,43.390049,34.4,,
EMSSSTLNLVVAGAPK,2,10332312.6666667,47.462543,63.76,47.100609,67.53,47.1642535,0,47.1536315,67.67,47.7956755,36.21,47.3585495,26.33,,,,,47.486496,0,47.647194,21.11,47.170246,0,,
LLTDILGIEDYNGDMDFK,2,10667880,71.1692355,0,71.2583045,0,71.263901,0,71.283474,48.53,71.3899425,0,71.8701705,33.4,,,,,71.7144435,0,71.6585425,0,72.5583685,0,,

