PeptideSeq,Charge,Abun,t0,i0,t1,i1,t2,i2,t3,i3,t6,i6,t7,i7,t9,i9,t13,i13,t16,i16,t21,i21,t24,i24,t31,i31
NAVVVVTGATSGLGR,2,163955001.666667,38.576294,84,38.932041,83.68,38.7439955,82.81,38.860495,65.2,39.042656,82.06,39.107582,43.52,39.135256,61.97,39.3752785,62.79,39.267546,38.33,39.2655715,61.91,39.535055,31.49,39.535023,62.39
VMEINYFGPVALTK,2,27769560,57.992405,33.05,57.8354855,37.48,57.866976,0,57.7069755,0,57.6789185,0,57.8955155,24.38,58.0511625,0,58.2945405,0,58.5435335,0,58.288015,0,58.579008,0,58.8031025,0
DVLLTDFVPSMAVYIR,2,9384763,78.41906,48.41,78.56221,53.56,78.656475,0,78.5892145,51.29,78.7505495,0,78.924732,0,78.986462,0,79.1594925,0,79.108238,0,79.05304,0,79.387005,0,79.624016,0

