PeptideSeq,Charge,Abun,t0,i0,t1,i1,t2,i2,t3,i3,t6,i6,t7,i7,t9,i9,t13,i13,t16,i16,t21,i21,t24,i24,t31,i31
KEDLELIMTEMEISR,3,4065287,,,,,56.601223,22.31,,,56.9992635,24.51,,,,,,,,,,,,,57.672144,22.4
EIQSSNLETAMSVIGDR,2,21957955,,,,,53.9790575,38.46,,,54.4433385,0,,,,,,,,,,,,,54.960348,54.62

