PeptideSeq,Charge,Abun,t0,i0,t1,i1,t2,i2,t3,i3,t6,i6,t7,i7,t9,i9,t13,i13,t16,i16,t21,i21,t24,i24,t31,i31
TLQASLHQR,3,4107903.5,19.432431,35.2,19.007286,37.94,18.70175,0,19.3443065,0,18.7999315,0,,,19.065977,0,,,,,,,,,,
KEEENVVLK,2,27232816.6666667,18.882201,34.1,18.607235,0,18.7297915,25.44,18.802844,27.77,18.6810245,0,,,18.969405,0,,,,,,,,,,
QQHQEQQALQQSATAK,3,2610604.8,17.419877,33.64,17.2987965,49.5,17.336461,49.51,17.0342605,20.12,17.066938,19.55,,,17.2878945,0,,,,,,,,,,
LTLAQEDLISNR,2,27732366.6666667,42.344954,0,42.2421605,57.55,41.8916055,0,41.892458,59.65,42.222088,45.65,,,41.96496,0,,,,,,,,,,
EQALQSLQQQR,2,33823955,27.582216,0,27.378815,0,27.8731125,0,27.875714,0,27.750517,22.77,,,27.495699,33.5,,,,,,,,,,

