PeptideSeq,Charge,Abun,t0,i0,t1,i1,t2,i2,t3,i3,t6,i6,t7,i7,t9,i9,t13,i13,t16,i16,t21,i21,t24,i24,t31,i31
MPTLGLGTWK,2,35966096,49.8715495,59.66,49.52165,0,49.456568,28.56,49.637421,41.55,49.6892985,51.26,50.143881,56.58,50.1139775,41.77,49.931547,0,49.878475,46.83,50.4352,26.55,50.6122535,39.51,50.196663,51.6
HIDcAQVYQNEK,2,4753696.75,21.368573,41.98,21.2358545,23.99,21.2742795,44.03,21.29634,31.77,21.307046,20.27,21.369705,17.2,21.8391675,27,21.569463,0,21.3413995,0,21.571062,0,21.4947815,20.71,21.6287865,0
VFDFEVSSEDMATLLSYNR,2,2812427,72.03899,71.78,72.1708565,75,72.209259,108.94,72.231548,70.97,4342.370117,95.07,72.5751725,57.08,72.5934945,67.39,4363.319824,45.13,71.296997,0,71.954666,0,4316.678711,0,4388.580078,33.86
TLSDLQLDYLDLYLIHWPTGFK,3,5768175.1,77.4564895,33.42,77.6099165,40.53,77.691727,28.3,77.7383495,48.6,77.932762,27.04,78.139179,40.92,77.859253,21.96,78.221081,0,78.288551,26.13,78.03455,0,78.4371645,47.93,78.608368,31.24
YKPAVNQIEcHPYLTQEK,3,5773716,29.952748,0,30.08028,0,29.931546,33.96,29.938723,0,30.1111525,0,30.1666945,23.92,30.221113,20.52,30.386385,0,30.204978,0,1796.614868,0,30.346511,0,30.368773,0

