PeptideSeq,Charge,Abun,t0,i0,t1,i1,t2,i2,t3,i3,t6,i6,t7,i7,t9,i9,t13,i13,t16,i16,t21,i21,t24,i24,t31,i31
STVVSLLLR,2,13618775,50.6320075,49.03,51.066698,0,50.6470545,0,50.6416285,0,,,50.8608265,39.48,50.940224,0,51.112158,47.94,,,51.1666165,35.92,,,51.40155,0
AAEVANAAEFIR,2,82623100,40.193596,0,40.7000545,0,40.3212315,0,40.788805,0,,,40.7136615,19.71,40.846378,0,41.318619,0,,,40.178724,0,,,40.7824095,31.33
LYDPNSGTVSLDGHDIR,3,346608033.333333,37.932545,0,38.096712,42.4,37.886667,54.84,38.045183,37.97,,,38.167755,51.63,38.121649,55.18,38.2857535,0,,,38.373808,37.74,,,38.3197385,0

