PeptideSeq,Charge,Abun,t0,i0,t1,i1,t2,i2,t3,i3,t6,i6,t7,i7,t9,i9,t13,i13,t16,i16,t21,i21,t24,i24,t31,i31
VDPLVSLMMVEK,2,33000323.6363636,62.866623,51.38,62.965492,51.63,62.837372,47.53,62.8317965,42.08,63.077791,42.63,63.0008165,56.32,63.046558,29.93,63.306532,53.16,63.236805,54.15,63.2153585,0,63.5846615,45.34,63.735014,42.73
IAELMPGASGAEVK,2,48504890,37.4047715,49.21,37.552984,43.47,37.2444055,0,37.474905,0,37.8169175,0,37.8830565,0,37.803396,0,37.943039,0,37.9116455,0,38.090925,0,38.2792205,0,38.154787,0
AVAHHTDcTFIR,3,21568305,19.939375,29.28,19.5638005,0,19.644019,19.48,19.626083,38.5,19.6833185,0,19.9137335,0,19.9788265,27.49,19.9250455,37.89,19.739548,32.71,19.8792085,0,19.929124,26.58,19.9521875,26.93
AVAHHTDcTFIR,2,9910156,19.937874,28.74,19.7989435,25.43,19.8641975,26.08,19.8702325,0,19.9259805,15.83,20.1181705,0,20.2181245,0,20.133953,0,19.970378,0,20.350623,0,20.1552535,0,20.149929,0
NIDINDVTPNcR,2,16401629.6666667,37.044775,44.34,37.1919595,0,36.9777565,0,37.1774295,0,37.2061615,36.84,37.2830105,0,37.2917805,0,37.501276,0,36.833809,0,37.4964025,37.76,37.659651,0,37.620676,0
HPELFEALGIAQPK,3,44997722.5,48.5940705,35.24,48.5631825,30.72,48.6072865,0,48.641773,0,48.8961925,0,48.8268985,23.75,48.909828,0,49.0893575,0,49.040047,0,49.092594,0,49.440035,0,49.525385,18.61
GVcTEAGMYALR,2,32644904.2857143,37.359327,0,37.540026,0,37.1918125,45.1,37.7864705,43.57,37.534073,0,37.617544,24.04,37.614023,24.29,37.825819,0,37.715126,35.91,37.8105355,24.24,37.984308,0,37.9712255,33.38
VHVTQEDFEMAVAK,3,10762100,36.6722355,0,36.6296445,0,36.5447765,67.9,36.7952655,0,36.6739695,0,37.0409795,0,36.914776,0,37.1761495,0,37.011892,0,37.19928,0,37.197659,0,37.3290825,37.95
VPDSTYEMIGGLDK,2,51045263.3333333,46.7691935,0,46.7843245,53.15,47.207869,0,46.9362485,0,47.020975,0,46.9454405,0,47.5522005,46.63,47.173151,0,47.106722,0,47.223635,0,47.846598,28.68,47.379011,0
EELQLLQEQGSYVGEVVR,2,32323312.8571429,55.326437,0,55.422348,111.16,55.2756385,99.89,55.40181,55.63,55.536644,65.55,55.553028,75.53,55.57,0,55.6873625,0,55.8952715,35.29,55.7308025,0,56.0509165,42.35,56.218363,0

