PeptideSeq,Charge,Abun,t0,i0,t1,i1,t2,i2,t3,i3,t6,i6,t7,i7,t9,i9,t13,i13,t16,i16,t21,i21,t24,i24,t31,i31
WLLAEMLGDLTDNQLK,3,6077319.16666667,80.01022,21.57,80.4891015,16.79,80.552315,19.59,80.554279,23.27,79.8056835,0,,,80.0217975,0,,,81.028599,21.4,80.1304245,25.25,79.452061,0,80.303387,0
FIcHVVGITYQHIDR,4,4255403,35.105221,0,35.288233,0,34.9281235,0,35.178387,0,35.1848105,0,,,35.30978,33.17,,,2122.060791,0,35.4911,0,35.637686,0,35.3799915,26.86
YNPENLATLER,2,170378904.285714,39.103285,0,39.6315935,51.76,39.4207285,33.63,39.4849395,0,39.5927105,46.75,,,40.2064495,16.83,,,39.7424125,0,39.9747675,28.21,40.6217725,31.22,40.5913695,32.77

