PeptideSeq,Charge,Abun,t0,i0,t1,i1,t2,i2,t3,i3,t6,i6,t7,i7,t9,i9,t13,i13,t16,i16,t21,i21,t24,i24,t31,i31
NQDATVYVGGLDEK,2,2767978.5,,,37.615582,27.26,2229.510498,0,,,37.0028035,54.45,,,,,,,,,,,,,,
VSEPLLWELFLQAGPVVNTHMPK,3,13937985,,,74.088516,19.8,73.653549,27.33,,,73.808052,0,,,,,,,,,,,,,,

