PeptideSeq,Charge,Abun,t0,i0,t1,i1,t2,i2,t3,i3,t6,i6,t7,i7,t9,i9,t13,i13,t16,i16,t21,i21,t24,i24,t31,i31
LGGDLGTYVINK,2,191096165,42.2841455,64.03,42.470894,58.87,42.102739,44.85,41.9512405,62.68,42.04097,47.68,42.029543,0,42.1147555,0,42.163006,50.66,42.111183,43.17,42.2143365,48.84,42.3368605,47.73,42.3286875,48.48
QIWLSSPSSGPK,2,73445740,36.4921535,36.41,36.5486315,39.06,36.364153,34.32,36.568901,40.36,36.76552,36.12,36.6721515,29.9,36.8960665,39.4,37.1191405,31.86,37.0245455,29.43,37.40185,26.86,37.654486,24.71,37.5356315,23.14
GTLDNPSSLDETAYER,2,5972766.5,39.0560455,100.85,2353.189941,83.06,39.0200575,119.24,2354.913086,0,2341.018799,0,2342.615967,0,2365.48999,34.52,2354.928711,0,2349.473389,0,2332.785645,0,2382.850098,69.24,2340.665283,0
NWVYSHDGVSLHELLAR,3,57270938,46.529783,62.96,46.4105225,69.21,46.4023895,59.84,46.4359225,50.8,46.4134065,21.55,46.334446,29.77,46.405529,21.41,46.5750195,0,46.4768275,24.81,46.908871,22.72,46.7211265,0,46.74094,20.02

