PeptideSeq,Charge,Abun,t0,i0,t1,i1,t2,i2,t3,i3,t6,i6,t7,i7,t9,i9,t13,i13,t16,i16,t21,i21,t24,i24,t31,i31
PSENLGQVLFGER,2,135124050,52.212122,0,,,52.426876,68.99,,,,,,,,,,,,,51.9886055,31.35,,,,

