PeptideSeq,Charge,Abun,t0,i0,t1,i1,t2,i2,t3,i3,t6,i6,t7,i7,t9,i9,t13,i13,t16,i16,t21,i21,t24,i24,t31,i31
GQVcLPVISAENWK,2,49388404,52.6819055,58.76,51.93281,61.36,52.060583,34.09,52.3966615,57.75,52.622023,42.95,,,52.8743665,56.28,53.0440275,19.66,52.9564515,23.84,53.0563695,35.68,53.269077,43.42,,
TDQVIQSLIALVNDPQPEHPLR,3,93415870,66.924412,90.28,66.9906195,105.64,67.0821115,63.4,67.0643735,0,67.205765,0,,,67.4961355,0,67.5149805,0,67.5063135,0,67.4888725,0,67.766693,0,,
NIQVDEANLLTWQGLIVPDNPPYDK,3,43662930,72.5112265,20.51,72.7715985,42.23,72.60144,0,72.778793,0,72.9320145,0,,,73.25383,0,73.3404655,0,73.284916,0,73.230671,0,73.6366195,0,,
ADLAEEYSK,2,77164395,26.2327975,0,26.191676,27.89,26.2016475,0,26.1630535,0,26.291799,27.72,,,26.7382325,0,26.6595095,0,26.484007,0,26.465872,0,26.511858,0,,
IEINFPAEYPFKPPK,3,1544612170,52.1273915,0,52.139696,16.64,52.270426,0,52.67494,22.12,52.7008815,0,,,53.434494,22.16,53.731823,22.72,52.872866,0,53.735342,19.38,53.1387825,0,,

