PeptideSeq,Charge,Abun,t0,i0,t1,i1,t2,i2,t3,i3,t6,i6,t7,i7,t9,i9,t13,i13,t16,i16,t21,i21,t24,i24,t31,i31
DLLILQQLLTR,2,3277119.16666667,,,,,75.3353465,29.66,75.378338,37.14,,,75.6689795,31.59,75.7679025,40.32,75.8674085,39.13,,,,,,,76.349251,46

