PeptideSeq,Charge,Abun,t0,i0,t1,i1,t2,i2,t3,i3,t6,i6,t7,i7,t9,i9,t13,i13,t16,i16,t21,i21,t24,i24,t31,i31
ALVDAHGPAR,2,3924551.72727273,19.9975465,38.58,19.849269,35.85,19.9001065,39.44,19.626083,32.89,19.6957515,38.95,19.72159,34.87,19.9788265,50.34,19.7149015,34.13,19.7482615,0,19.899223,32.71,19.9481175,26.89,20.028201,47.03
EQALLSQELWR,2,79384184.4444444,50.3960915,0,50.578911,40.6,50.4312535,53.64,50.4699385,43.46,50.7128425,43.29,50.651283,42.01,50.90411,40.65,50.529341,0,51.455162,28.59,50.997246,30,51.1879865,39.09,50.841484,0
PSKPSTGGWQPLR,3,22037795,27.4987965,0,26.999167,39.27,26.98672,0,27.487835,0,26.732755,0,26.765787,0,27.796666,33.13,27.248289,0,27.6730375,30.2,27.76332,29.26,27.2892985,0,27.3801595,0
EDcTQPDYEATSR,2,7160438,1403.050049,0,23.466651,33.46,23.481517,27.28,23.4689955,27.93,23.548756,0,23.600199,0,23.859704,0,23.668558,0,23.5057125,0,1416.940186,0,23.770727,0,1426.423218,0
WNSPEEGGPWVWNTYQAYLK,2,1685550,3934.72998,0,65.6206665,19.18,3931.335693,0,3943.919922,80.45,3945.087402,0,3949.199463,0,3951.451172,0,3934.41748,0,3968.800049,38.3,3935.658447,0,3951.213135,0,65.444893,0
TSEVWYEENLSAMLR,2,3739068.75,60.997103,0,61.1066835,0,60.753294,0,61.167326,64.52,61.381088,57.29,61.400854,0,61.469776,0,61.580664,50.12,61.5334585,0,3657.394287,0,61.4696525,29.51,61.7907505,0
NLQLScLSTEQNQHLQASLSR,3,11511689.4,41.523489,0,41.6457405,52.22,41.5613305,46.03,41.5879575,46.48,41.7969935,36.37,41.7587625,30.53,41.8481065,0,41.9850195,0,41.946367,0,42.0254405,0,42.106039,0,42.110901,0
AGLAFGVK,2,28600310,33.623791,0,33.6910555,0,33.582695,39.25,33.6325645,39.18,33.756111,38.9,33.4892505,39.21,33.84095,28.87,34.0025465,38.74,33.834774,38.69,33.690039,40.08,34.1438425,0,34.101484,38.47
SIPYGcLEEVIPYLIR,2,23954236,72.870514,0,73.000832,0,73.0854795,57.43,72.974987,50.29,73.4581105,0,73.633129,0,73.368893,0,73.456127,34.8,74.14085,0,74.2742155,32.68,74.7797165,45.2,73.9368555,0

