PeptideSeq,Charge,Abun,t0,i0,t1,i1,t2,i2,t3,i3,t6,i6,t7,i7,t9,i9,t13,i13,t16,i16,t21,i21,t24,i24,t31,i31
ALAITFTNFVTEPLK,2,5352262.75,63.823435,21.46,63.8278235,95.77,63.97093,0,64.029413,21.07,63.7138235,0,64.346901,50.54,,,63.4815675,0,63.3491515,0,,,,,,
YYELLIVNPIWLVPPTK,2,2397084.5,77.9778255,16.3,78.550087,44.02,78.2168425,0,78.147194,0,78.2960015,0,78.4699095,0,,,78.7031515,0,79.058155,0,,,,,,
FLSGEEWKPGALDDALSDILINFK,3,299885577.5,76.8827975,24.89,77.089012,37.33,77.1086575,32.39,77.120663,0,78.2184905,53.99,78.1485405,0,,,78.5238455,21.44,78.44627,27.96,,,,,,

