PeptideSeq,Charge,Abun,t0,i0,t1,i1,t2,i2,t3,i3,t6,i6,t7,i7,t9,i9,t13,i13,t16,i16,t21,i21,t24,i24,t31,i31
LSSHPVLSK,2,5640411.63636364,18.382877,39.67,18.276615,43.55,18.267006,30.17,18.2960955,39.44,18.625387,37.19,18.4090785,20.54,18.6370915,39.3,18.8399915,31.99,18.4728985,38.02,18.615224,36.93,18.6070855,36.52,18.0930175,0
TVSTHEVFLQR,2,32705732.6666667,27.784929,46.68,27.6897785,54.59,27.668675,62.8,27.7285415,61.65,28.3294555,46.39,27.8794845,46.4,28.4708555,57.87,28.0550185,0,27.841862,38.35,27.9759225,0,28.4747475,31.64,28.249561,0
NLIEMSELEIK,2,11797443.625,53.5856855,38.7,53.6174925,0,53.662048,0,53.6837465,44.36,53.8915845,39.03,53.9046515,34.76,54.0015355,33.83,53.524414,0,54.096943,37.04,54.165699,33.96,53.7031305,0,54.50366,30.46
NNVSLLQScIDLFK,2,18775970,60.9473515,43.44,60.991676,33.63,61.020315,58.07,60.7492735,63.28,61.389292,64.62,60.925074,0,60.978714,0,61.5405925,22.16,61.059212,29.66,61.5189765,29.84,61.76301,22.52,61.9496385,0
TTLSTFQSPEFSVTR,2,26777772,47.1210995,57,47.1124115,0,47.458519,0,47.1537935,0,46.911068,37.59,47.32275,74.82,46.946495,0,47.1373845,0,47.3902475,35.93,47.19014,38.57,47.2914085,0,47.278145,0
SADEVLFSGVK,2,24815230,42.016758,0,41.85445,0,41.8668,38.32,42.2082425,0,42.0998705,36.24,42.251427,0,42.174673,23.84,42.7964265,24.19,42.650898,24.16,42.2401525,39.62,42.039917,26.65,42.4864425,0

