PeptideSeq,Charge,Abun,t0,i0,t1,i1,t2,i2,t3,i3,t6,i6,t7,i7,t9,i9,t13,i13,t16,i16,t21,i21,t24,i24,t31,i31
HSSYScQVTHEGHTVEK,4,1954959.33333333,16.098683,21.65,,,15.873029,18.12,,,,,,,,,,,16.224019,24.43,,,,,,

