PeptideSeq,Charge,Abun,t0,i0,t1,i1,t2,i2,t3,i3,t6,i6,t7,i7,t9,i9,t13,i13,t16,i16,t21,i21,t24,i24,t31,i31
QLVEQVEQIQK,2,50900608,34.583372,50.94,34.7905595,63.52,34.504267,0,34.846098,47.62,34.760223,53.51,34.8049335,43.72,,,,,,,,,,,,
cFIEEIPDETMVIGNYR,2,15931669,61.6135485,57.45,61.687262,75.91,,,61.8001915,60.35,,,61.9803605,40.58,,,,,,,,,,,,
QREEYQPATPGLGMFVEVK,3,34083712.5,48.4497945,28.96,48.3835205,20.72,48.485722,19.79,48.6725405,18.9,49.073502,0,49.0216215,0,,,,,,,,,,,,
FSLFAGGMLR,2,278092050,56.779684,0,56.856432,0,56.9000705,28.28,56.9416505,19.1,57.0939965,0,57.05658,0,,,,,,,,,,,,
cFIEEIPDETMVIGNYR,3,8101566,,,,,,,61.4571475,30.74,,,,,,,,,,,,,,,,

