PeptideSeq,Charge,Abun,t0,i0,t1,i1,t2,i2,t3,i3,t6,i6,t7,i7,t9,i9,t13,i13,t16,i16,t21,i21,t24,i24,t31,i31
LNIFDQSFYDLSLR,2,2569846.66666667,69.5131835,79.23,,,70.083637,34.57,4205.439941,21.1,,,70.4209785,32.62,,,70.568886,47.71,70.6086235,38.38,70.556728,28.1,,,,

