PeptideSeq,Charge,Abun,t0,i0,t1,i1,t2,i2,t3,i3,t6,i6,t7,i7,t9,i9,t13,i13,t16,i16,t21,i21,t24,i24,t31,i31
cPSTHSEELR,3,3649032.8,15.6867115,51.9,15.619812,0,15.597056,0,15.1929495,61.48,15.7162125,0,15.6731455,25.4,15.9303375,19.6,15.9644875,31.06,15.418339,0,15.89799,0,15.904829,0,15.9416355,0
cPSTHSEELR,2,1691989,15.942181,16.18,15.725435,0,15.938447,0,15.8956785,0,15.961841,17.26,15.930314,0,16.0721,0,15.9349705,0,15.8468675,0,16.0200085,0,16.0172935,0,16.031856,0
INPDEREEMK,2,5493769.66666667,18.316471,42.99,18.1490365,28.84,18.13914,0,18.237627,0,18.242206,0,18.3081135,0,18.5315735,30.34,18.497659,0,18.3753865,0,18.542409,0,18.517269,0,18.472467,0
LFIVGSNSSSSTR,2,136880200,34.277971,75.58,34.730503,59.28,34.5163765,58.98,34.6421565,0,34.7467345,37.29,34.780737,0,34.8437155,0,34.989784,0,34.8535995,0,34.9382,0,35.1313575,0,35.109684,35.85
TLNEWSSQISPDLVR,2,158293954.545455,51.559021,84.69,51.464027,83.08,51.531307,72.85,51.585108,66.88,51.685528,32.15,51.674099,31.26,51.860983,56.8,51.918375,48.57,51.851158,31.31,51.932873,41.42,52.1631965,0,52.219923,27.59
ASTLHLQTGNLLNWGR,2,6983072.8,48.6107085,68.62,2914.708008,0,48.586111,0,48.6146565,0,49.029062,48.74,49.15443,0,48.898666,0,2921.269287,0,49.146019,43.86,49.2896765,40.38,49.2449625,53.4,2961.669922,26.31
ASTLHLQTGNLLNWGR,3,107688467.272727,48.622677,49.41,48.249479,72.85,48.6134055,44.22,48.33164,70.37,48.511101,33.2,48.4819245,49.43,48.8940025,32.75,48.74449,46.26,48.5632575,0,48.8031365,38.85,48.913805,35.53,48.9749485,19.89
EFPDVLEcTMSHAVEK,3,46427175,50.56835,52.52,50.4559765,63.14,50.6715795,26.98,50.531105,48.43,50.738394,16.89,50.773922,0,50.862604,0,50.9954035,0,50.940264,18.21,51.0353855,0,51.1837825,0,51.304085,0
IVAIGTSDLDKTQLEQLYQWAQVKPN,3,4713813,63.8607385,39.57,63.864954,25.78,64.00787,0,63.979298,0,3853.587891,0,3859.31543,0,3859.734619,0,3869.029053,0,3867.397705,0,3870.040771,0,3888.000244,0,64.858505,0

