PeptideSeq,Charge,Abun,t0,i0,t1,i1,t2,i2,t3,i3,t6,i6,t7,i7,t9,i9,t13,i13,t16,i16,t21,i21,t24,i24,t31,i31
GFEKPTENSSAVLLQWHEK,4,11722691,38.623922,37.22,38.7264025,31.44,39.013943,44.21,38.6370695,0,38.72682,0,38.604523,19.84,38.879833,22.36,39.0841595,22.23,38.9649775,0,38.9952545,0,39.4739245,0,39.4255025,22.64
ALAVGGLGSIIR,2,56152277.5,49.5984345,0,49.54327,0,49.5764675,51.72,49.612736,43.09,49.8435615,53.81,49.915644,44.98,49.8867725,0,50.0827505,0,50.080965,35.52,50.1498525,57.49,50.3248805,52.11,50.4734995,40.94

