PeptideSeq,Charge,Abun,t0,i0,t1,i1,t2,i2,t3,i3,t6,i6,t7,i7,t9,i9,t13,i13,t16,i16,t21,i21,t24,i24,t31,i31
KPASGTLDVSLNR,2,5946074,1638.400024,71.44,27.112646,0,27.3332775,0,27.371455,0,27.296793,0,27.7861125,57.69,27.6297265,72.42,,,,,27.611588,0,27.677552,0,27.921603,0
GVLEQGWQADSTTR,2,26769347,37.1525515,80.96,37.7051145,62.77,37.1035725,80.53,37.263498,62.02,37.796116,27.52,37.8336525,18.54,37.835255,22.82,,,,,38.037199,25.5,38.650284,25.45,38.5848925,26.57
SANSELGGIWSVGQR,2,137720525,47.7148055,96.88,47.691839,0,47.7333735,34.06,47.773031,73.42,46.6500415,0,46.585451,0,48.0338345,67.2,,,,,47.4495985,0,48.376509,0,46.976284,0
FIPLSEPAPVPPIPNEQQLAR,3,5847362.5,57.538149,20.36,57.601229,21.51,57.6031555,0,57.668175,0,57.4749165,0,3467.672363,0,57.8811095,0,,,,,3486.739258,0,3500.800049,0,58.493999,0
DFPGIYTTINAHQWSETVQPIMEALR,3,9965502,73.3854945,54.69,73.474117,35.75,4401.470215,30.91,73.628605,0,73.952644,0,73.584824,0,4417.399414,0,,,,,73.760323,0,74.329048,0,74.218857,0

