PeptideSeq,Charge,Abun,t0,i0,t1,i1,t2,i2,t3,i3,t6,i6,t7,i7,t9,i9,t13,i13,t16,i16,t21,i21,t24,i24,t31,i31
LTQEPESIR,2,196136133.333333,23.3491915,42.25,23.199016,51.74,23.225891,0,23.2128725,0,23.241767,49.16,23.3293315,0,23.575132,0,,,23.233448,0,23.49319,0,,,23.705919,0
VAQLcDFNPK,2,84669760,34.607483,54.45,35.049482,53.98,34.6876945,53.77,34.708733,54.05,33.7153225,0,34.828896,46.16,33.842474,0,,,33.83337,0,33.965988,0,,,34.068905,0
EETPGTEWEK,2,8668950.44444444,28.2536005,37.17,28.1825485,38.15,27.80794,34.35,28.221386,26.16,28.461873,36.28,28.013609,35.6,28.572897,0,,,28.3924215,27.28,28.557088,26.85,,,28.302556,25.45
LTQEPESIRK,3,14655060,18.6672265,0,18.569574,0,18.270295,0,18.2883045,0,18.6982015,0,18.419596,21.4,18.9359695,26.26,,,18.5065805,0,18.47238,0,,,18.81219,0
LQELDAASK,2,114852685,22.969328,0,22.4941015,24.44,22.7557105,0,23.053524,26.48,22.907685,0,22.5980455,0,23.0196055,0,,,22.752916,0,23.485673,0,,,23.979005,0

