PeptideSeq,Charge,Abun,t0,i0,t1,i1,t2,i2,t3,i3,t6,i6,t7,i7,t9,i9,t13,i13,t16,i16,t21,i21,t24,i24,t31,i31
TNFFIQLVR,2,7661799.25,55.816366,33.11,56.0937255,0,,,55.9464035,29.48,56.286785,27.84,56.114933,17.78,,,,,,,,,,,57.156782,0
NYLEQIYNVPVAAVR,2,8028817,56.1572625,50.5,56.1899375,0,,,56.4249175,0,56.0834845,0,56.641066,41.52,,,,,,,,,,,57.574043,47.98

