PeptideSeq,Charge,Abun,t0,i0,t1,i1,t2,i2,t3,i3,t6,i6,t7,i7,t9,i9,t13,i13,t16,i16,t21,i21,t24,i24,t31,i31
FEDYLNAESR,2,18191201.6666667,37.143759,34.58,37.3015025,43.09,37.0525895,0,37.293535,0,37.318245,0,37.3795895,45.01,37.373173,44.12,37.2488845,0,,,37.225889,40.1,37.379942,40.28,37.681801,0
DVTNNVHYENYR,2,25122778.8888889,26.7038545,68.89,26.7218005,23.47,26.9475035,67.63,26.774622,51.3,26.9233345,38.76,26.900124,51.57,27.009292,16.71,27.057085,0,,,26.982626,0,27.0588275,45.98,27.245794,35.95
ADTLTPEEcQQFK,2,42580166.25,32.9713305,51.89,33.087477,37.08,32.945759,21.51,33.0089475,48.56,33.1441955,19.82,33.2282905,28,33.265665,37.26,33.4630525,0,,,32.675179,0,33.542679,20.67,32.791581,0
NLEGYVGFANLPNQVYR,2,19138996.6666667,56.4723875,48.39,56.543955,0,56.6103595,0,56.6383495,0,56.8178905,46.79,56.770464,0,56.8278465,0,57.0961605,49.35,,,56.4062845,0,57.436035,0,56.851408,0
QYPWGVAEVENGEHcDFTILR,3,13449391,55.375446,33.12,55.4380985,59.44,55.2947845,62.1,55.5259835,25.24,55.034712,0,55.601921,17.63,55.758398,33.88,55.233383,0,,,55.245243,0,55.555935,0,55.641218,0
STLINSLFLTDLYSPEYPGPSHR,3,20035816.625,64.5535625,76.11,64.5606915,64.92,64.664158,51.52,64.692436,34.55,64.8862115,0,64.9727135,0,64.957264,28.88,65.1972315,0,,,65.178467,28.06,65.45348,40.02,65.620853,25.41

