PeptideSeq,Charge,Abun,t0,i0,t1,i1,t2,i2,t3,i3,t6,i6,t7,i7,t9,i9,t13,i13,t16,i16,t21,i21,t24,i24,t31,i31
DFPLTGYVELR,2,211907733.333333,60.66469,63.4,60.742893,65.63,60.7754555,63.35,60.830837,59.07,61.009773,55.36,61.0231555,57.17,61.051985,57.66,61.236374,53.4,61.1618955,53.01,61.2899075,51.25,61.5358145,38.23,62.098259,43.87
FEIVYNLLSLR,2,109157133.333333,66.761616,36.5,66.816517,58.56,66.8577955,51.08,66.90057,47.21,66.7654495,44.88,67.221039,42.04,67.270779,31.87,67.35429,42.8,67.3562395,42.37,67.362961,45.17,67.628418,44.88,67.813263,58.07
VVAEPVELAQEFR,2,104226468.333333,50.652454,69.09,50.6927735,0,50.7321185,0,51.0984575,26.39,51.3736055,51.05,51.2665765,0,51.0151695,0,51.165981,18.9,51.113071,0,51.6005345,44.66,51.332678,33.38,51.4412215,0
ILTDYGFEGHPFR,2,41252973.6363636,43.0843025,106.6,43.292244,95.66,43.1174125,82.39,43.1894265,105.06,43.3963585,47.44,43.3363075,0,43.415396,64.2,43.632141,36.03,43.51449,54.76,43.586163,41.86,43.4688685,60.82,43.4811455,35.99
ILTDYGFEGHPFR,3,173197925,43.266159,71.72,43.4557055,53.3,43.3103275,43.2,43.1973725,63.48,43.5614285,48.15,43.5242365,50.72,43.5972825,36.33,43.6260375,36.26,43.6885395,54.41,43.5832955,28.15,43.940205,41.55,43.717392,21.4
QLSAFGEYVAEILPK,2,156596199.166667,67.564575,64.31,67.616222,85.77,67.6454545,65.65,67.9247055,50.23,68.0158275,58.31,68.176983,47.37,68.2482225,49.5,68.3365175,19.97,68.334328,18.13,68.3056065,30.3,68.648727,20.29,68.803272,30.01
KFDLNSPWEAFPAYR,3,104522902.5,56.169622,44.33,56.27491,45.33,56.2448595,49.95,56.3037605,64.06,56.4449595,43.07,56.449854,30.48,56.5197125,40.53,56.715292,0,56.302223,0,56.281448,31.67,56.6962395,0,56.78713,0
KFDLNSPWEAFPAYR,2,26236228,56.1684205,54.43,56.412176,55.19,56.3044875,72.57,56.6310975,47.19,55.8501055,0,56.399807,25.01,56.020819,66.61,56.7385885,57.19,56.0982935,0,56.097889,0,56.519892,53.9,56.379087,0
KDFPLTGYVELR,3,10119003.5,45.853008,0,45.8672315,46.42,45.984177,0,45.8768235,0,46.135391,0,46.128069,0,46.2667695,0,46.4267235,0,46.221165,0,46.40028,0,46.301466,0,46.583168,32.85

