PeptideSeq,Charge,Abun,t0,i0,t1,i1,t2,i2,t3,i3,t6,i6,t7,i7,t9,i9,t13,i13,t16,i16,t21,i21,t24,i24,t31,i31
GDFVLDYPR,2,16430090,45.730261,51.65,45.9870205,47.02,45.766134,0,45.641743,0,46.189537,0,45.22979,0,46.318859,0,,,46.174004,0,,,46.9368035,0,,
LSDHMDFLQR,3,59091658.8888889,36.6395305,35.67,36.750023,33.37,36.536772,32.1,36.770811,31.03,36.50156,24.33,36.685844,28.49,36.6677435,32.65,,,36.7594205,17.81,,,37.0343515,18.37,,

