PeptideSeq,Charge,Abun,t0,i0,t1,i1,t2,i2,t3,i3,t6,i6,t7,i7,t9,i9,t13,i13,t16,i16,t21,i21,t24,i24,t31,i31
MDFTAAR,2,22817954.5454545,28.729701,39.81,28.2556805,39.48,28.253794,44.28,28.7023345,27.28,28.4761715,38.59,28.455344,38.69,29.0374495,28.26,28.670187,34.8,28.479543,38.76,28.600384,34.93,29.068778,38.27,28.838361,0
ATVFLAMGK,2,34222830,40.3363095,39.67,40.364578,36.35,40.3686735,36.17,40.509735,0,40.1693955,0,40.583458,48.59,40.24316,0,40.688343,56.17,40.2045765,0,40.902899,35.91,40.4384555,0,40.456984,0
LIESAEELIR,2,40829780,43.685165,35.52,43.860405,46.42,43.1096685,0,43.5139255,0,43.3191185,0,43.284645,0,43.3562925,0,43.56024,0,43.459591,0,43.5500505,0,43.715206,0,43.6821975,0
LDEAEDDFKK,2,1471557.8,21.7527415,21.41,21.636888,22.29,21.6733715,33.33,21.684833,26.44,21.703961,38.21,21.759264,0,21.992158,0,21.575279,0,21.408345,0,21.9660265,0,21.889003,0,21.655877,0
ILEVcVWDAELR,2,30101447.5,58.0789875,21.39,58.154524,0,58.233585,65.44,57.847862,0,58.0507925,0,57.9783515,64.33,58.087076,0,58.2339285,0,58.2199555,0,58.586451,0,58.466064,0,59.101305,54.56
IcSEVLQMEPDNVNALK,2,4303731.5,48.3852595,39.57,48.319979,50.45,48.385082,0,48.416103,0,47.3122445,0,47.245327,0,2918.399902,18.11,48.829475,0,2905.641602,0,48.898811,0,48.3757645,0,2926.492676,0
SQALDAFDGADYTAAITFLDK,2,3181710.8,71.2692335,108.83,71.3939705,0,71.4518015,0,71.013626,0,71.645336,0,71.765255,26.78,71.420269,0,71.997139,0,71.9132235,37.06,71.8115845,0,72.2624855,28.66,72.351067,31.28
LLAAGQLADALSQFHAAVDGDPDNYIAYYR,3,11463769.5,71.231228,61.85,71.259029,27.41,71.735264,0,71.7688865,0,71.964973,0,72.447529,0,71.7138825,0,72.5473595,0,72.5685045,0,72.5319975,0,72.6111985,0,72.748108,0
FIDIAAAK,2,39479847.5,35.063217,0,35.4469625,34.36,35.4401035,0,35.643862,0,35.2530345,26.8,35.149458,28.49,35.3010025,0,35.443859,29.33,35.3191415,0,35.7032775,0,35.8145885,0,35.8245295,0

