PeptideSeq,Charge,Abun,t0,i0,t1,i1,t2,i2,t3,i3,t6,i6,t7,i7,t9,i9,t13,i13,t16,i16,t21,i21,t24,i24,t31,i31
QEFVDAYVDYIFNK,2,4162596.33333333,67.075043,38.35,,,66.7466125,20.46,67.215492,22.03,,,,,,,,,,,,,,,,

