PeptideSeq,Charge,Abun,t0,i0,t1,i1,t2,i2,t3,i3,t6,i6,t7,i7,t9,i9,t13,i13,t16,i16,t21,i21,t24,i24,t31,i31
SPAQILIR,2,1166940808.33333,35.3955845,57.78,35.531216,55.47,35.3150955,41.09,35.4756965,59.07,35.5248795,29.93,35.5974505,52.07,35.65851,47.59,35.785019,26.67,35.690832,54.4,35.796085,52.09,35.9357315,52.06,35.924011,57.18
LAINLGYR,2,66263565,39.527918,47.05,39.662966,51.01,39.9422745,44.26,40.057777,46.64,39.7298185,44.27,40.207897,44.26,39.7863925,44,39.7857055,0,39.7369995,0,39.625204,0,39.8354625,0,40.599293,46.05
NLGVSNFNHEQLER,3,173489634,31.010227,65.97,31.1313845,37.52,31.035485,0,31.079033,30.44,31.1945265,0,31.22933,0,31.2844875,16.18,31.486043,0,31.317715,0,31.373315,18.17,31.7012215,0,31.3195525,0
VRPITNQIEcHPYLNQK,3,8980325.55555556,28.6676,53.59,28.7155905,53.8,29.0073235,22.96,28.984904,24.93,29.180001,0,29.179516,24.56,29.02226,21.5,29.060727,22,28.894447,31.64,29.0028945,0,29.335822,32.57,29.1566505,0
VIPSHTSFLDTWEAMEDLVFEGLVK,3,5005260.33333333,85.401894,0,85.1195985,46.54,85.594139,27.22,85.225956,0,85.7304575,32.99,85.5155945,0,85.5021705,0,85.693321,0,85.609581,0,85.6421585,0,86.0443,0,86.300003,0
ASPGEVTDAVK,2,89003693.3333333,24.4352425,0,24.162981,27.72,24.1490255,30.8,23.993149,15.67,24.069352,0,23.413586,0,24.1042905,0,24.763543,0,24.036454,0,24.240682,0,24.784483,0,24.8954285,0

