PeptideSeq,Charge,Abun,t0,i0,t1,i1,t2,i2,t3,i3,t6,i6,t7,i7,t9,i9,t13,i13,t16,i16,t21,i21,t24,i24,t31,i31
cLDDNAEDAAR,2,116782729.8,22.67696,47.79,22.5618295,56.36,22.888736,68.55,,,23.095262,32.71,,,,,23.278798,44.33,,,,,,,,

