PeptideSeq,Charge,Abun,t0,i0,t1,i1,t2,i2,t3,i3,t6,i6,t7,i7,t9,i9,t13,i13,t16,i16,t21,i21,t24,i24,t31,i31
DVVTTTMAGAK,2,68856090,31.580158,36.78,31.6226665,40.92,31.934396,31.28,32.270356,42.19,31.5976485,39.1,31.932533,43.03,31.7464065,37.16,32.1264115,41.15,31.6768735,25.23,32.037409,33.1,,,32.155397,25.15
EVSDGVLTSSK,2,131483137.5,26.041149,40.98,25.8584585,41.99,25.824291,28.11,25.841732,0,25.8227845,25.14,25.8328305,26.92,26.049153,27.95,25.9662915,0,25.8641195,0,25.986369,23.04,,,26.196503,24.39
MNSGVDNAITK,2,20865602.2,23.708434,43.01,23.227461,51.96,23.643013,25.01,23.2775695,0,23.1545695,0,23.4766955,0,23.8494,23.2,23.6300525,0,23.463206,27.7,23.378777,0,,,23.960791,0
LYVSWVEWK,2,70887650,56.8039705,39.63,56.4439065,41.96,56.7632925,0,56.7885475,0,56.98143,0,57.044371,35.91,56.60318,38.89,57.426918,35.36,56.177612,0,56.4547845,0,,,57.4249535,22.8
HLGVMAGDIYSVFR,3,25730048.25,52.5123615,49.61,52.7367,39.43,52.559193,59.37,52.5058425,64.14,52.766914,0,53.063551,0,53.177099,33.8,53.222511,51.22,52.95742,50,53.0512965,43.3,,,53.637085,0
LEPQIAVANTYAcK,2,10235832.5,39.255985,89.44,39.1614955,67.03,39.206364,26.67,39.07522,0,39.1616195,0,39.1997625,0,39.2191165,69.81,2345.585449,0,39.327835,20.12,39.441292,40.99,,,39.58202,0
LPILNQPTSEIVASAR,2,27743356.1111111,48.658619,72.94,48.599384,50.35,48.6972295,51.55,48.702341,36.22,48.908163,61.63,48.8636915,24.04,48.946283,38.31,48.5105995,0,48.405636,0,49.1709365,65.98,,,49.4128095,59.5
KVEGFDMVQKPSNYER,3,12890939.75,30.1202525,24.99,30.249102,27.44,30.1222075,0,30.1284205,0,1793.156494,0,30.2932995,0,30.425683,22.36,1811.674194,0,30.398951,27.66,1807.541382,0,,,1817.866211,0
SQETISQLHSTVHLIEFAR,4,34728160,43.739628,35.74,43.9793225,42.23,43.80616,0,43.8938655,0,44.092575,0,2625.376709,0,44.0218945,0,2640.865967,0,2636.648926,0,2642.425293,0,,,2650.549072,0
SQETISQLHSTVHLIEFAR,3,28405070.2,44.07568,64.05,44.1911465,34.89,44.242662,36.51,44.252426,0,44.3886225,0,44.434397,0,43.960979,0,44.6640375,18.19,44.5427435,23.18,2627.929688,0,,,44.389534,0
SVVNGSINTVLGMVQFMNSGVDNAITK,3,1554251.5,83.054138,54.59,83.151867,0,83.2356875,0,77.9594155,16.35,4968.082031,0,4979.339355,0,83.973549,0,84.2471085,0,82.395432,0,84.103294,0,,,5024.999512,0
DSVASTVSGVVDK,2,1632198775,38.6158105,0,38.803833,56.28,38.6816845,0,38.833698,0,39.470564,0,39.3105335,0,39.364523,29.85,39.7134115,0,39.4886705,33.86,39.659962,0,,,39.884985,24.99

