Protein,Peptide,charge,time,RSS,theta,min_rss_decoy,diff,abs_diff,perc_diff,abs_perc_diff,exp_RIA_decoy,theoRIA,min_kl,min_kl_decoy
ABHDB_MOUSE,LNLDTLAQHLDK,3,0,0.00594875174140523,0,0.0071175262584923,-5.55111512312578E-17,5.55111512312578E-17,-1.19055746226113E-16,1.19055746226113E-16,0.395569280405402,0.466261839439734,0.0290454064438351,0.0145304662083977
ABHDB_MOUSE,LNLDTLAQHLDK,3,3,0.00153193574557111,0.16,0.0131190805270023,-0.0284315797031574,0.0284315797031574,-0.0732151713094331,0.0732151713094331,0.334613495465312,0.388329074352576,-0.0239853757542121,0.0237387409011455
ABHDB_MOUSE,LNLDTLAQHLDK,3,6,0.00248466646376753,0.26,0.0139047781989122,0.00217363374288265,0.00217363374288265,0.00551965332951324,0.00551965332951324,0.317999304504829,0.393798960391293,-0.0305456866711975,0.0293390035754904
ABHDB_MOUSE,LNLDTLAQHLDK,3,7,0.00325521191263042,0.2,0.0152183277691523,-0.0101430550261206,0.0101430550261206,-0.0263164630692663,0.0263164630692663,0.466261839439734,0.385426225379281,0.0204332179215498,0.0619096794580578
ABHDB_MOUSE,LNLDTLAQHLDK,3,9,0.00688809464106129,0.41,0.00784600620262379,0.0350594836930126,0.0350594836930126,0.094839184007542,0.094839184007542,0.416760654055733,0.369672979158325,0.0291205035254059,-0.0327506074989772
ABHDB_MOUSE,LNLDTLAQHLDK,3,13,0.00719053191714564,0.52,0.0467288572128919,0.0237786548428318,0.0237786548428318,0.0695734004855586,0.0695734004855586,0.466261839439734,0.341777959347661,0.0340953019710199,0.149665714812018
ABHDB_MOUSE,LNLDTLAQHLDK,3,21,0.0105535528406024,0.65,0.0180168896994828,0.0357620858064016,0.0357620858064016,0.12001829132255,0.12001829132255,0.39162532664841,0.297971962542699,0.0166547661269318,-0.0324745405054713
ABHDB_MOUSE,LNLDTLAQHLDK,3,24,0.00309489184712426,0.52,0.0467288572128919,-0.0169423965706208,0.0169423965706208,-0.0594676521927303,0.0594676521927303,0.466261839439734,0.284901050334251,-0.00958956024163946,0.149665714812018
ABHDB_MOUSE,LNLDTLAQHLDK,3,31,0.00564384962064795,0.59,0.0101695805992455,-0.0357112410622636,0.0357112410622636,-0.137367481651003,0.137367481651003,0.334613495465312,0.259968666769272,0.0306905640626123,0.0522578128004581

