Protein,Peptide,charge,time,RSS,theta,min_rss_decoy,diff,abs_diff,perc_diff,abs_perc_diff,exp_RIA_decoy,theoRIA,min_kl,min_kl_decoy
NDUB4_MOUSE,EYLLQYNDPK,2,3,0.000172337819829587,0.24,0.120950727978318,0.0402128653166179,0.0402128653166179,0.0907436284868105,0.0907436284868105,0.136876964471471,0.443148086396642,0.000822529926157337,0.35703664901952
NDUB4_MOUSE,YKPAPLATLPSTLDPAEYDVSPETR,3,1,0.00161566249390268,0,0.0181656656951994,-0.00378080355440963,0.00378080355440963,-0.0178442739702887,0.0178442739702887,0.136876964471471,0.21187769032827,0.0360436749349342,0.0516261489243797
NDUB4_MOUSE,YKPAPLATLPSTLDPAEYDVSPETR,3,16,0.00951686781852108,0.09,0.0133115665788951,-0.000923422642159444,0.000923422642159444,-0.00605266203937615,0.00605266203937615,0.136876964471471,0.152564712212913,-0.0405998026701917,0.0567661243603793
NDUB4_MOUSE,YKPAPLATLPSTLDPAEYDVSPETR,3,21,0.0120750448106415,0.16,0.0106644357318464,0.00328122523211724,0.00328122523211724,0.0234108705246301,0.0234108705246301,0.153488134855072,0.140158189703588,0.0771030340802667,-0.0703665441380354
NDUB4_MOUSE,YKPAPLATLPSTLDPAEYDVSPETR,3,31,0.0208543588801429,0.25,0.176035985280484,-0.00321933885472539,0.00321933885472539,-0.0271168424326761,0.0271168424326761,0.516960600525661,0.118721007533165,0.116605567404783,0.88902779779393
NDUB4_MOUSE,VSHIEDPALIR,3,0,0.00224743087433799,0,0.185015541013975,0,0,0,0,0.136876964471471,0.516960600525661,0.00765292446788113,0.532914268165964
NDUB4_MOUSE,VSHIEDPALIR,3,31,0.000566780824809958,0.51,0.01293537766888,0.0150369715889893,0.0150369715889893,0.0453490813727623,0.0453490813727623,0.402935221080024,0.331582716425671,0.009335231393092,0.0479791420127181

