Protein,Peptide,charge,time,RSS,theta,min_rss_decoy,diff,abs_diff,perc_diff,abs_perc_diff,exp_RIA_decoy,theoRIA,min_kl,min_kl_decoy
GARS_MOUSE,LPFAAAQIGNSFR,2,21,100,NaN,100,NaN,NaN,NaN,NaN,0.336490642641422,0.432612709168623,0,0
GARS_MOUSE,TFFSFPAVVAPFK,2,3,0.000589479385363412,0,0.00434534669872051,-0.0189609378330132,0.0189609378330132,-0.049769927808797,0.049769927808797,0.336490642641422,0.380971776890176,0.00142162160794736,0.0166172425124824
GARS_MOUSE,TFFSFPAVVAPFK,2,6,9.57358983352556E-05,0.09,NaN,-0.0338882986479357,0.0338882986479357,-0.0999751227506218,0.0999751227506218,NaN,0.33896731222293,0.000609436882598764,0
GARS_MOUSE,TFFSFPAVVAPFK,2,9,3.43213575738475E-05,0.24,0.00109312947035488,0.00261697207242134,0.00261697207242134,0.00771723181335717,0.00771723181335717,0.313574885626736,0.339107614713844,-0.000179952020045903,0.00227769191505027
GARS_MOUSE,TFFSFPAVVAPFK,2,13,0.000517831456484781,0.33,0.000678352860176302,0.00678084966822939,0.00678084966822939,0.0211666248521693,0.0211666248521693,0.336490642641422,0.320355735294966,0.00341459804620136,0.00197803025220545

