Protein,Peptide,charge,time,RSS,theta,min_rss_decoy,diff,abs_diff,perc_diff,abs_perc_diff,exp_RIA_decoy,theoRIA,min_kl,min_kl_decoy
FRIH_MOUSE,SVNQSLLELHK,3,1,0.00131021295603936,0,0.00583493198308466,-0.0218596008144504,0.0218596008144504,-0.0468389816916077,0.0468389816916077,0.419902137245251,0.466696756098928,-0.00629220327977036,0.00636932929827014
FRIH_MOUSE,SVNQSLLELHK,3,2,0.00235731766233353,0.17,0.00630979021967789,0.0208758303212911,0.0208758303212911,0.0473613289623864,0.0473613289623864,0.398797766284854,0.440777967566543,0.000241991263610554,-0.0101647453222335
FRIH_MOUSE,SVNQSLLELHK,3,7,0.00470971305302044,0.44,0.0288790705947899,0.0156487197170754,0.0156487197170754,0.0433791695038186,0.0433791695038186,0.488556356913378,0.360742722741565,0.00677092061420455,0.0140796241040388
FRIH_MOUSE,SVNQSLLELHK,3,13,0.000787694475919599,0.5,0.00868871440526017,-0.0302825182736955,0.0302825182736955,-0.101824189153931,0.101824189153931,0.338160980489113,0.29740004340144,0.00411685790322815,-0.0370390370688049
FRIH_MOUSE,QNYHQDAEAAINR,3,1,0.00378243691894544,0.11,NaN,-0.0261035086171313,0.0261035086171313,-0.0700400075399178,0.0700400075399178,NaN,0.372694257667723,-0.0314132241348461,0
FRIH_MOUSE,QNYHQDAEAAINR,3,2,0.00509907490157948,0.02,0.00814675011211132,-0.0510006268676877,0.0510006268676877,-0.143794969163217,0.143794969163217,0.488556356913378,0.35467601658441,-0.00363432600391631,-0.00503856835910592
FRIH_MOUSE,QNYHQDAEAAINR,3,3,100,NaN,100,NaN,NaN,NaN,NaN,0.20747697816177,0.349129037071417,0,0
FRIH_MOUSE,QNYHQDAEAAINR,3,6,0.0120848655593677,0.26,0.0232886558156639,-0.0493227011556597,0.0493227011556597,-0.170762342406556,0.170762342406556,0.20747697816177,0.288838279333453,-0.0635711780228145,0.0589291807658512
FRIH_MOUSE,QNYHQDAEAAINR,3,13,100,NaN,100,NaN,NaN,NaN,NaN,0.20747697816177,0.194726820917399,0,0
FRIH_MOUSE,MGAPEAGMAEYLFDK,2,7,0.00169344675214659,0.47,0.0439852024749325,-0.00797563336730944,0.00797563336730944,-0.0399778426332237,0.0399778426332237,0.34509400302449,0.19950134479446,0.00461512139203919,0.0846470431163265

