Protein,Peptide,charge,time,RSS,theta,min_rss_decoy,diff,abs_diff,perc_diff,abs_perc_diff,exp_RIA_decoy,theoRIA,min_kl,min_kl_decoy
IF4G1_MOUSE,VQQLMAKG,2,0,0.00145629789209188,0,0.00126863361243266,0,0,0,0,0.610565880547978,0.610870315784351,0.00849432390705279,0.00553039755438667
IF4G1_MOUSE,VQQLMAKG,2,1,0.00126863361243266,0,0.000943190199619524,-0.00327655657500237,0.00327655657500237,-0.00539537983899775,0.00539537983899775,0.585640617578632,0.607289323972976,0.00553039755438667,0.00789772837097097
IF4G1_MOUSE,VQQLMAKG,2,3,0.00121808443367609,0,0.00126863361243266,-0.0097237938901128,0.0097237938901128,-0.0161946993729722,0.0161946993729722,0.610565880547978,0.60043065117597,0.00692797972880393,0.00553039755438667
IF4G1_MOUSE,VQQLMAKG,2,7,0.000943190199619524,0,0.00126863361243266,-0.0213416588938237,0.0213416588938237,-0.0378197736596288,0.0378197736596288,0.610565880547978,0.564298958684808,0.00789772837097097,0.00553039755438667
IF4G1_MOUSE,VQQLMAKG,2,21,0.00120297823877348,0.17,0.00505773768453699,-0.0540064479850252,0.0540064479850252,-0.113549663493182,0.113549663493182,0.585640617578632,0.475619621614007,0.0100110649926481,0.033858531948893

