Protein,Peptide,charge,time,RSS,theta,min_rss_decoy,diff,abs_diff,perc_diff,abs_perc_diff,exp_RIA_decoy,theoRIA,min_kl,min_kl_decoy
COX3_MOUSE,EGTYQGHHTPIVQK,3,0,0.000304476889949204,0,6.24700378635812E-05,0,0,0,0,0.397429366440025,0.394158407587137,-0.00269821220135837,0.00129021669301439
COX3_MOUSE,EGTYQGHHTPIVQK,3,1,0.000245884613184326,0,6.24700378635812E-05,-0.00878273563989529,0.00878273563989529,-0.0225693346070207,0.0225693346070207,0.397429366440025,0.389144642180246,0.000566272584187202,0.00129021669301439
COX3_MOUSE,EGTYQGHHTPIVQK,3,2,6.24700378635812E-05,0,0.00339891887606047,-0.0172744599003528,0.0172744599003528,-0.0454405812030473,0.0454405812030473,0.345799568150424,0.380154906539672,0.00129021669301439,0.013750791022049
COX3_MOUSE,EGTYQGHHTPIVQK,3,6,0.000398543808669398,0.15,0.00427552306087912,0.00173352156338874,0.00173352156338874,0.00498807628596248,0.00498807628596248,0.397927377820141,0.347533089713813,0.00114724793749555,0.032221191575018
COX3_MOUSE,EGTYQGHHTPIVQK,3,9,0.000866854825176442,0.24,0.00788044154510586,0.0107177027673533,0.0107177027673533,0.0328325022430881,0.0328325022430881,0.397429366440025,0.326435758322674,0.00335723827795941,0.0611120905680501

