Protein,Peptide,charge,time,RSS,theta,min_rss_decoy,diff,abs_diff,perc_diff,abs_perc_diff,exp_RIA_decoy,theoRIA,min_kl,min_kl_decoy
SMPX_MOUSE,FPGPVVNLSEIQNVK,2,0,0.00214026134795001,0,0.0462681486745824,0,0,0,0,0.2754391879721,0.402361451765403,-0.0162852272874057,0.092303759458232
SMPX_MOUSE,FPGPVVNLSEIQNVK,2,1,0.00398254447074747,0,0.00214026134795001,-0.0202502398710043,0.0202502398710043,-0.0522163614059866,0.0522163614059866,0.402361451765403,0.387814074472883,0.00451750220749128,-0.0162852272874057
SMPX_MOUSE,FPGPVVNLSEIQNVK,2,2,0.00487262061692053,0,NaN,-0.0357328884721272,0.0357328884721272,-0.10581696219562,0.10581696219562,NaN,0.337685827779379,-0.00493381915491153,0
SMPX_MOUSE,FPGPVVNLSEIQNVK,2,9,0.00689773087611847,0.38,0.0252118367408856,-0.0139943534874769,0.0139943534874769,-0.0561134875623034,0.0561134875623034,0.15977615836691,0.249393757105879,-0.0138258249747602,0.0780663647200747
SMPX_MOUSE,FPGPVVNLSEIQNVK,2,21,0.0069471742479236,0.69,NaN,-0.0158591909290402,0.0158591909290402,-0.0929490723889089,0.0929490723889089,NaN,0.170622369018205,0.062682916562394,0
SMPX_MOUSE,FPGPVVNLSEIQNVK,2,24,0.00439607702498565,0.81,0.0257563539217734,-8.00547718512179E-05,8.00547718512179E-05,-0.000501294458969472,0.000501294458969472,0.2754391879721,0.159696103595059,0.0610523642190079,0.00999091336815207
SMPX_MOUSE,AIQANINIPMGAFR,2,0,0.048473097308225,0,NaN,0.1188408120279,0.1188408120279,0.301412224885613,0.301412224885613,NaN,0.39428,0.0935214039811961,0
SMPX_MOUSE,AIQANINIPMGAFR,2,2,0.0614597777901427,0.13,0.179872296068267,-0.00352223568819904,0.00352223568819904,-0.0149640913976543,0.0149640913976543,0.132155477469466,0.235379188391697,-0.0647084833865633,0.422149199262494
SMPX_MOUSE,AIQANINIPMGAFR,2,7,0.05286142656757,0.990000000000001,0.0253977530592658,-0.0208952367366289,0.0208952367366289,-0.18780506494502,0.18780506494502,0.15977615836691,0.111260240732837,-0.022827320487067,0.214518739830248
SMPX_MOUSE,AIQANINIPMGAFR,2,9,100,NaN,100,NaN,NaN,NaN,NaN,NaN,0.0988802665582292,0,0
SMPX_MOUSE,AIQANINIPMGAFR,2,21,100,NaN,100,NaN,NaN,NaN,NaN,NaN,0.0874922257931839,0,0
SMPX_MOUSE,AIQANINIPMGAFR,2,24,100,NaN,100,NaN,NaN,NaN,NaN,NaN,0.0873956908973304,0,0

