Protein,Peptide,charge,time,RSS,theta,min_rss_decoy,diff,abs_diff,perc_diff,abs_perc_diff,exp_RIA_decoy,theoRIA,min_kl,min_kl_decoy
RS15A_MOUSE,MNVLADALK,2,1,100,NaN,100,NaN,NaN,NaN,NaN,0.388837367806524,0.521165241258252,0,0
RS15A_MOUSE,MNVLADALK,2,13,0.0227424534725764,0.01,0.0331697269566247,-0.199319575753194,0.199319575753194,-0.587167865041571,0.587167865041571,0.405737834310287,0.33945927156467,0.0941974010572804,0.0356921712192891
RS15A_MOUSE,MNVLADALK,2,24,0.0205591983395955,0.990000000000001,0.0173732666181551,0.093939304844089,0.093939304844089,0.318476788430106,0.318476788430106,0.388837367806524,0.294964368697486,-0.0263061397035916,-0.0313638988818734
RS15A_MOUSE,HGYIGEFEIIDDHR,3,0,0.00604798011987192,0,0.043501700127616,-0.037087834310287,0.037087834310287,-0.100604460356129,0.100604460356129,0.201025063853397,0.36865,-0.000670995392028161,0.0566408134696526
RS15A_MOUSE,HGYIGEFEIIDDHR,3,3,0.00581274424798451,0.05,0.00888917205492032,-0.0128275143843584,0.0128275143843584,-0.0341148357353186,0.0341148357353186,0.405737834310287,0.376009853422166,-0.0243145573841857,-0.000534885928511239
RS15A_MOUSE,HGYIGEFEIIDDHR,3,7,0.00461738565710574,0,0.00610732683640488,-0.027822993669362,0.027822993669362,-0.0807024386063559,0.0807024386063559,0.388837367806524,0.344760259415144,0.0512354194616508,-0.0122762887619081

