Protein,Peptide,charge,time,RSS,theta,min_rss_decoy,diff,abs_diff,perc_diff,abs_perc_diff,exp_RIA_decoy,theoRIA,min_kl,min_kl_decoy
NIT2_MOUSE,AVDNQVYVATASPAR,2,1,0.0573917508991469,0,0.085158692075323,-0.158862825057001,0.158862825057001,-0.387435430881545,0.387435430881545,0.201841850010061,0.410036905234854,0.00933476255063281,0.20124570366953
NIT2_MOUSE,ASYVAWGHSTVVDPWGQVLTK,3,3,0.00448429864606414,0,0.0144610132921401,-0.0188837990663981,0.0188837990663981,-0.0865212674262836,0.0865212674262836,0.265948702678902,0.218256153985344,0.0163244191772812,-0.0382442137522797
NIT2_MOUSE,ASYVAWGHSTVVDPWGQVLTK,3,6,0.016468528469635,0.17,0.010127193686983,0.0103440527266546,0.0103440527266546,0.0487499527218343,0.0487499527218343,0.237139953051742,0.212185902736716,0.0349298434345855,0.0657272232624155
NIT2_MOUSE,ASYVAWGHSTVVDPWGQVLTK,3,7,0.0144610132921401,0,0.00448429864606414,-0.0461266998631276,0.0461266998631276,-0.209836591752759,0.209836591752759,0.237139953051742,0.219822002815775,-0.0382442137522797,0.0163244191772812

