Protein,Peptide,charge,time,RSS,theta,min_rss_decoy,diff,abs_diff,perc_diff,abs_perc_diff,exp_RIA_decoy,theoRIA,min_kl,min_kl_decoy
TCPB_MOUSE,LALVTGGEIASTFDHPELVK,3,2,0.0120713157728528,0.28,0.0111397074730711,-0.00123705514750078,0.00123705514750078,-0.0042389406995692,0.0042389406995692,0.307257862184563,0.291831199154661,0.0310650475496012,0.0495991418094833
TCPB_MOUSE,LALVTGGEIASTFDHPELVK,3,3,0.00345312245556122,0.04,0.0198326185460074,-0.00194288118362396,0.00194288118362396,-0.00636353046697692,0.00636353046697692,0.293068254302162,0.305314981000939,0.00805835662427842,0.0828127992087307

