Protein,Peptide,charge,time,RSS,theta,min_rss_decoy,diff,abs_diff,perc_diff,abs_perc_diff,exp_RIA_decoy,theoRIA,min_kl,min_kl_decoy
SAHH_MOUSE,ALDIAENEMPGLMR,2,0,0.00431234258470822,0,0.00160426348824153,0,0,0,0,0.353276715077866,0.420348852285415,0.0293997721555633,0.000519936762748854
SAHH_MOUSE,ALDIAENEMPGLMR,2,1,0.00227281061689719,0,0.00285387295507818,-0.00212040446217721,0.00212040446217721,-0.00517855947702341,0.00517855947702341,0.335610677347858,0.409458358368802,0.0101867053757202,0.00398054353787493
SAHH_MOUSE,ALDIAENEMPGLMR,2,2,0.00201423409097593,0,0.00160426348824153,-0.00405346105076343,0.00405346105076343,-0.0103762255169914,0.0103762255169914,0.353276715077866,0.390648896761715,0.00719324603645016,0.000519936762748854
SAHH_MOUSE,ALDIAENEMPGLMR,2,3,0.00140653581824319,0,0.00201423409097593,-0.00626153466485962,0.00626153466485962,-0.0155929888418387,0.0155929888418387,0.394702357812479,0.401560902042002,0.00475817567417564,0.00719324603645016
SAHH_MOUSE,ALDIAENEMPGLMR,2,9,0.000937433626239775,0,0.00160426348824153,-0.0170693262585779,0.0170693262585779,-0.0472939763715945,0.0472939763715945,0.353276715077866,0.360919668172161,0.00229776975235519,0.000519936762748854
SAHH_MOUSE,ALDIAENEMPGLMR,2,13,0.00137822210906795,0.04,0.00273702072800564,-0.0227434242387269,0.0227434242387269,-0.0688082709641357,0.0688082709641357,0.407822436706862,0.330533290839139,0.00358867550775253,0.0134564342983531
SAHH_MOUSE,ALDIAENEMPGLMR,2,16,0.000747331175661441,0.08,0.00897244168029291,-0.0271538314947853,0.0271538314947853,-0.0851428556096533,0.0851428556096533,0.420348852285415,0.318920845446799,5.04810268791107E-05,0.0753499442281921
SAHH_MOUSE,ALDIAENEMPGLMR,2,21,0.000851621938987042,0.12,0.00235282878265002,0.00803523782353716,0.00803523782353716,0.0233823172887987,0.0233823172887987,0.353276715077866,0.343645915171395,0.00590735003010399,0.0185380777707643

