Protein,Peptide,charge,time,RSS,theta,min_rss_decoy,diff,abs_diff,perc_diff,abs_perc_diff,exp_RIA_decoy,theoRIA,min_kl,min_kl_decoy
RADI_MOUSE,APDFVFYAPR,2,2,0.00181199642294262,0.01,0.0556840675491575,-1.69068575762155E-05,1.69068575762155E-05,-3.66089878260896E-05,3.66089878260896E-05,0.291774812811973,0.461822590029836,0.00999910155526321,0.149662675097245
RADI_MOUSE,APDFVFYAPR,2,7,0.00221444458894936,0.2,0.113976252074881,-5.55911233051654E-05,5.55911233051654E-05,-0.00012813357397843,0.00012813357397843,0.155518945390686,0.43385290505144,0.00415907922784207,0.291941808468561
RADI_MOUSE,APDFVFYAPR,2,21,100,NaN,100,NaN,NaN,NaN,NaN,0.321285441885873,0.477116587559608,0,0
RADI_MOUSE,QLQALSSELAQAR,2,9,0.0054653093161677,0.33,0.0224210227293321,-0.00138174009481562,0.00138174009481562,-0.00431923759268685,0.00431923759268685,0.233982795098169,0.319903701791058,-0.012157375486783,0.0117116633202592
RADI_MOUSE,EVWFFGLQYVDSK,2,0,0.000335873278643556,0,0.00976779953896933,0,0,0,0,0.321285441885873,0.359067526656543,-0.0052107815007296,0.0238161688954407
RADI_MOUSE,EVWFFGLQYVDSK,2,3,0.00360805073336786,0.42,0.00370242445156937,0.025703260957569,0.025703260957569,0.0787937805236561,0.0787937805236561,0.291774812811973,0.326209261527338,0.0270432619500186,0.0158635292127399
RADI_MOUSE,EVWFFGLQYVDSK,2,7,0.00406749973891049,0.57,0.0261420438814661,0.00942813808486842,0.00942813808486842,0.0330517858946983,0.0330517858946983,0.155518945390686,0.285253514436591,-0.0153945191149045,0.069861421022024
RADI_MOUSE,ILALcMGNHELYMR,3,0,0.0052445302544459,0,0.00268887977853336,0,0,0,0,0.321285441885873,0.305949591239824,-0.00312432073782123,-0.00216316255290972
RADI_MOUSE,ILALcMGNHELYMR,3,1,0.00219131888784171,0.23,0.0142693960899145,0.0262398731497239,0.0262398731497239,0.0825115138012348,0.0825115138012348,0.359067526656543,0.318014685961697,0.0213337780579953,0.0215659241041655
RADI_MOUSE,ILALcMGNHELYMR,3,7,0.00783365661843448,0.4,0.00370465893516347,0.00245986016023814,0.00245986016023814,0.0104036226354748,0.0104036226354748,0.275825376351722,0.236442655258407,-0.030592476767547,-0.0501693759784415
RADI_MOUSE,ILALcMGNHELYMR,3,13,0.0142812583261019,0.69,0.0275842968265852,0.0303634220598459,0.0303634220598459,0.163347510989316,0.163347510989316,0.305949591239824,0.185882367450532,0.0988839723168603,-0.013001851895026

