proteinName,peptideSeq,charge,old_Rsquared,new_Rsquared,NDP,rateconstant,sigma,Abundance,MassToCharge,RMSE,selected_A1A0_count, selected_A2A0_count, selected_A2A1_count,improved_timePoints,new_k,I0_percentatediffI0_percentatediff,selected_io_t,i0,I0_asymptote,new_rmse,lowerci_old,upperci_old,sigma_old,lowerci_new,upperci_new,sigma_new,old_pearson,new_pearson
ACTZ_MOUSE,VMAGALEGDIFIGPK,2,0.703304057816106,0.884878736018206,6,0.06385,0.0145494967720615,1033633.5,759.40527,0.0338943233393155,2,0,1,1| 2| 3,NaN,,0.41016739819725| 0.382808774176816| 0.382415254248853| 0.399949122637429| NaN| 0.268784396234753| NaN| 0.219938366283719| NaN| NaN| NaN| NaN,0.41016739819725,0.114995060245149,0.0173944545525364,0.00798754119016781,0.119712458809832,0.0217314454083338,0.0351815710352757,0.0925184289647243,0.0111525058556848,0.871862691869358,0.957242270349607
ACTZ_MOUSE,TLFSNIVLSGGSTLFK,2,0.481209947348271,0.959184987176213,6,0.0588,0.014761463187501,3334123.33333333,842.46942,0.0271216085859295,0,1,2,1| 7| 13,NaN,-0.00209737846018995|,0.388274266554733| 0.374907869246105| 0.383266241336257| 0.357865794083659| NaN| 0.311374634839931| NaN| 0.259424733263974| NaN| NaN| NaN| NaN,0.388274266554733,0.166322360294261,0.00661013358607668,0.00451621865522181,0.113083781344778,0.0211173130575546,0.0455698464451509,0.0720301535548491,0.00514675447244138,0.775370269657423,0.986465010544131

