proteinName,peptideSeq,charge,old_Rsquared,new_Rsquared,NDP,rateconstant,sigma,Abundance,MassToCharge,RMSE,selected_A1A0_count, selected_A2A0_count, selected_A2A1_count,improved_timePoints,new_k,I0_percentatediffI0_percentatediff,selected_io_t,i0,I0_asymptote,new_rmse,lowerci_old,upperci_old,sigma_old,lowerci_new,upperci_new,sigma_new,old_pearson,new_pearson
BCAT2_MOUSE,AIQYGASAHDWMFR,3,0.360921208968918,0.403162268021055,8,0.01701,0.00622933219615034,9946709.28571429,551.59277,0.0423671983580048,1,4,2,2| 3| 7| 9| 13| 16| 21,NaN,,NaN| NaN| 0.375546029233021| 0.384416574974846| 0.375688401303035| 0.376129504979942| 0.298871513353828| 0.336397539902534| 0.286989540969754| 0.280782251181349| NaN| NaN,NaN,NaN,0.0262302075022337,0,0.0385973982639602,0.00912931441636727,0.00506964569200827,0.0289503543079917,0.00504957787814882,0.718333864849347,0.873855138291904
BCAT2_MOUSE,LFRPWLNMDR,3,-0.841434215727855,-0.354583936444038,8,0.03027,0.0055892810706612,4328469.5,449.90451,0.0244542301021579,3,0,0,3| 9| 13,NaN,,NaN| NaN| 0.421662832585526| 0.398853891500039| 0.385038544671838| 0.351994804379007| 0.380480252114379| 0.361247784107915| 0.347889666752566| 0.392383380611333| NaN| NaN,NaN,NaN,0.0223803770679046,0.0129654746259001,0.0475745253740999,0.00731808673905393,0.0144329934274928,0.0461070065725072,0.0066974727869763,0.390328135390039,0.504394422959298

