proteinName,peptideSeq,charge,old_Rsquared,new_Rsquared,NDP,rateconstant,sigma,Abundance,MassToCharge,RMSE,selected_A1A0_count, selected_A2A0_count, selected_A2A1_count,improved_timePoints,new_k,I0_percentatediffI0_percentatediff,selected_io_t,i0,I0_asymptote,new_rmse,lowerci_old,upperci_old,sigma_old,lowerci_new,upperci_new,sigma_new,old_pearson,new_pearson
CYTC_MOUSE,ALDFAVSEYNK,2,0.765468590752115,0.837898559894659,5,0.58002,0.119596321718197,4793097.6,628.81152,0.0289589186348565,1,0,0,1,NaN,,0.472116245953827| 0.3080780986801| 0.280079863645376| NaN| NaN| NaN| NaN| 0.197118838086702| NaN| NaN| 0.256859201832265| NaN,0.472116245953827,0.184056518261823,0.0239580701718466,0.0064029331136034,1.1536370668864,0.206601263546516,0.105459533377755,1.05458046662224,0.17092377074059,0.913545604271163,0.950324023170534

