proteinName,peptideSeq,charge,old_Rsquared,new_Rsquared,NDP,rateconstant,sigma,Abundance,MassToCharge,RMSE,selected_A1A0_count, selected_A2A0_count, selected_A2A1_count,improved_timePoints,new_k,I0_percentatediffI0_percentatediff,selected_io_t,i0,I0_asymptote,new_rmse,lowerci_old,upperci_old,sigma_old,lowerci_new,upperci_new,sigma_new,old_pearson,new_pearson
DDB1_MOUSE,YLAIAPPIIK,2,0.942532781063711,0.969549380892727,3,0.04266,0.00509344795361624,2696083.5,549.84967,0.0130435935620628,0,0,1,1,NaN,,0.535822690529913| 0.528232887168043| NaN| NaN| NaN| NaN| NaN| NaN| NaN| NaN| 0.316255032715213| NaN,0.535822690529913,0.240595787617641,0.0088789136084819,0,0.179570901881849,0.0318201143529971,0.011063212699197,0.0742567873008029,0.00734355972591961,0.990555196509129,0.999612915175602

