proteinName,peptideSeq,charge,old_Rsquared,new_Rsquared,NDP,rateconstant,sigma,Abundance,MassToCharge,RMSE,selected_A1A0_count, selected_A2A0_count, selected_A2A1_count,improved_timePoints,new_k,I0_percentatediffI0_percentatediff,selected_io_t,i0,I0_asymptote,new_rmse,lowerci_old,upperci_old,sigma_old,lowerci_new,upperci_new,sigma_new,old_pearson,new_pearson
FIS1_MOUSE,DYVFYLAVGNYR,2,0.555584291642293,0.669449709916859,9,0.02492,0.00713662505776106,2632464.44444444,740.367,0.0435235930874972,1,2,0,0| 13| 24,NaN,,0.401124017787813| NaN| 0.402379725111058| NaN| 0.383195777536786| NaN| 0.405009469123489| 0.327444030718606| 0.308417078043767| 0.348613345382612| 0.34388983958362| 0.271736426116314,0.401124017787813,0.188799340286657,0.0220766999095553,0.00476426722857694,0.0450757327714231,0.00874054493853757,0.0146963021780543,0.0351436978219457,0.00443351235423409,0.888305156947421,0.841938385134419

