protien,peptide,charge,rsquared,rateconstant,mo,io_e,io_a1a0,io_a2a0,io_a2a1
PGAM1_MOUSE,VLIAAHGN,2,0.362249826733771,0.00369,0.62912,0.643156571173926,0.638504354418948,0.641310342752162,0.644392342600577
PGAM1_MOUSE,AMEAVAAQGK,2,0.648122512862196,0.00625,0.55716,0.582306694007969,0.558209076841911,0.602540615127752,0.647856421866505
PGAM1_MOUSE,HYGGLTGLNK,2,0.508602369852346,0.0068,0.53796,0.558490193080338,0.555550056663619,0.557877272741943,0.561504752794988
PGAM1_MOUSE,FLGDEETVR,2,-6.51000064132058,0.08424,0.54426,0.436727364823379,0.535552403163863,0.355871836715668,0.239915695102194
PGAM1_MOUSE,KAMEAVAAQGK,2,0.173519177524597,0.01401,0.51514,0.543539079878961,0.531712443530553,0.571270939730114,0.645716234642365
PGAM1_MOUSE,VLIAAHGNSLR,2,-0.508086396047581,0.00948,0.51354,0.556607505800448,0.551599065903908,0.556518198147929,0.562931913431169
PGAM1_MOUSE,VLIAAHGNSLR,3,0.749180193417084,0.00912,0.51354,0.534237593797387,0.536743719771847,0.53033581162058,0.520674940804184
PGAM1_MOUSE,ALPFWNEEIVPQIK,2,-0.0571682967400211,0.01032,0.35435,0.422157446593147,0.443000545170097,0.36306358291823,0.273087478898642

