protien,peptide,charge,rsquared,rateconstant,mo,io_e,io_a1a0,io_a2a0,io_a2a1
PACN3_MOUSE,LSELHLEVR,3,0.84377753194206,0.04421,0.53007,0.554859811610353,0.573783687642747,0.508343042629154,0.421404881038433
PACN3_MOUSE,ADSSMSQEQLR,2,0.65415584817847,0.04808,0.49302,0.465599637976974,0.412307516992237,0.521914886229442,0.618763388988761
PACN3_MOUSE,TQYEQTLAELNR,2,-0.515420782648609,0.16561,0.43727,0.0921831569264677,0.0162938393592178,0.109755259826935,0.177675486817178
PACN3_MOUSE,LcGDLVScFQER,2,0.385408331050484,0.02508,0.42527,0.447931077112022,0.42223387229641,0.45770193697519,0.534652681164117
PACN3_MOUSE,ALYDYAGQEADELSFR,3,0.627042808963263,0.04384,0.34154,0.40069347763272,0.427298614415172,0.323830175727221,0.20931667041798
PACN3_MOUSE,ALYDYAGQEADELSFR,2,0.964256454289921,0.05591,0.34154,0.331570714243501,0.33394390465396,0.327548218883407,0.320153238229862
PACN3_MOUSE,STHGPGMAMNWPQFEEWSLDTQR,3,0.468196074288963,0.02816,0.19272,0.250079793631312,0.224389340391005,0.246030169887382,0.281183354396434

