protien,peptide,charge,rsquared,rateconstant,mo,io_e,io_a1a0,io_a2a0,io_a2a1
H10_MOUSE,VGENADSQIK,2,0.0100137813868388,0.00207,0.55927,0.641535914706191,0.620115899085401,0.646373667036647,0.696155858230597
H10_MOUSE,YSDMIVAAIQAEK,2,0.74970961725081,0.01711,0.41734,0.438241991713526,0.421436099488877,0.425896898817212,0.434623074033849

