protien,peptide,charge,rsquared,rateconstant,mo,io_e,io_a1a0,io_a2a0,io_a2a1
ACOT2_MOUSE,GPGIGLLGISK,2,0.261974233831152,0.02791,0.54861,0.415093666974069,0.579975658080649,0.301471671803508,0.229763864687619
ACOT2_MOUSE,ADAGGELNLAR,2,0.877411629385306,0.01119,0.55017,0.550124338238661,0.541040992823339,0.553259767507926,0.572152751830026
ACOT2_MOUSE,GGELGLAMASFLK,2,0.639115923368207,0.01243,0.44758,0.497339266229553,0.476003223633905,0.49851304940797,0.554974646407473
ACOT2_MOUSE,ALAYYNYDDLPK,2,-2.17966331370537,0.5238,0.41729,0.319488491645729,0.376025849146771,0.272370094403495,0.169174165425669
ACOT2_MOUSE,SDTTFLFLVGQDDHNWK,3,0.164206047898675,0.0166,0.30162,0.295873732475363,0.26100125555856,0.311733405869366,0.374626860866001
ACOT2_MOUSE,SIETMHMEYFEEAVNYLR,3,0.583690854772875,0.01844,0.24631,0.265235847857156,0.242067592849929,0.254418710458497,0.274361341090461

