protien,peptide,charge,rsquared,rateconstant,mo,io_e,io_a1a0,io_a2a0,io_a2a1
KS6B2_MOUSE,APEILVR,2,0.302444015919259,0.00849,0.62396,0.64780875638033,0.646023808658124,0.648360082165238,0.651472222485568

