protien,peptide,charge,rsquared,rateconstant,mo,io_e,io_a1a0,io_a2a0,io_a2a1
AT2A2_MOUSE,VPMTPGVK,2,-8.57987283488506,5.84035,0.58851,0.274452036275227,0.182570364879382,0.352704904335863,0.437553514110196
AT2A2_MOUSE,MNVFDTELK,2,0.944701504681657,0.12383,0.50855,0.515433423329011,0.504891504149044,0.541365813891457,0.567382762929466
AT2A2_MOUSE,EWGSGSDTLR,2,0.792971512269331,0.05327,0.53916,0.561643597918324,0.544697416467066,0.571823519978677,0.616745585120247
AT2A2_MOUSE,WGSNELPAEEGK,2,0.892403368760864,0.13267,0.47075,0.453033823009302,0.509469371464035,0.404517003903982,0.277462695493405
AT2A2_MOUSE,TGTLTTNQMSVcR,2,-0.0243994197411781,0.03148,0.42922,0.445121704713327,0.452118053311833,0.436227913203991,0.392893665272488
AT2A2_MOUSE,ISLPVILMDETLK,2,0.834309817178897,0.04157,0.40064,0.437156852107998,0.434944078257572,0.428777518632994,0.417306401028019
AT2A2_MOUSE,IRDEMVATEQER,3,0.678788424593588,0.04318,0.42808,0.490057232521261,0.495731768564533,0.465406075126558,0.406082777957437
AT2A2_MOUSE,DIVPGDIVEIAVGDK,2,0.760219864529992,0.04878,0.41014,0.43613178486593,0.423469284950487,0.433307094433745,0.445356705670392
AT2A2_MOUSE,AMGVVVATGVNTEIGK,2,0.018034262093294,0.02707,0.39746,0.461405681065357,0.434259505423198,0.453622312390942,0.493581115707119
AT2A2_MOUSE,EEMHLEDSANFIK,3,0.859495586821413,0.07325,0.39343,0.403720607809541,0.378263088174061,0.413751557932263,0.480973436895471
AT2A2_MOUSE,VGEATETALTcLVEK,2,-0.188393874411416,0.07767,0.39767,0.428417319501328,0.38413046751767,0.419965998759062,0.495576974129528
AT2A2_MOUSE,VSFYQLSHFLQcK,3,0.739141683878476,0.04319,0.36248,0.38989885290657,0.386372228443602,0.388719479431332,0.391830636652691
AT2A2_MOUSE,IVEFLQSFDEITAMTGDGVNDAPALK,3,0.938862438523796,0.06472,0.19141,0.206629698223043,0.198624741456571,0.216259294256025,0.239729926434913

