protien,peptide,charge,rsquared,rateconstant,mo,io_e,io_a1a0,io_a2a0,io_a2a1
UGGG1_MOUSE,FLFVDADQIVR,2,-0.466884956818627,0.0579,0.44881,0.381591591575802,0.315709100003578,0.388385317855364,0.47623482511232
UGGG1_MOUSE,LGIEGLSLHNILK,3,0.0234658453492051,0.00532,0.4336,0.47269079541319,0.452546536014624,0.485809434035666,0.529090720547054

