protien,peptide,charge,rsquared,rateconstant,mo,io_e,io_a1a0,io_a2a0,io_a2a1
MYL6B_MOUSE,HVLTTLGEK,2,-0.957429822202457,0.14275,0.56016,0.490321212737726,0.44359974373415,0.520802261991018,0.620890946739128
MYL6B_MOUSE,ALGQNPTNAEVLK,2,0.481151726278497,0.04834,0.46223,0.502108856852048,0.485404369521726,0.479355651006923,0.47194267382167
MYL6B_MOUSE,ILYSQcGDLMR,2,-0.136319481353328,0.0024,0.43859,0.441581913468839,0.427176002701957,0.43692609588817,0.467811525948466
MYL6B_MOUSE,VVIEFNKDQLEEFR,3,-219.763559403894,1.77748,0.35223,0.02597350205581,2.80121932702459E-06,0.0930542551758719,0.173329310156134

