protien,peptide,charge,rsquared,rateconstant,mo,io_e,io_a1a0,io_a2a0,io_a2a1
CSRP3_MOUSE,TcFHcMAcR,3,-0.0236751794580228,0.00011,0.46806,0.513074773511807,0.452222581695123,0.537654390796224,0.440394613015087
CSRP3_MOUSE,TVYHAEEIQcNGR,3,0.394332404281831,0.07687,0.4091,0.402078284095425,0.432996953118299,0.370619605042623,0.282376933594852
CSRP3_MOUSE,NFGPTGIGFGGLTQQVEK,2,0.743363371092633,0.04563,0.33716,0.353675757540753,0.349131271261732,0.342255037103631,0.335142582365589
CSRP3_MOUSE,NFGPTGIGFGGLTQQVEK,3,0.437099907853433,0.14464,0.33716,0.321474081676558,0.30095212490714,0.331142695771642,0.36776538746377
CSRP3_MOUSE,ALDSTTVAAHESEIYcK,3,0.168266151142002,0.03985,0.33912,0.331745545403579,0.312130946067387,0.316167775627416,0.322890111042911
CSRP3_MOUSE,SLESTNVTDKDGELYcK,3,0.831288135786461,0.05014,0.33279,0.324330727373718,0.316945903340323,0.321720900057321,0.330203547480739
CSRP3_MOUSE,GIGFGQGAGcLSTDTGEHLGLQFQQSPK,3,0.31611465228748,0.05686,0.18992,0.19104447699465,0.200477607971405,0.177567727344141,0.152588047211913

