proteinName,peptideSeq,charge,old_Rsquared,new_Rsquared,NDP,rateconstant,sigma,Abundance,MassToCharge,RMSE,selected_A1A0_count, selected_A2A0_count, selected_A2A1_count,improved_timePoints,new_k,I0_percentatediffI0_percentatediff,selected_io_t,i0,I0_asymptote,new_rmse,lowerci_old,upperci_old,sigma_old,lowerci_new,upperci_new,sigma_new,old_pearson,new_pearson
MOT4_MOUSE,GGAVVDEGPTGIK,2,-1.53512259672802,0.357856182309829,5,0.08648,0.0309451790813342,3038190.66666667,600.31696,0.062426753981225,5,0,0,0| 1| 2| 7| 13,NaN,,0.459384872307376| 0.412150050802095| 0.481641957514163| NaN| NaN| 0.36122191404332| NaN| 0.332082734678373| NaN| NaN| NaN| NaN,0.459384872307376,0.155494232624082,0.0292826776266472,0,0.215371069426112,0.0464230570192752,0.0166756075012791,0.156284392498721,0.0251416433085121,0.349043380875967,0.871508417039006
MOT4_MOUSE,PLVAPQVGGGTEPR,2,-2.86582114480533,0.671591409543859,5,0.1125,0.0344324082430054,1747081.5,689.37787,0.0566816759988656,3,1,0,0| 1| 2| 13,NaN,,0.386171688474523| 0.359940556822644| 0.418300076655847| NaN| NaN| 0.26319290097519| NaN| 0.216630700745962| NaN| NaN| NaN| NaN,0.45139,0.104821514977122,0.0282483812308961,0,0.241101409959657,0.046318729558984,0.0299783316048808,0.195021668395119,0.029722060141866,0.84570061664994,0.916701578487464
MOT4_MOUSE,LHKPPVDVGVDSR,3,0.734645462783635,0.824953842521199,5,0.0426,0.00808168647657109,5307964,473.59653,0.0213949869758618,2,0,2,0| 1| 2| 7,NaN,-0.0289160520435532|,0.445470737663929| 0.397821517839903| 0.396551178625312| NaN| NaN| 0.370018408506652| NaN| 0.324415664961091| NaN| NaN| NaN| NaN,0.445470737663929,0.158056246459759,0.0106887836367791,0.00373562241769344,0.0814643775823065,0.0139978915882634,0.023183632809684,0.062016367190316,0.00699324728390076,0.901391318466554,0.944973939993261

