proteinName,peptideSeq,charge,old_Rsquared,new_Rsquared,NDP,rateconstant,sigma,Abundance,MassToCharge,RMSE,selected_A1A0_count, selected_A2A0_count, selected_A2A1_count,improved_timePoints,new_k,I0_percentatediffI0_percentatediff,selected_io_t,i0,I0_asymptote,new_rmse,lowerci_old,upperci_old,sigma_old,lowerci_new,upperci_new,sigma_new,old_pearson,new_pearson
NU3M_MOUSE,ANPYEcGFDPTSSAR,2,0.761457854633621,0.859756940069722,12,0.0202,0.00328872174401377,9083992.16666667,836.35699,0.0328043339445898,3,4,2,0| 1| 2| 3| 6| 9| 16| 24| 31,0.0161842946007114,0.0300816004669973|0.0355909121719467|,0.363132172173398| 0.349716539721018| 0.371228506181486| 0.367581169026028| 0.348103848253972| 0.362805859908774| 0.353508094626597| 0.300839302609331| 0.272999759741629| 0.270088209893932| 0.258388107501724| 0.256615912839458,0.363132172173398,0.0732147467933662,0.0168018973882928,0.0126397087869827,0.0277602912130173,0.00343495783373071,0.0163277300309986,0.0240722699690014,0.00175933488401078,0.922763577544467,0.937834921796935

