proteinName,peptideSeq,charge,old_Rsquared,new_Rsquared,NDP,rateconstant,sigma,Abundance,MassToCharge,RMSE,selected_A1A0_count, selected_A2A0_count, selected_A2A1_count,improved_timePoints,new_k,I0_percentatediffI0_percentatediff,selected_io_t,i0,I0_asymptote,new_rmse,lowerci_old,upperci_old,sigma_old,lowerci_new,upperci_new,sigma_new,old_pearson,new_pearson
PRAF3_MOUSE,AWDDFFPGSDR,2,0.891242794907294,0.947696572926858,8,0.06529,0.00700603551792899,15371253.625,656.78326,0.0185506768875827,2,0,2,2| 3| 7| 13,NaN,-0.00872881697374927|,0.43514999623355| 0.406478789216761| 0.38781533793317| 0.386802754975703| 0.349555584676818| 0.33443211309986| NaN| 0.317611744995728| NaN| NaN| NaN| 0.203870918286116,0.43514999623355,0.161840180509925,0.0124934806060344,0.0415651503270961,0.0890148496729039,0.010033242982624,0.0493118256689106,0.0812681743310894,0.00675717265621446,0.963416373007082,0.982915513838466

