proteinName,peptideSeq,charge,old_Rsquared,new_Rsquared,NDP,rateconstant,sigma,Abundance,MassToCharge,RMSE,selected_A1A0_count, selected_A2A0_count, selected_A2A1_count,improved_timePoints,new_k,I0_percentatediffI0_percentatediff,selected_io_t,i0,I0_asymptote,new_rmse,lowerci_old,upperci_old,sigma_old,lowerci_new,upperci_new,sigma_new,old_pearson,new_pearson
ABCC9_MOUSE,FFDTTPLGLILNR,2,0.684067589108734,0.972068158191169,7,0.0868,0.0137299225079669,6726975.66666667,753.91937,0.01838928222542,0,1,3,2| 3| 6| 21,NaN,-0.0746366959092233|,0.373088661139728| 0.364268796323085| 0.347853358925255| 0.341434288677328| 0.291910095517422| NaN| 0.270877634678675| NaN| NaN| 0.230485078707008| NaN| NaN,0.373088661139728,0.184072428941963,0.00632198589846225,0.0283390080507112,0.145260991949289,0.0238917441693189,0.0667019036097763,0.106898096390224,0.00821365770977786,0.931132262493632,0.992200018091759

