proteinName,peptideSeq,charge,old_Rsquared,new_Rsquared,NDP,rateconstant,sigma,Abundance,MassToCharge,RMSE,selected_A1A0_count, selected_A2A0_count, selected_A2A1_count,improved_timePoints,new_k,I0_percentatediffI0_percentatediff,selected_io_t,i0,I0_asymptote,new_rmse,lowerci_old,upperci_old,sigma_old,lowerci_new,upperci_new,sigma_new,old_pearson,new_pearson
ABCD3_MOUSE,VLGELWPLFGGR,2,0.938342400542524,0.970010917862303,10,0.10256,0.00903223752139027,9908812.5,672.37714,0.0195782452853021,4,0,3,1| 2| 3| 6| 9| 13| 24,NaN,-0.0473564222304485|-0.0249971069005905|-0.00745464444177159|,0.469726915751769| 0.443240197713593| 0.415017742891963| 0.383896901675776| 0.316230120665487| 0.322947917696129| 0.287445059318087| 0.250284462644398| NaN| 0.226166728267778| 0.215027706219844| NaN,0.469726915751769,0.201213667892061,0.013671826089332,0.0830830412794942,0.122036958720506,0.00860990520158866,0.0889589040644127,0.116161095935587,0.00601244518323228,0.993133997922394,0.994986191819567
ABCD3_MOUSE,EGGWDSVQDWMDVLSGGEK,2,0.928376798780667,0.976823231488933,10,0.24479,0.0251474137503498,5292472.5,1047.95728,0.0170038732279573,0,1,2,1| 9| 24,NaN,,0.28253090794937| 0.232042343152772| 0.200353024436046| 0.16837763641518| 0.127389497873841| 0.106813601082977| 0.108281430937264| 0.0740056206401386| NaN| 0.0563481603387799| 0.0509474379377677| NaN,0.28253090794937,0.0569639114127723,0.0102859398777607,0.176926755667021,0.312653244332979,0.0299993499377313,0.203738338313231,0.285841661686769,0.0181471306974968,0.971104020932254,0.992193053404917
ABCD3_MOUSE,FDHVPLATPNGDILIQDLSFEVR,3,-0.88301625691552,-0.49029121282818,10,0.0005,0.0143134276041539,526359950,866.11841,0.09630547650468,0,3,6,0| 1| 2| 3| 6| 7| 9| 21| 24,NaN,,0.323327203400523| 0.323747030152298| 0.283336966848692| 0.301869929464093| 0.233356973134381| 0.222167155372492| 0.21324376127572| 0.209823997701427| NaN| 0.200510745863454| 0.188520575982902| NaN,0.215,0.0311736810151412,0.0555676550185956,0,0.0379604276695169,0.0165596043855626,0,0.0221570358140367,0.00957362121992646,0.959856848588522,0.853583209097079

