proteinName,peptideSeq,charge,old_Rsquared,new_Rsquared,NDP,rateconstant,sigma,Abundance,MassToCharge,RMSE,selected_A1A0_count, selected_A2A0_count, selected_A2A1_count,improved_timePoints,new_k,I0_percentatediffI0_percentatediff,selected_io_t,i0,I0_asymptote,new_rmse,lowerci_old,upperci_old,sigma_old,lowerci_new,upperci_new,sigma_new,old_pearson,new_pearson
AL1B1_MOUSE,VAEQTPLSALYLASLIK,2,0.540537314557949,0.938811453159464,8,0.02247,0.00702772770915098,4445163.75,909.02454,0.0377627361960026,1,1,4,0| 2| 6| 7| 13| 24,NaN,,0.340483016191158| NaN| 0.318110971660941| 0.329904020037556| 0.314277412330331| 0.31528719557528| 0.291302981827543| 0.274588857260068| NaN| NaN| 0.217025638980334| NaN,0.340483016191158,0.0754291241728454,0.00745676729763387,0.000712015220236263,0.0442279847797637,0.0092014554830637,0.0181735891539731,0.0267664108460269,0.00181695288129059,0.870249655933559,0.977501659346164

