proteinName,peptideSeq,charge,old_Rsquared,new_Rsquared,NDP,rateconstant,sigma,Abundance,MassToCharge,RMSE,selected_A1A0_count, selected_A2A0_count, selected_A2A1_count,improved_timePoints,new_k,I0_percentatediffI0_percentatediff,selected_io_t,i0,I0_asymptote,new_rmse,lowerci_old,upperci_old,sigma_old,lowerci_new,upperci_new,sigma_new,old_pearson,new_pearson
CAB39_MOUSE,DVAQIFNNILR,2,0.884529963142666,0.942640950936397,8,0.07756,0.00954537132272718,5736536.42857143,651.86188,0.0262717629436848,2,3,2,0| 1| 2| 9| 13| 21| 24,NaN,0.0228100950935483|-0.0120510335213659|0.0287976334023129|,0.490664873656278| 0.448366514718101| 0.431104492732324| NaN| NaN| 0.292055761657808| 0.316686503684855| 0.301452330370919| NaN| 0.243549518468017| 0.223726591900958| NaN,0.490664873656278,0.19128777933938,0.0182655456832226,0.0480073405128296,0.10711265948717,0.012497824749388,0.0570133981948331,0.0981066018051669,0.0086891614160111,0.940714207995011,0.971700190253018
CAB39_MOUSE,IILWSEQFYDFFR,2,0.0126574907610572,0.825462042188342,8,0.12621,0.134787372222584,1109415.75,882.44324,0.142743024969564,1,1,3,2| 7| 13| 21| 24,NaN,0.0159396447360149|-0.0276263897948247|,0.368967798221285| 0.311255339309592| 0.29137365614654| NaN| NaN| 0.12399633893501| 0.206416555072331| 0.172668317908397| NaN| 0.132178222078254| 0.15392867882869| NaN,0.32799,0.134034854477412,0.0293765770650719,0,0.552391513706003,0.180232235005409,0.0403285746647783,0.212091425335222,0.0363192694563822,0.402735894851295,0.918755509983707

