proteinName,peptideSeq,charge,old_Rsquared,new_Rsquared,NDP,rateconstant,sigma,Abundance,MassToCharge,RMSE,selected_A1A0_count, selected_A2A0_count, selected_A2A1_count,improved_timePoints,new_k,I0_percentatediffI0_percentatediff,selected_io_t,i0,I0_asymptote,new_rmse,lowerci_old,upperci_old,sigma_old,lowerci_new,upperci_new,sigma_new,old_pearson,new_pearson
CAH1_MOUSE,ADGLAILGVLMK,2,-0.0685374615981886,0.363846944893897,12,0.00503,0.00450829220175709,17056167.6666667,600.85468,0.0569053215953913,10,0,1,0| 1| 2| 3| 6| 7| 9| 13| 16| 21| 24,0.0125433193774469,-0.0124147776445717|,0.501193157458598| 0.471388730603168| 0.506691467133811| 0.518511853311794| 0.503458691276099| 0.502430069987455| 0.5028479444383| 0.452551591917672| 0.450109160530999| 0.433094005121916| 0.417807270857911| 0.380862485255859,0.501193157458598,0.204815244138656,0.0330916071862478,0,0.0157758386472699,0.00488228582754744,0,0.0111450033718403,0.00277830286473973,0.975978492045081,0.915629876613366
CAH1_MOUSE,YSSASEAISK,2,0.493372939741552,0.781363727494214,11,0.01555,0.00367729381056114,8370359.75,521.75616,0.0507119540583562,2,3,0,2| 3| 6| 13| 21,NaN,0.0386719253938494|,0.578047867594193| 0.568579263693689| 0.608720482390124| 0.547960125688334| 0.546715381211608| NaN| 0.507023888300305| 0.514845314980399| 0.527461771158898| 0.474268334061812| 0.449319870232975| 0.336941638971998,0.578047867594193,0.186657958702801,0.0318324205327332,0.00678722314931045,0.0243127768506895,0.00393277862615866,0.0100495139129393,0.0210504860870607,0.00246864601087875,0.712912064149738,0.913229453188313
CAH1_MOUSE,LYPIANGNNQSPIDIK,2,0.38444336431033,0.696512961760524,9,0.04723,0.0199698955496187,3657245.14285714,878.96503,0.0872427566417014,2,2,2,0| 2| 3| 6| 9| 16,NaN,,0.330756617729404| NaN| 0.344208539006599| 0.306529493742767| 0.380203812784338| 0.266458657902984| 0.241889477892883| NaN| 0.21499952242657| 0.138838459544445| 0.218657128635983| NaN,0.330756617729404,0.0843950189791039,0.0342293002881136,0,0.106780034359271,0.0258239061467728,0.0251015932200316,0.0693584067799684,0.00959599614025332,0.653691517818727,0.834677265965677

