proteinName,peptideSeq,charge,old_Rsquared,new_Rsquared,NDP,rateconstant,sigma,Abundance,MassToCharge,RMSE,selected_A1A0_count, selected_A2A0_count, selected_A2A1_count,improved_timePoints,new_k,I0_percentatediffI0_percentatediff,selected_io_t,i0,I0_asymptote,new_rmse,lowerci_old,upperci_old,sigma_old,lowerci_new,upperci_new,sigma_new,old_pearson,new_pearson
CLUS_MOUSE,QQSQVLDAMQDSFAR,2,0.766494121988008,0.994078270619515,5,0.64563,0.119669983948189,1772768,862.40704,0.0261774267455873,1,0,1,7| 24,NaN,,0.343901746211914| 0.214948619818083| 0.149575782010454| NaN| NaN| 0.0543857993275508| NaN| NaN| NaN| NaN| 0.0655565180221458| NaN,0.343901746211914,0.0574313030056735,0.00529712603795993,0.0962372926341384,1.19502270736586,0.197876308215752,0.534457788783954,0.756802211216046,0.0400412062931944,0.985679419394621,0.997947042646763

