proteinName,peptideSeq,charge,old_Rsquared,new_Rsquared,NDP,rateconstant,sigma,Abundance,MassToCharge,RMSE,selected_A1A0_count, selected_A2A0_count, selected_A2A1_count,improved_timePoints,new_k,I0_percentatediffI0_percentatediff,selected_io_t,i0,I0_asymptote,new_rmse,lowerci_old,upperci_old,sigma_old,lowerci_new,upperci_new,sigma_new,old_pearson,new_pearson
COR1C_MOUSE,AIFLADGNVFTTGFSR,2,0.656384338323774,0.866400841196641,9,0.09215,0.015431508702093,4921100.25,858.44122,0.0307826823908419,2,3,0,3| 13| 16| 21| 24,NaN,,0.355925024203133| 0.278303829844004| 0.297480555589896| 0.299037031485544| 0.250010373348712| NaN| NaN| 0.221162257400645| 0.173391685289119| 0.171615227291142| 0.137819691508748| NaN,0.355925024203133,0.109644372078051,0.0215301285550432,0.0480555275989912,0.136244472401009,0.0191215929449391,0.0613092939397975,0.122990706060202,0.0133740896603679,0.916180113578216,0.959898144989045

