proteinName,peptideSeq,charge,old_Rsquared,new_Rsquared,NDP,rateconstant,sigma,Abundance,MassToCharge,RMSE,selected_A1A0_count, selected_A2A0_count, selected_A2A1_count,improved_timePoints,new_k,I0_percentatediffI0_percentatediff,selected_io_t,i0,I0_asymptote,new_rmse,lowerci_old,upperci_old,sigma_old,lowerci_new,upperci_new,sigma_new,old_pearson,new_pearson
CX6A2_MOUSE,GDHGGAGANTWR,2,0.963209617360078,0.986814042870111,10,0.06306,0.00378421554818504,7805717.6,599.77106,0.0177756795505674,4,2,3,0| 1| 3| 6| 7| 9| 13| 16| 24,NaN,0.00109746397887975|0.0456588355367597|0.0140327133352348|0.0226296395631848|-0.00746272012028689|0.065083897455721|-0.0128119681076812|,0.544687037465575| 0.496082066675317| 0.468209978426162| 0.451130860914463| 0.400313289756425| 0.391991150028222| 0.348995568015969| 0.302615825625098| 0.282283192241714| NaN| 0.227454567833635| NaN,0.544687037465575,0.160073696632423,0.0100800060616485,0.0531751972338364,0.0729448027661636,0.00436963573083241,0.0574546518884029,0.0686653481115971,0.00247787740146229,0.990292105586221,0.995959165690108
CX6A2_MOUSE,GDHGGAGANTWR,3,0.980590789054441,0.997264000584925,10,0.05296,0.00188558231440256,43673641.4285714,400.18314,0.0102853867908115,2,3,1,2| 3| 9| 13| 16| 24,NaN,-0.0455929894451361|-0.0117248426590837|-0.00157632032681672|0.0120644045035359|0.0417181810735143|,0.521630777051847| 0.495778384070861| 0.482394622073365| 0.465825964652428| 0.412261478710021| 0.406920277525382| 0.378819675453488| 0.340906963788894| 0.315368098127334| NaN| 0.253167636051882| NaN,0.521630777051847,0.153297877526982,0.0039205850917858,0.0481068181104388,0.0578131818895612,0.00214537785877197,0.0511100634880414,0.0548099365119586,0.000817775414811122,0.993406513796064,0.999043504978977

