proteinName,peptideSeq,charge,old_Rsquared,new_Rsquared,NDP,rateconstant,sigma,Abundance,MassToCharge,RMSE,selected_A1A0_count, selected_A2A0_count, selected_A2A1_count,improved_timePoints,new_k,I0_percentatediffI0_percentatediff,selected_io_t,i0,I0_asymptote,new_rmse,lowerci_old,upperci_old,sigma_old,lowerci_new,upperci_new,sigma_new,old_pearson,new_pearson
EIF3E_MOUSE,QLQAETEPIVK,2,0.879174841247628,0.971735138596123,5,0.05585,0.00640986499656434,6246498.75,628.34827,0.0179076288466954,1,1,0,0| 16,NaN,,0.502007099033195| 0.452221955085311| 0.437035210359621| NaN| NaN| 0.365500213655907| NaN| NaN| 0.276564234375988| NaN| NaN| NaN,0.502007099033195,0.154645639978394,0.00850478174876182,0.0250253182704779,0.086674681729522,0.0111022118437067,0.0412105861038934,0.0704894138961066,0.00527271865346198,0.942458737288071,0.990478554276741

