proteinName,peptideSeq,charge,old_Rsquared,new_Rsquared,NDP,rateconstant,sigma,Abundance,MassToCharge,RMSE,selected_A1A0_count, selected_A2A0_count, selected_A2A1_count,improved_timePoints,new_k,I0_percentatediffI0_percentatediff,selected_io_t,i0,I0_asymptote,new_rmse,lowerci_old,upperci_old,sigma_old,lowerci_new,upperci_new,sigma_new,old_pearson,new_pearson
EIF3B_MOUSE,VNLFTDFDK,2,0.680121211267318,0.861098633452479,11,0.10763,0.0363914690845084,4870128.81818182,549.77692,0.0458662318796277,2,5,1,0| 1| 2| 6| 9| 13| 21| 24,NaN,-0.00228470959870159|0.0189360380126358|,0.507802494333595| 0.524461234780044| 0.469304780225355| 0.503874573498029| 0.453505775038458| 0.432704828282243| 0.446180783066243| 0.343693033590084| NaN| 0.343693033590084| 0.370894501199073| 0.359200299593605,0.507802494333595,0.348382019769332,0.0231115086375478,0.0188055632332091,0.196454436766791,0.0398648570366742,0.0628723067378067,0.152387693262193,0.0200874793934605,0.862874342863135,0.934872797175469
EIF3B_MOUSE,VDNAYWLWTFQGR,2,0.394957797791106,0.923353766543337,11,0.02572,0.00889965960377723,2144267.4,828.40192,0.051141721091557,0,3,1,0| 3| 13| 31,NaN,,0.379722080720362| 0.368604566632617| 0.362733773867884| 0.360065093121713| 0.325776326650575| 0.319540298154921| 0.315703245071484| 0.276489948551976| NaN| 0.268606420409068| 0.241208528679657| 0.239611205209826,0.379722080720362,0.155175443858696,0.0129531043686096,0.00399767683997707,0.0474423231600229,0.00974908863821256,0.0202182000406925,0.0312217999593075,0.00246923568339669,0.779021605626736,0.980707730692055

