proteinName,peptideSeq,charge,old_Rsquared,new_Rsquared,NDP,rateconstant,sigma,Abundance,MassToCharge,RMSE,selected_A1A0_count, selected_A2A0_count, selected_A2A1_count,improved_timePoints,new_k,I0_percentatediffI0_percentatediff,selected_io_t,i0,I0_asymptote,new_rmse,lowerci_old,upperci_old,sigma_old,lowerci_new,upperci_new,sigma_new,old_pearson,new_pearson
FLOT2_MOUSE,VDYLSSLGK,2,0.36110970101899,0.443466633461561,8,0.03493,0.00994249903732823,1894943.83333333,491.2662,0.0412709739698479,1,3,0,9| 13| 16| 21,NaN,0.0175293657716662|,NaN| 0.619762259372988| 0.471578590400524| 0.511891903200776| 0.494961026002605| NaN| 0.471181403075091| 0.456637369028731| 0.472236203087779| 0.419092253839768| NaN| NaN,NaN,NaN,0.0337023651801157,0.00414782520894825,0.0657121747910518,0.0130177869815949,0.00979291221030759,0.0600670877896924,0.0106304787236472,0.6017324509422,0.738557441864767

