proteinName,peptideSeq,charge,old_Rsquared,new_Rsquared,NDP,rateconstant,sigma,Abundance,MassToCharge,RMSE,selected_A1A0_count, selected_A2A0_count, selected_A2A1_count,improved_timePoints,new_k,I0_percentatediffI0_percentatediff,selected_io_t,i0,I0_asymptote,new_rmse,lowerci_old,upperci_old,sigma_old,lowerci_new,upperci_new,sigma_new,old_pearson,new_pearson
GELS_MOUSE,TGAQELLK,2,-0.554781379480446,0.208915476465228,12,0.7414,0.492539226221052,15526857.375,430.2478,0.112821799150093,5,3,2,0| 1| 2| 6| 7| 9| 13| 16| 24| 31,0.690984811717293,,0.607352390616685| 0.425288839447786| 0.399748727959487| 0.345758561080208| 0.284156703907385| 0.323701904043551| 0.391379161780997| 0.289136750279626| 0.409344958443467| 0.52303190706606| 0.309433255188365| 0.397521535919236,0.607352390616685,0.299652177643243,0.0815486041175257,0,4.23671606517482,1.58806889326759,0,3.33760458752407,1.17956478588135,0.337579404991139,0.707709452255455
GELS_MOUSE,SGALNSNDAFVLK,2,-0.602845478179358,-0.0213918742310082,12,0.00085,0.00724897010182114,141242528.888889,668.34875,0.110927658794457,0,5,2,0| 1| 2| 3| 6| 7| 9,3.21613816841532E-05,,0.430295414875037| 0.379240981442014| 0.497917391025942| 0.495208892602124| 0.460036571395415| 0.457923913325326| 0.436293713619393| 0.507756122458461| 0.481007891170704| 0.480143446576187| 0.432815949423122| 0.366308490264548,0.430295414875037,0.145647929157071,0.0438008394445541,0,0.0175897872483652,0.00760558842558248,0,0.00734102933384288,0.0029491472525383,0.911123186116001,0.247667749945367
GELS_MOUSE,TPSAAYLWVGAGASEAEK,2,-0.267195216531719,-0.418281236269519,12,0.00222,0.00587848858952325,65321640,904.44666,0.0847762010398722,2,3,7,0| 1| 2| 3| 6| 7| 9| 13| 16| 21| 24| 31,0.00357544843801122,0.00562263658012762|,0.309558884784881| 0.319844243559062| 0.372663637795031| 0.357149256704475| 0.28815011036311| 0.29553589006438| 0.293053808007434| 0.34679| 0.329732356757945| 0.322869271806936| 0.313384155684401| 0.351598801955919,0.34679,0.047969070791328,0.0310575168714229,0,0.0159352531592577,0.00623141555709864,0,0.00708418107490019,0.00221000176013654,0.948223670965825,-0.105953470964591

