proteinName,peptideSeq,charge,old_Rsquared,new_Rsquared,NDP,rateconstant,sigma,Abundance,MassToCharge,RMSE,selected_A1A0_count, selected_A2A0_count, selected_A2A1_count,improved_timePoints,new_k,I0_percentatediffI0_percentatediff,selected_io_t,i0,I0_asymptote,new_rmse,lowerci_old,upperci_old,sigma_old,lowerci_new,upperci_new,sigma_new,old_pearson,new_pearson
GPCP1_MOUSE,SAGILTLPIMSR,2,0.811050528387707,0.956174052052159,7,0.14063,0.0175393663003621,5038269.42857143,629.86304,0.0237069554123759,4,0,0,3| 6| 9| 24,NaN,,0.428318583344854| 0.391771362777182| NaN| 0.345540690752713| 0.268781319120079| 0.257106663735802| 0.231732906657588| NaN| NaN| NaN| 0.209774867474597| NaN,0.428318583344854,0.159299454083144,0.0124470508686018,0.0709226247412468,0.210337375258753,0.0284878980131144,0.104030983775864,0.177229016224136,0.01495722708972,0.973255341048898,0.985497932819164

