proteinName,peptideSeq,charge,old_Rsquared,new_Rsquared,NDP,rateconstant,sigma,Abundance,MassToCharge,RMSE,selected_A1A0_count, selected_A2A0_count, selected_A2A1_count,improved_timePoints,new_k,I0_percentatediffI0_percentatediff,selected_io_t,i0,I0_asymptote,new_rmse,lowerci_old,upperci_old,sigma_old,lowerci_new,upperci_new,sigma_new,old_pearson,new_pearson
IF2M_MOUSE,ILNEAYPSMPVGIIGWR,2,-0.127388894564496,0.495984564698076,5,0.0346,0.0128321499818268,4972475.4,958.50854,0.0325448627902221,2,0,2,0| 6| 7| 13,NaN,,0.369476619391316| 0.325729937218432| NaN| NaN| 0.243127248535949| 0.273846515076743| NaN| 0.234782284193018| NaN| NaN| NaN| NaN,0.30149,0.0733882104312346,0.0234551816451804,0,0.115093335778533,0.0289915099095411,0,0.102731639032443,0.0245391630134075,0.630990399999562,0.909762114334714

