proteinName,peptideSeq,charge,old_Rsquared,new_Rsquared,NDP,rateconstant,sigma,Abundance,MassToCharge,RMSE,selected_A1A0_count, selected_A2A0_count, selected_A2A1_count,improved_timePoints,new_k,I0_percentatediffI0_percentatediff,selected_io_t,i0,I0_asymptote,new_rmse,lowerci_old,upperci_old,sigma_old,lowerci_new,upperci_new,sigma_new,old_pearson,new_pearson
IMPA1_MOUSE,SLLVTELGSSR,2,0.762283086915441,0.837841656706568,7,0.03074,0.00397769834682076,20581025,581.32733,0.0263187036467705,2,2,0,1| 2| 21| 31,NaN,-0.00904727095337182|,0.565703872467245| 0.527799043304785| 0.522984064952116| NaN| NaN| NaN| 0.443801601605654| 0.399153639512043| NaN| 0.40628587965731| NaN| 0.351162913936653,0.565703872467245,0.231177890251092,0.022788721494047,0.0183606032616982,0.0431193967383018,0.00505919194971179,0.0200209832763898,0.0414590167236102,0.00438063051563157,0.922703605445552,0.964607670019171

