protien,peptide,charge,rsquared,rateconstant,mo,io_e,io_a1a0,io_a2a0,io_a2a1
RS3_MOUSE,AELNEFLTR,2,0.961980217168171,0.08052,0.53117,0.537726342422215,0.505349631004006,0.589454005642076,0.635375292399161
RS3_MOUSE,IMLPWDPSGK,2,0.492280363203012,0.02539,0.48115,0.529329965135941,0.51982412442229,0.478270722161715,0.404500245847273
RS3_MOUSE,ELAEDGYSGVEVR,2,0.86539571994488,0.05006,0.44976,0.480756759767044,0.441434128548013,0.484749453288231,0.551176561878542
RS3_MOUSE,DEILPTTPISEQK,2,0.91552873351384,0.06456,0.43087,0.490743808575646,0.490106118908519,0.434113692284306,0.360555338945516
RS3_MOUSE,FGFPEGSVELYAEK,2,0.695604611599986,0.1358,0.3865,0.37171124733237,0.362015957352248,0.37114586211796,0.382346790198167
RS3_MOUSE,FVDGLMIHSGDPVNYYVDTAVR,3,-1.13371285095559,0.00019,0.22425,0.326025955301779,0.383225166018604,0.311429600888261,0.229489439994743

