protien,peptide,charge,rsquared,rateconstant,mo,io_e,io_a1a0,io_a2a0,io_a2a1
ABCC9_MOUSE,FFDTTPLGLILNR,2,0.684067589108734,0.0868,0.40013,0.373088661139728,0.377679843736542,0.379627002395675,0.381919557680063

