protien,peptide,charge,rsquared,rateconstant,mo,io_e,io_a1a0,io_a2a0,io_a2a1
UCHL3_MOUSE,FLENYDAIR,2,0.927772118605468,0.09863,0.50802,0.517562812164347,0.491636906033646,0.542778953951447,0.60166611133673
UCHL3_MOUSE,WLPLEANPEVTNQFLK,2,-0.451240356166939,0.00396,0.31694,0.467262584631917,0.497528093194628,0.418788042821104,0.338000894887415
UCHL3_MOUSE,QTISNAcGTIGLIHAIANNK,3,0.877798839096094,0.02865,0.30204,0.34017010749234,0.336650048534497,0.328350168855769,0.31732772146257

