protien,peptide,charge,rsquared,rateconstant,mo,io_e,io_a1a0,io_a2a0,io_a2a1
DHDH_MOUSE,AEFGFDLSHIPR,3,0.651382358887927,0.04078,0.43482,0.424192209520316,0.388442522593855,0.442494818233961,0.510018546238691

