protien,peptide,charge,rsquared,rateconstant,mo,io_e,io_a1a0,io_a2a0,io_a2a1
CFAH_MOUSE,YEcNYGFYPVTGSTVSK,2,0.626932045953636,0.16709,0.30873,0.426359388836396,0.47888044617538,0.303796770976174,0.115058134694755

