protien,peptide,charge,rsquared,rateconstant,mo,io_e,io_a1a0,io_a2a0,io_a2a1
DNJA2_MOUSE,VSLEDLYNGK,2,0.93862904604299,0.0449,0.51865,0.514202528925415,0.525180974239869,0.501793046637026,0.468893346104078
DNJA2_MOUSE,EISFAYEVLSNPEK,2,0.588003851838584,0.4996,0.38284,0.300447015055019,0.434161829385571,0.225004975913379,0.0912974678409073
DNJA2_MOUSE,IGLVEALcGFQFTFK,2,0.958586711777864,0.20754,0.34272,0.322385935558379,0.305464211478775,0.313097380667869,0.322926316586752
DNJA2_MOUSE,FDVQFPENNWINPDK,2,0.94055973029664,0.20125,0.32774,0.347146679086399,0.351008216643193,0.32856046190634,0.302499564030051

