protien,peptide,charge,rsquared,rateconstant,mo,io_e,io_a1a0,io_a2a0,io_a2a1
PP2AA_MOUSE,YGNANVWK,2,-0.704159985276075,0.00013,0.56406,0.766167963670632,0.76411567812963,0.629314563480473,0.629314563480473
PP2AA_MOUSE,YSFLQFDPAPR,2,0.093384742549055,0.06664,0.43934,0.453963137184023,0.453312187540071,0.459085514731074,0.467218528678961
PP2AA_MOUSE,cGNQAAIMELDDTLK,2,-0.256488129865531,0.00696,0.37536,0.34431251823766,0.30527762611094,0.32174288958369,0.353156755449214
PP2AA_MOUSE,NVVTIFSAPNYcYR,2,0.980844657367807,0.17748,0.35939,0.360322783001553,0.366996420566883,0.357883342877793,0.344591458995918
PP2AA_MOUSE,ELDQWIEQLNEcK,2,0.889954267683969,0.23582,0.37362,0.349531736305308,0.323968492348365,0.351095412903018,0.39327084216088
PP2AA_MOUSE,QITQVYGFYDEcLR,2,0.722907641567472,0.06169,0.34491,0.406060836214229,0.359699815064849,0.371511561295122,0.389705536527234
PP2AA_MOUSE,AHQLVMEGYNWcHDR,3,0.86135058290951,0.11587,0.31447,0.320041325362041,0.244296793134303,0.345075731039414,0.428117096162021
PP2AA_MOUSE,cPVTVcGDVHGQFHDLMELFR,4,0.346358940165519,0.09362,0.21852,0.280450163793892,0.318076477280651,0.262023496231784,0.179521680666586
PP2AA_MOUSE,GAGYTFGQDISETFNHANGLTLVSR,3,0.817112488711122,0.13193,0.21615,0.2649881349069,0.282869701402851,0.259855066203343,0.234372655320622

