protien,peptide,charge,rsquared,rateconstant,mo,io_e,io_a1a0,io_a2a0,io_a2a1
ROA1_MOUSE,IEVIEIMTDR,2,0.89449640291152,0.26513,0.4795,0.44636034617566,0.394836563375199,0.497061389491072,0.573568636604849
ROA1_MOUSE,WGTLTDcVVMR,2,-0.673099621954018,1.15694,0.43977,0.28255669635959,0.243528147549066,0.279362792259525,0.338380249666745
ROA1_MOUSE,SSGPYGGGGQYFAK,2,-0.702172379668524,9.26092,0.44461,0.25771071628457,0.479049467487153,0.168934965663297,0.111597608049154
ROA1_MOUSE,YHTVNGHNcEVR,3,0.856464282774055,0.06427,0.42982,0.452540659026408,0.443082562501033,0.450124970049691,0.464166828600509
ROA1_MOUSE,NQGGYGGSSSSSSYGSGR,2,0.939610309264191,0.09992,0.4039,0.422149223400198,0.398790323969817,0.435766709208426,0.493094076736555
ROA1_MOUSE,SHFEQWGTLTDcVVMR,3,0.84097959858021,0.13016,0.30448,0.307447562805823,0.300976599265527,0.288282087291844,0.269373315178638

