protien,peptide,charge,rsquared,rateconstant,mo,io_e,io_a1a0,io_a2a0,io_a2a1
RS17_MOUSE,LLDFGSLSNLQVTQPTVGMNFK,3,0.99574508766922,0.09446,0.23294,0.238744930513629,0.235594958615547,0.233663311036306,0.231499872706041
RS17_MOUSE,LLDFGSLSNLQVTQPTVGMNFK,2,0.945920967470213,0.10227,0.23294,0.258691291035529,0.243949542487348,0.238787695743199,0.232218855982091

