protien,peptide,charge,rsquared,rateconstant,mo,io_e,io_a1a0,io_a2a0,io_a2a1
KTN1_MOUSE,QSDQVSFVSLIEDLKR,3,-0.161362239687708,0.05475,0.3428,0.333034400772118,0.352571197984057,0.302741447016498,0.247895737759135

