protien,peptide,charge,rsquared,rateconstant,mo,io_e,io_a1a0,io_a2a0,io_a2a1
RL12_MOUSE,cTGGEVGATSALAPK,2,0.931510042071294,0.04378,0.45001,0.462019916752101,0.442489750016802,0.436264827236035,0.425562071812414
RL12_MOUSE,HSGNITFDEIVNIAR,3,0.886641242292167,0.03899,0.37936,0.417676124972491,0.437734042521589,0.385786149693292,0.322333714598297

