protien,peptide,charge,rsquared,rateconstant,mo,io_e,io_a1a0,io_a2a0,io_a2a1
S10AA_MOUSE,EFPGFLENQKDPLAVDK,3,0.749514411498624,0.03424,0.3147,0.34340588631916,0.322552675879047,0.317735685423472,0.311692419929488

