protien,peptide,charge,rsquared,rateconstant,mo,io_e,io_a1a0,io_a2a0,io_a2a1
GELS_MOUSE,TGAQELLK,2,-0.554781379480446,0.7414,0.61246,0.492648848195862,0.607352390616685,0.385420684021178,0.284160826734643
GELS_MOUSE,SGALNSNDAFVLK,2,-0.602845478179358,0.00085,0.46429,0.716613417569275,0.753364056778739,0.583708922185172,0.430295414875037
GELS_MOUSE,TPSAAYLWVGAGASEAEK,2,-0.267195216531719,0.00222,0.34679,0.494111382726171,0.554071928878106,0.449598877379894,0.309558884784881

