protien,peptide,charge,rsquared,rateconstant,mo,io_e,io_a1a0,io_a2a0,io_a2a1
CORO6_MOUSE,VGILSWHPTAR,3,0.909128472047185,0.07328,0.47487,0.513727840945906,0.502180978577061,0.501185705437367,0.500186824706775
CORO6_MOUSE,NITEPVITLEGHSK,3,0.00187740910723222,0.03196,0.41281,0.406725714213025,0.387512388500088,0.410832755516942,0.439358695505649

