protien,peptide,charge,rsquared,rateconstant,mo,io_e,io_a1a0,io_a2a0,io_a2a1
PSME1_MOUSE,APLDIPVPDPVK,2,0.880709652037383,0.09417,0.46734,0.498704551293614,0.500249239637605,0.474259286321984,0.440612315447392
PSME1_MOUSE,NAYAVLYDIILK,2,0.905156742660031,0.1031,0.42432,0.450685186432953,0.437476725504435,0.433233834165993,0.427727852081701
PSME1_MOUSE,EPALNEANLSNLK,2,0.94042694596906,0.08693,0.44976,0.468536377811055,0.445901760143457,0.428103274634421,0.405090060658491
PSME1_MOUSE,DVTEQLNLVTTWLQLQIPR,3,0.966220794034132,0.15062,0.26323,0.284414285840679,0.28194895238758,0.28033124162289,0.277824058187082

