protien,peptide,charge,rsquared,rateconstant,mo,io_e,io_a1a0,io_a2a0,io_a2a1
OCAD1_MOUSE,GVTYEELR,2,0.937079176457411,0.09632,0.57432,0.632847935827479,0.640751763154835,0.616175918390412,0.576045643363856
OCAD1_MOUSE,SVPLAATSMLITQGLISK,2,0.92245111686407,0.07109,0.33009,0.33452779193589,0.296082139486518,0.311781377918514,0.334074764459265
OCAD1_MOUSE,FDSNVSGQSSFGTSPAADNIEK,3,-0.0359408403880317,0.04076,0.2819,0.382578213992861,0.434340509857664,0.2819,0.128687274589497
OCAD1_MOUSE,FDSNVSGQSSFGTSPAADNIEK,2,0.711241221584766,0.09162,0.2819,0.355839046766956,0.361185982328406,0.278035325987201,0.186840505909081

