protien,peptide,charge,rsquared,rateconstant,mo,io_e,io_a1a0,io_a2a0,io_a2a1
TADBP_MOUSE,AFAFVTFADDK,2,0.719914425573509,0.21561,0.47015,0.505395364604435,0.478543317675138,0.483878216432218,0.490883460560583
TADBP_MOUSE,TSDLIVLGLPWK,2,0.0181007210201199,0.00273,0.43992,0.442745962688735,0.420670453961308,0.455025872236149,0.496826556018195
TADBP_MOUSE,DYFSTFGEVLMVQVK,2,0.806795767611877,0.13089,0.33191,0.406661569488623,0.369609034820842,0.371868709643524,0.375396693557917
TADBP_MOUSE,LVEGILHAPDAGWGNLVYVVNYPK,3,-0.258126822350512,0.04461,0.20247,0.230916990125274,0.235541290766644,0.215971601578768,0.1941754637153

