protien,peptide,charge,rsquared,rateconstant,mo,io_e,io_a1a0,io_a2a0,io_a2a1
CATD_MOUSE,QPGIVFVAAK,2,0.923443941523688,0.08011,0.53201,0.572121420687341,0.578271977246915,0.550505452424649,0.514104284201071
CATD_MOUSE,ILDIAcWVH,2,0.144067548552975,0.64674,0.50035,0.390493061907802,0.280581456017817,0.519547972213251,0.569456389695817
CATD_MOUSE,FDGILGMGYPH,2,0.94294129035322,0.07318,0.46275,0.479642065426825,0.442793961631736,0.485280866381917,0.548051244086988
CATD_MOUSE,IGSYYTVFDR,2,0.0284959680397632,0.02086,0.47906,0.576346529866065,0.565742881860263,0.539826789217409,0.519653522381912
CATD_MOUSE,IQGEYMIPcEK,2,0.743797722036422,0.08175,0.43107,0.431351353789422,0.41687923179427,0.373448942872757,0.297587979832551
CATD_MOUSE,ILDIAcWVHHK,3,0.960100758547114,0.08022,0.42649,0.422575886903208,0.403352951292543,0.435275804524133,0.489192222218765
CATD_MOUSE,NVLPVFDNLMQQK,2,-0.661168580211832,3.29539,0.38647,0.24531701675464,0.210997388549592,0.202894433194532,0.193468692195504
CATD_MOUSE,AYWQVHMDQLEVGN,2,-0.443473657759686,0.00011,0.35654,0.423020866753605,0.402678153596267,0.422436521262934,0.459022929092864
CATD_MOUSE,DPEGQPGGELMLGGTDSK,2,0.966471760756662,0.10934,0.35801,0.37361177139043,0.371980006619915,0.349096422697484,0.313278654541836
CATD_MOUSE,ISVNNVLPVFDNLMQQK,2,0.833396170750502,0.0477,0.30474,0.338897108044649,0.300834978521531,0.331998687414652,0.377813862122915
CATD_MOUSE,AYWQVHMDQLEVGNELTLcK,3,0.873821218421962,0.16336,0.23009,0.238274305751995,0.208393270185324,0.237450996674112,0.281720527125608

