protien,peptide,charge,rsquared,rateconstant,mo,io_e,io_a1a0,io_a2a0,io_a2a1
PGES2_MOUSE,YWLMLDEK,2,0.758251296605741,0.05293,0.49059,0.552158455997853,0.500020474569727,0.536558505291967,0.536558505291967
PGES2_MOUSE,LADLAVYGVLR,2,0.893688526489453,0.03361,0.48955,0.536373589769681,0.503249895370273,0.569112682828451,0.585590252450269
PGES2_MOUSE,TPAEALASFDYIVR,2,0.967092156346671,0.04525,0.3974,0.409813074587965,0.415739082686621,0.396248972982761,0.371725654343644
PGES2_MOUSE,AFLDFHSLPYQVVEVNPVR,3,0.958701859226084,0.04481,0.25779,0.278503738074635,0.264762017719293,0.276851575219284,0.291297331856418
PGES2_MOUSE,KVPILVAQEGDSLQQLNDSSVIISALK,3,0.965832933531819,0.04857,0.19098,0.20938382458492,0.193653670016657,0.207538146289986,0.225501965170655

