protien,peptide,charge,rsquared,rateconstant,mo,io_e,io_a1a0,io_a2a0,io_a2a1
CALR_MOUSE,FYALSAK,2,0.790714923341618,0.09276,0.60846,0.539369276160924,0.535973239774345,0.52447231608032,0.510000616284574
CALR_MOUSE,EQFLDGDAWTNR,2,0.983416932374447,0.16709,0.43413,0.428237480472151,0.445966689819687,0.413760983537421,0.373925848065554
CALR_MOUSE,HEQNIDcGGGYVK,2,0.877753620349798,0.12926,0.43245,0.473005746884256,0.461317320270698,0.425241911846731,0.366231913878541
CALR_MOUSE,HEQNIDcGGGYVK,3,0.865189669991292,0.12295,0.43245,0.469408831813829,0.430107824305351,0.4646898109398,0.549117072994848
CALR_MOUSE,DMHGDSEYNIMFGPDIcGPGTK,3,0.912226483527544,0.2052,0.22852,0.243208232158925,0.210455292555706,0.221031129317034,0.238890197766341

