protien,peptide,charge,rsquared,rateconstant,mo,io_e,io_a1a0,io_a2a0,io_a2a1
H31_MOUSE,EIAQDFK,2,0.814926055089131,0.00664,0.60856,0.621191183090584,0.61450651729232,0.629900114217165,0.655842230379554
H31_MOUSE,ALQEAcEAYLVGLFEDTNLcAIHAK,3,-0.20714260734298,9E-05,0.18961,0.322632794532096,0.234084872419511,0.27588881945335,0.32131392472386

