protien,peptide,charge,rsquared,rateconstant,mo,io_e,io_a1a0,io_a2a0,io_a2a1
EIF3I_MOUSE,QINDIQLSR,2,0.799676563590136,0.02525,0.54503,0.5353602604639,0.528627266985283,0.54176861677703,0.561618631226893

