protien,peptide,charge,rsquared,rateconstant,mo,io_e,io_a1a0,io_a2a0,io_a2a1
ROA2_MOUSE,GGNFGFGDSR,2,0.894188259165665,0.1135,0.56236,0.588559268672735,0.57173128840157,0.592454915190864,0.624066409271754
ROA2_MOUSE,IDTIEIITDR,2,0.884421136744819,0.05697,0.5091,0.571391352579504,0.56613310587468,0.561069083426248,0.55358933906316
ROA2_MOUSE,GGGGNFGPGPGSNFR,2,0.805625817735055,0.07123,0.45424,0.472053758929687,0.460888830723652,0.479424078527904,0.504444926114555
ROA2_MOUSE,YHTINGHNAEVR,4,0.177681019296724,0.1293,0.44708,0.492359114714032,0.492623051149325,0.46998246652892,0.43932027104001
ROA2_MOUSE,YHTINGHNAEVR,3,0.86622585364352,0.08995,0.44708,0.471117245746261,0.461143126970547,0.478261222585617,0.500197302861753
ROA2_MOUSE,GFGFVTFDDHDPVDK,3,0.93211456984873,0.21886,0.36383,0.390907766452799,0.392025663849812,0.388070561312001,0.383684518239839
ROA2_MOUSE,LFIGGLSFETTEESLR,2,0.865405171800229,0.11161,0.34779,0.349974334222762,0.337758163841796,0.356663028361183,0.380341565819144
ROA2_MOUSE,NMGGPYGGGNYGPGGSGGSGGYGGR,3,0.94883191448543,0.10386,0.28325,0.310413360702528,0.302102804825164,0.307315008305543,0.316277594368413
ROA2_MOUSE,NMGGPYGGGNYGPGGSGGSGGYGGR,2,0.960328818527276,0.10861,0.28325,0.304850377049847,0.301505809804156,0.291524994541666,0.279199197275836

