protien,peptide,charge,rsquared,rateconstant,mo,io_e,io_a1a0,io_a2a0,io_a2a1
EDEM1_MOUSE,VLGLVLLR,2,0.684835206752602,0.04445,0.5815,0.621234039626734,0.610890735774165,0.607112626158168,0.602775455570618

