protien,peptide,charge,rsquared,rateconstant,mo,io_e,io_a1a0,io_a2a0,io_a2a1
RT23_MOUSE,ALLAEGIILR,2,0.869113677742896,0.05201,0.52806,0.559809558706978,0.549711965256701,0.541530140627079,0.530282640174277

