protien,peptide,charge,rsquared,rateconstant,mo,io_e,io_a1a0,io_a2a0,io_a2a1
PDCD5_MOUSE,AVENYLIQMAR,2,0.0400110145201096,0.04816,0.44942,0.436815093799591,0.44002042809269,0.353086136882295,0.242350461854371
PDCD5_MOUSE,VSEQGLIEILEK,2,0.578226310937864,0.15433,0.45561,0.447759565032323,0.419460716737224,0.4290410859961,0.440543149987733
PDCD5_MOUSE,NSILAQVLDQSAR,2,0.914905942607272,0.05953,0.45241,0.430857839698775,0.424760328463858,0.427831685759548,0.431836344587633

