protien,peptide,charge,rsquared,rateconstant,mo,io_e,io_a1a0,io_a2a0,io_a2a1
PERM1_MOUSE,GGSAAWDAVAVAPR,2,-0.263530242953463,0.00424,0.46338,0.459627165207956,0.521486562210074,0.417119700278194,0.292055958522113
PERM1_MOUSE,TVLLANIGTISAIR,2,0.755124556642549,0.03873,0.43065,0.432850359335443,0.374757220367934,0.441680039292106,0.526810856086626
PERM1_MOUSE,AQQDKPQPDSTSPEQMAR,3,0.926943625714488,0.12235,0.3182,0.293597533927987,0.207674959987098,0.332542325199978,0.5181795979978
PERM1_MOUSE,APHSPESPGHSDNPQSSPDSLEASPR,4,-0.322239911482072,0.00014,0.22694,0.362856872885197,0.423490187363463,0.286757323195348,0.140795758565852

