protien,peptide,charge,rsquared,rateconstant,mo,io_e,io_a1a0,io_a2a0,io_a2a1
HS12B_MOUSE,SPLTYGVGVLNR,2,0.0522271475935829,0.38183,0.47285,0.201195463252449,0.0896490503836288,0.198034748578299,0.300028021853462
HS12B_MOUSE,VVVPHDVGLTILK,3,0.940490913585025,0.05764,0.43133,0.439924571463291,0.429334885700158,0.410089177106443,0.387083086515997
HS12B_MOUSE,KWEGGDPGVAHQK,3,0.784482619939764,0.05905,0.44031,0.401519784949804,0.413551634922884,0.369214822729926,0.318684420711753

