protien,peptide,charge,rsquared,rateconstant,mo,io_e,io_a1a0,io_a2a0,io_a2a1
RAB21_MOUSE,GIEELFLDLcK,2,0.796087837364221,0.0932,0.44994,0.556822529030765,0.531183078209382,0.532879906568341,0.532879906568341
RAB21_MOUSE,VNLAIWDTAGQER,2,0.687909853245138,1.04338,0.42803,0.458780340787147,0.442012263317053,0.442118923169962,0.443312948899075

