protien,peptide,charge,rsquared,rateconstant,mo,io_e,io_a1a0,io_a2a0,io_a2a1
PTN11_MOUSE,FDSLTDLVEHYK,3,0.904024282987756,0.14023,0.41922,0.474010142746208,0.486579783229883,0.429396868427349,0.35693914108457
PTN11_MOUSE,IQNTGDYYDLYGGEK,2,0.857917272591726,0.09026,0.36506,0.443292211694541,0.428474619886243,0.422764576124765,0.415101212110058
PTN11_MOUSE,WFHPNITGVEAENLLLTR,3,0.150773650464484,0.32681,0.28278,0.317664859152194,0.248122123197893,0.302959976096316,0.371101898880895

