protien,peptide,charge,rsquared,rateconstant,mo,io_e,io_a1a0,io_a2a0,io_a2a1
SDHB_MOUSE,LQDPFSVYR,2,0.97518226391361,0.0414,0.50923,0.526446009407595,0.520890464621817,0.5325326107104,0.547164468028285
SDHB_MOUSE,NEVDSTLTFR,2,0.961872548127794,0.03846,0.51364,0.52692108911757,0.513535143542513,0.53805346105998,0.573714054166685
SDHB_MOUSE,cGPMVLDALIK,2,0.887048278463597,0.04377,0.46703,0.472442882038033,0.467501290724162,0.478367490724738,0.535620793777193
SDHB_MOUSE,MQTYEVDLNK,2,0.966958010970757,0.0531,0.4735,0.49568177595858,0.487823783869735,0.50047522810566,0.532038606303652
SDHB_MOUSE,NINGGNTLAcTR,2,0.763214223307054,0.02502,0.49277,0.463920543878187,0.452975963037314,0.447553627400579,0.438643343389964
SDHB_MOUSE,WDPDKTGDKPR,3,0.917119509734914,0.04136,0.4694,0.490792301296625,0.486904788729384,0.494764528925208,0.505780512116436
SDHB_MOUSE,YLGPAVLMQAYR,2,0.977334332185021,0.03554,0.41632,0.430796258277756,0.41700263772965,0.435901110750616,0.469075080579918
SDHB_MOUSE,IKNEVDSTLTFR,3,0.935893940439828,0.0413,0.44076,0.459604265317641,0.463358665159166,0.454445393663529,0.44301363082658
SDHB_MOUSE,IKNEVDSTLTFR,2,0.849811801887852,0.03822,0.44076,0.470158141328391,0.475397685178471,0.463004521406344,0.447553466950949
SDHB_MOUSE,cHTIMNcTQTcPK,3,0.661065392776049,0.02149,0.37693,0.362653750374097,0.359480178954499,0.353307692550339,0.331726608667002
SDHB_MOUSE,cHTIMNcTQTcPK,2,0.52209991958887,0.01939,0.37693,0.368067369870806,0.371679372954851,0.351962763592916,0.291130574634721
SDHB_MOUSE,DLVPDLSNFYAQYK,3,0.950949808609318,0.05411,0.36563,0.369742814828685,0.351582399056598,0.382902593642149,0.420731573813499
SDHB_MOUSE,DLVPDLSNFYAQYK,2,0.987413157970303,0.05272,0.36563,0.376046266288634,0.373353949606872,0.374582607052181,0.376232674918809
SDHB_MOUSE,EKLDGLYEcILcAc,2,0.701806431876907,0.03272,0.35951,0.361511536994474,0.335265436067168,0.360373951682249,0.456499199704886
SDHB_MOUSE,cSTScPSYWWNGDK,2,0.742809659946326,0.02189,0.35763,0.360516247360439,0.354226777024076,0.35763,0.364852094617459
SDHB_MOUSE,EGIcGScAMNINGGNTLAcTR,3,0.667882481659405,0.03184,0.27686,0.286241054224481,0.282138832164824,0.277969775419561,0.267064483631115
SDHB_MOUSE,EGIcGScAMNINGGNTLAcTR,2,0.670134372994404,0.02551,0.27686,0.289754205691559,0.253284735825629,0.295146183471699,0.4089791136767
SDHB_MOUSE,LDGLYEcILcAccSTScPSYWWNGDK,3,-1.33801360034612,0.00312,0.15246,0.14424977172562,0.146205978770106,0.13039559639556,0.109230971880227

