protien,peptide,charge,rsquared,rateconstant,mo,io_e,io_a1a0,io_a2a0,io_a2a1
PP1B_MOUSE,YQYGGLNSGR,2,0.771338475126643,0.20327,0.52778,0.42256816090815,0.554508308589127,0.3294115698938,0.199527364948787

