protien,peptide,charge,rsquared,rateconstant,mo,io_e,io_a1a0,io_a2a0,io_a2a1
NCEH1_MOUSE,LMLLDATFR,2,0.915692358094508,0.08722,0.50428,0.573302971607064,0.542806860547642,0.568245842413383,0.568245842413383
NCEH1_MOUSE,VTDTDFDGVEVR,2,0.929424558350592,0.15821,0.46823,0.454815099595478,0.477098962394158,0.433666157274697,0.376772999161748
NCEH1_MOUSE,LDWTSLLPSSIK,2,0.976081353397282,0.08404,0.44288,0.447747678107175,0.428955966600943,0.457039911378295,0.4924727011813
NCEH1_MOUSE,TYILTcEHDVLR,3,0.756894668065113,0.08444,0.41068,0.420456787026869,0.379280739290456,0.447025527822215,0.486382895562711
NCEH1_MOUSE,LVPQVYFPEQIHDVIR,3,0.450697345547936,0.01756,0.30474,0.317872294864839,0.321082039493635,0.328447501767733,0.336403500045649

