protien,peptide,charge,rsquared,rateconstant,mo,io_e,io_a1a0,io_a2a0,io_a2a1
LAMA4_MOUSE,cVWDLTDDLR,2,0.747590106971776,0.22269,0.47311,0.410226321124774,0.422586039934228,0.377197012572616,0.311200346446109
LAMA4_MOUSE,IQINNSENTLR,2,0.0798317387605404,0.04319,0.48744,0.43787757856134,0.486053106388188,0.361440462887117,0.221557957559776
LAMA4_MOUSE,QDPSETSDSGVTLGR,2,0.768591196161207,0.0412,0.43527,0.449541071208638,0.478847990717455,0.390434120367345,0.279371279197881
LAMA4_MOUSE,ISFFDGFEGGFNFR,2,0.872385809721803,0.02328,0.36346,0.373286892873674,0.36472028046517,0.372359473673347,0.381466719134151
LAMA4_MOUSE,AASYFFDGSSYAVVR,2,-0.176124775608858,0.00443,0.37379,0.458090731941137,0.51188626566966,0.427010645516271,0.320397151261422
LAMA4_MOUSE,LSDLQESINQALDHVR,3,0.811747736293969,0.0468,0.35612,0.351535199423307,0.331153783595801,0.347253479095634,0.367843738250498
LAMA4_MOUSE,VHTSLYEcPIESSPLF,2,0.699827003465842,0.03674,0.32544,0.291001597534123,0.411052245573654,0.240315191923137,0.0850820529465216
LAMA4_MOUSE,IPFTDIYIGGAPQEVLQSR,3,0.747482142300076,0.0473,0.28659,0.339778133463686,0.319230427852973,0.309200068602599,0.296557925772451
LAMA4_MOUSE,PAEPTGAWVADQFVLYLGSK,3,0.853238494338564,0.0572,0.27214,0.259026160594594,0.228444164851944,0.259349830081275,0.295196100292326

