protien,peptide,charge,rsquared,rateconstant,mo,io_e,io_a1a0,io_a2a0,io_a2a1
GPDA_MOUSE,ANTIGISLIK,2,0.433055747307156,0.03238,0.54714,0.533794307858488,0.50367642884758,0.529037374332193,0.561877361780305
GPDA_MOUSE,VcYEGQPVGEFIR,2,-0.455213844021026,0.03075,0.39731,0.250976971275149,0.389184199323655,0.193433613490068,0.104963762666229

