protien,peptide,charge,rsquared,rateconstant,mo,io_e,io_a1a0,io_a2a0,io_a2a1
ALD1_MOUSE,AFQNTLSDLK,2,0.84407938048588,0.03217,0.51791,0.508635369306374,0.489373917717631,0.529635641281541,0.586478827169598

