protien,peptide,charge,rsquared,rateconstant,mo,io_e,io_a1a0,io_a2a0,io_a2a1
MOES_MOUSE,ISQLEMAR,2,-2.98986368379098,2.18983,0.56475,0.272235545319039,0.244559361192011,0.256971094676062,0.27292887568858
MOES_MOUSE,KESPLLFK,2,0.837249567527621,0.06536,0.55449,0.586727817638571,0.567879351798736,0.578116866426903,0.592210283209856
MOES_MOUSE,ALTSELANAR,2,0.394548390827466,0.05777,0.55962,0.567779277513546,0.568395631966821,0.55962,0.545793978411878
MOES_MOUSE,EDAVLEYLK,2,0.373826037780392,0.07178,0.52975,0.325169485900387,0.300321531139453,0.300544616345255,0.301043293249493
MOES_MOUSE,AQMVQEDLEK,2,0.954511858898073,0.10003,0.49523,0.502365523917244,0.460354908446198,0.537267743790722,0.628833964757172
MOES_MOUSE,TANDMIHAENMR,3,0.949494722593779,0.07268,0.42914,0.48893576134577,0.473721895296762,0.465296356150121,0.434972118619989
MOES_MOUSE,EVWFFGLQYQDTK,2,0.960438059884108,0.13064,0.35951,0.374435514956982,0.378096969446279,0.379429777782259,0.381478090898443
MOES_MOUSE,TQEQLASEMAELTAR,3,0.862176816622428,0.03409,0.38131,0.423268720450159,0.380634838760778,0.414692662113559,0.482487861837384
MOES_MOUSE,ILALcMGNHELYMR,3,0.788005136049434,0.07822,0.33582,0.364387412118496,0.340604529810155,0.378534350418964,0.430682917433129
MOES_MOUSE,IAQDLEMYGVNYFSIK,2,0.944353942535756,0.08089,0.30981,0.33373725050696,0.310430756454878,0.330593059309027,0.359157635403586
MOES_MOUSE,FYPEDVSEELIQDITQR,2,-0.178160740650839,0.07144,0.29946,0.307063043073955,0.337285338813725,0.267786514942742,0.193891712602914
MOES_MOUSE,KGSELWLGVDALGLNIYEQNDR,3,0.222760368061973,0.02925,0.23528,0.253969426835388,0.230906372594388,0.201229672831872,0.169249267530218

