protien,peptide,charge,rsquared,rateconstant,mo,io_e,io_a1a0,io_a2a0,io_a2a1
NRAP_MOUSE,LDSLAFLTAK,2,0.636039140767502,0.32367,0.52405,0.604444377066374,0.556963288605742,0.608419855650545,0.608419855650545

