proteinName,peptideSeq,charge,old_Rsquared,new_Rsquared,NDP,rateconstant,sigma,Abundance,MassToCharge,RMSE,selected_A1A0_count, selected_A2A0_count, selected_A2A1_count,improved_timePoints,new_k,I0_percentatediffI0_percentatediff,selected_io_t,i0,I0_asymptote,new_rmse,lowerci_old,upperci_old,sigma_old,lowerci_new,upperci_new,sigma_new,old_pearson,new_pearson
KAT1_MOUSE,PVFVSLR,2,-0.102459958168313,0.339468342360532,12,0.01034,0.00401538068233265,10420555,409.25015,0.0396542498427217,2,2,2,3| 7| 9| 13| 21| 31,0.0169203742114022,-0.0273302108967102|-0.0256536107811014|-0.0496953538585724|,0.655198193933382| 0.621623810273996| 0.62982465179683| 0.655721107506044| 0.603263275149176| 0.619567385036441| 0.620387086596687| 0.634564687048573| 0.589123509930483| 0.618332215183756| 0.540496515998672| 0.556346065725198,0.655198193933382,0.409094669057228,0.0274355216037579,0.00239093655033808,0.0182890634496619,0.00361159338944847,0.00484029434757116,0.0158397056524288,0.00249874726802806,0.91797885823332,0.800297106036418
KAT1_MOUSE,ILVLNTPNNPLGK,2,0.812472451593249,0.875529218454338,12,0.03433,0.00466241197481974,15003922.8571429,696.91406,0.0298649835092976,3,2,1,2| 3| 6| 7| 13| 21,0.0460001085659654,0.0336611370998638|-0.00186629440703566|,0.477148721357435| 0.462942389986739| 0.455124659117769| 0.431798202893933| 0.423911280038466| 0.407929234229945| 0.390232509874483| 0.342140504450435| 0.33433987060273| 0.345955933427603| 0.282252529609538| 0.282250802125122,0.477148721357435,0.214249927176859,0.022946292775389,0.0248709801371556,0.0437890198628444,0.00429763000681087,0.0270623100957523,0.0415976899042477,0.00330201676976912,0.93293115676002,0.97927696019333

