proteinName,peptideSeq,charge,old_Rsquared,new_Rsquared,NDP,rateconstant,sigma,Abundance,MassToCharge,RMSE,selected_A1A0_count, selected_A2A0_count, selected_A2A1_count,improved_timePoints,new_k,I0_percentatediffI0_percentatediff,selected_io_t,i0,I0_asymptote,new_rmse,lowerci_old,upperci_old,sigma_old,lowerci_new,upperci_new,sigma_new,old_pearson,new_pearson
KV2A7_MOUSE,FSGSGSGTDFTLK,2,-0.758558287636299,0.00972826422575213,12,0.0916,0.0429171652888502,7452340.08333333,652.31189,0.115325131741449,0,5,3,0| 1| 6| 9| 13| 21| 24| 31,0.0960488087769551,-0.0658957490957442|,0.255805764712375| 0.428242830628842| 0.423172677761436| 0.408071723325822| 0.287013377836835| 0.344194044465609| 0.318851300471878| 0.292915386320559| 0.273282823562672| 0.2689810501764| 0.228676560921368| 0.247363455698488,0.47241,0.202363002121687,0.0671943304301123,0,0.190820357369668,0.0450799756530121,0.0341154554733688,0.149084544526631,0.0261176429553682,0.166949125695981,0.669728294227847

