proteinName,peptideSeq,charge,old_Rsquared,new_Rsquared,NDP,rateconstant,sigma,Abundance,MassToCharge,RMSE,selected_A1A0_count, selected_A2A0_count, selected_A2A1_count,improved_timePoints,new_k,I0_percentatediffI0_percentatediff,selected_io_t,i0,I0_asymptote,new_rmse,lowerci_old,upperci_old,sigma_old,lowerci_new,upperci_new,sigma_new,old_pearson,new_pearson
LMAN2_MOUSE,DHDTFLAVR,2,0.785492647297688,0.980667775799894,5,0.11863,0.0311094504930865,9636892,537.27234,0.0331839421913301,1,0,2,1| 2| 3,NaN,-0.00502422524319281|,NaN| 0.494337282352444| 0.474740961772239| 0.457321614714899| NaN| NaN| NaN| NaN| 0.310228703512453| NaN| 0.253814513272025| NaN,NaN,NaN,0.00871846283197101,0,0.364834173110452,0.0886760457305546,0.0793244388618381,0.157935561138162,0.0141567939036886,0.897864953693117,0.993710121577896

