proteinName,peptideSeq,charge,old_Rsquared,new_Rsquared,NDP,rateconstant,sigma,Abundance,MassToCharge,RMSE,selected_A1A0_count, selected_A2A0_count, selected_A2A1_count,improved_timePoints,new_k,I0_percentatediffI0_percentatediff,selected_io_t,i0,I0_asymptote,new_rmse,lowerci_old,upperci_old,sigma_old,lowerci_new,upperci_new,sigma_new,old_pearson,new_pearson
MATR3_MOUSE,ITPENLPQILLQLK,2,0.915674032534043,0.970699692284491,6,0.20991,0.0341644131806305,8155295.25,810.49017,0.0233218591690751,3,1,1,0| 1| 2| 3| 9,NaN,-0.0358882918502939|,0.403620771311164| 0.314799695639565| 0.27967034256658| 0.258576227091199| NaN| NaN| 0.135423607676791| NaN| 0.131905199596657| NaN| NaN| NaN,0.403620771311164,0.130333547594509,0.0116651814777764,0.0738560920943448,0.345963907905655,0.0529272813126125,0.141858241562807,0.277961758437193,0.0264732900220764,0.989790488920834,0.989334304458022

