proteinName,peptideSeq,charge,old_Rsquared,new_Rsquared,NDP,rateconstant,sigma,Abundance,MassToCharge,RMSE,selected_A1A0_count, selected_A2A0_count, selected_A2A1_count,improved_timePoints,new_k,I0_percentatediffI0_percentatediff,selected_io_t,i0,I0_asymptote,new_rmse,lowerci_old,upperci_old,sigma_old,lowerci_new,upperci_new,sigma_new,old_pearson,new_pearson
NPL4_MOUSE,VGWIFTDLVSEDTR,2,-3.03455879823741,-0.114038174393444,8,2E-05,0.019450235190336,17113179.2,819.41211,0.179550374069205,0,7,0,0| 1| 2| 3| 7| 9| 24,NaN,,0.460242590578067| 0.470036912667358| 0.353909005175538| 0.458722594337018| NaN| 0.38825472404175| 0.346999978155204| NaN| NaN| NaN| 0.280384465916595| 0.470903701445902,0.38095,0.15567723959014,0.0580360367906544,0,0.0602422502333716,0.0254679999191685,0,0.0194871618497836,0.00823266607434059,0.526048647814189,0.233196942561839

