proteinName,peptideSeq,charge,old_Rsquared,new_Rsquared,NDP,rateconstant,sigma,Abundance,MassToCharge,RMSE,selected_A1A0_count, selected_A2A0_count, selected_A2A1_count,improved_timePoints,new_k,I0_percentatediffI0_percentatediff,selected_io_t,i0,I0_asymptote,new_rmse,lowerci_old,upperci_old,sigma_old,lowerci_new,upperci_new,sigma_new,old_pearson,new_pearson
NUDC_MOUSE,WTQTLAELDLAVPFR,2,-0.117564703329168,0.04975287033513,9,0.02952,0.0197581015361993,3202404,880.47253,0.0868103999694066,0,5,1,0| 3| 6| 9| 13| 21,NaN,,0.343310879017806| 0.384238887237422| 0.325044948802077| 0.282113820904441| 0.361625274595728| 0.168881377898137| 0.351439130442433| 0.272794421553237| NaN| 0.293563788139959| NaN| NaN,0.343310879017806,0.100892875575325,0.0515595015819262,0,0.0884762698870765,0.0255664198469208,0,0.0676982338002004,0.016556012722979,0.194377563352369,0.332749907366565

