proteinName,peptideSeq,charge,old_Rsquared,new_Rsquared,NDP,rateconstant,sigma,Abundance,MassToCharge,RMSE,selected_A1A0_count, selected_A2A0_count, selected_A2A1_count,improved_timePoints,new_k,I0_percentatediffI0_percentatediff,selected_io_t,i0,I0_asymptote,new_rmse,lowerci_old,upperci_old,sigma_old,lowerci_new,upperci_new,sigma_new,old_pearson,new_pearson
OTUB1_MOUSE,AFGFSHLEALLDDSK,3,0.818927947769215,0.963974236061973,12,0.12487,0.0195561955323535,9515511.36363636,550.61047,0.0374134778470669,2,1,7,0| 1| 2| 3| 7| 13| 16| 21| 24| 31,0.107143853762605,-0.0743865506252416|-0.00736120722566465|,0.36632113817356| 0.363059785370479| 0.293868279030868| 0.286546816274713| 0.261489810967855| 0.226525315010181| 0.222546627841154| 0.137304226144962| 0.141757292064857| 0.118862293949775| 0.125921068798724| 0.092799277397126,0.36632113817356,0.0979772261633983,0.0174777346472335,0.0799131612183602,0.16982683878164,0.0204257800661003,0.10386837855182,0.14587162144818,0.0095419187015259,0.915628530447661,0.98241953211562
OTUB1_MOUSE,LELSVLYK,2,0.755132350720324,0.820104777557382,12,0.09225,0.0180117382204446,20779341,482.78931,0.0371368252809946,5,1,2,1| 2| 3| 7| 13| 16| 21| 31,0.147324809524875,-0.0335695243218071|-0.0203284003333469|-0.0238784644265935|,0.604520104323487| 0.601926595411947| 0.528016350643565| 0.560993523154369| 0.460790723833211| 0.494704792782805| 0.45309712812707| 0.413801793200548| 0.415216714098933| 0.414943768315605| 0.353110039701809| 0.380803190991291,0.604520104323487,0.395655096539049,0.0343681130691731,0.0677417356963897,0.11675826430361,0.011135133831337,0.0695689336368308,0.114931066363169,0.0103049610638531,0.977462898357603,0.966911255179935
OTUB1_MOUSE,FFEHFIEGGR,3,0.861274669256754,0.94710195508598,12,0.09103,0.013259715779485,12646405.3333333,413.53662,0.0378970357502765,5,1,0,0| 1| 3| 7| 13| 24,0.0926897017820175,0.0413708594576759|-0.0240511540316663|,0.521643064334909| 0.450173949890472| 0.416589186635577| 0.400178213974607| 0.336499483032259| 0.328900975187521| 0.323406253936826| 0.303870258000686| 0.227581557053907| 0.198551022808485| 0.191855683830616| 0.218148799645121,0.46744,0.182233463969213,0.023339457953628,0.0605478490313994,0.121512150968601,0.0138493214491891,0.0722571100685598,0.10980288993144,0.00852931236573747,0.946410887892803,0.978419960156307

