proteinName,peptideSeq,charge,old_Rsquared,new_Rsquared,NDP,rateconstant,sigma,Abundance,MassToCharge,RMSE,selected_A1A0_count, selected_A2A0_count, selected_A2A1_count,improved_timePoints,new_k,I0_percentatediffI0_percentatediff,selected_io_t,i0,I0_asymptote,new_rmse,lowerci_old,upperci_old,sigma_old,lowerci_new,upperci_new,sigma_new,old_pearson,new_pearson
PDK4_MOUSE,TSFAFLR,2,0.202734698442715,0.154938789441626,11,0.07577,0.0236979487305423,5708904.90909091,421.23196,0.0739384026327122,0,2,1,3| 9| 24,NaN,0.0747064052273847|,0.636005288455565| 0.538755682270419| NaN| 0.410642433179526| 0.584554417749084| 0.453928582612504| 0.492266261565395| 0.340809557737057| 0.446702391523778| 0.414328522720818| 0.41751609509584| 0.428250424096112,0.636005288455565,0.378840994776485,0.0724377873597646,0.0323203837362203,0.11921961626378,0.0195004078123412,0.0332022144959816,0.118337785504018,0.019104637701682,0.673486452010455,0.674302461501769
PDK4_MOUSE,ASSLSSASLVPR,2,-0.670704470818034,0.325805338724403,12,0.10208,0.0475239596863075,5825518.4,587.82495,0.148739081106657,2,0,9,1| 2| 3| 6| 7| 9| 13| 16| 21| 24| 31,0.0753191744997752,,0.486012894442013| 0.372194140293808| 0.331583481247344| 0.418342105745749| 0.370565568146293| 0.166154402658519| 0.290931120554815| 0.355131560287717| 0.417304380902757| 0.173095729644575| 0.141892694269029| 0.171568681849505,0.486012894442013,0.129990301718575,0.0922406513699482,0,0.221325395445513,0.0541781915115421,0.0271395174067876,0.177020482593212,0.0340486087763251,0.193168854263379,0.67502924244437

