proteinName,peptideSeq,charge,old_Rsquared,new_Rsquared,NDP,rateconstant,sigma,Abundance,MassToCharge,RMSE,selected_A1A0_count, selected_A2A0_count, selected_A2A1_count,improved_timePoints,new_k,I0_percentatediffI0_percentatediff,selected_io_t,i0,I0_asymptote,new_rmse,lowerci_old,upperci_old,sigma_old,lowerci_new,upperci_new,sigma_new,old_pearson,new_pearson
PPCE_MOUSE,VFLDPNTLSDDGTVALR,2,0.687134063067713,0.909832012884615,10,0.03607,0.0085181666198908,4944586.55555556,916.97308,0.0425221313812239,3,4,0,0| 1| 2| 3| 9| 13| 16,NaN,,0.344358829054122| 0.354974104443509| 0.330093273498646| 0.299427881091554| NaN| 0.283056360796284| 0.253107338139542| 0.259941078977422| 0.22620790372703| 0.196354161267527| 0.206458719446624| NaN,0.344358829054122,0.106081351446713,0.0147289279005661,0.0138195769216099,0.0583204230783901,0.00983593158199208,0.0283628398310859,0.0437771601689141,0.00340699589602493,0.923457053978987,0.972614326570476
PPCE_MOUSE,ITVPFLEQcPIR,2,0.568305862308967,0.824884673357444,10,0.03267,0.00584941932038676,8352612.8,736.90015,0.035198874663694,1,3,2,2| 3| 9| 13| 16| 21,NaN,-0.067217172248574|0.0403710732110783|,0.436395404006448| 0.387263561228731| 0.456948096583521| 0.420777791164861| NaN| 0.384457800639819| 0.346551527137084| 0.327361244883241| 0.326666943674171| 0.298103822048837| 0.223262645982074| NaN,0.436395404006448,0.162303370261778,0.0256685002548329,0.0182974232964443,0.0470425767035557,0.0063534828355873,0.0221889123998231,0.0431510876001769,0.00463322698076377,0.821788626117366,0.932585769344388

