proteinName,peptideSeq,charge,old_Rsquared,new_Rsquared,NDP,rateconstant,sigma,Abundance,MassToCharge,RMSE,selected_A1A0_count, selected_A2A0_count, selected_A2A1_count,improved_timePoints,new_k,I0_percentatediffI0_percentatediff,selected_io_t,i0,I0_asymptote,new_rmse,lowerci_old,upperci_old,sigma_old,lowerci_new,upperci_new,sigma_new,old_pearson,new_pearson
PPIB_MOUSE,VVFGLFGK,2,0.705989734749919,0.864098816886328,12,0.04334,0.00748614913281455,21830801.8181818,433.76038,0.0259881380002868,4,2,2,1| 2| 3| 6| 9| 13| 16| 24,0.057531032119043,0.0222872503920422|-0.0300071282277679|-0.0150022280657468|-0.0252952500126145|,0.600288655228488| 0.59625492096477| 0.575809609584985| 0.576277421775374| 0.542856438372453| 0.541970563254892| 0.512654335984754| 0.51647514618417| 0.512663088428423| 0.494268310054783| 0.454435255055379| 0.476629381227997,0.600288655228488,0.43169391374676,0.0166100379070371,0.0297351246166581,0.0569448753833419,0.00618126629758345,0.0346445907392315,0.0520354092607685,0.00395068963829648,0.926246323193023,0.963762516858836
PPIB_MOUSE,VYFDLQIGDESVGR,2,0.798202942703642,0.963145959908895,12,0.9688,0.233941864116705,10820826.9,799.39648,0.0308730160922394,1,1,8,2| 3| 6| 7| 9| 13| 16| 21| 24| 31,1.00014931489105,0.0243254121198334|,0.378175552478662| 0.200927973644812| 0.156056511374472| 0.149474728824424| 0.140545598436191| 0.148830049804993| 0.117652030378154| 0.109593203694587| 0.109593203694587| 0.109593203694587| 0.109593203694587| 0.116475200743417,0.378175552478662,0.116498751611037,0.0139436180729716,0.710727279130622,1.22687272086938,0.117253276262182,0.852242957302776,1.08535704269722,0.0529567599459606,0.947170525097127,0.982841715412993

