proteinName,peptideSeq,charge,old_Rsquared,new_Rsquared,NDP,rateconstant,sigma,Abundance,MassToCharge,RMSE,selected_A1A0_count, selected_A2A0_count, selected_A2A1_count,improved_timePoints,new_k,I0_percentatediffI0_percentatediff,selected_io_t,i0,I0_asymptote,new_rmse,lowerci_old,upperci_old,sigma_old,lowerci_new,upperci_new,sigma_new,old_pearson,new_pearson
PREP_MOUSE,ELDFWQEGWR,2,0.492410836646039,0.671526976282219,12,0.09804,0.0203725386282507,11933259.2727273,683.31476,0.0500316688481639,0,4,3,0| 9| 13| 16| 21| 24| 31,0.107445940736901,-0.016192312843204|0.00484540648509502|,0.39533572928156| 0.29917046956084| 0.328121090431356| 0.377094852484435| 0.32884150404518| 0.304680983155618| 0.283521431091399| 0.240589133537986| 0.216077053917686| 0.2192327430713| 0.19968540121061| 0.156973576610019,0.39533572928156,0.154123308612386,0.0402986505296652,0.0512065076078949,0.144873492392105,0.0212784226216367,0.0603173617901726,0.135762638209827,0.0171389789066237,0.831463651760943,0.909843737550393
PREP_MOUSE,IAEMTDIKPILR,3,0.881663613392997,0.911695823894628,12,0.03872,0.00395287976261111,10033136.8333333,467.27075,0.0248711233213282,3,2,0,1| 9| 13| 16| 31,0.0454120612658732,0.0291493590853804|0.0111544224509867|,0.446883231129634| 0.433429231279133| 0.443909241386204| 0.378238988780503| 0.377410633373202| 0.375562233979197| 0.362675857951313| 0.329667027050146| 0.308555847453821| 0.277647574085656| 0.221785875969252| 0.257172000684539,0.446883231129634,0.166203983497363,0.0210012767104503,0.0302171004557381,0.0472228995442619,0.00386322438859217,0.0315401173761592,0.0458998826238408,0.00326212223433469,0.952808138275757,0.96736800620031
PREP_MOUSE,LEQSTAVPAQPHWDKPR,4,0.549244195914117,0.652024348802506,12,0.03302,0.00796676503133044,5971377,490.75635,0.0536031269719314,1,5,3,0| 2| 3| 6| 7| 9| 13| 16| 31,0.0291068709107874,-0.0516183490546215|,0.316222316243792| 0.312208763838395| 0.31581035605318| 0.294195897952709| 0.273731505915488| 0.267213607663459| 0.257719316283524| 0.204789792503674| 0.192725564645392| 0.140486207307025| 0.285276415961062| 0.140336832334629,0.316222316243792,0.0480614677760889,0.0365412111780063,0.0147055701543691,0.0513344298456309,0.00832101469322294,0.0205350670044974,0.0455049329955025,0.00567242943270026,0.812090159897203,0.817287318786429

