proteinName,peptideSeq,charge,old_Rsquared,new_Rsquared,NDP,rateconstant,sigma,Abundance,MassToCharge,RMSE,selected_A1A0_count, selected_A2A0_count, selected_A2A1_count,improved_timePoints,new_k,I0_percentatediffI0_percentatediff,selected_io_t,i0,I0_asymptote,new_rmse,lowerci_old,upperci_old,sigma_old,lowerci_new,upperci_new,sigma_new,old_pearson,new_pearson
RAB12_MOUSE,DNFNVDEIFLK,2,-5.19669290944561,-7.7277379455883,11,10.00265,13865.2958834577,7313114.9,677.33789,0.135641780873766,1,6,3,0| 1| 2| 3| 6| 7| 9| 13| 16| 24,NaN,,0.277285968776922| 0.210538850156306| 0.214064111545215| 0.217812914770535| 0.218513750000126| 0.218516233655439| 0.240406512248536| 0.218516701581851| 0.218516701581851| NaN| 0.227358877942914| 0.223382852971576,0.44747,0.231417130411224,0.0505904455150603,6.66725692704125,13.3380430729588,1.4969413019045,8.59022485233553,11.4150751476645,0.633903558932543,-0.278844927718957,0.908486224520713
RAB12_MOUSE,YASEDAELLLVGNK,2,-0.272740480108467,-0.410885124853431,11,0.03895,0.018898597429859,2714382.66666667,761.39337,0.111162450796156,8,1,0,1| 2| 3| 6| 9| 13| 16| 24| 31,NaN,,0.402532540813397| 0.40752944835604| 0.379551370460311| 0.50912963212599| 0.350131677934466| 0.349194595672583| 0.328949367597937| 0.281573747588698| 0.338753485372127| NaN| 0.237777083334052| 0.422963411898258,0.402532540813397,0.112854541791761,0.0790605454694806,0,0.0895002747365198,0.0226872192933442,0.00526054381767454,0.0726394561823255,0.0151199985413679,0.209675720243523,0.462900312796331

