proteinName,peptideSeq,charge,old_Rsquared,new_Rsquared,NDP,rateconstant,sigma,Abundance,MassToCharge,RMSE,selected_A1A0_count, selected_A2A0_count, selected_A2A1_count,improved_timePoints,new_k,I0_percentatediffI0_percentatediff,selected_io_t,i0,I0_asymptote,new_rmse,lowerci_old,upperci_old,sigma_old,lowerci_new,upperci_new,sigma_new,old_pearson,new_pearson
RL38_MOUSE,YLYTLVITDK,2,0.107596831337048,0.892320792587168,11,0.53494,0.371414673045511,37285830,614.84479,0.0485137741571377,0,5,4,0| 2| 3| 6| 9| 13| 16| 21| 31,NaN,0.0489892832814786|,0.465724417343303| 0.393208547477967| 0.410540905752918| 0.377212886160991| 0.362083793598727| 0.358356784423501| 0.346481489880492| 0.346481489880492| 0.346481489880492| 0.35689518977495| NaN| 0.346481489880492,0.465724417343303,0.351074822707263,0.0111419475358611,0,1.46841224267388,0.418947069707856,0.326736522826084,0.743143477173916,0.0934427749186672,0.66054985188388,0.955773921167856
RL38_MOUSE,YLYTLVITDKEK,3,0.44402869551296,0.842806815413664,11,0.10718,0.0444320567055474,5175971.7,495.94482,0.0550408237831935,3,4,2,0| 1| 6| 7| 9| 13| 16| 21| 31,NaN,-0.0920781554546608|,0.416256142954917| 0.456285573504428| 0.407329564888895| 0.358025008278586| 0.338763219645419| 0.339800764656215| 0.298940409009131| 0.29955770718806| 0.310547789445759| 0.24816266140049| NaN| 0.24948346044908,0.416256142954917,0.259903294334316,0.0242757258981318,0,0.24153627637428,0.0602997772302574,0.0593482147101828,0.155011785289817,0.0214671474629644,0.749883065063092,0.949643090324856
RL38_MOUSE,IEEIKDFLLTAR,3,0.779564373651424,0.902847733004599,11,0.08363,0.0202276645268137,3157310.66666667,483.27667,0.0566786037082555,1,5,2,0| 1| 2| 3| 9| 13| 21| 31,NaN,,0.385307120252387| 0.42508982648139| 0.400974072770445| 0.348609454487046| 0.317207187782372| 0.307035354620419| 0.281344827354536| 0.29176768530033| 0.216776859815133| 0.144573361634474| NaN| 0.165737034859492,0.385307120252387,0.143302710405948,0.0262841440442516,0.0342582391477657,0.133001760852234,0.0221582962939659,0.0607343323396223,0.106525667660378,0.0102756915919045,0.952740845662185,0.952956431423259

