proteinName,peptideSeq,charge,old_Rsquared,new_Rsquared,NDP,rateconstant,sigma,Abundance,MassToCharge,RMSE,selected_A1A0_count, selected_A2A0_count, selected_A2A1_count,improved_timePoints,new_k,I0_percentatediffI0_percentatediff,selected_io_t,i0,I0_asymptote,new_rmse,lowerci_old,upperci_old,sigma_old,lowerci_new,upperci_new,sigma_new,old_pearson,new_pearson
ROMO1_MOUSE,MAIGMGIR,2,0.23197459585765,-0.049739572852646,10,0.00879,0.00456634589413453,28226116,424.72766,0.0410195071229305,0,0,4,6| 13| 16| 24,NaN,-0.0141356521792108|-0.0485746181898519|,0.603331126832835| 0.579863835364729| 0.614069472838674| 0.58509111570457| 0.572524325459918| 0.573437532419727| 0.58510689193527| 0.57252471233121| 0.57252471233121| NaN| 0.57252471233121| NaN,0.603331126832835,0.297668188663657,0.0129854645015524,0,0.0199227767881563,0.00492131005420047,0.00524287545376136,0.0123371245462386,0.00156802745847529,0.858807100345155,0.616482196638553
ROMO1_MOUSE,PVAVGPYGQSQPScFDR,2,0.854746708943126,0.911533825964115,10,0.02795,0.00340225330780268,21589501.1111111,932.93597,0.0211964254943329,3,2,0,2| 3| 9| 16| 24,NaN,0.0286787504241392|,0.353295478533089| 0.334825238494848| 0.338761509139653| 0.330204012171325| 0.293327809476901| 0.297015558694549| 0.282253409915576| 0.270069559927588| 0.221797451174372| NaN| 0.173037832188722| NaN,0.353295478533089,0.0618453789849222,0.0145853231096863,0.0192032187632386,0.0366967812367614,0.00386656655940144,0.0219313139464475,0.0339686860535525,0.00266059589193734,0.963762714757341,0.98475075671303

