proteinName,peptideSeq,charge,old_Rsquared,new_Rsquared,NDP,rateconstant,sigma,Abundance,MassToCharge,RMSE,selected_A1A0_count, selected_A2A0_count, selected_A2A1_count,improved_timePoints,new_k,I0_percentatediffI0_percentatediff,selected_io_t,i0,I0_asymptote,new_rmse,lowerci_old,upperci_old,sigma_old,lowerci_new,upperci_new,sigma_new,old_pearson,new_pearson
RRFM_MOUSE,ESGMNLNPEVEGTLIR,2,0.183633435898305,0.798647336563422,6,0.03334,0.0144745468765677,2344940.5,879.93817,0.058955686963094,1,3,2,1| 2| 6| 7| 9| 21,NaN,,NaN| 0.330068212623865| 0.338663872223443| NaN| 0.273145106120329| 0.286686084128654| 0.267904917785177| NaN| NaN| 0.206684123712513| NaN| NaN,NaN,NaN,0.0138742743142556,0,0.092538278186862,0.0230291358113066,0.0197747873926823,0.0469052126073177,0.00527709813547411,0.543733521647184,0.973802396727574

