proteinName,peptideSeq,charge,old_Rsquared,new_Rsquared,NDP,rateconstant,sigma,Abundance,MassToCharge,RMSE,selected_A1A0_count, selected_A2A0_count, selected_A2A1_count,improved_timePoints,new_k,I0_percentatediffI0_percentatediff,selected_io_t,i0,I0_asymptote,new_rmse,lowerci_old,upperci_old,sigma_old,lowerci_new,upperci_new,sigma_new,old_pearson,new_pearson
RTN3_MOUSE,TQIDHYVGIAR,3,0.952852420162059,0.989027196836236,12,0.0474,0.00283911753626377,73948850,424.89468,0.0169467674254332,0,9,0,1| 3| 6| 9| 13| 16| 21| 24| 31,0.0477515808603709,-0.0774170379411604|-0.0635701491693042|-0.0226485548274502|0.0112084044919307|-0.0341370437070314|,0.496173226473054| 0.470037409444505| 0.462476337885604| 0.465797995903396| 0.423724479253472| 0.417550230446816| 0.384406497530724| 0.337599255320434| 0.340494291916171| 0.299450849580878| 0.286849901322252| 0.24767740796903,0.496173226473054,0.184535827258729,0.00826505276885314,0.04122822443818,0.05357177556182,0.0028040968551052,0.0443899834336898,0.0504100165663102,0.00136757694813452,0.98856618606507,0.994542490271597
RTN3_MOUSE,TQIDHYVGIAR,2,0.874255500941997,0.961242778086987,12,0.04255,0.00409893422231734,15422118,636.83838,0.0276482597924085,5,4,1,1| 2| 6| 7| 9| 13| 16| 21| 24| 31,0.047949728851374,-0.0235967772589578|-0.00905774528854733|-0.0419052004742035|-0.00833498360585887|,0.514144206019863| 0.474629493474392| 0.482308576387369| 0.447150462973858| 0.4244746279847| 0.430942811508355| 0.409097538047447| 0.361557984210093| 0.336678734946366| 0.3158998250386| 0.304637384597642| 0.260318494954979,0.514144206019863,0.191219560681617,0.0150660580465328,0.0339802812779765,0.0511197187220235,0.00389358314748503,0.0378801986932315,0.0472198013067685,0.00212168686743598,0.983858049529178,0.99226822865149

