proteinName,peptideSeq,charge,old_Rsquared,new_Rsquared,NDP,rateconstant,sigma,Abundance,MassToCharge,RMSE,selected_A1A0_count, selected_A2A0_count, selected_A2A1_count,improved_timePoints,new_k,I0_percentatediffI0_percentatediff,selected_io_t,i0,I0_asymptote,new_rmse,lowerci_old,upperci_old,sigma_old,lowerci_new,upperci_new,sigma_new,old_pearson,new_pearson
SCO1_MOUSE,LIGPDGEFLDYFGQNK,2,-0.000518090444968644,-0.108799888338993,9,0.00759,0.0139262498287779,2019164.875,906.94379,0.0877972389298181,2,4,3,0| 1| 2| 3| 6| 7| 9| 13| 24,NaN,,0.35180585466609| 0.413929556878561| 0.347405032178514| 0.231818523563909| 0.361992388252983| 0.402481494062131| 0.290864944383063| 0.318694928273162| NaN| NaN| 0.349075962571208| NaN,0.35180585466609,0.103389395707602,0.0477673368293422,0,0.0482670232879559,0.0176396142004028,0,0.0305617394643168,0.00996170783673581,0.522740832431486,0.0731653974282248
SCO1_MOUSE,VYYSPGPK,2,-0.186082299753014,-0.120182290689334,9,0.01525,0.0138141322002279,28593858,455.73709,0.068043291364178,1,5,1,1| 2| 6| 7| 9| 13| 24,NaN,,0.526779645608582| 0.35151597380505| 0.537463626077753| 0.547883489635819| 0.50432438744697| 0.499854175856243| 0.482330304435496| 0.489380897743008| NaN| NaN| 0.451985099580536| NaN,0.526779645608582,0.313779977293856,0.0510358784844359,0,0.0554926880749954,0.0174512644891656,0,0.0430265025614488,0.0120452960766559,-0.172714845886218,0.147295864048122

