proteinName,peptideSeq,charge,old_Rsquared,new_Rsquared,NDP,rateconstant,sigma,Abundance,MassToCharge,RMSE,selected_A1A0_count, selected_A2A0_count, selected_A2A1_count,improved_timePoints,new_k,I0_percentatediffI0_percentatediff,selected_io_t,i0,I0_asymptote,new_rmse,lowerci_old,upperci_old,sigma_old,lowerci_new,upperci_new,sigma_new,old_pearson,new_pearson
SUOX_MOUSE,LcDVLAQAGHR,3,0.283384552751084,0.139229097526235,11,0.02227,0.00457888098732102,10208767.3333333,413.88028,0.0451926031819962,4,1,1,2| 9| 13| 16| 21| 24,NaN,-0.0491136820561288|,0.531114785691036| 0.4324870261805| 0.488063471449305| 0.462187464445701| 0.461748307891783| 0.450541098484905| 0.438126379472658| 0.406094019214932| 0.397679839214388| 0.428137530375971| 0.380126277618675| NaN,0.531114785691036,0.163612399293474,0.0362256240341967,0.0116049755575719,0.0329350244424281,0.004786516978501,0.0137210973353084,0.0308189026646916,0.00383679080840276,0.900282020289315,0.808507802279416
SUOX_MOUSE,TGVWVTLGSEVFDVTK,2,0.604044045806614,0.682075425187578,11,0.03624,0.00705374668231073,15210299.0909091,869.45654,0.0281085847714035,2,3,2,0| 1| 2| 3| 7| 16| 21,NaN,0.00256164532359959|0.0382445306778634|0.020971007720667|,0.339251182206728| 0.329230325562923| 0.352125032788615| 0.335944525986718| 0.291578117385067| 0.304135012341713| 0.309557520413413| 0.284071841429641| 0.272324281155784| 0.296299661758154| 0.245469196899215| NaN,0.339251182206728,0.15967729817161,0.0164897771899084,0.0190231881505826,0.0534568118494174,0.00772699234565763,0.0261398333204489,0.0463401666795511,0.00453300595402619,0.853369826961394,0.880381651406324
SUOX_MOUSE,AVDDSYNVQPDTVAPIWNLR,2,0.602394324959284,0.787818245762909,11,0.02532,0.00567662909921784,2311307.88888889,1137.06348,0.0329032382601736,2,3,1,2| 3| 6| 7| 9| 13,NaN,0.0232042477132387|,0.278644818840335| 0.281349582967559| 0.280692480400348| 0.268365923651413| 0.245258874222088| 0.224214793229788| 0.208422104000035| 0.193832668462103| 0.195307632774078| 0.198129440484273| 0.112942447897183| NaN,0.278644818840335,0.0511299108030215,0.0217847240275809,0.0116904085841946,0.0389495914158054,0.00611702964901329,0.0162960587923226,0.0343439412076774,0.00404999051213694,0.81417312666964,0.935836586437423

