proteinName,peptideSeq,charge,old_Rsquared,new_Rsquared,NDP,rateconstant,sigma,Abundance,MassToCharge,RMSE,selected_A1A0_count, selected_A2A0_count, selected_A2A1_count,improved_timePoints,new_k,I0_percentatediffI0_percentatediff,selected_io_t,i0,I0_asymptote,new_rmse,lowerci_old,upperci_old,sigma_old,lowerci_new,upperci_new,sigma_new,old_pearson,new_pearson
TECR_MOUSE,LLETLFVHR,3,-0.151860429875095,0.74008029582476,7,0.08736,0.0216873671219924,11403122,376.55722,0.0372382602403478,0,1,1,2| 21,NaN,,0.545387688751722| 0.454574267467518| 0.529258872930013| 0.477489843073647| 0.419029078561966| 0.399517764382085| NaN| NaN| NaN| 0.35363138716985| NaN| NaN,0.545387688751722,0.295659472278454,0.0249903247262831,0.0279114215991808,0.146808578400819,0.0242953494120339,0.0474644928209971,0.127255507179003,0.0163044317115381,0.717104513458372,0.895420673621385

